0,62,316000
1,312,13500
2,167,130250
3,277,36000
4,326,5600
5,324,6350
6,50,354400
7,304,18700
8,334,1000
9,329,3800
10,6,752800
11,13,607500
12,318,10400
13,1,1054000
14,1,1034100
15,326,5350
16,234,67600
17,317,10500
18,143,158500
19,165,132700
20,39,400200
21,3,904200
22,309,15650
23,1,2000000
24,314,12550
25,308,15800
26,324,6900
27,279,34300
28,318,10000
29,0,1322500
30,316,11300
31,158,140800
32,0,2000000
33,0,2000000
34,50,355200
35,333,1700
36,30,450000
37,335,600
38,32,440400
39,278,34900
40,13,607200
41,0,2000000
42,0,2000000
43,30,450000
44,33,432700
45,330,3400
46,0,2000000
47,304,18400
48,180,116600
49,336,100
50,6,755200
51,307,16800
52,270,40700
53,308,16000
54,335,300
55,33,431700
56,67,301200
57,336,100
58,133,172700
59,321,8300
60,335,0
61,208,89200
62,0,1380400
63,336,100
64,318,10300
65,104,218050
66,61,317900
67,0,1566000
68,211,86800
69,333,1600
70,1,1052000
71,0,2000000
72,23,502500
73,327,4800
74,13,608300
75,98,229400
76,328,4400
77,310,15100
78,334,1000
79,326,5200
80,326,5300
81,4,818100
82,330,3000
83,331,2400
84,3,895500
85,10,652700
86,308,15800
87,8,705000
88,0,2000000
89,0,2000000
90,249,56000
91,8,707300
92,51,350700
93,330,3400
94,335,200
95,294,24600
96,201,95800
97,149,151000
98,273,38850
99,114,200600
100,29,453600
101,0,1501200
102,334,1100
103,8,704300
104,0,1448400
105,325,6200
106,282,32250
107,278,35300
108,234,67350
109,7,715000
110,248,56600
111,13,603000
112,264,44550
113,0,1820000
114,186,110000
115,307,16600
116,0,1455200
117,296,23700
118,282,32450
119,0,2000000
120,325,5800
121,0,1249600
122,321,8500
123,21,512000
124,92,240700
125,0,2000000
126,6,758200
127,330,3400
128,23,500000
129,334,700
130,190,105700
131,304,18600
132,331,2500
133,45,374000
134,121,190000
135,150,150000
136,330,3400
137,333,1600
138,12,617200
139,331,2900
140,0,1354600
141,194,102500
142,316,11400
143,321,8300
144,259,48000
145,334,1100
146,319,9300
147,257,49900
148,334,800
149,314,12300
150,327,4900
151,6,758500
152,335,250
153,333,1600
154,257,49600
155,328,4200
156,336,0
157,324,6500
158,54,340300
159,303,19000
160,24,493500
161,273,38500
162,66,302000
163,294,24550
164,328,4100
165,0,1402150
166,52,349000
167,289,27600
168,0,1806000
169,21,518000
170,271,40200
171,190,105750
172,332,2100
173,4,803700
174,335,400
175,0,2000000
176,334,750
177,30,450000
178,283,31600
179,23,500000
180,0,2000000
181,332,1850
182,21,515400
183,330,3000
184,332,2100
185,334,700
186,322,7600
187,265,44200
188,118,195500
189,221,77500
190,191,104700
191,334,1100
192,223,75900
193,0,2000000
194,1,1002750
195,331,2900
196,335,500
197,0,1351900
198,319,9400
199,0,1407600
200,47,366400
201,310,15000
202,312,13900
203,326,5500
204,330,3150
205,233,67800
206,163,134800
207,11,632600
208,0,2000000
209,193,103300
210,334,1000
211,1,1212000
212,322,7500
213,328,4100
214,318,10300
215,308,16000
216,299,21800
217,296,23700
218,3,902000
219,0,2000000
220,11,636400
221,335,500
222,92,241450
223,281,33000
224,236,65700
225,0,2000000
226,245,59000
227,147,154200
228,8,701000
229,335,650
230,240,62500
231,327,4900
232,0,1440500
233,5,783400
234,13,601200
235,0,1602700
236,335,200
237,323,7300
238,322,8000
239,21,516000
240,1,1205900
241,172,125000
242,303,19000
243,199,97800
244,322,7500
245,2,922500
246,214,83800
247,43,384000
248,6,754000
249,241,61450
250,4,814100
251,59,325000
252,292,26150
253,254,51850
254,285,30700
255,334,900
256,297,23000
257,266,43200
258,2,916000
259,329,3650
260,324,6500
261,15,579800
262,0,2000000
263,147,154000
264,330,3000
265,62,316000
266,139,164300
267,274,38000
268,306,17100
269,271,40200
270,216,81800
271,0,1293400
272,0,2000000
273,278,35000
274,0,1362000
275,324,6500
276,305,17950
277,324,6500
278,331,2900
279,329,3600
280,323,7300
281,4,806200
282,292,26000
283,332,2000
284,334,1000
285,303,19100
286,52,348400
287,40,397200
288,330,3200
289,165,132500
290,304,18400
291,298,22500
292,237,64700
293,334,1000
294,315,12100
295,58,326950
296,333,1800
297,12,620000
298,44,380000
299,196,100700
300,138,165800
301,285,30500
302,153,146100
303,335,600
304,30,450000
305,0,2000000
306,276,36700
307,8,700900
308,331,2500
309,152,147500
310,0,1813000
311,0,1265800
312,114,201000
313,38,403800
314,188,108300
315,23,502400
316,252,53800
317,60,320350
318,253,52400
319,30,450600
320,206,91400
321,34,425550
322,332,2200
323,318,9900
324,116,198400
325,335,600
326,0,2000000
327,316,11100
328,310,14800
329,157,142000
330,315,11650
331,0,2000000
332,293,25600
333,0,2000000
334,277,36000
335,30,449300
336,0,1893000
337,335,450
338,0,1460150
339,131,175600
340,12,625700
341,0,1402300
342,308,16300
343,270,40500
344,313,13300
345,10,650000
346,0,1699500
347,206,91100
348,59,324200
349,239,62950
350,332,2100
351,7,733800
352,0,2000000
353,0,1645400
354,300,21100
355,218,80850
356,328,4450
357,318,10250
358,150,150000
359,332,2250
360,38,403500
361,279,34350
362,334,850
363,317,10800
364,7,730000
365,335,200
366,178,118200
367,333,1800
368,108,210800
369,11,635600
370,64,309900
371,0,2000000
372,320,9200
373,326,5200
374,121,189850
375,320,9200
376,0,2000000
377,235,66800
378,18,547200
379,332,2250
380,323,7200
381,329,4000
382,329,3600
383,321,8400
384,16,570100
385,332,2200
386,306,17200
387,280,33900
388,30,450000
389,1,1050000
390,310,15000
391,284,31100
392,0,2000000
393,230,70600
394,18,541000
395,310,14900
396,303,19100
397,329,3600
398,29,458400
399,154,145500
400,307,16500
401,329,3600
402,147,154000
403,271,40200
404,320,9200
405,82,261600
406,306,17150
407,0,1693500
408,327,5000
409,324,6700
410,331,2500
411,156,143200
412,0,2000000
413,186,110200
414,269,41400
415,313,13100
416,335,650
417,303,19300
418,335,400
419,336,100
420,317,10700
421,332,1850
422,328,4500
423,43,382200
424,289,28200
425,13,601600
426,0,2000000
427,302,19800
428,307,16500
429,8,700300
430,201,95200
431,1,1033200
432,154,144600
433,334,800
434,25,482800
435,300,20900
436,30,451300
437,0,2000000
438,234,67600
439,0,2000000
440,307,16800
441,274,38100
442,280,33600
443,38,405200
444,322,8000
445,258,49000
446,0,1995000
447,307,16850
448,328,4400
449,215,82600
450,0,2000000
451,292,26000
452,312,13700
453,334,1050
454,321,8600
455,113,202300
456,283,31500
457,59,324200
458,280,33800
459,314,12450
460,270,40400
461,230,70200
462,328,4100
463,310,15100
464,164,133900
465,18,549800
466,13,612000
467,288,28400
468,0,2000000
469,327,4700
470,310,14900
471,299,21700
472,333,1800
473,335,600
474,21,512800
475,0,2000000
476,1,1003300
477,0,1493600
478,0,2000000
479,0,2000000
480,282,32400
481,76,275600
482,234,67600
483,32,436000
484,0,1452200
485,46,369100
486,303,18950
487,0,2000000
488,9,684500
489,0,1564500
490,329,3600
491,0,2000000
492,333,1600
493,225,74950
494,253,52500
495,335,200
496,0,2000000
497,320,9000
498,330,3400
499,52,349050
500,327,5150
501,281,33300
502,35,420200
503,0,2000000
504,331,2600
505,293,25500
506,150,150400
507,232,68600
508,334,1200
509,71,289650
510,78,272300
511,306,17500
512,269,41300
513,326,5200
514,320,9100
515,0,1372500
516,295,24400
517,1,1030000
518,278,35400
519,330,3300
520,181,115000
521,0,1465600
522,83,259450
523,334,750
524,329,3800
525,205,91600
526,198,98550
527,0,2000000
528,326,5500
529,246,58300
530,323,7100
531,99,227700
532,205,91900
533,5,782000
534,111,205800
535,0,2000000
536,317,10550
537,334,800
538,3,871900
539,329,4000
540,139,164600
541,333,1300
542,331,2800
543,1,1022400
544,196,100350
545,329,3700
546,272,39400
547,11,640350
548,335,650
549,331,2800
550,332,2100
551,308,16250
552,126,182750
553,223,76050
554,335,500
555,45,374850
556,1,1050000
557,1,1200800
558,0,1523000
559,303,19400
560,237,64700
561,313,12900
562,316,11000
563,334,700
564,244,59200
565,13,604300
566,303,19100
567,112,204000
568,295,24000
569,334,1000
570,321,8600
571,330,3000
572,0,1442200
573,61,317000
574,299,21700
575,0,1400350
576,335,300
577,335,500
578,308,15900
579,331,2500
580,315,11700
581,321,8300
582,283,32050
583,318,10100
584,277,36100
585,322,8000
586,330,3000
587,329,3700
588,0,2000000
589,325,5900
590,30,450000
591,257,50100
592,332,2050
593,17,560500
594,323,7200
595,234,67000
596,174,122900
597,314,12300
598,319,9300
599,11,632500
600,6,754000
601,264,44600
602,0,2000000
603,310,15000
604,6,750800
605,329,3800
606,269,41000
607,334,900
608,0,2000000
609,331,2400
610,8,704400
611,323,7200
612,334,800
613,291,26400
614,302,19900
615,301,20100
616,318,10000
617,335,500
618,331,2400
619,141,161800
620,0,2000000
621,322,7900
622,299,21400
623,328,4200
624,322,8000
625,325,6000
626,145,156400
627,335,250
628,311,14200
629,235,66550
630,335,300
631,0,2000000
632,198,98000
633,334,1000
634,199,97000
635,1,1008550
636,234,67300
637,331,2800
638,336,100
639,305,18000
640,313,13300
641,38,403400
642,213,84500
643,171,125950
644,259,48000
645,0,1505850
646,331,2600
647,6,750300
648,285,30500
649,174,122300
650,141,162000
651,4,834000
652,30,451000
653,254,52200
654,304,18600
655,319,9500
656,332,2000
657,4,845000
658,267,43000
659,335,250
660,3,867000
661,0,2000000
662,5,802900
663,3,902500
664,146,155200
665,297,22900
666,52,348400
667,140,162800
668,0,2000000
669,335,500
670,300,21000
671,278,35400
672,51,350400
673,227,73000
674,328,4400
675,0,1502600
676,330,3000
677,326,5500
678,0,1519200
679,5,786000
680,67,301400
681,165,132500
682,329,4000
683,0,1351400
684,155,144000
685,293,25150
686,0,2000000
687,311,14400
688,8,688300
689,68,297200
690,315,11600
691,316,11450
692,328,4500
693,170,127050
694,334,800
695,51,352200
696,51,349500
697,333,1300
698,299,21600
699,25,482900
700,247,57000
701,288,28300
702,316,11400
703,6,754000
704,333,1800
705,1,1030000
706,5,795000
707,267,42900
708,248,56250
709,1,1050000
710,146,155400
711,281,33200
712,0,2000000
713,0,1524000
714,226,73400
715,13,600000
716,315,12000
717,305,18100
718,329,3600
719,1,1004600
720,81,263800
721,109,210000
722,331,2700
723,319,9600
724,334,700
725,66,301600
726,335,300
727,116,197500
728,327,5100
729,334,850
730,66,302750
731,333,1700
732,274,37600
733,282,32400
734,31,443750
735,201,95200
736,0,1390000
737,304,18500
738,65,307200
739,321,8600
740,1,1054000
741,0,1473750
742,325,6000
743,0,2000000
744,13,601450
745,0,1834000
746,1,1001000
747,0,2000000
748,216,81900
749,145,156600
750,256,50600
751,322,7500
752,1,1003700
753,335,200
754,258,49400
755,92,241400
756,0,2000000
757,222,77000
758,2,957200
759,318,10300
760,1,1050000
761,323,7200
762,299,21600
763,0,2000000
764,308,15900
765,247,57500
766,309,15400
767,206,90600
768,329,3850
769,282,32200
770,315,11900
771,276,36800
772,0,2000000
773,324,6800
774,269,41200
775,291,26600
776,307,16400
777,199,97700
778,334,1050
779,152,148150
780,186,110400
781,198,98800
782,279,34300
783,13,604200
784,0,2000000
785,0,2000000
786,329,4000
787,191,105300
788,329,3900
789,334,750
790,1,1209250
791,0,1491200
792,21,515800
793,330,3250
794,39,400100
795,334,1200
796,333,1300
797,32,438000
798,334,1100
799,5,770000
800,129,178300
801,1,1050000
802,0,1401700
803,278,35300
804,275,37450
805,308,15800
806,1,1030350
807,259,48050
808,326,5600
809,1,1067600
810,293,25400
811,104,218000
812,0,2000000
813,271,39750
814,247,57000
815,147,153200
816,5,782000
817,150,150500
818,65,305800
819,294,24600
820,13,604000
821,80,266000
822,29,458000
823,0,1503600
824,325,5800
825,320,8900
826,96,232700
827,284,30900
828,197,99000
829,318,10400
830,5,781850
831,0,2000000
832,0,2000000
833,51,352400
834,295,24000
835,335,200
836,323,7200
837,0,1831250
838,327,5050
839,334,1000
840,0,2000000
841,138,165800
842,332,2000
843,334,750
844,295,24100
845,313,12800
846,103,220100
847,304,18600
848,335,300
849,330,3000
850,13,603900
851,324,6900
852,241,61600
853,322,7600
854,294,24700
855,303,18900
856,220,78900
857,270,40500
858,267,42800
859,303,19300
860,208,88800
861,12,623000
862,0,1420400
863,319,9700
864,302,19500
865,334,1150
866,16,561900
867,326,5500
868,264,45000
869,331,2500
870,29,457200
871,4,840900
872,2,934000
873,334,900
874,110,208600
875,0,2000000
876,326,5600
877,277,35900
878,333,1500
879,333,1400
880,182,114200
881,283,32000
882,287,29000
883,332,2250
884,275,37300
885,334,800
886,327,5100
887,334,800
888,1,1050000
889,280,34000
890,333,1300
891,260,47400
892,222,77000
893,329,3900
894,293,25550
895,259,48000
896,300,20800
897,213,84800
898,251,53850
899,0,1237000
900,331,2450
901,310,15000
902,335,650
903,43,382000
904,318,9950
905,267,42450
906,237,64600
907,1,1208400
908,304,18250
909,329,3800
910,138,165900
911,47,365200
912,320,9100
913,0,2000000
914,183,113200
915,0,2000000
916,330,3000
917,218,80100
918,87,252000
919,227,72500
920,0,2000000
921,6,754000
922,319,9300
923,298,22200
924,326,5700
925,242,61300
926,330,3150
927,296,23600
928,0,2000000
929,278,35350
930,227,73300
931,0,1950600
932,3,904400
933,327,5100
934,334,1200
935,332,2200
936,0,2000000
937,334,1200
938,333,1600
939,119,193550
940,0,2000000
941,7,717000
942,30,448600
943,320,8650
944,103,220000
945,224,75000
946,281,33200
947,333,1550
948,334,1100
949,1,1012000
950,32,436700
951,299,21550
952,333,1400
953,303,19100
954,335,200
955,313,13300
956,330,3300
957,59,322500
958,189,107200
959,2,949500
960,331,2700
961,25,487500
962,1,1153200
963,12,620200
964,65,306800
965,273,38400
966,322,8000
967,67,300600
968,67,301200
969,325,6100
970,326,5200
971,1,1066000
972,0,1710300
973,0,2000000
974,325,6200
975,26,477400
976,0,1390000
977,323,7000
978,324,6500
979,325,6250
980,0,2000000
981,6,762700
982,90,246000
983,259,48200
984,0,1400600
985,0,2000000
986,336,0
987,0,2000000
988,227,73000
989,319,9750
990,335,300
991,334,1200
992,309,15300
993,6,752200
994,199,97300
995,322,7800
996,293,25250
997,331,2500
998,11,630200
999,23,501000
1000,13,604500
1001,204,93200
1002,104,218500
1003,328,4600
1004,114,200800
1005,1,1000700
1006,0,2000000
1007,67,301000
1008,257,50100
1009,150,150400
1010,291,26600
1011,0,2000000
1012,330,3000
1013,204,92800
1014,289,27600
1015,335,400
1016,112,204700
1017,167,129900
1018,106,214200
1019,238,64200
1020,323,7000
1021,243,60500
1022,310,15000
1023,162,136200
1024,17,553800
1025,243,60200
1026,277,35900
1027,164,134000
1028,66,303000
1029,328,4400
1030,214,84000
1031,149,151000
1032,327,5100
1033,314,12300
1034,294,24900
1035,0,2000000
1036,38,405650
1037,0,2000000
1038,8,700900
1039,331,2800
1040,319,9800
1041,228,71800
1042,325,5900
1043,318,10000
1044,166,131200
1045,3,857600
1046,21,512400
1047,1,1203100
1048,252,53600
1049,158,140450
1050,283,32000
1051,300,21100
1052,11,632800
1053,82,262000
1054,335,650
1055,297,22800
1056,333,1500
1057,0,2000000
1058,267,42800
1059,242,60900
1060,331,2750
1061,319,9800
1062,307,16400
1063,335,650
1064,333,1350
1065,0,1414300
1066,333,1300
1067,303,19000
1068,174,122600
1069,333,1700
1070,329,3600
1071,314,12700
1072,334,800
1073,329,3600
1074,0,2000000
1075,8,704200
1076,221,77800
1077,307,16500
1078,331,2600
1079,128,180200
1080,25,484600
1081,0,2000000
1082,184,112100
1083,286,29550
1084,0,2000000
1085,247,56800
1086,308,16200
1087,259,48100
1088,323,7400
1089,253,52600
1090,319,9600
1091,321,8300
1092,0,1806800
1093,330,3400
1094,104,217500
1095,111,206000
1096,1,1010100
1097,307,16500
1098,146,154600
1099,215,82600
1100,316,11100
1101,58,328000
1102,335,450
1103,321,8100
1104,141,162100
1105,39,400200
1106,273,38500
1107,30,450600
1108,16,572000
1109,254,51700
1110,335,500
1111,225,74300
1112,0,2000000
1113,332,1900
1114,297,22800
1115,326,5600
1116,0,2000000
1117,0,1455600
1118,325,6200
1119,321,8500
1120,0,2000000
1121,0,1517200
1122,250,55200
1123,333,1500
1124,321,8400
1125,285,30800
1126,82,262600
1127,189,107000
1128,290,27200
1129,55,338500
1130,47,365400
1131,216,82200
1132,299,21800
1133,67,300300
1134,0,2000000
1135,49,359500
1136,10,649900
1137,0,1223600
1138,250,55000
1139,20,525550
1140,7,721900
1141,332,2200
1142,167,130000
1143,308,15900
1144,5,782000
1145,106,214400
1146,330,3000
1147,255,51550
1148,234,67000
1149,4,829800
1150,3,902000
1151,278,35000
1152,5,766100
1153,0,2000000
1154,0,2000000
1155,279,34500
1156,329,3900
1157,43,383300
1158,279,34600
1159,36,414500
1160,150,150000
1161,320,9000
1162,0,2000000
1163,92,241800
1164,59,323400
1165,316,11000
1166,284,30900
1167,0,2000000
1168,0,1958600
1169,266,43600
1170,19,534800
1171,333,1700
1172,320,9000
1173,334,800
1174,144,158000
1175,281,33000
1176,1,1205600
1177,328,4600
1178,330,3100
1179,336,0
1180,314,12200
1181,325,6000
1182,113,202600
1183,335,250
1184,320,8650
1185,315,11900
1186,333,1300
1187,259,48000
1188,330,2950
1189,96,234000
1190,313,12900
1191,131,174800
1192,0,1834000
1193,30,450000
1194,303,19400
1195,139,163800
1196,103,220000
1197,328,4200
1198,0,1658000
1199,0,1458100
1200,322,7800
1201,297,22600
1202,332,2300
1203,4,804900
1204,304,18200
1205,274,38100
1206,0,2000000
1207,3,886600
1208,284,31400
1209,2,922500
1210,328,4100
1211,8,690700
1212,218,80500
1213,334,1200
1214,0,2000000
1215,285,30800
1216,50,353800
1217,266,43500
1218,312,13950
1219,267,42700
1220,1,1005400
1221,259,48200
1222,257,50000
1223,318,10000
1224,316,11500
1225,208,89500
1226,239,63200
1227,330,3150
1228,277,35600
1229,322,7500
1230,307,16600
1231,67,300400
1232,246,58250
1233,21,512600
1234,30,452200
1235,234,66900
1236,112,205200
1237,183,112750
1238,179,116800
1239,31,440800
1240,234,67300
1241,179,117150
1242,0,1418000
1243,1,1205000
1244,334,900
1245,335,450
1246,49,359100
1247,0,1549900
1248,293,25150
1249,331,2500
1250,12,627400
1251,47,366700
1252,300,21100
1253,332,1950
1254,333,1700
1255,331,2800
1256,318,9900
1257,323,7300
1258,310,14700
1259,325,6200
1260,227,72600
1261,215,83100
1262,336,0
1263,64,309400
1264,300,21200
1265,241,61550
1266,0,2000000
1267,138,166200
1268,0,2000000
1269,274,37800
1270,0,2000000
1271,302,20000
1272,0,1607700
1273,247,57300
1274,62,316000
1275,51,352600
1276,324,6400
1277,335,150
1278,6,752200
1279,305,17650
1280,14,594900
1281,224,75000
1282,0,1512000
1283,2,957850
1284,311,14100
1285,258,49100
1286,312,13700
1287,315,11700
1288,329,3500
1289,307,16400
1290,12,614200
1291,182,114000
1292,331,2400
1293,0,1231100
1294,334,1050
1295,190,105800
1296,313,13300
1297,300,20800
1298,318,10200
1299,311,14400
1300,284,31300
1301,284,31200
1302,317,10700
1303,330,3300
1304,38,407300
1305,0,1390400
1306,246,58100
1307,97,230400
1308,333,1400
1309,1,1052400
1310,108,210750
1311,327,4800
1312,334,900
1313,308,16200
1314,293,25400
1315,316,11000
1316,308,16200
1317,4,803200
1318,295,24100
1319,62,314900
1320,290,27100
1321,334,1100
1322,131,175000
1323,268,42100
1324,213,84350
1325,336,100
1326,129,178000
1327,1,1054000
1328,138,165400
1329,293,25500
1330,329,3800
1331,285,30700
1332,320,8700
1333,225,74900
1334,8,706450
1335,253,52900
1336,59,324200
1337,335,150
1338,296,23400
1339,0,2000000
1340,1,1212000
1341,295,24100
1342,332,1850
1343,4,833000
1344,309,15200
1345,332,2200
1346,327,4950
1347,0,2000000
1348,336,0
1349,141,161100
1350,297,22700
1351,333,1350
1352,29,454000
1353,306,17550
1354,16,566700
1355,320,8700
1356,330,3200
1357,303,18800
1358,290,27450
1359,330,3400
1360,308,16200
1361,282,32750
1362,327,5000
1363,320,8800
1364,324,6600
1365,55,337500
1366,54,340600
1367,280,33800
1368,213,84400
1369,258,49000
1370,308,16300
1371,259,48000
1372,6,748550
1373,336,0
1374,312,13400
1375,324,6500
1376,23,500800
1377,134,171600
1378,263,45600
1379,331,2800
1380,308,16000
1381,335,600
1382,190,106150
1383,201,95600
1384,327,5000
1385,67,300600
1386,251,54500
1387,243,60500
1388,0,2000000
1389,0,2000000
1390,0,1265200
1391,280,33700
1392,66,301800
1393,296,23700
1394,121,189800
1395,330,3200
1396,331,2500
1397,259,48550
1398,304,18600
1399,30,450600
1400,268,42000
1401,100,225600
1402,282,32800
1403,221,77600
1404,3,883000
1405,1,1050000
1406,273,38850
1407,307,16700
1408,0,1804250
1409,0,2000000
1410,332,2150
1411,277,36100
1412,334,1000
1413,332,2200
1414,30,450000
1415,299,21800
1416,1,1040600
1417,335,200
1418,322,7500
1419,333,1400
1420,1,1050000
1421,315,11900
1422,315,11900
1423,4,806800
1424,332,1850
1425,265,44200
1426,7,730000
1427,335,200
1428,17,558000
1429,0,1418000
1430,315,12000
1431,1,1068400
1432,253,52800
1433,334,1000
1434,335,400
1435,334,800
1436,1,1050000
1437,326,5650
1438,270,40800
1439,30,450000
1440,318,10300
1441,67,300250
1442,323,7450
1443,318,9850
1444,299,21400
1445,269,41350
1446,5,801900
1447,318,10100
1448,0,2000000
1449,129,178350
1450,164,133600
1451,305,18000
1452,0,1702200
1453,1,1028600
1454,310,14800
1455,0,1402550
1456,334,800
1457,335,500
1458,332,2050
1459,12,614050
1460,94,238000
1461,335,200
1462,0,2000000
1463,279,34200
1464,314,12700
1465,190,106400
1466,64,308000
1467,309,15250
1468,333,1500
1469,270,40400
1470,282,32550
1471,92,240500
1472,5,782000
1473,330,3000
1474,59,324750
1475,316,11300
1476,231,69900
1477,172,124600
1478,239,63500
1479,8,695950
1480,312,13600
1481,5,802650
1482,1,1052000
1483,67,301200
1484,6,752400
1485,2,918000
1486,0,2000000
1487,333,1600
1488,137,167300
1489,318,10300
1490,336,0
1491,316,11200
1492,317,10500
1493,23,501600
1494,124,186000
1495,331,2400
1496,23,501400
1497,3,869100
1498,313,13050
1499,0,1300400
1500,273,38500
1501,5,766300
1502,292,25700
1503,100,226500
1504,195,101300
1505,0,1450200
1506,332,2200
1507,0,2000000
1508,262,46000
1509,335,600
1510,306,17300
1511,330,3100
1512,327,4750
1513,315,11700
1514,210,87700
1515,0,2000000
1516,0,1610400
1517,279,34200
1518,326,5700
1519,329,3800
1520,335,200
1521,1,1028150
1522,327,4900
1523,326,5400
1524,13,606400
1525,41,392000
1526,332,2200
1527,312,13500
1528,265,43850
1529,332,1900
1530,0,2000000
1531,304,18550
1532,172,124250
1533,82,262000
1534,0,1418000
1535,0,2000000
1536,281,32950
1537,67,301000
1538,0,1248800
1539,192,103600
1540,0,1805300
1541,309,15400
1542,305,18000
1543,0,2000000
1544,121,190550
1545,316,11400
1546,283,31800
1547,0,1446000
1548,331,2500
1549,306,17500
1550,297,23000
1551,306,17500
1552,0,2000000
1553,232,69200
1554,256,50300
1555,6,754000
1556,2,913200
1557,322,7700
1558,288,28600
1559,318,10100
1560,271,40100
1561,311,14200
1562,5,770000
1563,0,2000000
1564,2,916000
1565,1,1028250
1566,326,5300
1567,332,1900
1568,172,124900
1569,323,7300
1570,223,76000
1571,271,40000
1572,92,241700
1573,328,4500
1574,274,37800
1575,313,12900
1576,20,527600
1577,324,6350
1578,0,2000000
1579,334,900
1580,67,300300
1581,266,43700
1582,0,1770600
1583,309,15500
1584,6,764450
1585,333,1600
1586,87,251400
1587,240,62500
1588,21,514000
1589,331,2500
1590,335,500
1591,334,1200
1592,60,320900
1593,22,503450
1594,1,1040400
1595,309,15300
1596,303,19400
1597,307,16450
1598,301,20100
1599,334,800
1600,332,2300
1601,184,112000
1602,296,23200
1603,66,304200
1604,210,87200
1605,171,125800
1606,12,628100
1607,147,154000
1608,172,124700
1609,109,209200
1610,0,1726000
1611,321,8200
1612,334,1200
1613,90,245600
1614,292,25800
1615,283,31700
1616,330,3000
1617,11,640700
1618,332,1900
1619,327,5000
1620,270,40250
1621,0,1723600
1622,201,95200
1623,301,20400
1624,109,210300
1625,242,60900
1626,0,1601500
1627,6,754000
1628,0,2000000
1629,328,4300
1630,324,6500
1631,9,671300
1632,262,46200
1633,225,74900
1634,113,203400
1635,184,111600
1636,319,9600
1637,314,12600
1638,90,244200
1639,8,701000
1640,99,227900
1641,0,1406800
1642,335,200
1643,0,2000000
1644,10,653500
1645,54,340700
1646,305,18100
1647,287,29200
1648,273,38400
1649,334,1000
1650,336,100
1651,1,1205300
1652,332,2300
1653,306,17400
1654,318,10000
1655,198,98500
1656,281,32900
1657,0,2000000
1658,335,300
1659,18,550200
1660,310,15000
1661,1,1050000
1662,235,66400
1663,255,50900
1664,334,700
1665,22,504200
1666,1,1202300
1667,0,1982000
1668,233,68100
1669,252,53700
1670,320,9200
1671,0,2000000
1672,326,5300
1673,305,17700
1674,334,1050
1675,307,16400
1676,3,900400
1677,19,532500
1678,51,350600
1679,49,360000
1680,0,1804800
1681,336,0
1682,324,6400
1683,294,24750
1684,310,15000
1685,283,31800
1686,295,24000
1687,334,1000
1688,0,1354200
1689,0,2000000
1690,210,87700
1691,323,7350
1692,259,48600
1693,207,90400
1694,299,21700
1695,322,7700
1696,171,125800
1697,86,252800
1698,208,89100
1699,336,100
1700,320,9150
1701,0,1670600
1702,216,82500
1703,0,1802400
1704,321,8400
1705,29,458000
1706,330,3400
1707,21,516800
1708,10,660500
1709,6,754000
1710,309,15500
1711,8,700600
1712,335,600
1713,332,2200
1714,0,1790000
1715,330,3400
1716,253,52800
1717,0,2000000
1718,294,24600
1719,324,6400
1720,241,62050
1721,324,6350
1722,278,35400
1723,330,3200
1724,23,503200
1725,332,1900
1726,282,32700
1727,332,2100
1728,125,184400
1729,327,5000
1730,0,2000000
1731,52,349000
1732,90,246000
1733,264,44800
1734,325,6200
1735,65,304800
1736,306,17100
1737,310,15050
1738,9,665800
1739,61,316800
1740,0,2000000
1741,333,1700
1742,20,521600
1743,115,200000
1744,167,130400
1745,334,1000
1746,326,5200
1747,141,161500
1748,0,2000000
1749,1,1200550
1750,0,2000000
1751,141,162200
1752,30,450800
1753,150,150000
1754,0,1668100
1755,82,261800
1756,209,88700
1757,107,212400
1758,3,883700
1759,328,4400
1760,141,161000
1761,96,233200
1762,173,123700
1763,187,108700
1764,332,2150
1765,0,2000000
1766,313,12900
1767,232,69000
1768,275,37300
1769,322,7500
1770,301,20200
1771,334,800
1772,0,1422400
1773,0,2000000
1774,296,23400
1775,334,700
1776,308,15800
1777,207,90500
1778,295,23900
1779,325,6100
1780,336,0
1781,324,6900
1782,335,200
1783,49,358100
1784,294,24700
1785,10,650100
1786,328,4100
1787,167,130250
1788,214,84000
1789,0,2000000
1790,325,6000
1791,280,34000
1792,332,2000
1793,169,128300
1794,210,87600
1795,141,161900
1796,167,130600
1797,0,1322000
1798,323,7200
1799,331,2450
1800,317,10800
1801,292,26000
1802,1,1209500
1803,0,1225000
1804,0,1982000
1805,224,75300
1806,333,1400
1807,314,12650
1808,147,154000
1809,333,1650
1810,145,156000
1811,286,29600
1812,326,5500
1813,313,13100
1814,8,700200
1815,303,19200
1816,307,16500
1817,124,185700
1818,316,11400
1819,170,127200
1820,10,648000
1821,30,450000
1822,336,0
1823,68,298000
1824,334,750
1825,188,107600
1826,21,514000
1827,67,300150
1828,324,6500
1829,291,26400
1830,303,19000
1831,311,14250
1832,173,123500
1833,323,7100
1834,45,374000
1835,269,41500
1836,330,3450
1837,112,204000
1838,67,300250
1839,315,11800
1840,297,22600
1841,206,91200
1842,242,60900
1843,304,18300
1844,0,1700000
1845,333,1600
1846,4,849700
1847,22,504900
1848,55,336100
1849,231,69900
1850,278,35400
1851,332,2000
1852,331,2600
1853,127,181000
1854,0,2000000
1855,133,172700
1856,141,161300
1857,249,55600
1858,322,7800
1859,66,302400
1860,6,748000
1861,1,1209700
1862,302,20000
1863,331,2400
1864,217,80900
1865,4,821600
1866,259,48000
1867,292,26200
1868,180,116000
1869,172,125000
1870,306,17000
1871,181,114800
1872,85,256100
1873,323,7200
1874,334,1050
1875,116,198600
1876,326,5400
1877,248,56400
1878,228,72100
1879,141,162000
1880,282,32800
1881,309,15400
1882,335,350
1883,97,231600
1884,141,161150
1885,26,475000
1886,318,9950
1887,148,152150
1888,0,1275600
1889,0,2000000
1890,58,327900
1891,116,198400
1892,60,320800
1893,336,100
1894,276,36800
1895,124,184800
1896,52,348000
1897,285,30800
1898,0,2000000
1899,303,19000
1900,333,1500
1901,218,80700
1902,228,72200
1903,306,17000
1904,256,50700
1905,332,2000
1906,329,4000
1907,324,6600
1908,277,35800
1909,37,408500
1910,0,2000000
1911,29,453200
1912,323,7100
1913,318,10300
1914,293,25200
1915,285,30200
1916,230,70200
1917,335,500
1918,0,1593550
1919,331,2800
1920,5,773600
1921,322,7900
1922,318,10200
1923,331,2450
1924,333,1250
1925,293,25200
1926,334,1200
1927,8,700700
1928,141,162000
1929,315,12000
1930,316,11500
1931,333,1400
1932,162,135800
1933,269,41400
1934,5,766600
1935,2,950550
1936,235,66450
1937,30,450000
1938,331,2650
1939,171,126000
1940,1,1205000
1941,220,79000
1942,6,754800
1943,223,76500
1944,1,1050600
1945,0,2000000
1946,147,154000
1947,297,22750
1948,232,69000
1949,0,2000000
1950,321,8100
1951,335,250
1952,0,1257500
1953,282,32800
1954,7,720250
1955,129,178850
1956,0,2000000
1957,0,1400400
1958,0,2000000
1959,330,3000
1960,299,21300
1961,335,550
1962,20,525700
1963,85,255000
1964,42,387400
1965,333,1600
1966,0,2000000
1967,327,4800
1968,7,733200
1969,324,6400
1970,1,1177500
1971,324,6900
1972,181,115100
1973,217,81500
1974,142,160400
1975,331,2850
1976,269,41300
1977,334,900
1978,0,1950500
1979,333,1250
1980,283,31750
1981,329,3600
1982,328,4500
1983,4,808000
1984,169,127800
1985,5,768400
1986,0,2000000
1987,308,16300
1988,275,37100
1989,283,31600
1990,300,21200
1991,32,436300
1992,0,2000000
1993,265,44100
1994,8,700100
1995,106,214000
1996,291,26750
1997,0,1405600
1998,293,25300
1999,218,80100
2000,318,10400
2001,0,2000000
2002,0,2000000
2003,122,188400
2004,119,192700
2005,293,25400
2006,214,83600
2007,6,753500
2008,150,150400
2009,321,8200
2010,156,142200
2011,319,9400
2012,195,101400
2013,66,302000
2014,153,145900
2015,259,48000
2016,306,17000
2017,334,900
2018,279,34150
2019,333,1600
2020,331,2400
2021,335,650
2022,36,418400
2023,201,95200
2024,302,19900
2025,334,1100
2026,332,1900
2027,195,101200
2028,306,17300
2029,218,80800
2030,315,11800
2031,20,526300
2032,29,455400
2033,319,9400
2034,320,9100
2035,198,98300
2036,2,949500
2037,324,6600
2038,305,18100
2039,332,2350
2040,327,4700
2041,0,1995000
2042,30,451000
2043,192,104500
2044,304,18400
2045,333,1700
2046,129,178850
2047,228,72000
2048,336,0
2049,232,69100
2050,111,205700
2051,221,78000
2052,0,1658000
2053,1,1050000
2054,336,100
2055,11,632200
2056,258,48900
2057,21,512000
2058,286,29950
2059,0,2000000
2060,1,1204700
2061,0,2000000
2062,113,202700
2063,324,6850
2064,217,81600
2065,299,21600
2066,0,1242000
2067,332,2100
2068,256,50550
2069,334,1100
2070,327,5000
2071,326,5400
2072,6,761200
2073,285,30200
2074,83,260300
2075,1,1050000
2076,320,9200
2077,316,11000
2078,216,82200
2079,307,16950
2080,45,372400
2081,168,129050
2082,0,2000000
2083,300,21150
2084,299,21500
2085,104,217850
2086,279,34600
2087,51,350300
2088,328,4400
2089,0,1714000
2090,326,5600
2091,105,216250
2092,29,458000
2093,329,4000
2094,306,17500
2095,323,7000
2096,30,450300
2097,2,916000
2098,183,113100
2099,319,9600
2100,307,16500
2101,0,1823100
2102,1,1050000
2103,65,304950
2104,1,1050000
2105,269,41400
2106,336,100
2107,300,20700
2108,325,6000
2109,0,2000000
2110,310,14800
2111,323,7100
2112,66,303400
2113,271,40100
2114,256,50500
2115,0,2000000
2116,261,46800
2117,332,2000
2118,246,58300
2119,174,122150
2120,223,76200
2121,332,2300
2122,302,20000
2123,59,324300
2124,5,782000
2125,234,67100
2126,302,20000
2127,314,12350
2128,223,76000
2129,1,1203300
2130,333,1800
2131,315,12150
2132,291,26800
2133,330,3300
2134,187,109300
2135,325,6000
2136,328,4400
2137,44,378100
2138,303,19000
2139,308,15800
2140,0,1269100
2141,56,332500
2142,321,8400
2143,332,2100
2144,0,2000000
2145,325,5900
2146,331,2800
2147,333,1400
2148,144,157400
2149,267,42400
2150,335,450
2151,165,132100
2152,328,4200
2153,326,5700
2154,325,5900
2155,314,12300
2156,16,562100
2157,1,1006500
2158,221,78000
2159,331,2600
2160,322,8000
2161,331,2500
2162,1,1201150
2163,0,1833500
2164,4,830000
2165,62,314000
2166,174,122800
2167,278,35200
2168,0,2000000
2169,289,27800
2170,0,2000000
2171,221,78200
2172,319,9800
2173,333,1300
2174,33,434400
2175,108,211000
2176,322,7600
2177,324,6600
2178,330,3000
2179,0,1606000
2180,0,1950600
2181,0,2000000
2182,205,92000
2183,168,128400
2184,180,116450
2185,249,55800
2186,278,35000
2187,234,67200
2188,332,2050
2189,149,151350
2190,24,492250
2191,335,300
2192,329,3500
2193,318,10200
2194,334,800
2195,126,182000
2196,269,41600
2197,256,50700
2198,0,2000000
2199,292,26300
2200,285,30700
2201,335,300
2202,312,13600
2203,293,25300
2204,1,1050000
2205,334,1050
2206,326,5400
2207,327,5000
2208,336,100
2209,297,22600
2210,292,26200
2211,277,36100
2212,144,157100
2213,278,35400
2214,0,1920200
2215,320,9100
2216,0,2000000
2217,322,7900
2218,265,43900
2219,333,1600
2220,325,6000
2221,309,15600
2222,295,24000
2223,119,192800
2224,13,600200
2225,5,794000
2226,321,8500
2227,334,700
2228,0,2000000
2229,289,28000
2230,304,18600
2231,0,2000000
2232,266,43600
2233,322,7600
2234,52,348400
2235,0,2000000
2236,283,31900
2237,250,54700
2238,0,1326100
2239,259,48200
2240,0,2000000
2241,323,7200
2242,1,1003200
2243,174,121900
2244,288,28700
2245,274,37900
2246,307,16500
2247,335,300
2248,272,39200
2249,49,356800
2250,229,71300
2251,294,24600
2252,269,41150
2253,2,934400
2254,221,77900
2255,0,2000000
2256,6,740200
2257,264,45000
2258,0,2000000
2259,238,64200
2260,10,652800
2261,291,26700
2262,334,1050
2263,324,6700
2264,139,164900
2265,333,1800
2266,331,2700
2267,164,133500
2268,322,7500
2269,6,754000
2270,112,204100
2271,165,132000
2272,1,1001700
2273,336,100
2274,322,7950
2275,141,161200
2276,57,330500
2277,334,950
2278,5,795000
2279,331,2400
2280,5,784600
2281,0,2000000
2282,333,1500
2283,305,17800
2284,201,95600
2285,199,97300
2286,279,34800
2287,131,175400
2288,320,8800
2289,322,7500
2290,330,3050
2291,0,1650800
2292,6,750600
2293,309,15300
2294,33,434600
2295,0,2000000
2296,308,16000
2297,298,22100
2298,333,1800
2299,318,10200
2300,267,42700
2301,113,202900
2302,335,600
2303,325,5900
2304,306,17400
2305,328,4200
2306,0,1836050
2307,280,33800
2308,275,37000
2309,0,1906600
2310,297,22950
2311,335,250
2312,335,600
2313,1,1001450
2314,220,78400
2315,30,450000
2316,218,80200
2317,127,180650
2318,288,28300
2319,335,600
2320,336,0
2321,331,2900
2322,237,64500
2323,191,105400
2324,265,44200
2325,2,937800
2326,133,171800
2327,150,150400
2328,37,409400
2329,333,1700
2330,319,9800
2331,303,19400
2332,333,1350
2333,65,306600
2334,287,29000
2335,304,18500
2336,106,214300
2337,147,154200
2338,0,1852500
2339,13,604000
2340,334,1150
2341,306,17550
2342,233,67750
2343,279,34300
2344,7,722150
2345,167,129750
2346,142,160000
2347,146,154500
2348,1,1059200
2349,68,297900
2350,320,8800
2351,0,2000000
2352,329,3500
2353,170,126300
2354,334,800
2355,152,147600
2356,292,26300
2357,322,7600
2358,334,950
2359,225,74900
2360,136,167800
2361,334,900
2362,285,30600
2363,334,700
2364,0,2000000
2365,4,805400
2366,160,137600
2367,306,17100
2368,6,745550
2369,335,350
2370,61,316600
2371,200,96200
2372,327,4800
2373,4,824700
2374,0,1802500
2375,281,33200
2376,328,4450
2377,13,600200
2378,313,13100
2379,5,771800
2380,317,10750
2381,0,1268150
2382,331,2700
2383,298,22200
2384,320,9000
2385,0,2000000
2386,196,100300
2387,0,1322700
2388,1,1012000
2389,292,25900
2390,183,113300
2391,309,15200
2392,326,5300
2393,336,100
2394,331,2700
2395,330,3300
2396,307,16900
2397,0,2000000
2398,330,3100
2399,61,317400
2400,6,738400
2401,228,71800
2402,311,14200
2403,316,11100
2404,178,117800
2405,331,2450
2406,0,2000000
2407,328,4500
2408,232,68800
2409,121,190000
2410,30,450000
2411,39,403000
2412,319,9300
2413,6,754800
2414,320,8700
2415,194,102100
2416,41,390000
2417,150,149900
2418,320,9050
2419,150,150500
2420,309,15700
2421,0,2000000
2422,333,1650
2423,39,399200
2424,330,3400
2425,326,5200
2426,122,188300
2427,5,780900
2428,124,186200
2429,296,23600
2430,302,19800
2431,10,648000
2432,316,11200
2433,295,24200
2434,323,7050
2435,263,45700
2436,162,135600
2437,0,2000000
2438,66,303600
2439,304,18300
2440,13,600750
2441,48,363800
2442,11,638400
2443,30,451800
2444,66,302000
2445,290,27500
2446,310,14900
2447,131,175900
2448,285,30800
2449,12,616600
2450,318,10350
2451,0,2000000
2452,0,2000000
2453,332,2100
2454,51,350700
2455,335,250
2456,330,3400
2457,0,2000000
2458,184,111600
2459,335,650
2460,333,1250
2461,334,750
2462,335,150
2463,107,212200
2464,329,3500
2465,325,5800
2466,88,250000
2467,4,813500
2468,134,170600
2469,336,0
2470,37,410000
2471,335,400
2472,243,60000
2473,28,464600
2474,78,272700
2475,271,40100
2476,330,3200
2477,55,335800
2478,329,3700
2479,323,7200
2480,143,158400
2481,321,8100
2482,150,150000
2483,315,12000
2484,331,2600
2485,315,12000
2486,333,1500
2487,293,25200
2488,298,22200
2489,331,2400
2490,334,1000
2491,333,1800
2492,0,1801300
2493,325,6050
2494,66,302000
2495,306,17150
2496,334,1150
2497,319,9650
2498,334,1200
2499,89,247600
2500,91,243100
2501,0,1366600
2502,147,154000
2503,321,8100
2504,319,9300
2505,137,167100
2506,4,819600
2507,319,9400
2508,294,24500
2509,0,1524150
2510,254,52200
2511,320,9100
2512,148,153000
2513,30,450000
2514,333,1700
2515,0,2000000
2516,241,61900
2517,218,80250
2518,4,822600
2519,298,22300
2520,230,70200
2521,336,0
2522,335,500
2523,261,46800
2524,293,25100
2525,333,1500
2526,3,900000
2527,320,9000
2528,325,6000
2529,92,241200
2530,312,13900
2531,332,2000
2532,80,266100
2533,335,600
2534,0,1409400
2535,220,78800
2536,103,220600
2537,319,9500
2538,13,604400
2539,278,35100
2540,281,33000
2541,295,24200
2542,333,1550
2543,0,2000000
2544,329,4050
2545,2,1000100
2546,320,9150
2547,234,67050
2548,308,16250
2549,1,1051000
2550,0,2000000
2551,13,607700
2552,71,290000
2553,32,440000
2554,136,168750
2555,283,31500
2556,286,30000
2557,279,34500
2558,284,30900
2559,281,33300
2560,331,2900
2561,320,9000
2562,0,1609400
2563,269,41100
2564,48,363600
2565,316,11000
2566,279,34200
2567,12,624700
2568,328,4300
2569,329,3750
2570,160,137600
2571,308,16300
2572,330,3000
2573,320,9100
2574,272,39200
2575,332,2200
2576,114,200400
2577,50,356500
2578,316,11200
2579,24,491800
2580,330,3000
2581,308,15800
2582,320,9200
2583,285,30600
2584,292,26000
2585,332,2100
2586,312,13700
2587,317,10600
2588,1,1050000
2589,298,22100
2590,300,21000
2591,289,27700
2592,329,3750
2593,282,32250
2594,304,18200
2595,308,16000
2596,333,1800
2597,253,52800
2598,59,324400
2599,131,175700
2600,0,1240200
2601,330,3150
2602,129,177900
2603,335,450
2604,0,2000000
2605,333,1600
2606,0,2000000
2607,327,4900
2608,330,3000
2609,27,472100
2610,67,300500
2611,335,400
2612,325,6250
2613,320,9000
2614,254,52200
2615,170,126300
2616,304,18350
2617,250,55000
2618,260,47500
2619,19,532000
2620,301,20250
2621,0,1219100
2622,0,1414100
2623,334,1100
2624,295,23900
2625,309,15300
2626,216,81800
2627,0,2000000
2628,0,2000000
2629,35,423400
2630,316,11000
2631,271,39600
2632,82,262000
2633,295,24000
2634,201,95200
2635,40,394600
2636,0,1266900
2637,336,0
2638,18,542300
2639,131,175000
2640,0,2000000
2641,139,163800
2642,0,2000000
2643,269,41600
2644,333,1600
2645,3,878900
2646,310,14800
2647,108,210800
2648,280,33600
2649,176,120300
2650,296,23400
2651,329,3900
2652,0,1809100
2653,260,47800
2654,66,303200
2655,317,10500
2656,42,387000
2657,327,4700
2658,333,1500
2659,5,792000
2660,308,16200
2661,331,2400
2662,31,446000
2663,334,800
2664,292,25800
2665,67,301000
2666,58,325600
2667,167,130300
2668,332,2200
2669,333,1600
2670,319,9300
2671,273,38550
2672,0,1710250
2673,336,100
2674,312,13700
2675,266,43400
2676,266,43600
2677,65,305200
2678,214,83800
2679,104,217800
2680,0,2000000
2681,237,64600
2682,329,3600
2683,224,75200
2684,322,7500
2685,150,150400
2686,335,500
2687,285,30500
2688,334,1000
2689,322,7500
2690,136,168200
2691,114,200600
2692,16,570000
2693,62,316000
2694,333,1600
2695,318,10200
2696,334,1100
2697,6,757600
2698,40,396300
2699,281,32900
2700,4,824800
2701,257,50000
2702,334,850
2703,330,3200
2704,16,562400
2705,12,616800
2706,277,35600
2707,333,1300
2708,331,2400
2709,150,150000
2710,253,52400
2711,280,33900
2712,112,203950
2713,4,829000
2714,304,18700
2715,321,8100
2716,51,352200
2717,235,66100
2718,331,2700
2719,327,4900
2720,321,8550
2721,120,191200
2722,64,308200
2723,43,382000
2724,333,1300
2725,0,2000000
2726,332,1900
2727,3,905700
2728,189,107000
2729,221,78000
2730,302,19900
2731,119,193100
2732,170,127000
2733,43,383200
2734,1,1034500
2735,336,100
2736,3,900200
2737,333,1700
2738,322,8000
2739,265,44200
2740,173,123700
2741,3,901750
2742,322,7600
2743,0,2000000
2744,308,16300
2745,1,1206800
2746,276,36550
2747,331,2900
2748,267,42400
2749,0,1710300
2750,60,321100
2751,0,1406000
2752,259,48300
2753,321,8100
2754,1,1050000
2755,315,12100
2756,239,63200
2757,308,16200
2758,327,4900
2759,0,1806000
2760,292,25800
2761,67,299100
2762,221,77600
2763,63,310600
2764,307,16400
2765,328,4200
2766,277,36100
2767,13,606100
2768,2,986800
2769,332,1900
2770,332,2100
2771,208,89600
2772,0,2000000
2773,319,9800
2774,0,1986000
2775,230,70300
2776,313,13050
2777,165,131800
2778,305,17900
2779,192,104200
2780,335,500
2781,34,429100
2782,146,155200
2783,27,466150
2784,277,35700
2785,243,60100
2786,18,546800
2787,250,55200
2788,1,1034600
2789,194,102500
2790,40,397600
2791,236,65300
2792,47,366000
2793,335,250
2794,320,8750
2795,0,1354000
2796,0,1656800
2797,252,53200
2798,0,2000000
2799,71,288800
2800,4,825400
2801,12,621200
2802,292,26200
2803,262,45900
2804,327,4700
2805,203,93400
2806,7,728750
2807,306,17200
2808,297,22550
2809,74,282300
2810,331,2700
2811,334,700
2812,306,17400
2813,29,458000
2814,301,20200
2815,308,16200
2816,265,43800
2817,294,24700
2818,321,8200
2819,325,6250
2820,181,115100
2821,0,1264650
2822,0,2000000
2823,1,1051600
2824,333,1550
2825,325,6000
2826,73,284600
2827,261,46900
2828,327,4700
2829,335,300
2830,214,84200
2831,1,1200350
2832,119,193200
2833,311,14400
2834,224,75000
2835,269,41500
2836,278,34950
2837,1,1165300
2838,111,205600
2839,307,16400
2840,271,40200
2841,221,77550
2842,173,123100
2843,294,24900
2844,320,8900
2845,272,39100
2846,1,1053200
2847,150,150000
2848,331,2900
2849,0,1316000
2850,176,120700
2851,0,2000000
2852,330,3100
2853,334,900
2854,332,2100
2855,331,2600
2856,328,4600
2857,6,752900
2858,245,59000
2859,22,507100
2860,28,462000
2861,330,3300
2862,51,350300
2863,331,2700
2864,284,30900
2865,282,32700
2866,333,1500
2867,323,7250
2868,7,723300
2869,3,910000
2870,0,1954000
2871,318,10150
2872,336,100
2873,199,97300
2874,328,4400
2875,143,159050
2876,311,14100
2877,22,510000
2878,291,26600
2879,38,405400
2880,334,1100
2881,212,86000
2882,281,32900
2883,1,1050000
2884,219,79900
2885,246,58100
2886,332,1900
2887,320,8850
2888,1,1206150
2889,319,9800
2890,331,2600
2891,318,10000
2892,30,450000
2893,267,43000
2894,333,1300
2895,328,4300
2896,287,29000
2897,235,66200
2898,328,4500
2899,247,57100
2900,330,3000
2901,0,2000000
2902,28,460400
2903,104,218500
2904,0,2000000
2905,320,9000
2906,129,178000
2907,115,199850
2908,6,751800
2909,321,8100
2910,114,201600
2911,194,102300
2912,212,86000
2913,330,3200
2914,329,3600
2915,233,68200
2916,222,77300
2917,334,700
2918,23,500500
2919,0,2000000
2920,298,22000
2921,149,151800
2922,5,801250
2923,36,417600
2924,59,324800
2925,322,8000
2926,301,20500
2927,59,325000
2928,10,650000
2929,309,15450
2930,141,162000
2931,8,686300
2932,23,500500
2933,332,2200
2934,39,401200
2935,39,400500
2936,0,1825400
2937,67,300000
2938,275,36900
2939,0,1621500
2940,179,117450
2941,60,320600
2942,241,61600
2943,320,8800
2944,49,360000
2945,328,4300
2946,3,856800
2947,262,46000
2948,233,68000
2949,91,243300
2950,239,63000
2951,218,80150
2952,1,1103200
2953,315,12150
2954,325,6300
2955,271,39600
2956,321,8400
2957,333,1250
2958,214,83700
2959,299,21600
2960,332,2300
2961,0,1801100
2962,47,366100
2963,325,6200
2964,334,900
2965,317,10800
2966,259,48500
2967,119,192600
2968,263,45500
2969,290,27000
2970,325,6000
2971,0,1714000
2972,0,2000000
2973,331,2800
2974,0,2000000
2975,302,19900
2976,141,162000
2977,291,26700
2978,259,48000
2979,147,154000
2980,333,1700
2981,284,30900
2982,306,17300
2983,331,2700
2984,330,3000
2985,320,8700
2986,330,3000
2987,1,1102400
2988,313,13350
2989,331,2700
2990,326,5400
2991,30,450000
2992,110,208100
2993,275,37500
2994,7,730000
2995,23,500800
2996,323,7000
2997,329,3500
2998,179,117400
2999,307,16700
3000,280,34000
3001,333,1800
3002,307,16700
3003,335,650
3004,334,1100
3005,3,900250
3006,304,18250
3007,335,500
3008,0,2000000
3009,0,1276200
3010,0,1516800
3011,332,2000
3012,0,2000000
3013,13,608200
3014,271,40000
3015,314,12700
3016,272,39300
3017,190,106300
3018,115,198800
3019,266,43650
3020,138,165200
3021,0,2000000
3022,324,6800
3023,329,4000
3024,0,1517200
3025,293,25600
3026,301,20300
3027,0,1400900
3028,330,3100
3029,3,900000
3030,331,2600
3031,302,19600
3032,0,2000000
3033,305,18000
3034,326,5600
3035,328,4500
3036,253,52800
3037,263,45400
3038,285,30400
3039,330,3200
3040,82,263400
3041,283,31800
3042,189,106600
3043,327,4750
3044,326,5500
3045,316,11300
3046,279,34800
3047,331,2550
3048,149,151800
3049,2,916000
3050,330,3050
3051,193,102900
3052,335,400
3053,126,182600
3054,280,34100
3055,318,10100
3056,332,2200
3057,260,47350
3058,0,1231100
3059,237,65150
3060,224,75300
3061,335,600
3062,326,5500
3063,274,38100
3064,8,700200
3065,169,127600
3066,290,27000
3067,275,37200
3068,314,12350
3069,307,16800
3070,39,403000
3071,65,305600
3072,0,1580800
3073,324,6400
3074,301,20500
3075,292,26200
3076,315,11800
3077,13,600000
3078,0,2000000
3079,0,1650600
3080,336,0
3081,0,2000000
3082,1,1052000
3083,6,741400
3084,233,67700
3085,270,40900
3086,300,21200
3087,319,9300
3088,334,1100
3089,276,36700
3090,312,13900
3091,332,1900
3092,312,13550
3093,323,7400
3094,266,43050
3095,328,4400
3096,63,310700
3097,304,18700
3098,0,1609400
3099,237,65200
3100,311,14200
3101,3,857400
3102,328,4200
3103,324,6500
3104,118,194700
3105,240,62800
3106,235,66300
3107,0,2000000
3108,335,600
3109,335,250
3110,1,1129700
3111,274,37700
3112,331,2900
3113,331,2850
3114,242,60800
3115,292,26000
3116,329,3600
3117,310,14800
3118,276,36600
3119,323,6950
3120,176,120800
3121,327,5100
3122,325,6250
3123,63,312000
3124,157,141600
3125,1,1006600
3126,0,1217900
3127,65,306200
3128,323,7350
3129,327,5000
3130,102,222200
3131,301,20200
3132,312,13400
3133,322,8000
3134,48,364200
3135,290,27400
3136,239,63300
3137,1,1208800
3138,0,2000000
3139,305,17750
3140,222,77200
3141,73,284700
3142,1,1050000
3143,0,1431000
3144,49,358200
3145,264,44600
3146,331,2800
3147,4,825000
3148,287,29500
3149,127,181650
3150,333,1750
3151,0,2000000
3152,297,23100
3153,216,82000
3154,324,6800
3155,299,21700
3156,2,918000
3157,335,300
3158,295,24100
3159,17,557000
3160,332,2100
3161,310,14600
3162,328,4100
3163,302,20000
3164,334,700
3165,0,2000000
3166,62,315000
3167,117,196000
3168,274,37800
3169,332,1900
3170,228,71900
3171,331,2500
3172,336,100
3173,322,7800
3174,332,2250
3175,333,1700
3176,334,750
3177,0,2000000
3178,328,4400
3179,335,650
3180,173,123800
3181,331,2400
3182,92,241900
3183,4,811600
3184,24,488200
3185,51,351000
3186,331,2500
3187,140,163400
3188,104,218300
3189,63,311150
3190,122,188800
3191,295,24000
3192,0,1836250
3193,111,206000
3194,334,700
3195,193,103200
3196,0,2000000
3197,1,1050000
3198,328,4200
3199,336,100
3200,321,8200
3201,290,27300
3202,13,598600
3203,330,3400
3204,333,1800
3205,333,1300
3206,0,2000000
3207,323,7300
3208,0,2000000
3209,3,878300
3210,165,132600
3211,322,8000
3212,331,2550
3213,267,42900
3214,320,8900
3215,0,1402550
3216,173,123800
3217,292,26300
3218,333,1800
3219,255,51550
3220,320,9200
3221,335,150
3222,324,6400
3223,237,65000
3224,300,20750
3225,332,2000
3226,209,88300
3227,241,61400
3228,24,488000
3229,3,900300
3230,20,526700
3231,0,2000000
3232,5,790000
3233,326,5550
3234,265,44400
3235,283,31750
3236,332,1900
3237,305,18000
3238,304,18700
3239,313,12900
3240,329,3800
3241,117,195600
3242,333,1300
3243,95,234800
3244,217,80900
3245,321,8350
3246,334,700
3247,0,2000000
3248,289,28200
3249,182,114200
3250,109,210000
3251,334,800
3252,297,23000
3253,329,3850
3254,176,120800
3255,150,150000
3256,0,2000000
3257,100,226300
3258,0,2000000
3259,167,130000
3260,333,1400
3261,0,1700700
3262,13,601900
3263,329,4000
3264,310,15000
3265,223,75950
3266,329,3700
3267,324,6400
3268,0,2000000
3269,334,950
3270,333,1300
3271,0,1504000
3272,147,153400
3273,303,19300
3274,0,1362000
3275,334,1000
3276,334,800
3277,284,31100
3278,330,3000
3279,0,1850400
3280,314,12500
3281,149,151300
3282,65,306000
3283,1,1050000
3284,6,751300
3285,64,309000
3286,316,11200
3287,333,1550
3288,115,199700
3289,91,243400
3290,325,5800
3291,327,5100
3292,0,2000000
3293,9,682400
3294,1,1015400
3295,330,3200
3296,335,300
3297,335,600
3298,335,600
3299,0,2000000
3300,311,14150
3301,183,113000
3302,202,94300
3303,150,150500
3304,99,227600
3305,336,0
3306,320,8800
3307,234,67100
3308,0,2000000
3309,135,170100
3310,209,88550
3311,331,2700
3312,285,30600
3313,149,151200
3314,137,166600
3315,327,5000
3316,308,15900
3317,213,84400
3318,67,300400
3319,196,100400
3320,320,9000
3321,284,31400
3322,0,1262800
3323,330,3000
3324,6,748100
3325,176,120050
3326,21,520600
3327,322,7700
3328,0,1822000
3329,311,14000
3330,244,59750
3331,333,1400
3332,0,2000000
3333,325,6100
3334,0,2000000
3335,329,4000
3336,67,301350
3337,100,225000
3338,150,150550
3339,329,4000
3340,328,4300
3341,115,200200
3342,311,14000
3343,126,182000
3344,0,1982000
3345,333,1800
3346,204,92600
3347,311,14100
3348,0,1714000
3349,243,60400
3350,326,5200
3351,140,163100
3352,2,916000
3353,323,7000
3354,302,19900
3355,330,3250
3356,334,950
3357,326,5450
3358,185,110750
3359,222,76700
3360,328,4600
3361,33,430900
3362,323,7000
3363,150,150000
3364,330,3200
3365,325,6000
3366,334,1050
3367,149,151200
3368,286,30000
3369,322,7900
3370,0,1950500
3371,30,450600
3372,198,97900
3373,333,1700
3374,305,17700
3375,58,326000
3376,195,101500
3377,199,97500
3378,2,949500
3379,314,12400
3380,276,36700
3381,336,100
3382,308,15900
3383,331,2500
3384,8,703900
3385,0,1412600
3386,67,300500
3387,321,8100
3388,13,601350
3389,333,1600
3390,125,184200
3391,266,43500
3392,0,2000000
3393,286,29950
3394,280,33600
3395,328,4200
3396,299,21800
3397,331,2600
3398,318,10100
3399,305,17700
3400,256,50550
3401,257,50000
3402,62,316000
3403,247,56800
3404,210,87400
3405,294,24450
3406,332,2300
3407,282,32200
3408,0,2000000
3409,329,3800
3410,325,6300
3411,285,30700
3412,317,10800
3413,310,14800
3414,326,5200
3415,312,13900
3416,275,37000
3417,317,10500
3418,3,900000
3419,328,4300
3420,322,7800
3421,8,700100
3422,3,902000
3423,321,8200
3424,309,15700
3425,336,0
3426,134,170700
3427,321,8250
3428,331,2500
3429,0,2000000
3430,323,7200
3431,329,3550
3432,322,7800
3433,325,6000
3434,290,27400
3435,1,1201450
3436,223,76500
3437,334,700
3438,330,3000
3439,296,23200
3440,27,471800
3441,1,1050000
3442,67,300600
3443,331,2750
3444,303,19000
3445,328,4450
3446,285,30700
3447,331,2650
3448,319,9500
3449,66,303100
3450,0,2000000
3451,315,11700
3452,335,200
3453,5,801700
3454,325,6200
3455,335,500
3456,295,24200
3457,269,41450
3458,5,801200
3459,298,22200
3460,5,802200
3461,28,465600
3462,1,1050000
3463,198,98550
3464,331,2850
3465,218,80200
3466,0,2000000
3467,332,2000
3468,336,0
3469,334,800
3470,205,91600
3471,330,3450
3472,316,11300
3473,243,60450
3474,334,900
3475,325,6200
3476,331,2600
3477,39,403000
3478,1,1053200
3479,318,10000
3480,243,60300
3481,0,1298000
3482,313,13200
3483,0,2000000
3484,332,1900
3485,0,1950600
3486,336,0
3487,0,1950300
3488,318,10400
3489,0,2000000
3490,335,500
3491,11,640600
3492,336,0
3493,307,16400
3494,312,13400
3495,0,2000000
3496,150,150000
3497,0,2000000
3498,0,2000000
3499,126,182000
3500,250,55000
3501,289,28200
3502,326,5200
3503,336,100
3504,324,6750
3505,271,39600
3506,47,365300
3507,328,4450
3508,333,1700
3509,279,34500
3510,193,102700
3511,0,2000000
3512,22,504200
3513,3,892900
3514,173,123050
3515,294,24800
3516,307,16400
3517,249,55600
3518,212,85800
3519,299,21600
3520,0,1658000
3521,42,388800
3522,271,39700
3523,316,11400
3524,329,4000
3525,10,661300
3526,331,2600
3527,331,2450
3528,0,1833000
3529,77,273200
3530,331,2750
3531,150,150600
3532,276,36500
3533,111,206000
3534,290,27100
3535,329,3500
3536,300,21200
3537,17,558400
3538,294,24500
3539,333,1800
3540,277,36000
3541,8,703900
3542,177,119750
3543,2,1000200
3544,320,8900
3545,314,12700
3546,76,275600
3547,270,40500
3548,327,4900
3549,4,812000
3550,3,904100
3551,147,153600
3552,331,2400
3553,259,48000
3554,10,657000
3555,328,4600
3556,4,817050
3557,66,301800
3558,30,450000
3559,0,2000000
3560,326,5400
3561,218,80750
3562,317,10500
3563,11,634000
3564,1,1204400
3565,227,73200
3566,317,10650
3567,108,211000
3568,82,262000
3569,273,38700
3570,308,16300
3571,13,608300
3572,256,50500
3573,0,1504800
3574,48,360750
3575,277,35700
3576,53,342100
3577,306,17500
3578,199,97100
3579,322,7900
3580,331,2900
3581,111,206400
3582,21,512000
3583,0,1582500
3584,1,1049800
3585,266,43150
3586,325,6300
3587,150,150000
3588,313,13000
3589,309,15300
3590,230,70700
3591,324,6600
3592,4,842200
3593,173,123000
3594,333,1500
3595,8,691550
3596,313,13000
3597,24,494000
3598,268,41700
3599,59,324000
3600,31,445200
3601,218,80400
3602,334,700
3603,295,24000
3604,275,36850
3605,323,7050
3606,330,3200
3607,0,2000000
3608,292,26150
3609,285,30300
3610,105,216800
3611,310,15100
3612,304,18450
3613,4,812000
3614,292,26200
3615,75,280000
3616,336,0
3617,335,400
3618,223,76500
3619,171,125300
3620,141,161600
3621,0,1348300
3622,329,3600
3623,127,180600
3624,207,89700
3625,333,1750
3626,233,68200
3627,285,30800
3628,66,302800
3629,330,3200
3630,275,37500
3631,333,1600
3632,314,12550
3633,189,107200
3634,151,148300
3635,1,1208600
3636,242,60800
3637,218,80700
3638,312,13400
3639,331,2800
3640,272,38900
3641,297,22800
3642,335,150
3643,174,122650
3644,0,1351600
3645,0,1801100
3646,71,288250
3647,36,414200
3648,0,2000000
3649,334,700
3650,30,450000
3651,210,87000
3652,336,0
3653,175,121600
3654,333,1500
3655,307,16700
3656,333,1500
3657,310,14600
3658,3,883000
3659,0,1405100
3660,308,16100
3661,324,6700
3662,332,2300
3663,301,20550
3664,0,1501200
3665,303,18900
3666,105,215700
3667,331,2600
3668,11,641800
3669,280,33500
3670,3,894000
3671,330,3000
3672,7,730000
3673,314,12400
3674,281,33150
3675,334,800
3676,5,766600
3677,335,500
3678,0,1800800
3679,6,750500
3680,318,10200
3681,281,33200
3682,326,5400
3683,292,25800
3684,334,800
3685,147,154000
3686,2,942800
3687,279,34600
3688,334,1000
3689,330,3200
3690,282,32400
3691,275,37500
3692,33,433100
3693,325,5800
3694,295,24000
3695,321,8100
3696,110,208600
3697,326,5400
3698,323,7400
3699,65,304800
3700,290,27500
3701,335,600
3702,335,500
3703,333,1750
3704,334,1200
3705,133,172400
3706,0,2000000
3707,327,4800
3708,0,1355000
3709,276,36400
3710,126,182900
3711,102,221000
3712,321,8250
3713,2,916000
3714,0,1982000
3715,309,15500
3716,275,37100
3717,330,3250
3718,326,5600
3719,333,1500
3720,242,61000
3721,332,2200
3722,0,2000000
3723,6,760150
3724,332,2300
3725,0,1768400
3726,305,18000
3727,0,2000000
3728,39,403000
3729,200,96300
3730,311,14500
3731,244,59700
3732,313,12800
3733,311,14000
3734,0,1353000
3735,2,933000
3736,174,122000
3737,323,7200
3738,332,2100
3739,326,5500
3740,167,130600
3741,323,7000
3742,150,150000
3743,298,22400
3744,96,233600
3745,325,6000
3746,104,218000
3747,258,49200
3748,0,1504000
3749,21,513200
3750,0,2000000
3751,158,140000
3752,255,51200
3753,67,300250
3754,314,12500
3755,169,128000
3756,0,2000000
3757,333,1600
3758,231,69600
3759,323,7200
3760,3,850100
3761,280,34100
3762,333,1700
3763,23,500200
3764,324,6800
3765,333,1500
3766,23,499900
3767,11,636200
3768,1,1001000
3769,152,147400
3770,209,88600
3771,126,182000
3772,314,12600
3773,105,216050
3774,335,550
3775,335,450
3776,133,173100
3777,80,267800
3778,30,450000
3779,239,63600
3780,261,47150
3781,315,11900
3782,326,5200
3783,335,200
3784,336,100
3785,324,6600
3786,300,21200
3787,265,44200
3788,324,6800
3789,280,33800
3790,318,10000
3791,139,163800
3792,335,400
3793,330,3100
3794,0,2000000
3795,107,213000
3796,309,15200
3797,3,901000
3798,264,45000
3799,281,33000
3800,114,201200
3801,255,51050
3802,7,727500
3803,332,2150
3804,325,5800
3805,335,500
3806,329,3500
3807,332,2200
3808,118,194100
3809,47,365800
3810,315,11600
3811,261,47200
3812,326,5300
3813,324,6400
3814,332,2100
3815,284,31200
3816,0,1252600
3817,66,302000
3818,328,4100
3819,273,38500
3820,12,620400
3821,0,1415700
3822,326,5200
3823,315,11700
3824,315,11900
3825,327,4700
3826,319,9500
3827,6,750600
3828,330,3350
3829,268,42000
3830,333,1500
3831,1,1181200
3832,204,92600
3833,4,849300
3834,281,33300
3835,0,1390000
3836,218,80200
3837,316,11400
3838,322,7600
3839,307,16400
3840,62,316000
3841,292,26000
3842,3,882000
3843,332,2050
3844,317,10800
3845,306,17200
3846,279,34700
3847,332,1950
3848,239,63400
3849,0,1435000
3850,0,2000000
3851,0,2000000
3852,334,1000
3853,83,261200
3854,188,107900
3855,127,181100
3856,295,23800
3857,306,17200
3858,336,100
3859,248,56700
3860,320,9100
3861,310,14700
3862,0,1982500
3863,335,200
3864,29,458000
3865,1,1050000
3866,65,305600
3867,49,360300
3868,336,100
3869,77,274000
3870,0,1401300
3871,51,350600
3872,64,308400
3873,323,7400
3874,260,47500
3875,336,100
3876,215,83400
3877,149,150700
3878,11,632900
3879,67,301100
3880,293,25600
3881,109,210000
3882,0,1260700
3883,250,54800
3884,333,1700
3885,333,1300
3886,322,7800
3887,312,13800
3888,195,100900
3889,30,451400
3890,291,26400
3891,326,5400
3892,330,3400
3893,59,324000
3894,320,8900
3895,329,3700
3896,3,876350
3897,78,273000
3898,51,350300
3899,312,13800
3900,335,300
3901,308,16200
3902,30,450000
3903,315,12000
3904,326,5200
3905,334,1200
3906,0,1355100
3907,13,602000
3908,205,91600
3909,82,262150
3910,0,1950600
3911,145,156300
3912,333,1600
3913,313,13300
3914,16,567700
3915,80,266600
3916,238,64300
3917,0,2000000
3918,217,81200
3919,336,100
3920,1,1050000
3921,319,9500
3922,53,342700
3923,320,9150
3924,217,81300
3925,310,14600
3926,333,1600
3927,325,5800
3928,334,900
3929,329,3600
3930,335,150
3931,112,203800
3932,318,10400
3933,306,17300
3934,335,400
3935,0,2000000
3936,323,7000
3937,10,646000
3938,333,1700
3939,328,4300
3940,0,2000000
3941,320,9000
3942,236,65850
3943,182,113800
3944,284,31200
3945,0,2000000
3946,328,4100
3947,28,460400
3948,268,42200
3949,334,900
3950,216,82200
3951,334,1100
3952,62,316000
3953,324,6700
3954,322,7900
3955,309,15250
3956,257,49650
3957,305,17800
3958,299,21400
3959,62,316000
3960,174,122950
3961,195,100800
3962,315,11700
3963,104,218400
3964,0,1442600
3965,314,12200
3966,0,1834450
3967,283,32100
3968,329,3600
3969,324,6500
3970,332,2300
3971,138,165000
3972,304,18400
3973,249,55900
3974,6,757700
3975,45,372400
3976,314,12200
3977,315,11600
3978,335,300
3979,302,19700
3980,156,143000
3981,283,31800
3982,326,5500
3983,0,2000000
3984,30,452000
3985,5,800600
3986,303,19300
3987,7,723000
3988,32,439200
3989,43,380800
3990,308,15900
3991,235,66400
3992,0,1806000
3993,100,225800
3994,0,1247700
3995,323,7000
3996,324,6400
3997,147,154000
3998,231,69500
3999,5,802100
4000,318,10000
4001,328,4200
4002,64,307300
4003,304,18500
4004,21,517200
4005,262,46300
4006,292,26000
4007,335,400
4008,0,2000000
4009,333,1800
4010,335,300
4011,0,2000000
4012,331,2400
4013,252,53100
4014,65,305700
4015,230,70700
4016,324,6400
4017,331,2900
4018,322,7800
4019,319,9700
4020,330,3250
4021,322,8000
4022,334,800
4023,333,1250
4024,267,43000
4025,321,8400
4026,21,517000
4027,318,10300
4028,133,171800
4029,306,17100
4030,6,750500
4031,316,11300
4032,322,7750
4033,218,80250
4034,334,1200
4035,335,300
4036,316,11400
4037,329,4000
4038,304,18400
4039,13,610800
4040,323,7000
4041,1,1050000
4042,3,873400
4043,319,9800
4044,12,622200
4045,117,195650
4046,306,17300
4047,0,1834000
4048,333,1300
4049,112,205000
4050,281,33000
4051,26,474000
4052,299,21500
4053,51,350200
4054,0,1329100
4055,329,4050
4056,10,661300
4057,0,2000000
4058,324,6700
4059,49,356800
4060,258,49000
4061,316,11200
4062,331,2500
4063,303,19400
4064,330,3400
4065,0,2000000
4066,281,33100
4067,158,140700
4068,139,164300
4069,13,604600
4070,316,11400
4071,330,3200
4072,321,8100
4073,261,47200
4074,146,154600
4075,334,1000
4076,255,50900
4077,3,902700
4078,164,133950
4079,312,13600
4080,295,24000
4081,301,20100
4082,334,900
4083,47,367300
4084,333,1350
4085,30,450000
4086,293,25100
4087,0,1409100
4088,297,22600
4089,329,3900
4090,97,231750
4091,327,4850
4092,141,161700
4093,321,8300
4094,333,1600
4095,0,2000000
4096,104,218200
4097,319,9800
4098,322,7600
4099,67,301400
4100,235,66600
4101,66,302800
4102,328,4500
4103,336,100
4104,324,6700
4105,330,3000
4106,320,8850
4107,330,3150
4108,333,1600
4109,3,861000
4110,6,754000
4111,1,1001500
4112,3,900600
4113,21,514000
4114,0,2000000
4115,268,41700
4116,147,154000
4117,67,301200
4118,293,25200
4119,46,368600
4120,333,1300
4121,0,1950500
4122,29,454600
4123,270,40700
4124,1,1050000
4125,45,375450
4126,271,39800
4127,294,25000
4128,333,1400
4129,7,712200
4130,287,29050
4131,329,3650
4132,293,25100
4133,114,200400
4134,310,15100
4135,206,91100
4136,257,49600
4137,59,324000
4138,317,10900
4139,114,201600
4140,335,500
4141,329,3700
4142,156,142400
4143,167,130200
4144,279,34600
4145,285,30500
4146,0,2000000
4147,0,2000000
4148,326,5700
4149,258,49000
4150,277,35600
4151,294,25000
4152,7,711000
4153,255,51000
4154,331,2800
4155,292,25800
4156,334,800
4157,0,2000000
4158,0,1252350
4159,38,407500
4160,250,55000
4161,0,1566000
4162,0,1609800
4163,70,292000
4164,210,87700
4165,110,207400
4166,318,10150
4167,335,500
4168,263,45400
4169,118,194700
4170,284,31200
4171,278,35000
4172,164,133800
4173,30,450000
4174,10,653100
4175,6,760150
4176,282,32700
4177,327,4800
4178,32,436800
4179,333,1600
4180,312,13800
4181,324,6700
4182,0,2000000
4183,175,121600
4184,323,7200
4185,318,10000
4186,308,16000
4187,114,200800
4188,0,2000000
4189,66,301700
4190,272,39200
4191,0,2000000
4192,131,175200
4193,202,94700
4194,46,371200
4195,0,2000000
4196,87,250900
4197,9,680200
4198,104,218600
4199,319,9600
4200,311,14500
4201,315,11800
4202,322,7600
4203,326,5200
4204,7,710400
4205,298,22000
4206,11,634200
4207,32,438900
4208,320,8700
4209,330,3300
4210,0,2000000
4211,3,902000
4212,0,2000000
4213,116,198400
4214,280,33900
4215,285,30200
4216,174,122800
4217,330,3450
4218,0,2000000
4219,298,21900
4220,325,6000
4221,310,14600
4222,327,4750
4223,34,425000
4224,27,467800
4225,0,1299400
4226,11,632800
4227,26,474400
4228,322,7600
4229,0,2000000
4230,331,2700
4231,328,4100
4232,289,28200
4233,312,13750
4234,226,73600
4235,18,543200
4236,56,332200
4237,5,774000
4238,9,664000
4239,129,177600
4240,233,68100
4241,8,706200
4242,1,1024300
4243,336,100
4244,325,6100
4245,293,25600
4246,322,7900
4247,322,8050
4248,228,72400
4249,314,12700
4250,0,1439100
4251,1,1063600
4252,19,538000
4253,282,32550
4254,1,1050000
4255,182,114200
4256,307,16600
4257,21,515200
4258,280,34000
4259,173,123000
4260,313,13200
4261,25,481600
4262,36,416500
4263,1,1050000
4264,334,700
4265,0,1366000
4266,241,62100
4267,314,12250
4268,334,900
4269,270,40300
4270,90,246000
4271,330,3400
4272,324,6400
4273,13,604000
4274,0,1611600
4275,7,732900
4276,250,54700
4277,320,8900
4278,296,23400
4279,336,100
4280,1,1000250
4281,331,2800
4282,51,351200
4283,25,485100
4284,228,72000
4285,84,258000
4286,126,182000
4287,174,122500
4288,0,2000000
4289,2,992000
4290,335,600
4291,13,604000
4292,0,2000000
4293,336,0
4294,2,916500
4295,0,1853500
4296,329,4000
4297,65,306000
4298,335,500
4299,0,2000000
4300,20,520800
4301,294,25000
4302,293,25100
4303,219,79700
4304,270,40400
4305,325,6100
4306,309,15200
4307,315,12150
4308,312,13600
4309,304,18300
4310,336,0
4311,326,5250
4312,314,12250
4313,285,30300
4314,266,43450
4315,317,10650
4316,251,54100
4317,104,218000
4318,8,697800
4319,301,20600
4320,264,44500
4321,327,4700
4322,325,6200
4323,7,710400
4324,335,400
4325,139,163600
4326,259,48600
4327,5,788200
4328,334,700
4329,173,123200
4330,329,3800
4331,144,158000
4332,332,2250
4333,316,11100
4334,310,14650
4335,227,72500
4336,296,23600
4337,0,1366800
4338,147,154000
4339,8,696150
4340,336,100
4341,66,302000
4342,217,80900
4343,0,2000000
4344,149,151500
4345,332,1900
4346,5,794000
4347,240,62200
4348,113,202600
4349,86,252700
4350,1,1008200
4351,314,12650
4352,333,1600
4353,47,365300
4354,306,17500
4355,150,150000
4356,325,5900
4357,267,42750
4358,307,16400
4359,0,2000000
4360,310,15100
4361,304,18600
4362,0,2000000
4363,330,3000
4364,321,8400
4365,192,103900
4366,51,350800
4367,167,129700
4368,310,14900
4369,227,73200
4370,298,22100
4371,321,8450
4372,85,255200
4373,232,68600
4374,38,406800
4375,67,300000
4376,313,12900
4377,10,663800
4378,326,5350
4379,0,1258400
4380,310,15100
4381,321,8600
4382,335,600
4383,307,16800
4384,314,12450
4385,1,1212200
4386,319,9700
4387,242,61100
4388,1,1178000
4389,271,40200
4390,321,8150
4391,319,9500
4392,303,18900
4393,331,2600
4394,275,37500
4395,326,5600
4396,327,4700
4397,20,525800
4398,330,3200
4399,14,586000
4400,332,1900
4401,333,1800
4402,141,161800
4403,114,201000
4404,0,1557500
4405,0,1750300
4406,75,280000
4407,295,23800
4408,125,183600
4409,234,67600
4410,1,1050000
4411,15,582800
4412,333,1600
4413,65,305600
4414,6,754000
4415,50,353200
4416,224,75100
4417,332,2200
4418,3,910000
4419,224,75100
4420,303,18800
4421,295,23800
4422,215,83200
4423,331,2500
4424,210,87600
4425,302,20000
4426,30,450000
4427,334,700
4428,228,72200
4429,0,2000000
4430,64,309500
4431,245,58500
4432,56,334700
4433,303,18900
4434,147,154000
4435,21,514000
4436,12,615100
4437,235,66600
4438,108,211300
4439,6,756400
4440,80,267800
4441,335,600
4442,301,20200
4443,0,2000000
4444,79,269400
4445,260,47500
4446,297,23100
4447,302,20000
4448,6,750600
4449,21,514000
4450,84,257400
4451,0,2000000
4452,39,400600
4453,238,64100
4454,0,2000000
4455,13,604900
4456,333,1400
4457,336,100
4458,234,66850
4459,185,111500
4460,268,41750
4461,300,21100
4462,0,2000000
4463,335,200
4464,198,98200
4465,259,48100
4466,253,52600
4467,110,208300
4468,309,15500
4469,0,1228000
4470,0,2000000
4471,319,9800
4472,311,14500
4473,332,2000
4474,10,651000
4475,4,817200
4476,268,42000
4477,312,13600
4478,299,21700
4479,275,37000
4480,334,1000
4481,228,72000
4482,282,32500
4483,331,2500
4484,299,21850
4485,310,15100
4486,196,100400
4487,329,3900
4488,13,607200
4489,319,9400
4490,335,400
4491,257,49500
4492,328,4600
4493,314,12200
4494,1,1001700
4495,318,10150
4496,333,1700
4497,105,215750
4498,278,35000
4499,326,5700
4500,334,1000
4501,296,23500
4502,333,1600
4503,254,52200
4504,45,374600
4505,181,115100
4506,272,39500
4507,331,2600
4508,232,68800
4509,70,292000
4510,328,4100
4511,324,6600
4512,0,1392450
4513,284,31400
4514,283,31900
4515,23,500200
4516,84,259100
4517,288,28500
4518,246,58000
4519,0,1410700
4520,0,2000000
4521,38,406200
4522,2,916000
4523,0,2000000
4524,288,28600
4525,9,668000
4526,328,4600
4527,122,188100
4528,0,2000000
4529,0,2000000
4530,298,22400
4531,136,168300
4532,241,61750
4533,311,14000
4534,39,400300
4535,329,4000
4536,267,42400
4537,29,453600
4538,162,136300
4539,334,1100
4540,307,16500
4541,284,31200
4542,0,2000000
4543,117,195600
4544,82,263500
4545,334,1100
4546,320,9100
4547,53,343600
4548,0,2000000
4549,8,686300
4550,41,393800
4551,251,54500
4552,297,23100
4553,228,72300
4554,237,64500
4555,335,400
4556,16,562000
4557,29,458600
4558,318,10300
4559,0,2000000
4560,39,403000
4561,0,1646000
4562,251,54500
4563,264,45100
4564,224,75600
4565,296,23700
4566,12,616800
4567,0,1233450
4568,0,2000000
4569,302,19650
4570,0,2000000
4571,0,2000000
4572,324,6500
4573,223,76500
4574,309,15600
4575,123,187600
4576,332,2200
4577,331,2400
4578,280,34000
4579,126,182000
4580,333,1700
4581,194,102100
4582,280,33900
4583,301,20400
4584,321,8100
4585,258,49300
4586,67,300150
4587,322,7800
4588,316,11000
4589,23,502300
4590,284,31000
4591,191,105000
4592,263,45600
4593,317,10500
4594,329,3500
4595,333,1600
4596,329,3500
4597,13,601950
4598,334,1200
4599,1,1062000
4600,3,894400
4601,228,71800
4602,326,5300
4603,288,28600
4604,335,200
4605,204,92800
4606,51,351800
4607,4,809000
4608,299,21500
4609,176,120200
4610,335,500
4611,217,81450
4612,333,1450
4613,328,4500
4614,108,211200
4615,324,6700
4616,148,152200
4617,333,1400
4618,25,484400
4619,0,1651400
4620,0,1500900
4621,216,82100
4622,320,9100
4623,333,1400
4624,2,935600
4625,113,203000
4626,316,11400
4627,321,8500
4628,6,754000
4629,0,2000000
4630,0,2000000
4631,1,1000800
4632,334,900
4633,105,216600
4634,21,514000
4635,0,1436500
4636,333,1800
4637,256,50200
4638,5,802000
4639,329,3800
4640,7,719600
4641,28,459600
4642,326,5200
4643,331,2400
4644,333,1800
4645,333,1800
4646,320,8650
4647,1,1040000
4648,325,5800
4649,310,15100
4650,0,1351400
4651,335,200
4652,21,514000
4653,309,15600
4654,65,305000
4655,314,12400
4656,20,528400
4657,275,37450
4658,314,12750
4659,325,6100
4660,231,70000
4661,50,354600
4662,334,850
4663,296,23400
4664,138,166000
4665,319,9450
4666,334,900
4667,334,1100
4668,301,20100
4669,269,41200
4670,169,128100
4671,191,104700
4672,329,4000
4673,147,154000
4674,335,300
4675,115,200200
4676,329,3600
4677,224,75000
4678,6,737800
4679,326,5400
4680,25,480400
4681,24,493200
4682,175,121700
4683,324,6600
4684,324,6400
4685,335,200
4686,333,1750
4687,335,500
4688,312,13800
4689,1,1050000
4690,225,74800
4691,289,27600
4692,314,12600
4693,0,2000000
4694,322,7600
4695,332,2000
4696,322,7950
4697,39,400300
4698,0,2000000
4699,306,17200
4700,328,4150
4701,0,1267400
4702,0,2000000
4703,315,11600
4704,30,450000
4705,16,568000
4706,226,73800
4707,312,13850
4708,299,21400
4709,27,466500
4710,335,200
4711,334,1000
4712,51,350400
4713,322,7900
4714,315,11600
4715,0,2000000
4716,0,1953500
4717,298,22350
4718,326,5200
4719,335,400
4720,0,1854500
4721,21,514000
4722,123,186600
4723,213,84600
4724,0,2000000
4725,1,1052000
4726,11,643600
4727,321,8100
4728,334,700
4729,323,7200
4730,323,7400
4731,330,3000
4732,333,1500
4733,271,40100
4734,328,4100
4735,267,43000
4736,51,350000
4737,0,1277600
4738,298,21900
4739,145,156300
4740,320,8900
4741,1,1066000
4742,169,127700
4743,1,1200350
4744,0,1268150
4745,46,368900
4746,140,163200
4747,334,950
4748,236,65800
4749,166,131200
4750,292,26200
4751,57,330500
4752,0,1410200
4753,192,104200
4754,335,450
4755,249,55700
4756,275,36900
4757,177,119000
4758,259,48400
4759,288,28400
4760,330,3200
4761,112,204200
4762,31,442500
4763,278,35200
4764,10,661000
4765,334,1000
4766,280,34100
4767,279,34200
4768,10,648000
4769,1,1050000
4770,0,1510000
4771,332,2350
4772,335,300
4773,319,9800
4774,328,4450
4775,312,13450
4776,3,900300
4777,13,604200
4778,0,2000000
4779,321,8450
4780,303,19000
4781,0,1286750
4782,333,1800
4783,0,1500400
4784,297,22700
4785,312,13400
4786,143,158400
4787,316,11100
4788,326,5400
4789,331,2900
4790,0,2000000
4791,315,12000
4792,27,466900
4793,218,80100
4794,272,39400
4795,30,448000
4796,334,700
4797,334,1000
4798,299,21600
4799,281,32900
4800,307,16900
4801,51,352500
4802,149,151200
4803,324,6600
4804,267,43000
4805,269,41300
4806,333,1800
4807,325,6000
4808,150,150300
4809,326,5600
4810,210,87600
4811,191,105000
4812,13,605500
4813,241,61900
4814,0,2000000
4815,216,82000
4816,83,260200
4817,0,2000000
4818,8,707200
4819,324,6700
4820,329,4000
4821,237,64700
4822,0,2000000
4823,305,17750
4824,335,650
4825,23,503350
4826,222,77400
4827,0,1244000
4828,305,17900
4829,328,4400
4830,332,2150
4831,49,358000
4832,0,1950600
4833,124,185600
4834,1,1059600
4835,324,6800
4836,209,88400
4837,0,2000000
4838,283,32100
4839,139,163600
4840,125,183950
4841,328,4400
4842,332,2100
4843,274,38000
4844,7,710300
4845,22,507800
4846,262,46300
4847,331,2400
4848,69,294200
4849,331,2700
4850,325,6000
4851,12,614600
4852,298,22100
4853,3,855000
4854,0,2000000
4855,273,38300
4856,334,700
4857,295,24200
4858,221,78150
4859,322,7500
4860,327,5100
4861,218,80150
4862,30,451200
4863,98,230000
4864,313,12800
4865,309,15300
4866,8,703400
4867,303,19000
4868,289,27600
4869,329,3900
4870,336,0
4871,302,19600
4872,13,602300
4873,295,23800
4874,321,8200
4875,5,778000
4876,57,330500
4877,303,18800
4878,233,67900
4879,39,400300
4880,280,33900
4881,329,3800
4882,0,1712000
4883,269,41300
4884,279,34300
4885,235,66100
4886,102,221100
4887,319,9800
4888,304,18600
4889,318,10100
4890,7,708600
4891,248,56400
4892,237,65100
4893,174,122050
4894,334,950
4895,320,9000
4896,285,30550
4897,1,1211400
4898,1,1000600
4899,268,42300
4900,0,1803200
4901,285,30400
4902,66,302400
4903,332,2300
4904,334,1200
4905,279,34500
4906,0,1390000
4907,284,30900
4908,299,21700
4909,158,140250
4910,1,1009600
4911,22,505600
4912,225,74350
4913,16,566200
4914,0,2000000
4915,297,22800
4916,318,10000
4917,58,328400
4918,304,18200
4919,12,614250
4920,258,49000
4921,10,660400
4922,219,79800
4923,0,2000000
4924,280,34100
4925,313,12850
4926,12,613800
4927,334,1050
4928,330,3350
4929,8,689700
4930,330,3000
4931,241,61600
4932,294,24700
4933,269,41400
4934,329,3700
4935,39,400200
4936,294,25000
4937,336,0
4938,6,753600
4939,21,516200
4940,211,86300
4941,42,389300
4942,306,17000
4943,323,7200
4944,5,802900
4945,301,20300
4946,229,70900
4947,335,200
4948,335,300
4949,330,3200
4950,208,88850
4951,0,1801450
4952,321,8300
4953,331,2500
4954,285,30800
4955,0,1410200
4956,284,31200
4957,4,810300
4958,0,1753200
4959,317,10500
4960,0,2000000
4961,330,3200
4962,297,23000
4963,5,791100
4964,335,650
4965,305,18000
4966,274,37850
4967,336,0
4968,173,123200
4969,306,17300
4970,0,2000000
4971,301,20200
4972,332,2050
4973,315,11950
4974,20,524400
4975,268,42200
4976,331,2700
4977,12,618000
4978,331,2400
4979,75,280000
4980,326,5400
4981,253,52800
4982,142,160100
4983,334,750
4984,21,514150
4985,336,100
4986,198,97900
4987,6,754000
4988,265,43900
4989,335,450
4990,1,1054000
4991,334,700
4992,297,23000
4993,331,2400
4994,335,300
4995,1,1052400
4996,285,30400
4997,333,1400
4998,20,526000
4999,67,300600
5000,284,31200
5001,213,84700
5002,292,26200
5003,321,8400
5004,318,10400
5005,281,33400
5006,335,550
5007,1,1050000
5008,335,200
5009,1,1068950
5010,0,2000000
5011,281,33000
5012,250,55100
5013,330,3000
5014,36,415000
5015,6,752600
5016,335,400
5017,326,5400
5018,4,825000
5019,30,450000
5020,312,13900
5021,310,14800
5022,117,196900
5023,279,34300
5024,327,5100
5025,1,1050000
5026,60,321800
5027,253,53000
5028,334,700
5029,263,45400
5030,323,7400
5031,322,7550
5032,249,55800
5033,0,2000000
5034,332,1900
5035,298,22350
5036,315,12100
5037,270,40900
5038,328,4350
5039,115,200000
5040,335,300
5041,0,1242100
5042,304,18700
5043,309,15400
5044,327,5000
5045,323,7000
5046,302,20000
5047,13,602500
5048,308,16200
5049,57,329500
5050,325,6000
5051,335,600
5052,0,2000000
5053,329,3650
5054,0,2000000
5055,61,316900
5056,209,88500
5057,239,63600
5058,217,81600
5059,185,111100
5060,324,6600
5061,305,17600
5062,323,7300
5063,278,35000
5064,1,1018700
5065,0,1564150
5066,65,305600
5067,273,38600
5068,280,33800
5069,284,30900
5070,308,16000
5071,0,2000000
5072,316,11400
5073,230,70800
5074,325,5900
5075,240,62750
5076,148,153000
5077,13,604800
5078,101,224100
5079,271,40100
5080,334,700
5081,114,200600
5082,0,2000000
5083,237,64500
5084,301,20600
5085,286,30100
5086,258,48800
5087,308,15800
5088,200,96600
5089,243,60100
5090,334,1000
5091,1,1021200
5092,241,61400
5093,194,102500
5094,5,801450
5095,23,502700
5096,192,104250
5097,263,45600
5098,203,94100
5099,243,60200
5100,320,9200
5101,23,500300
5102,334,1000
5103,0,1219000
5104,29,458000
5105,301,20400
5106,101,223000
5107,336,0
5108,303,18900
5109,205,92300
5110,334,1000
5111,286,30100
5112,0,1212650
5113,150,150000
5114,321,8600
5115,292,26000
5116,242,61000
5117,306,17350
5118,298,21900
5119,321,8600
5120,3,902000
5121,270,40350
5122,252,53700
5123,325,6000
5124,272,39200
5125,312,13800
5126,317,10500
5127,0,1806000
5128,213,84900
5129,335,500
5130,289,28000
5131,0,1554000
5132,329,3500
5133,287,29300
5134,334,950
5135,322,7700
5136,323,7250
5137,263,45300
5138,17,555000
5139,0,2000000
5140,134,171200
5141,23,500600
5142,0,2000000
5143,307,16700
5144,331,2750
5145,309,15600
5146,248,56500
5147,252,53700
5148,28,460800
5149,272,39400
5150,226,73800
5151,336,0
5152,1,1050000
5153,53,343200
5154,2,939900
5155,326,5200
5156,0,1330000
5157,335,600
5158,21,512000
5159,149,151600
5160,1,1044150
5161,0,1430200
5162,326,5200
5163,5,770000
5164,0,2000000
5165,329,3600
5166,320,8750
5167,330,3000
5168,96,234000
5169,253,52400
5170,226,73800
5171,247,57100
5172,298,22000
5173,0,1954000
5174,311,14100
5175,0,1413300
5176,81,264900
5177,310,14600
5178,34,424800
5179,79,270500
5180,334,800
5181,69,293500
5182,325,5800
5183,23,503200
5184,1,1066000
5185,272,39400
5186,278,35200
5187,239,63500
5188,328,4250
5189,305,17700
5190,272,39200
5191,60,319700
5192,301,20300
5193,1,1208300
5194,296,23200
5195,268,41850
5196,118,194000
5197,297,22950
5198,6,751300
5199,332,2100
5200,187,108900
5201,2,972500
5202,0,1300000
5203,330,3400
5204,292,26100
5205,228,72400
5206,29,455000
5207,326,5200
5208,335,400
5209,325,6000
5210,101,224400
5211,144,157100
5212,112,203900
5213,310,15000
5214,0,1248900
5215,132,174100
5216,164,133400
5217,0,2000000
5218,328,4500
5219,285,30300
5220,310,14950
5221,325,6200
5222,20,524200
5223,305,17600
5224,329,4000
5225,279,34800
5226,293,25600
5227,322,7600
5228,332,1950
5229,329,3500
5230,328,4600
5231,330,3400
5232,335,600
5233,269,41600
5234,35,423500
5235,6,758800
5236,334,750
5237,13,604600
5238,253,52600
5239,261,47150
5240,4,824400
5241,333,1700
5242,324,6500
5243,21,513700
5244,181,114700
5245,328,4200
5246,332,1900
5247,51,350400
5248,258,49300
5249,256,50200
5250,328,4100
5251,328,4100
5252,221,77800
5253,298,22500
5254,198,98500
5255,332,2100
5256,320,9100
5257,296,23750
5258,0,2000000
5259,43,384400
5260,33,430000
5261,329,4000
5262,243,60000
5263,321,8500
5264,11,645000
5265,306,17250
5266,330,3300
5267,3,902000
5268,276,36700
5269,190,106200
5270,279,34200
5271,161,137100
5272,147,154000
5273,99,227200
5274,10,660100
5275,314,12250
5276,0,2000000
5277,1,1009200
5278,322,8000
5279,334,700
5280,6,746400
5281,331,2400
5282,7,727050
5283,333,1700
5284,0,1564300
5285,333,1400
5286,28,462000
5287,247,57000
5288,333,1600
5289,0,1437400
5290,329,3500
5291,285,30200
5292,216,82400
5293,0,2000000
5294,255,51000
5295,331,2600
5296,173,124000
5297,67,301000
5298,167,130500
5299,0,1218000
5300,1,1150400
5301,331,2550
5302,39,401100
5303,320,9000
5304,328,4300
5305,20,524600
5306,270,40550
5307,0,1350950
5308,189,107150
5309,327,5100
5310,324,6800
5311,280,33750
5312,0,2000000
5313,303,19400
5314,114,200900
5315,1,1011600
5316,299,21300
5317,0,2000000
5318,260,47500
5319,310,15000
5320,265,43800
5321,100,226000
5322,333,1300
5323,336,0
5324,0,2000000
5325,335,300
5326,18,546800
5327,310,14700
5328,335,600
5329,285,30200
5330,281,33000
5331,305,17800
5332,278,35000
5333,0,2000000
5334,0,1407800
5335,298,22400
5336,287,29500
5337,7,710700
5338,331,2500
5339,328,4200
5340,324,6400
5341,335,500
5342,13,601600
5343,315,11900
5344,126,182800
5345,336,0
5346,59,323300
5347,335,400
5348,13,604900
5349,284,31000
5350,96,233400
5351,335,400
5352,148,152000
5353,0,2000000
5354,285,30700
5355,269,41200
5356,299,21400
5357,327,5000
5358,332,2000
5359,34,425800
5360,321,8200
5361,67,301400
5362,265,44400
5363,51,351100
5364,270,40800
5365,334,800
5366,330,3200
5367,331,2400
5368,329,3500
5369,212,85400
5370,291,26350
5371,296,23600
5372,333,1500
5373,294,24600
5374,333,1800
5375,203,93850
5376,272,39400
5377,278,35200
5378,245,58500
5379,334,700
5380,328,4200
5381,328,4100
5382,23,498150
5383,127,180700
5384,58,327200
5385,242,60600
5386,44,378050
5387,0,2000000
5388,316,11100
5389,22,505000
5390,0,2000000
5391,314,12600
5392,10,662200
5393,60,320500
5394,331,2500
5395,91,242500
5396,0,1233850
5397,21,514000
5398,0,2000000
5399,30,447800
5400,79,268400
5401,305,18000
5402,0,2000000
5403,22,507800
5404,116,198000
5405,1,1066000
5406,10,650000
5407,323,7000
5408,335,400
5409,179,116800
5410,0,2000000
5411,217,81600
5412,21,516000
5413,0,2000000
5414,334,700
5415,89,246800
5416,281,33400
5417,28,459600
5418,66,302000
5419,322,8000
5420,285,30600
5421,332,2300
5422,328,4600
5423,319,9650
5424,329,3950
5425,227,73200
5426,322,7900
5427,332,2150
5428,325,6300
5429,321,8200
5430,334,1200
5431,0,1801100
5432,0,2000000
5433,331,2800
5434,0,2000000
5435,315,12100
5436,0,1214100
5437,30,451000
5438,270,40300
5439,285,30200
5440,1,1050000
5441,282,32500
5442,67,300300
5443,6,753000
5444,53,342500
5445,321,8500
5446,292,25800
5447,86,252600
5448,308,16000
5449,327,5100
5450,0,1950400
5451,288,28250
5452,271,39800
5453,0,1603200
5454,1,1003600
5455,2,1000200
5456,219,80000
5457,302,19850
5458,1,1050000
5459,2,917200
5460,149,151200
5461,326,5200
5462,1,1030000
5463,0,1504000
5464,299,21800
5465,334,900
5466,334,800
5467,329,4000
5468,217,81600
5469,284,31200
5470,332,2200
5471,259,48250
5472,0,1602900
5473,334,1150
5474,326,5400
5475,310,15000
5476,168,128500
5477,234,67600
5478,1,1050000
5479,323,7000
5480,321,8100
5481,0,2000000
5482,321,8200
5483,1,1066000
5484,235,66600
5485,5,789200
5486,0,2000000
5487,324,6600
5488,23,500600
5489,0,2000000
5490,263,45500
5491,254,51700
5492,3,867400
5493,0,2000000
5494,66,302100
5495,335,300
5496,251,54500
5497,256,50400
5498,0,2000000
5499,229,70900
5500,21,513700
5501,0,1463200
5502,211,86900
5503,0,1750200
5504,314,12500
5505,67,301400
5506,292,26200
5507,324,6400
5508,332,2250
5509,328,4150
5510,320,9100
5511,0,1308400
5512,332,2200
5513,315,11700
5514,66,302000
5515,325,6100
5516,305,18000
5517,273,38200
5518,232,69100
5519,150,150000
5520,3,901400
5521,331,2750
5522,326,5600
5523,176,120300
5524,38,404200
5525,334,1000
5526,284,31100
5527,181,115100
5528,320,9100
5529,147,154300
5530,209,88400
5531,217,81400
5532,67,300150
5533,328,4550
5534,218,80100
5535,279,34700
5536,335,200
5537,33,430600
5538,0,2000000
5539,208,89600
5540,0,2000000
5541,31,445000
5542,8,702800
5543,318,10000
5544,0,2000000
5545,0,2000000
5546,201,95600
5547,115,200000
5548,325,6000
5549,328,4400
5550,37,410600
5551,0,2000000
5552,307,16800
5553,331,2600
5554,335,400
5555,330,3400
5556,142,160800
5557,325,6200
5558,22,504000
5559,36,416700
5560,48,364150
5561,335,400
5562,216,82000
5563,335,300
5564,51,350100
5565,287,28900
5566,0,1244700
5567,330,3400
5568,281,33150
5569,312,13700
5570,2,1000200
5571,328,4350
5572,306,17500
5573,66,302600
5574,235,66200
5575,23,500400
5576,304,18600
5577,146,155500
5578,0,1415500
5579,13,600650
5580,0,2000000
5581,332,2300
5582,335,200
5583,321,8300
5584,328,4200
5585,329,3500
5586,1,1208500
5587,335,200
5588,147,153800
5589,243,60300
5590,0,2000000
5591,286,30000
5592,1,1050000
5593,6,736600
5594,1,1024900
5595,316,11200
5596,262,46050
5597,327,5000
5598,182,113600
5599,149,151200
5600,5,788000
5601,313,13000
5602,330,3300
5603,13,611100
5604,197,98900
5605,54,340100
5606,308,15850
5607,29,454800
5608,334,850
5609,329,3700
5610,8,700150
5611,8,701550
5612,329,4000
5613,296,23600
5614,317,10600
5615,271,40200
5616,243,60100
5617,50,354000
5618,297,23100
5619,336,0
5620,0,1215600
5621,331,2600
5622,0,2000000
5623,258,48800
5624,55,337500
5625,67,300000
5626,274,38100
5627,296,23200
5628,326,5600
5629,6,743700
5630,216,81900
5631,1,1066000
5632,306,17100
5633,329,3900
5634,331,2700
5635,331,2800
5636,306,17500
5637,309,15600
5638,219,79500
5639,329,3500
5640,283,31500
5641,171,125600
5642,0,1251200
5643,271,40000
5644,252,53700
5645,332,2000
5646,336,0
5647,333,1700
5648,3,860250
5649,299,21700
5650,320,8700
5651,37,410300
5652,268,42200
5653,253,53000
5654,0,1288000
5655,179,116650
5656,44,380000
5657,301,20500
5658,278,35300
5659,209,88200
5660,0,2000000
5661,334,1100
5662,300,20650
5663,335,600
5664,324,6700
5665,0,2000000
5666,172,124900
5667,4,819200
5668,21,516300
5669,303,19400
5670,327,5050
5671,284,31100
5672,30,450000
5673,212,85650
5674,13,604200
5675,162,135500
5676,300,21100
5677,308,16200
5678,168,128900
5679,290,27200
5680,1,1152400
5681,271,40200
5682,285,30800
5683,335,300
5684,137,166400
5685,330,3000
5686,13,600800
5687,330,3450
5688,300,21200
5689,5,795000
5690,269,41200
5691,184,111800
5692,171,125800
5693,0,1503800
5694,320,9000
5695,280,33900
5696,331,2400
5697,325,6000
5698,332,2100
5699,333,1400
5700,329,3900
5701,322,7900
5702,305,17900
5703,330,3200
5704,0,1550400
5705,325,6300
5706,0,1658000
5707,334,1050
5708,145,156500
5709,0,2000000
5710,331,2500
5711,269,41250
5712,333,1800
5713,298,22200
5714,261,47200
5715,319,9400
5716,30,452000
5717,235,66350
5718,293,25300
5719,302,19700
5720,311,14350
5721,1,1179450
5722,331,2500
5723,261,47200
5724,7,716050
5725,162,136000
5726,278,35200
5727,20,521500
5728,209,88400
5729,323,7350
5730,335,400
5731,299,21600
5732,273,38300
5733,258,48700
5734,104,217400
5735,75,280400
5736,192,103800
5737,336,0
5738,30,452600
5739,313,12900
5740,331,2700
5741,172,124400
5742,234,67200
5743,115,200000
5744,6,739400
5745,137,166400
5746,33,433800
5747,335,600
5748,331,2800
5749,314,12400
5750,317,10750
5751,256,50200
5752,328,4600
5753,318,9950
5754,295,24100
5755,223,76600
5756,248,56550
5757,1,1050000
5758,235,66600
5759,270,40900
5760,90,245350
5761,4,822200
5762,39,402200
5763,97,231300
5764,303,19100
5765,286,29600
5766,296,23500
5767,326,5200
5768,259,48000
5769,324,6800
5770,312,13700
5771,12,616150
5772,66,303200
5773,0,2000000
5774,281,33200
5775,0,1658000
5776,165,132600
5777,335,600
5778,279,34800
5779,184,111600
5780,223,76000
5781,328,4150
5782,291,26900
5783,313,13100
5784,279,34500
5785,2,952500
5786,320,8700
5787,0,1548400
5788,329,3600
5789,0,1982400
5790,295,24300
5791,327,4900
5792,167,130500
5793,0,2000000
5794,335,300
5795,321,8600
5796,71,289300
5797,309,15300
5798,315,11600
5799,209,88600
5800,334,1100
5801,0,1407800
5802,285,30800
5803,332,1850
5804,51,352200
5805,304,18300
5806,215,83100
5807,81,264200
5808,320,8900
5809,41,392400
5810,176,120700
5811,333,1500
5812,0,2000000
5813,275,37400
5814,4,826000
5815,333,1300
5816,268,42200
5817,30,451200
5818,66,303200
5819,124,185000
5820,323,7300
5821,307,16400
5822,331,2800
5823,328,4500
5824,289,28200
5825,286,30000
5826,9,674200
5827,335,200
5828,11,634200
5829,331,2400
5830,331,2500
5831,29,458000
5832,211,86200
5833,228,72000
5834,118,194900
5835,286,30100
5836,29,458550
5837,239,63100
5838,258,48700
5839,1,1176400
5840,0,1225800
5841,5,800800
5842,335,450
5843,28,461200
5844,0,1952000
5845,121,190800
5846,2,916000
5847,280,34000
5848,274,37700
5849,320,9000
5850,162,135200
5851,332,2000
5852,231,69800
5853,276,36600
5854,210,87700
5855,326,5600
5856,333,1400
5857,61,316200
5858,326,5300
5859,308,16000
5860,321,8400
5861,1,1003900
5862,335,200
5863,29,454200
5864,328,4500
5865,0,2000000
5866,336,100
5867,15,582000
5868,327,4750
5869,153,146100
5870,74,280500
5871,223,76400
5872,0,2000000
5873,0,2000000
5874,278,34900
5875,164,132900
5876,221,78000
5877,0,2000000
5878,1,1054000
5879,47,367200
5880,79,268400
5881,192,104000
5882,334,1100
5883,0,1408200
5884,325,6000
5885,287,28900
5886,173,123000
5887,334,700
5888,138,166250
5889,134,170600
5890,126,182500
5891,320,8800
5892,315,12000
5893,322,7600
5894,142,160200
5895,241,62000
5896,335,300
5897,124,185000
5898,218,80100
5899,171,126150
5900,328,4500
5901,87,250550
5902,141,161900
5903,12,615500
5904,67,300600
5905,15,578500
5906,306,17000
5907,313,12800
5908,332,2300
5909,323,7300
5910,0,1820000
5911,0,2000000
5912,301,20500
5913,324,6700
5914,259,48500
5915,181,114900
5916,263,45800
5917,274,37900
5918,239,63150
5919,3,871200
5920,0,2000000
5921,272,39500
5922,332,1900
5923,322,7700
5924,336,0
5925,263,45500
5926,255,51300
5927,323,7000
5928,331,2500
5929,6,754000
5930,330,3300
5931,285,30500
5932,327,5150
5933,284,31300
5934,335,450
5935,266,43200
5936,333,1750
5937,333,1300
5938,206,91400
5939,0,2000000
5940,282,32500
5941,13,604450
5942,306,17100
5943,279,34350
5944,14,585500
5945,54,340000
5946,318,10400
5947,103,220800
5948,0,1666000
5949,30,450000
5950,336,100
5951,39,400250
5952,96,234000
5953,0,1255400
5954,278,35000
5955,106,215300
5956,327,5000
5957,1,1028400
5958,307,16900
5959,59,324000
5960,10,646600
5961,23,500200
5962,0,1413400
5963,304,18400
5964,261,46700
5965,242,61000
5966,56,335000
5967,330,3450
5968,316,11100
5969,331,2750
5970,88,248650
5971,333,1700
5972,0,2000000
5973,320,9100
5974,327,5050
5975,270,40600
5976,296,23600
5977,0,2000000
5978,22,508800
5979,334,800
5980,118,195050
5981,0,2000000
5982,0,1881500
5983,5,766000
5984,0,2000000
5985,296,23200
5986,0,1690000
5987,327,4700
5988,330,3200
5989,326,5400
5990,319,9300
5991,303,19250
5992,26,474000
5993,334,900
5994,162,136200
5995,330,3000
5996,332,2250
5997,335,500
5998,65,305150
5999,294,24550
6000,146,154600
6001,313,12800
6002,256,50150
6003,325,5800
6004,0,1221100
6005,248,56550
6006,307,16900
6007,305,18000
6008,67,300000
6009,37,413200
6010,279,34800
6011,270,40700
6012,12,622000
6013,3,900300
6014,0,1428000
6015,336,100
6016,40,396700
6017,252,53600
6018,336,0
6019,302,19850
6020,321,8600
6021,5,800300
6022,130,176600
6023,131,175600
6024,124,186000
6025,250,54900
6026,306,17000
6027,314,12500
6028,16,569800
6029,210,87700
6030,157,141800
6031,327,5150
6032,330,3350
6033,7,720350
6034,269,41000
6035,304,18400
6036,307,16950
6037,317,10900
6038,333,1750
6039,0,1508150
6040,3,868400
6041,336,0
6042,329,3550
6043,1,1050000
6044,333,1300
6045,334,950
6046,331,2800
6047,282,32600
6048,19,536500
6049,30,450000
6050,284,31200
6051,310,15150
6052,0,1951000
6053,335,400
6054,66,302000
6055,169,127800
6056,0,2000000
6057,296,23400
6058,310,15000
6059,0,2000000
6060,334,900
6061,3,882600
6062,234,67300
6063,307,16500
6064,318,10100
6065,294,24600
6066,335,150
6067,288,28800
6068,331,2600
6069,314,12650
6070,318,10100
6071,203,93600
6072,0,2000000
6073,288,28800
6074,191,105000
6075,335,300
6076,332,1950
6077,318,10000
6078,0,2000000
6079,3,882000
6080,129,177600
6081,226,73500
6082,330,3200
6083,307,16800
6084,332,2300
6085,50,353000
6086,305,18000
6087,304,18200
6088,266,43100
6089,336,0
6090,301,20500
6091,252,53800
6092,39,400800
6093,188,108000
6094,49,360000
6095,13,600000
6096,286,30000
6097,198,98000
6098,269,41450
6099,1,1026700
6100,0,2000000
6101,214,83800
6102,293,25200
6103,332,2300
6104,281,33300
6105,311,14000
6106,252,53200
6107,0,1651000
6108,39,401200
6109,325,5850
6110,300,21100
6111,0,2000000
6112,327,4650
6113,0,2000000
6114,0,2000000
6115,325,6100
6116,0,2000000
6117,326,5200
6118,294,24450
6119,147,154000
6120,321,8400
6121,173,124000
6122,0,1510000
6123,322,7650
6124,39,403000
6125,285,30500
6126,319,9700
6127,330,3400
6128,13,601200
6129,331,2800
6130,330,3300
6131,289,27850
6132,333,1600
6133,334,1000
6134,335,300
6135,0,2000000
6136,328,4300
6137,67,300300
6138,335,600
6139,0,2000000
6140,23,500400
6141,276,36600
6142,150,150400
6143,329,3950
6144,323,7200
6145,7,720600
6146,317,10700
6147,332,2100
6148,335,600
6149,0,1693200
6150,135,170200
6151,4,806500
6152,332,2100
6153,332,2000
6154,322,7550
6155,1,1050000
6156,335,600
6157,323,7300
6158,283,31700
6159,0,2000000
6160,272,39300
6161,129,178800
6162,227,73200
6163,332,2300
6164,333,1600
6165,102,221100
6166,322,8000
6167,330,3100
6168,329,4000
6169,329,3900
6170,284,31100
6171,324,6700
6172,0,1470000
6173,284,31400
6174,336,0
6175,330,3300
6176,334,1100
6177,0,1950600
6178,46,370400
6179,212,86000
6180,11,638950
6181,4,837000
6182,299,21750
6183,300,21200
6184,203,93900
6185,304,18200
6186,119,192400
6187,263,45700
6188,299,21300
6189,311,14150
6190,53,342300
6191,92,241200
6192,333,1350
6193,319,9400
6194,333,1800
6195,59,324000
6196,32,435050
6197,324,6900
6198,242,60650
6199,4,831200
6200,150,150000
6201,0,1408700
6202,259,48150
6203,235,66200
6204,326,5400
6205,316,11500
6206,309,15600
6207,332,2300
6208,191,105500
6209,7,713000
6210,0,2000000
6211,331,2800
6212,0,2000000
6213,309,15250
6214,30,452000
6215,299,21500
6216,184,111650
6217,0,2000000
6218,336,100
6219,328,4600
6220,298,22300
6221,328,4300
6222,184,111800
6223,0,2000000
6224,326,5700
6225,320,9000
6226,285,30550
6227,191,105300
6228,325,5800
6229,0,2000000
6230,257,49800
6231,333,1700
6232,0,2000000
6233,8,700200
6234,218,80700
6235,0,2000000
6236,13,600100
6237,66,303300
6238,3,857800
6239,13,606000
6240,224,75400
6241,312,13900
6242,329,3950
6243,314,12500
6244,226,73800
6245,217,81400
6246,325,6200
6247,167,130250
6248,1,1208100
6249,318,10100
6250,0,2000000
6251,199,97100
6252,319,9500
6253,322,7700
6254,192,104500
6255,309,15400
6256,13,602600
6257,289,27900
6258,269,41200
6259,256,50400
6260,329,3600
6261,0,1407900
6262,39,403300
6263,280,33700
6264,303,18800
6265,304,18200
6266,332,2200
6267,0,2000000
6268,334,850
6269,46,368200
6270,22,504800
6271,280,33600
6272,126,182500
6273,226,73950
6274,319,9800
6275,22,503500
6276,272,39100
6277,322,7600
6278,246,57600
6279,305,18000
6280,27,466900
6281,334,800
6282,301,20600
6283,325,6000
6284,168,128600
6285,228,72000
6286,333,1250
6287,336,100
6288,322,7500
6289,0,1214000
6290,273,38400
6291,28,460400
6292,218,80200
6293,1,1178000
6294,25,485400
6295,141,161400
6296,332,2200
6297,1,1192500
6298,2,914000
6299,301,20100
6300,3,900650
6301,333,1750
6302,294,24900
6303,217,81100
6304,334,700
6305,318,10100
6306,308,15900
6307,327,4800
6308,332,2100
6309,0,2000000
6310,323,7100
6311,333,1500
6312,334,750
6313,1,1053200
6314,300,20700
6315,333,1300
6316,333,1400
6317,286,30100
6318,308,16200
6319,276,36700
6320,114,200400
6321,45,376000
6322,299,21500
6323,1,1020700
6324,329,3700
6325,327,4900
6326,312,13400
6327,319,9500
6328,59,324200
6329,255,51350
6330,237,64500
6331,248,56300
6332,239,63450
6333,46,368900
6334,320,9100
6335,325,5800
6336,5,800800
6337,0,1641700
6338,328,4100
6339,332,2100
6340,211,86400
6341,30,450400
6342,328,4400
6343,327,5000
6344,0,1758000
6345,0,2000000
6346,0,1832700
6347,287,29200
6348,241,61600
6349,331,2700
6350,319,9600
6351,167,129750
6352,26,473400
6353,1,1178000
6354,66,302000
6355,330,3200
6356,324,6450
6357,22,507500
6358,166,131300
6359,297,22600
6360,213,85100
6361,0,2000000
6362,258,49200
6363,125,183400
6364,235,66050
6365,331,2400
6366,1,1201500
6367,30,452200
6368,305,18000
6369,3,864300
6370,256,50600
6371,285,30800
6372,0,2000000
6373,263,45600
6374,307,16500
6375,335,200
6376,309,15500
6377,261,47200
6378,325,6100
6379,313,13300
6380,117,196000
6381,330,3000
6382,327,5000
6383,37,410300
6384,133,172250
6385,335,500
6386,270,40900
6387,307,16400
6388,20,525000
6389,39,400800
6390,333,1700
6391,277,36150
6392,0,1434000
6393,106,214400
6394,0,2000000
6395,234,67400
6396,291,26950
6397,13,601000
6398,305,18000
6399,334,1200
6400,8,700100
6401,11,633350
6402,1,1205300
6403,335,300
6404,1,1066000
6405,1,1018000
6406,328,4100
6407,144,157800
6408,1,1050000
6409,334,800
6410,252,53200
6411,289,27700
6412,331,2450
6413,298,22400
6414,315,11900
6415,0,2000000
6416,0,2000000
6417,336,0
6418,322,7700
6419,325,6000
6420,280,33600
6421,11,645000
6422,333,1700
6423,336,100
6424,331,2900
6425,30,450000
6426,0,1696600
6427,309,15250
6428,311,14400
6429,274,38100
6430,335,450
6431,305,18100
6432,20,521200
6433,332,1850
6434,332,2050
6435,331,2700
6436,280,34050
6437,270,40600
6438,130,177000
6439,291,26900
6440,319,9400
6441,335,400
6442,8,700450
6443,107,212800
6444,166,131300
6445,0,2000000
6446,195,100900
6447,282,32700
6448,126,182000
6449,290,27150
6450,65,304800
6451,336,0
6452,227,72500
6453,260,47800
6454,326,5350
6455,262,46200
6456,118,195400
6457,121,190100
6458,326,5600
6459,265,44400
6460,71,290100
6461,258,49400
6462,283,32000
6463,330,3200
6464,174,122600
6465,313,13100
6466,0,2000000
6467,268,41850
6468,285,30700
6469,332,2200
6470,114,201800
6471,327,4700
6472,240,62600
6473,303,19400
6474,208,89500
6475,335,250
6476,332,2000
6477,147,154000
6478,9,669800
6479,314,12350
6480,3,901350
6481,332,2100
6482,325,6000
6483,333,1400
6484,327,5050
6485,330,3200
6486,333,1500
6487,12,620000
6488,0,2000000
6489,150,150200
6490,13,600000
6491,22,507800
6492,327,5000
6493,126,182000
6494,251,54100
6495,310,14700
6496,315,11600
6497,0,1800200
6498,115,199600
6499,299,21800
6500,322,7800
6501,335,400
6502,305,17850
6503,274,37600
6504,214,84300
6505,143,158800
6506,303,18800
6507,320,8650
6508,320,9000
6509,335,300
6510,290,27000
6511,287,29200
6512,332,2150
6513,139,163850
6514,306,17150
6515,325,6000
6516,322,8000
6517,319,9800
6518,128,180000
6519,37,410300
6520,335,600
6521,0,2000000
6522,331,2400
6523,331,2600
6524,331,2800
6525,279,34200
6526,335,250
6527,2,960500
6528,104,218000
6529,149,151200
6530,316,11100
6531,136,168250
6532,0,1580000
6533,309,15300
6534,300,21050
6535,324,6800
6536,335,250
6537,334,900
6538,179,117200
6539,162,136300
6540,330,3200
6541,215,83000
6542,298,22000
6543,281,33100
6544,45,374000
6545,332,2000
6546,284,30900
6547,67,300200
6548,323,7000
6549,289,28000
6550,1,1126600
6551,302,19700
6552,271,39600
6553,58,327800
6554,214,83500
6555,33,434400
6556,320,9200
6557,66,302000
6558,3,900300
6559,314,12250
6560,0,2000000
6561,298,22100
6562,160,137500
6563,268,42000
6564,330,3000
6565,169,128050
6566,66,302000
6567,12,623800
6568,210,87500
6569,1,1050000
6570,284,31000
6571,283,31800
6572,126,183000
6573,309,15300
6574,332,2000
6575,13,600000
6576,304,18750
6577,241,61550
6578,300,21000
6579,138,166000
6580,189,107300
6581,301,20600
6582,0,2000000
6583,0,1954000
6584,199,97600
6585,233,68400
6586,335,600
6587,325,6000
6588,315,12000
6589,0,1954000
6590,289,28200
6591,295,24000
6592,216,82500
6593,29,456700
6594,291,26800
6595,0,2000000
6596,332,1900
6597,263,45400
6598,0,2000000
6599,150,150000
6600,329,3700
6601,0,1248600
6602,304,18200
6603,334,800
6604,205,91700
6605,203,93400
6606,206,90700
6607,268,42000
6608,12,615900
6609,317,10800
6610,302,19800
6611,309,15200
6612,282,32800
6613,0,2000000
6614,326,5700
6615,0,2000000
6616,293,25600
6617,330,3000
6618,0,2000000
6619,35,421400
6620,0,2000000
6621,61,317100
6622,335,300
6623,246,57800
6624,304,18200
6625,0,1251900
6626,332,2100
6627,0,2000000
6628,332,2100
6629,321,8400
6630,336,0
6631,0,2000000
6632,334,800
6633,270,40700
6634,156,143200
6635,100,226000
6636,317,10900
6637,278,34900
6638,280,33800
6639,0,2000000
6640,23,502000
6641,327,5100
6642,334,800
6643,0,2000000
6644,293,25250
6645,275,37400
6646,0,2000000
6647,326,5400
6648,306,17400
6649,0,2000000
6650,301,20400
6651,314,12400
6652,13,601600
6653,13,609400
6654,330,3000
6655,335,200
6656,266,43400
6657,331,2900
6658,201,95500
6659,10,645400
6660,287,29300
6661,241,61400
6662,287,29000
6663,321,8500
6664,29,455400
6665,50,353350
6666,294,24600
6667,290,27000
6668,285,30600
6669,0,1560500
6670,310,14900
6671,332,1900
6672,312,13750
6673,227,73200
6674,73,284450
6675,11,632300
6676,0,2000000
6677,30,450000
6678,0,2000000
6679,335,200
6680,121,190000
6681,329,3550
6682,318,10100
6683,334,900
6684,16,561300
6685,326,5300
6686,308,16000
6687,269,41100
6688,1,1050000
6689,291,26800
6690,6,745100
6691,0,1714000
6692,308,15900
6693,267,42400
6694,5,766600
6695,281,33300
6696,5,800500
6697,217,81250
6698,8,707700
6699,334,1000
6700,0,2000000
6701,223,76200
6702,328,4300
6703,328,4500
6704,334,1000
6705,296,23400
6706,28,465000
6707,106,215000
6708,301,20350
6709,67,301200
6710,289,28200
6711,321,8400
6712,206,91050
6713,7,709400
6714,13,600850
6715,328,4200
6716,316,11250
6717,21,518000
6718,4,838000
6719,222,76900
6720,40,397500
6721,141,162000
6722,302,19900
6723,0,1651600
6724,154,144800
6725,0,1401400
6726,335,200
6727,282,32400
6728,304,18600
6729,207,90300
6730,318,10000
6731,311,14500
6732,335,300
6733,315,11600
6734,5,766500
6735,334,1100
6736,0,1659600
6737,226,74100
6738,332,2200
6739,163,134300
6740,80,267300
6741,329,3500
6742,335,300
6743,321,8500
6744,65,306250
6745,29,458800
6746,0,1800850
6747,277,36100
6748,336,100
6749,311,14400
6750,0,2000000
6751,12,618500
6752,321,8400
6753,324,6600
6754,0,1612450
6755,327,5100
6756,230,70200
6757,316,11300
6758,298,22000
6759,328,4100
6760,78,272000
6761,1,1069700
6762,334,1000
6763,283,32100
6764,326,5700
6765,248,56400
6766,63,310400
6767,237,64600
6768,39,400200
6769,0,2000000
6770,335,600
6771,282,32600
6772,149,151600
6773,302,20000
6774,313,12800
6775,19,534700
6776,334,700
6777,335,150
6778,0,1537350
6779,1,1050000
6780,335,500
6781,328,4200
6782,218,80800
6783,328,4300
6784,203,93300
6785,0,1564300
6786,269,41400
6787,334,700
6788,0,2000000
6789,307,16900
6790,38,404800
6791,319,9500
6792,310,14700
6793,72,285600
6794,223,76000
6795,194,102400
6796,215,82600
6797,314,12200
6798,174,122300
6799,112,205000
6800,330,3400
6801,335,400
6802,314,12400
6803,334,1000
6804,270,40300
6805,220,79100
6806,206,91200
6807,323,7000
6808,0,2000000
6809,333,1450
6810,240,62450
6811,0,1410950
6812,330,2950
6813,301,20400
6814,295,24000
6815,0,2000000
6816,334,900
6817,15,584300
6818,176,120500
6819,328,4100
6820,322,7700
6821,230,70800
6822,252,53150
6823,335,600
6824,277,35600
6825,282,32250
6826,48,362200
6827,333,1800
6828,295,24000
6829,257,50000
6830,330,3400
6831,330,3350
6832,12,616700
6833,318,10200
6834,12,617000
6835,196,99900
6836,215,83150
6837,0,1222400
6838,0,1564200
6839,321,8600
6840,150,150300
6841,58,328400
6842,331,2800
6843,272,38900
6844,5,800700
6845,332,2050
6846,20,529000
6847,215,82700
6848,51,350800
6849,147,154000
6850,13,602600
6851,316,11050
6852,231,69700
6853,13,603900
6854,0,2000000
6855,1,1205500
6856,330,3000
6857,329,3700
6858,218,80600
6859,4,813600
6860,0,1697450
6861,192,103600
6862,298,22300
6863,320,9000
6864,0,1869200
6865,0,2000000
6866,333,1250
6867,231,69700
6868,29,458000
6869,0,1716400
6870,1,1210800
6871,317,10800
6872,0,1312000
6873,0,1218400
6874,308,16000
6875,335,500
6876,329,3750
6877,173,123300
6878,328,4200
6879,17,557600
6880,314,12300
6881,242,61000
6882,330,3100
6883,312,13600
6884,298,22300
6885,257,49700
6886,1,1001500
6887,303,19200
6888,0,1517000
6889,321,8300
6890,283,31700
6891,173,123600
6892,1,1050000
6893,3,906400
6894,0,1470000
6895,332,2300
6896,330,3000
6897,142,160900
6898,216,82500
6899,333,1700
6900,330,3200
6901,335,400
6902,0,2000000
6903,0,2000000
6904,285,30300
6905,326,5200
6906,321,8500
6907,322,7650
6908,322,7800
6909,334,1100
6910,5,795000
6911,335,650
6912,304,18300
6913,170,126800
6914,132,174000
6915,334,800
6916,11,634000
6917,0,1353400
6918,216,81800
6919,335,600
6920,309,15400
6921,317,10800
6922,334,1000
6923,30,450000
6924,6,742500
6925,313,12800
6926,198,97900
6927,200,96400
6928,3,878800
6929,87,251400
6930,23,501000
6931,333,1650
6932,4,817800
6933,0,2000000
6934,334,800
6935,259,48600
6936,326,5700
6937,29,458000
6938,158,140700
6939,335,200
6940,275,37000
6941,322,7950
6942,147,154000
6943,331,2500
6944,22,510800
6945,316,11400
6946,327,4800
6947,297,22700
6948,45,372500
6949,269,41000
6950,60,320200
6951,324,6400
6952,254,52100
6953,5,801300
6954,0,2000000
6955,30,450000
6956,301,20200
6957,309,15350
6958,106,214500
6959,193,103000
6960,0,2000000
6961,298,22350
6962,127,180800
6963,67,300500
6964,332,2000
6965,23,500000
6966,280,33700
6967,313,13000
6968,83,260250
6969,3,900150
6970,306,17350
6971,153,145900
6972,42,385000
6973,247,57400
6974,248,56150
6975,320,8900
6976,15,578250
6977,332,2250
6978,244,59800
6979,0,2000000
6980,268,41800
6981,334,850
6982,333,1700
6983,320,8800
6984,6,764800
6985,82,263500
6986,1,1200600
6987,80,267300
6988,0,2000000
6989,334,900
6990,196,100200
6991,150,149900
6992,261,47200
6993,311,14100
6994,27,466800
6995,242,61000
6996,325,6200
6997,0,1267000
6998,296,23600
6999,335,300
7000,162,136000
7001,325,5900
7002,33,432300
7003,29,458000
7004,55,338600
7005,334,1150
7006,335,300
7007,307,16500
7008,293,25650
7009,28,460400
7010,333,1400
7011,317,10600
7012,306,17200
7013,0,2000000
7014,335,400
7015,22,505000
7016,335,200
7017,322,7800
7018,334,1150
7019,2,1000100
7020,328,4300
7021,315,12100
7022,1,1030550
7023,228,71800
7024,18,541800
7025,217,81300
7026,21,514000
7027,307,16600
7028,0,1616100
7029,322,7600
7030,323,7000
7031,49,357900
7032,332,2300
7033,289,28200
7034,332,2100
7035,296,23400
7036,30,450000
7037,242,60800
7038,322,8050
7039,318,10200
7040,98,229000
7041,332,1900
7042,335,400
7043,278,35400
7044,1,1205300
7045,21,519500
7046,150,150600
7047,0,2000000
7048,1,1050000
7049,334,1200
7050,235,66300
7051,2,917050
7052,116,198400
7053,171,125400
7054,327,4800
7055,47,366000
7056,325,6200
7057,230,70200
7058,72,287400
7059,335,250
7060,230,70550
7061,318,10300
7062,230,70800
7063,155,143850
7064,0,2000000
7065,329,3500
7066,333,1500
7067,214,83800
7068,333,1750
7069,149,151700
7070,326,5200
7071,329,3700
7072,293,25600
7073,114,201900
7074,62,315000
7075,0,2000000
7076,0,2000000
7077,332,2000
7078,321,8100
7079,327,4700
7080,273,38500
7081,333,1400
7082,328,4600
7083,8,704200
7084,317,10700
7085,302,19500
7086,0,2000000
7087,273,38300
7088,144,157200
7089,318,10100
7090,335,600
7091,305,18000
7092,333,1250
7093,333,1600
7094,1,1150000
7095,313,13100
7096,273,38250
7097,0,2000000
7098,0,2000000
7099,10,657800
7100,298,21900
7101,268,42200
7102,0,2000000
7103,304,18300
7104,316,11300
7105,0,2000000
7106,185,110800
7107,287,29200
7108,320,8700
7109,13,600250
7110,13,600100
7111,150,150600
7112,196,100600
7113,241,62100
7114,162,136100
7115,2,952500
7116,295,24000
7117,326,5300
7118,1,1207600
7119,31,446100
7120,0,2000000
7121,245,58400
7122,332,1900
7123,108,210850
7124,223,75800
7125,313,13300
7126,254,51650
7127,0,2000000
7128,0,1530200
7129,277,36000
7130,218,80200
7131,0,1489000
7132,319,9300
7133,0,2000000
7134,51,350000
7135,112,204000
7136,205,92200
7137,23,500000
7138,13,605600
7139,336,100
7140,324,6900
7141,329,3900
7142,10,656800
7143,1,1004500
7144,305,18000
7145,336,100
7146,51,350500
7147,1,1066400
7148,329,3800
7149,147,153800
7150,336,100
7151,11,632250
7152,326,5700
7153,317,10600
7154,330,3100
7155,4,808100
7156,330,3300
7157,334,850
7158,0,2000000
7159,332,2150
7160,335,450
7161,291,26400
7162,332,1900
7163,308,16250
7164,25,487000
7165,305,17600
7166,240,62400
7167,322,7500
7168,307,16750
7169,7,712200
7170,258,49050
7171,336,0
7172,51,350000
7173,5,782000
7174,322,7600
7175,210,87200
7176,276,36200
7177,0,1682800
7178,298,22400
7179,290,27000
7180,333,1800
7181,156,143300
7182,336,100
7183,335,250
7184,29,458000
7185,1,1050000
7186,324,6400
7187,320,9100
7188,315,12100
7189,211,86200
7190,213,85100
7191,29,458000
7192,329,3500
7193,320,9100
7194,0,2000000
7195,253,52550
7196,335,400
7197,304,18500
7198,144,157600
7199,312,13850
7200,328,4600
7201,330,3250
7202,0,2000000
7203,58,326000
7204,308,16300
7205,336,0
7206,39,400600
7207,300,21100
7208,0,1950500
7209,218,80200
7210,1,1178000
7211,279,34600
7212,260,47400
7213,11,630700
7214,318,10000
7215,140,162500
7216,30,450000
7217,256,50800
7218,206,90800
7219,241,61600
7220,317,10900
7221,293,25350
7222,277,36100
7223,324,6600
7224,130,177000
7225,6,763100
7226,147,154000
7227,174,121900
7228,242,60600
7229,309,15700
7230,67,300000
7231,130,176100
7232,113,203200
7233,158,140350
7234,0,1236100
7235,222,76900
7236,327,4700
7237,335,300
7238,37,410800
7239,0,2000000
7240,142,159800
7241,14,586000
7242,334,1200
7243,24,494600
7244,301,20500
7245,267,42600
7246,335,600
7247,2,916000
7248,31,441400
7249,327,4700
7250,106,215000
7251,329,3900
7252,0,1404800
7253,277,36100
7254,34,427300
7255,0,2000000
7256,219,79300
7257,334,700
7258,329,3600
7259,333,1600
7260,100,225500
7261,15,581200
7262,0,1224300
7263,12,622000
7264,326,5500
7265,247,57000
7266,32,438000
7267,317,10800
7268,335,350
7269,233,67850
7270,196,100600
7271,170,126800
7272,254,51850
7273,323,7100
7274,305,17900
7275,325,6200
7276,336,0
7277,297,23100
7278,56,332000
7279,307,16700
7280,334,800
7281,1,1050000
7282,271,39800
7283,326,5200
7284,313,13100
7285,0,1603300
7286,20,524300
7287,334,900
7288,302,20000
7289,35,420000
7290,302,20000
7291,142,160600
7292,335,600
7293,235,66100
7294,301,20300
7295,0,2000000
7296,0,1457950
7297,331,2500
7298,0,2000000
7299,4,826000
7300,71,289000
7301,335,200
7302,217,80900
7303,145,157000
7304,321,8400
7305,318,10200
7306,0,1570800
7307,333,1550
7308,304,18200
7309,332,2300
7310,142,160800
7311,304,18200
7312,286,30000
7313,334,800
7314,317,10900
7315,117,196250
7316,327,5000
7317,267,43000
7318,334,1200
7319,0,1501400
7320,240,62900
7321,0,2000000
7322,327,4800
7323,101,223600
7324,308,15800
7325,236,65550
7326,13,603200
7327,21,514000
7328,294,24900
7329,227,73000
7330,331,2900
7331,4,821100
7332,137,167600
7333,244,59200
7334,317,10600
7335,332,2100
7336,221,78000
7337,0,1456200
7338,329,3600
7339,269,41100
7340,6,754000
7341,0,1651000
7342,336,0
7343,283,31900
7344,0,2000000
7345,331,2900
7346,266,43600
7347,334,1100
7348,241,61500
7349,334,700
7350,287,29450
7351,291,26600
7352,327,5100
7353,319,9600
7354,232,69000
7355,32,438200
7356,322,7500
7357,289,27900
7358,10,649200
7359,308,16100
7360,334,700
7361,1,1002900
7362,47,365400
7363,282,32300
7364,237,64600
7365,53,344000
7366,309,15600
7367,305,17800
7368,333,1800
7369,268,41900
7370,115,200200
7371,326,5400
7372,0,1221200
7373,320,8800
7374,333,1800
7375,39,401400
7376,312,13500
7377,332,1950
7378,60,320000
7379,274,37900
7380,284,31100
7381,2,916300
7382,291,26700
7383,269,41000
7384,323,7100
7385,333,1600
7386,309,15450
7387,314,12200
7388,0,2000000
7389,270,40900
7390,60,319600
7391,322,7500
7392,114,201500
7393,271,39800
7394,0,2000000
7395,12,616800
7396,5,795900
7397,321,8400
7398,326,5200
7399,321,8100
7400,242,61350
7401,113,202200
7402,322,7950
7403,33,430600
7404,281,33000
7405,326,5600
7406,6,762400
7407,326,5300
7408,0,2000000
7409,312,13900
7410,80,266800
7411,0,1900000
7412,48,361600
7413,329,3900
7414,0,1405800
7415,307,16700
7416,8,699300
7417,335,300
7418,127,180800
7419,119,192500
7420,327,5000
7421,189,107200
7422,1,1050000
7423,150,150000
7424,143,159100
7425,4,814400
7426,13,600500
7427,268,42200
7428,332,1950
7429,334,1000
7430,21,512000
7431,329,4000
7432,57,329600
7433,106,215300
7434,280,34100
7435,183,113200
7436,242,60600
7437,223,76500
7438,0,2000000
7439,307,16500
7440,294,24700
7441,304,18550
7442,70,292500
7443,299,21800
7444,235,66150
7445,320,8700
7446,4,807000
7447,324,6800
7448,299,21550
7449,277,36150
7450,74,280900
7451,245,59000
7452,304,18200
7453,325,6200
7454,103,219200
7455,309,15400
7456,259,48000
7457,321,8500
7458,313,12800
7459,309,15650
7460,328,4500
7461,7,730000
7462,329,3800
7463,67,300150
7464,334,750
7465,245,58400
7466,45,372300
7467,75,280200
7468,284,31000
7469,316,11100
7470,0,2000000
7471,311,14050
7472,317,10650
7473,334,1100
7474,4,824300
7475,322,7800
7476,50,355800
7477,136,168700
7478,259,48000
7479,5,800400
7480,211,86800
7481,329,3800
7482,67,300200
7483,321,8200
7484,316,11100
7485,0,1231500
7486,327,5000
7487,334,900
7488,6,751800
7489,156,142900
7490,244,59500
7491,331,2800
7492,140,162900
7493,25,485000
7494,331,2750
7495,325,6000
7496,108,211000
7497,285,30400
7498,2,917500
7499,336,0
7500,317,10600
7501,326,5700
7502,313,13000
7503,1,1052000
7504,117,196800
7505,331,2600
7506,333,1800
7507,248,56350
7508,336,0
7509,123,186300
7510,110,207200
7511,148,152100
7512,285,30400
7513,152,148200
7514,333,1700
7515,192,103650
7516,126,182150
7517,297,22700
7518,270,40500
7519,310,14700
7520,0,2000000
7521,335,450
7522,335,500
7523,328,4300
7524,311,14400
7525,0,2000000
7526,334,700
7527,13,604100
7528,335,600
7529,285,30700
7530,88,248600
7531,248,56500
7532,30,450800
7533,59,324500
7534,314,12400
7535,238,64450
7536,323,7400
7537,0,1714000
7538,295,24000
7539,297,23000
7540,333,1350
7541,0,1410600
7542,336,0
7543,1,1050000
7544,291,26400
7545,322,7750
7546,333,1750
7547,0,1328300
7548,268,41700
7549,177,119400
7550,275,37200
7551,108,210750
7552,254,51600
7553,334,700
7554,0,1603500
7555,0,1217800
7556,302,19500
7557,325,6200
7558,332,2050
7559,10,659000
7560,334,700
7561,335,300
7562,305,17850
7563,41,391000
7564,9,680300
7565,319,9500
7566,324,6600
7567,61,317800
7568,235,66650
7569,59,324600
7570,331,2400
7571,0,2000000
7572,327,4900
7573,64,309000
7574,295,24000
7575,335,500
7576,76,276200
7577,276,36700
7578,66,302000
7579,329,3500
7580,256,50400
7581,195,101400
7582,334,1200
7583,13,602700
7584,335,150
7585,304,18200
7586,0,1658000
7587,1,1173200
7588,252,53500
7589,13,602200
7590,6,752000
7591,313,13200
7592,114,201600
7593,333,1500
7594,14,587000
7595,335,300
7596,9,676700
7597,230,70500
7598,233,68300
7599,324,6400
7600,1,1065500
7601,310,15100
7602,13,604600
7603,335,500
7604,311,14050
7605,329,4050
7606,0,1286700
7607,62,315200
7608,323,7200
7609,46,371600
7610,319,9400
7611,320,9000
7612,110,207900
7613,98,228600
7614,325,6000
7615,170,126600
7616,294,24600
7617,247,57100
7618,268,42150
7619,332,1850
7620,38,404600
7621,0,2000000
7622,262,46400
7623,0,2000000
7624,327,5000
7625,155,144400
7626,146,155600
7627,39,400800
7628,38,403400
7629,321,8500
7630,0,2000000
7631,330,3400
7632,333,1400
7633,333,1750
7634,335,150
7635,11,632300
7636,334,900
7637,334,700
7638,306,17300
7639,0,1714000
7640,327,4900
7641,214,83600
7642,336,0
7643,67,301400
7644,335,450
7645,303,18800
7646,276,36500
7647,246,57600
7648,0,2000000
7649,1,1204350
7650,298,22300
7651,202,94500
7652,330,3100
7653,323,7300
7654,329,4000
7655,13,612400
7656,5,767500
7657,305,18000
7658,249,55700
7659,1,1160300
7660,314,12600
7661,334,1200
7662,314,12700
7663,0,2000000
7664,270,40900
7665,275,37100
7666,56,332600
7667,114,200500
7668,0,2000000
7669,3,904000
7670,1,1066000
7671,332,2100
7672,95,236000
7673,126,182400
7674,3,904700
7675,33,431350
7676,1,1006000
7677,243,60400
7678,61,316600
7679,322,7650
7680,257,49950
7681,0,2000000
7682,217,81000
7683,239,63300
7684,28,462000
7685,250,54650
7686,13,602900
7687,254,51750
7688,0,1410300
7689,297,22700
7690,187,109000
7691,208,89400
7692,315,11600
7693,334,1100
7694,0,2000000
7695,150,150000
7696,335,600
7697,333,1300
7698,334,1000
7699,163,134150
7700,7,722400
7701,330,3200
7702,12,622000
7703,0,2000000
7704,332,1900
7705,0,1747700
7706,243,60100
7707,303,19000
7708,0,2000000
7709,0,1666800
7710,0,2000000
7711,319,9500
7712,1,1181000
7713,326,5200
7714,286,30000
7715,254,52000
7716,0,2000000
7717,30,450000
7718,22,504600
7719,333,1300
7720,150,150000
7721,335,650
7722,319,9800
7723,323,7000
7724,308,15800
7725,291,26400
7726,322,7600
7727,1,1201400
7728,193,103000
7729,149,151800
7730,279,34300
7731,12,622800
7732,312,13400
7733,171,125700
7734,175,121700
7735,0,2000000
7736,269,41500
7737,56,335200
7738,327,5000
7739,126,182600
7740,322,7500
7741,242,61100
7742,332,2100
7743,286,29700
7744,158,140900
7745,334,900
7746,293,25400
7747,289,27700
7748,279,34350
7749,0,2000000
7750,315,12000
7751,1,1160150
7752,44,380400
7753,200,96500
7754,328,4150
7755,283,32150
7756,18,542000
7757,325,6300
7758,332,2100
7759,314,12600
7760,314,12300
7761,333,1600
7762,34,423800
7763,13,600700
7764,0,1506150
7765,0,2000000
7766,283,31750
7767,0,1615700
7768,24,495200
7769,198,98400
7770,252,53500
7771,320,9200
7772,114,201200
7773,325,6200
7774,13,600200
7775,113,203200
7776,62,316000
7777,126,182400
7778,82,263600
7779,330,3200
7780,314,12300
7781,321,8100
7782,154,145000
7783,320,9100
7784,314,12200
7785,332,1900
7786,322,8000
7787,325,6000
7788,327,4700
7789,302,20000
7790,300,21100
7791,324,6800
7792,312,13400
7793,326,5600
7794,334,900
7795,322,7500
7796,318,9900
7797,281,32900
7798,295,23800
7799,0,1950500
7800,59,324000
7801,301,20400
7802,324,6600
7803,335,650
7804,306,17400
7805,21,515200
7806,25,484600
7807,323,7300
7808,0,2000000
7809,237,64500
7810,298,21900
7811,293,25500
7812,336,0
7813,116,198450
7814,234,67500
7815,0,2000000
7816,1,1057600
7817,335,500
7818,150,150000
7819,332,1900
7820,284,30900
7821,310,14700
7822,201,95100
7823,199,97100
7824,233,68000
7825,334,1150
7826,316,11000
7827,322,8000
7828,326,5400
7829,311,14500
7830,331,2400
7831,29,454800
7832,335,250
7833,92,241600
7834,237,65100
7835,304,18700
7836,8,703200
7837,257,49600
7838,218,80400
7839,114,200800
7840,0,1284200
7841,333,1800
7842,276,36750
7843,335,500
7844,286,30100
7845,322,7700
7846,100,226400
7847,220,78550
7848,325,6000
7849,287,29300
7850,212,85800
7851,125,183600
7852,2,934800
7853,312,13500
7854,311,14200
7855,254,52000
7856,331,2700
7857,315,11700
7858,333,1800
7859,336,100
7860,318,10400
7861,252,53600
7862,0,2000000
7863,10,650400
7864,287,29000
7865,320,9200
7866,319,9700
7867,335,550
7868,312,13800
7869,67,300600
7870,64,308400
7871,335,400
7872,305,18000
7873,334,800
7874,150,150000
7875,0,2000000
7876,285,30700
7877,319,9800
7878,0,2000000
7879,13,604700
7880,66,303000
7881,111,206800
7882,310,14800
7883,328,4300
7884,306,17350
7885,237,65150
7886,330,3000
7887,313,13150
7888,94,237300
7889,324,6400
7890,321,8400
7891,261,47000
7892,303,18800
7893,0,1868700
7894,45,373900
7895,284,31200
7896,115,199700
7897,3,900650
7898,123,187400
7899,3,902000
7900,125,183500
7901,127,181400
7902,0,1284000
7903,247,56800
7904,318,10200
7905,330,3000
7906,3,903600
7907,306,17300
7908,333,1700
7909,317,10800
7910,274,37600
7911,285,30200
7912,0,2000000
7913,225,74600
7914,324,6800
7915,266,43300
7916,310,14900
7917,0,2000000
7918,325,6300
7919,8,700150
7920,150,150000
7921,325,6300
7922,0,1229600
7923,245,58350
7924,320,9100
7925,0,1954000
7926,1,1052400
7927,8,701650
7928,319,9500
7929,56,334800
7930,329,3900
7931,65,306300
7932,321,8600
7933,329,3500
7934,209,88000
7935,149,150800
7936,1,1051200
7937,207,90000
7938,1,1050000
7939,329,3550
7940,272,39000
7941,1,1201200
7942,196,100500
7943,319,9350
7944,64,308900
7945,278,34950
7946,3,900200
7947,62,316000
7948,7,721300
7949,6,750300
7950,3,882000
7951,11,636400
7952,230,70800
7953,176,120100
7954,309,15400
7955,214,83500
7956,0,2000000
7957,126,182650
7958,85,255600
7959,330,3400
7960,306,17400
7961,310,15050
7962,283,31600
7963,316,11500
7964,164,133000
7965,107,212200
7966,308,16300
7967,333,1400
7968,323,7300
7969,48,363300
7970,59,322500
7971,335,650
7972,305,17600
7973,1,1054600
7974,3,851900
7975,275,37400
7976,1,1204900
7977,261,46550
7978,0,1415200
7979,281,32900
7980,0,2000000
7981,143,158500
7982,28,460600
7983,334,1000
7984,326,5300
7985,304,18300
7986,329,4000
7987,276,36600
7988,272,39200
7989,259,48000
7990,324,6600
7991,1,1001100
7992,154,145100
7993,305,17600
7994,315,11900
7995,307,16700
7996,237,65200
7997,1,1000500
7998,247,57200
7999,276,36450
8000,0,1403400
8001,318,10300
8002,314,12500
8003,0,2000000
8004,30,450000
8005,115,200000
8006,5,786000
8007,106,215000
8008,0,2000000
8009,200,96500
8010,321,8400
8011,0,2000000
8012,125,184400
8013,161,137400
8014,330,3000
8015,330,3200
8016,21,512000
8017,281,33400
8018,326,5300
8019,0,1710000
8020,330,3200
8021,220,78900
8022,269,41000
8023,283,32000
8024,225,74500
8025,63,311300
8026,328,4450
8027,330,3000
8028,316,11000
8029,333,1800
8030,11,644400
8031,333,1550
8032,0,2000000
8033,249,56000
8034,3,900150
8035,44,380000
8036,30,450000
8037,276,36400
8038,317,10500
8039,277,35800
8040,326,5600
8041,5,802000
8042,308,15900
8043,64,308500
8044,330,3400
8045,303,18800
8046,336,0
8047,144,157600
8048,325,6200
8049,335,300
8050,0,1950900
8051,234,67000
8052,336,100
8053,295,24150
8054,332,2000
8055,334,1150
8056,307,16600
8057,289,28200
8058,136,168800
8059,334,700
8060,328,4450
8061,39,402800
8062,0,1654000
8063,271,40000
8064,190,106000
8065,0,2000000
8066,322,7500
8067,295,24300
8068,0,1269500
8069,199,97550
8070,64,309100
8071,282,32400
8072,228,72000
8073,124,186200
8074,241,61800
8075,285,30200
8076,64,308000
8077,250,54800
8078,231,69500
8079,180,116350
8080,275,37300
8081,2,980050
8082,8,701200
8083,335,200
8084,36,416400
8085,335,400
8086,201,96000
8087,0,1392000
8088,305,17650
8089,29,458000
8090,0,2000000
8091,329,3600
8092,22,508600
8093,169,128200
8094,257,49800
8095,10,654000
8096,334,1000
8097,329,4050
8098,63,310900
8099,59,324000
8100,313,13200
8101,222,76900
8102,285,30500
8103,327,5100
8104,118,194300
8105,329,3550
8106,0,2000000
8107,15,585000
8108,23,502400
8109,195,100900
8110,0,2000000
8111,125,184300
8112,167,129550
8113,193,103300
8114,0,1803200
8115,332,2300
8116,310,14950
8117,331,2400
8118,320,8900
8119,320,9200
8120,334,700
8121,315,11700
8122,333,1800
8123,310,15150
8124,5,796300
8125,307,16400
8126,212,85700
8127,312,13400
8128,324,6800
8129,335,500
8130,333,1600
8131,335,500
8132,184,112000
8133,1,1006400
8134,325,6200
8135,316,11400
8136,332,2100
8137,30,450000
8138,270,40600
8139,208,88800
8140,0,2000000
8141,256,50200
8142,9,670000
8143,185,111300
8144,71,288550
8145,37,412900
8146,332,2050
8147,1,1150200
8148,309,15300
8149,0,1366300
8150,298,22250
8151,16,570700
8152,334,1200
8153,316,11200
8154,242,61200
8155,283,31900
8156,51,352500
8157,242,60600
8158,25,485000
8159,288,28300
8160,334,700
8161,335,400
8162,332,2000
8163,66,302000
8164,302,19650
8165,165,132300
8166,326,5250
8167,245,59000
8168,6,750400
8169,304,18650
8170,0,2000000
8171,327,4700
8172,246,57600
8173,0,2000000
8174,334,800
8175,0,2000000
8176,322,7550
8177,320,9100
8178,0,2000000
8179,82,263600
8180,217,80900
8181,318,10300
8182,150,150500
8183,332,2300
8184,335,400
8185,0,2000000
8186,14,594350
8187,0,1296150
8188,222,76800
8189,65,306400
8190,0,1261500
8191,326,5400
8192,140,162800
8193,0,2000000
8194,324,6600
8195,312,13550
8196,333,1600
8197,333,1600
8198,30,450000
8199,215,83200
8200,0,2000000
8201,283,32000
8202,162,136300
8203,331,2600
8204,262,46000
8205,270,40800
8206,3,902000
8207,329,3850
8208,331,2700
8209,318,10400
8210,63,311200
8211,0,1804300
8212,223,76200
8213,163,134950
8214,327,4650
8215,303,18800
8216,1,1206650
8217,8,701350
8218,281,33400
8219,335,400
8220,327,4800
8221,299,21800
8222,321,8500
8223,19,538000
8224,320,9100
8225,212,85600
8226,3,902300
8227,336,0
8228,318,10400
8229,6,745000
8230,330,3400
8231,29,458000
8232,313,13300
8233,277,36100
8234,283,32000
8235,1,1075900
8236,307,16800
8237,60,321600
8238,246,57700
8239,0,2000000
8240,312,13500
8241,0,1487350
8242,1,1028200
8243,327,5000
8244,332,2000
8245,235,66700
8246,239,63650
8247,314,12400
8248,265,44200
8249,228,72050
8250,0,2000000
8251,335,300
8252,269,41400
8253,3,900500
8254,1,1178000
8255,281,33400
8256,314,12500
8257,272,39200
8258,0,2000000
8259,330,3300
8260,0,2000000
8261,320,9000
8262,317,10700
8263,21,520600
8264,248,56400
8265,331,2400
8266,0,2000000
8267,332,1900
8268,284,31300
8269,0,1877500
8270,300,21100
8271,289,27800
8272,277,36150
8273,253,53000
8274,327,4700
8275,46,370000
8276,208,89400
8277,1,1050000
8278,331,2550
8279,313,13050
8280,329,3800
8281,0,2000000
8282,303,19400
8283,301,20400
8284,1,1066000
8285,332,1950
8286,332,2150
8287,0,1658000
8288,138,165950
8289,131,175600
8290,147,153500
8291,228,72100
8292,87,251000
8293,249,55600
8294,321,8150
8295,214,84100
8296,316,11000
8297,310,14700
8298,326,5400
8299,334,1000
8300,10,648150
8301,323,7250
8302,37,410600
8303,263,45400
8304,319,9400
8305,1,1210400
8306,336,0
8307,227,73300
8308,301,20250
8309,223,76400
8310,321,8200
8311,315,11600
8312,233,68300
8313,319,9600
8314,217,81400
8315,1,1001200
8316,181,115500
8317,333,1300
8318,215,83200
8319,39,402100
8320,64,310000
8321,0,1950400
8322,329,3700
8323,311,14000
8324,0,2000000
8325,263,45800
8326,0,2000000
8327,92,242100
8328,308,16000
8329,332,2100
8330,190,105950
8331,335,500
8332,327,5000
8333,336,100
8334,58,325600
8335,293,25100
8336,88,249000
8337,336,100
8338,328,4200
8339,324,6800
8340,333,1600
8341,327,5100
8342,294,24800
8343,325,6000
8344,335,200
8345,259,48100
8346,308,16100
8347,296,23150
8348,195,101400
8349,142,160000
8350,335,300
8351,3,902000
8352,326,5700
8353,36,415600
8354,213,84400
8355,332,2250
8356,205,91600
8357,8,685300
8358,336,100
8359,326,5200
8360,7,723000
8361,31,444000
8362,334,800
8363,5,800400
8364,137,166800
8365,184,111800
8366,317,10550
8367,283,31600
8368,322,7800
8369,320,8700
8370,1,1054800
8371,23,500300
8372,241,62050
8373,302,19900
8374,333,1800
8375,247,57200
8376,281,33300
8377,24,489000
8378,330,3100
8379,302,20000
8380,331,2700
8381,325,6000
8382,252,53100
8383,80,267800
8384,319,9600
8385,332,1950
8386,160,138300
8387,0,1243600
8388,301,20400
8389,292,26100
8390,322,7800
8391,88,249050
8392,305,17600
8393,2,918000
8394,285,30300
8395,335,200
8396,6,750900
8397,285,30300
8398,135,169000
8399,217,81100
8400,254,51700
8401,89,247400
8402,325,5800
8403,261,47200
8404,334,1200
8405,263,45200
8406,171,125600
8407,332,2200
8408,322,7800
8409,317,10900
8410,57,331150
8411,193,103200
8412,300,20800
8413,3,900300
8414,333,1500
8415,334,1000
8416,333,1700
8417,62,314000
8418,332,2100
8419,316,11000
8420,331,2700
8421,324,6600
8422,235,66200
8423,0,2000000
8424,331,2800
8425,272,39400
8426,67,300000
8427,333,1800
8428,124,185500
8429,333,1800
8430,133,173000
8431,172,124100
8432,322,7900
8433,332,1900
8434,312,13900
8435,252,53700
8436,201,95200
8437,334,900
8438,21,514000
8439,267,42450
8440,19,539400
8441,313,13000
8442,86,253600
8443,237,65000
8444,1,1050000
8445,194,102350
8446,335,500
8447,326,5400
8448,0,2000000
8449,13,604100
8450,295,24200
8451,125,184100
8452,270,40800
8453,26,476700
8454,13,603700
8455,323,7100
8456,331,2500
8457,295,24000
8458,242,60700
8459,93,239200
8460,29,458000
8461,307,16800
8462,279,34750
8463,333,1500
8464,0,2000000
8465,13,600200
8466,254,51700
8467,334,800
8468,281,33350
8469,329,4000
8470,321,8600
8471,323,7200
8472,1,1178000
8473,3,900150
8474,333,1700
8475,228,72000
8476,49,359400
8477,32,436600
8478,334,1200
8479,286,29800
8480,39,400300
8481,288,28250
8482,321,8100
8483,174,122350
8484,307,16900
8485,18,545000
8486,0,1642000
8487,115,200000
8488,327,4800
8489,171,126100
8490,263,45200
8491,5,770000
8492,231,70000
8493,327,5050
8494,218,80100
8495,210,87500
8496,0,2000000
8497,0,2000000
8498,318,10200
8499,295,24300
8500,1,1050000
8501,334,900
8502,27,467000
8503,276,36200
8504,6,751200
8505,244,59200
8506,249,55500
8507,100,225000
8508,191,105000
8509,336,100
8510,334,700
8511,333,1300
8512,330,3300
8513,21,514000
8514,263,45250
8515,0,1406500
8516,268,42300
8517,324,6750
8518,0,1658000
8519,329,3500
8520,306,17200
8521,126,182000
8522,48,360700
8523,0,2000000
8524,8,705700
8525,296,23400
8526,313,12800
8527,319,9800
8528,316,11000
8529,34,424000
8530,1,1209300
8531,326,5500
8532,0,2000000
8533,313,13100
8534,20,524300
8535,0,2000000
8536,158,140000
8537,243,60000
8538,329,4000
8539,320,8850
8540,308,16100
8541,291,26900
8542,121,190000
8543,279,34800
8544,3,902000
8545,331,2900
8546,334,800
8547,332,2000
8548,29,458000
8549,331,2750
8550,14,590800
8551,303,19300
8552,23,500200
8553,330,3300
8554,126,183200
8555,307,16500
8556,233,68350
8557,299,21800
8558,287,29500
8559,0,1357100
8560,321,8200
8561,237,65000
8562,45,374850
8563,320,8850
8564,333,1500
8565,293,25300
8566,296,23700
8567,29,458600
8568,226,73600
8569,298,22400
8570,267,42500
8571,309,15500
8572,6,750500
8573,329,3800
8574,303,19000
8575,8,705100
8576,0,1714000
8577,333,1750
8578,171,125700
8579,293,25100
8580,51,350000
8581,29,454000
8582,333,1500
8583,214,83900
8584,37,411000
8585,0,2000000
8586,88,249350
8587,228,72300
8588,321,8400
8589,106,214400
8590,327,5050
8591,191,104700
8592,15,573700
8593,40,396200
8594,309,15300
8595,140,162600
8596,0,1317700
8597,309,15500
8598,0,1214050
8599,321,8500
8600,320,8800
8601,146,155600
8602,217,81700
8603,306,17400
8604,269,41000
8605,67,301400
8606,335,500
8607,81,265100
8608,329,3600
8609,148,152400
8610,286,29600
8611,335,450
8612,332,1850
8613,328,4600
8614,332,2000
8615,314,12400
8616,41,390600
8617,332,2200
8618,11,633350
8619,174,121900
8620,319,9500
8621,276,36350
8622,320,9100
8623,319,9800
8624,50,354800
8625,309,15200
8626,279,34700
8627,0,1806000
8628,295,24050
8629,320,9100
8630,2,937400
8631,30,450000
8632,143,158800
8633,8,707600
8634,1,1050000
8635,1,1203600
8636,322,7600
8637,13,607200
8638,306,17000
8639,0,1726100
8640,304,18400
8641,13,600250
8642,331,2800
8643,1,1003100
8644,320,9000
8645,250,54600
8646,1,1066000
8647,303,18900
8648,334,700
8649,1,1210950
8650,101,224200
8651,332,2100
8652,262,46400
8653,8,699500
8654,28,461100
8655,325,5950
8656,268,42200
8657,309,15650
8658,16,570300
8659,322,7500
8660,298,22200
8661,290,27400
8662,333,1300
8663,84,258400
8664,294,24500
8665,105,217000
8666,267,42600
8667,313,13350
8668,7,714550
8669,334,1000
8670,205,91700
8671,325,6000
8672,0,1954000
8673,158,140100
8674,0,1517000
8675,286,30000
8676,327,5000
8677,17,560400
8678,328,4500
8679,335,400
8680,0,2000000
8681,258,49100
8682,39,400100
8683,262,46300
8684,330,3100
8685,306,17050
8686,31,440900
8687,1,1050000
8688,18,540000
8689,323,7000
8690,0,2000000
8691,331,2400
8692,300,21200
8693,44,377500
8694,93,239050
8695,308,16100
8696,4,817000
8697,115,200000
8698,332,2300
8699,10,656800
8700,0,2000000
8701,127,180800
8702,282,32300
8703,334,900
8704,305,18000
8705,3,901500
8706,82,262200
8707,300,20700
8708,52,348000
8709,329,3600
8710,87,250650
8711,137,167000
8712,290,27200
8713,139,163600
8714,334,1000
8715,335,250
8716,325,6000
8717,290,27000
8718,0,2000000
8719,305,18000
8720,126,183000
8721,38,403700
8722,331,2600
8723,141,161000
8724,276,36200
8725,29,458000
8726,322,7800
8727,284,31400
8728,0,1409000
8729,335,200
8730,89,248150
8731,73,283200
8732,278,35000
8733,8,701600
8734,288,28700
8735,299,21800
8736,3,900250
8737,137,167000
8738,238,64300
8739,327,5150
8740,330,3400
8741,266,43400
8742,227,72600
8743,8,701700
8744,271,39800
8745,312,13800
8746,236,65600
8747,226,73900
8748,0,2000000
8749,176,120350
8750,303,19000
8751,330,3450
8752,316,11300
8753,212,86000
8754,333,1500
8755,12,616200
8756,133,173000
8757,336,0
8758,226,73700
8759,13,600600
8760,28,460000
8761,328,4300
8762,316,11250
8763,6,751000
8764,334,950
8765,3,900400
8766,283,32150
8767,0,1447600
8768,174,122700
8769,3,902550
8770,300,21100
8771,8,701350
8772,0,1500900
8773,323,7000
8774,306,17150
8775,315,12000
8776,276,36600
8777,117,196300
8778,336,100
8779,13,601200
8780,195,100900
8781,315,11950
8782,332,2050
8783,322,7600
8784,1,1004600
8785,162,136200
8786,305,18100
8787,322,7900
8788,270,40900
8789,18,542000
8790,334,1100
8791,11,632250
8792,62,313500
8793,280,33800
8794,246,58250
8795,332,2300
8796,319,9700
8797,29,455400
8798,276,36400
8799,266,43100
8800,334,1200
8801,1,1038800
8802,61,318800
8803,326,5200
8804,335,300
8805,334,1100
8806,292,25800
8807,323,7200
8808,332,2200
8809,51,352800
8810,8,701600
8811,328,4500
8812,333,1400
8813,334,1100
8814,304,18550
8815,332,2200
8816,333,1350
8817,30,450000
8818,24,488600
8819,323,7000
8820,150,150300
8821,0,2000000
8822,284,31000
8823,271,39700
8824,334,1100
8825,320,8950
8826,336,0
8827,287,29200
8828,332,2000
8829,94,236950
8830,236,65550
8831,307,16600
8832,31,441600
8833,334,800
8834,288,28400
8835,88,249450
8836,67,300150
8837,290,27100
8838,334,700
8839,272,39000
8840,328,4600
8841,201,95500
8842,275,37400
8843,206,90800
8844,287,29000
8845,0,1852900
8846,334,1200
8847,334,950
8848,234,67200
8849,226,74000
8850,56,334100
8851,2,916400
8852,330,3400
8853,3,900200
8854,198,98600
8855,8,702000
8856,184,111600
8857,318,9900
8858,8,701600
8859,0,1810000
8860,279,34800
8861,66,304000
8862,277,35600
8863,51,350300
8864,330,3150
8865,195,101500
8866,16,572400
8867,1,1180000
8868,3,860100
8869,283,31900
8870,10,659000
8871,1,1004400
8872,332,2100
8873,291,26650
8874,16,562800
8875,62,314400
8876,334,1000
8877,146,154600
8878,313,13200
8879,295,24000
8880,62,313700
8881,308,16100
8882,0,2000000
8883,329,3900
8884,0,2000000
8885,0,2000000
8886,286,30100
8887,299,21400
8888,198,98400
8889,322,7500
8890,100,225000
8891,2,1000100
8892,0,2000000
8893,218,80300
8894,335,250
8895,169,127800
8896,321,8600
8897,332,2100
8898,88,250300
8899,308,15900
8900,0,2000000
8901,220,78700
8902,0,1414600
8903,268,41900
8904,33,429800
8905,104,219100
8906,191,105300
8907,152,147200
8908,336,0
8909,309,15200
8910,300,21000
8911,106,214400
8912,328,4200
8913,0,2000000
8914,336,0
8915,205,92000
8916,333,1400
8917,268,42300
8918,336,0
8919,332,2300
8920,64,307400
8921,298,22000
8922,333,1800
8923,335,400
8924,0,1237200
8925,85,255800
8926,247,57100
8927,334,1200
8928,324,6600
8929,126,182000
8930,230,70200
8931,301,20200
8932,333,1600
8933,274,37700
8934,310,15000
8935,0,1510000
8936,79,268800
8937,224,75300
8938,4,817200
8939,318,10300
8940,327,4800
8941,312,13900
8942,3,878500
8943,306,17300
8944,330,3000
8945,310,14600
8946,327,5100
8947,210,87250
8948,327,4800
8949,0,2000000
8950,276,36800
8951,39,400600
8952,4,835400
8953,13,602500
8954,285,30500
8955,294,24900
8956,319,9500
8957,334,700
8958,113,202000
8959,335,500
8960,1,1044500
8961,305,17600
8962,0,2000000
8963,119,193900
8964,1,1050000
8965,43,384800
8966,244,59250
8967,261,46600
8968,164,133850
8969,50,355350
8970,0,2000000
8971,307,16600
8972,240,62400
8973,336,100
8974,69,295200
8975,269,41350
8976,320,8950
8977,172,124200
8978,323,7200
8979,47,367600
8980,332,2300
8981,1,1050000
8982,331,2400
8983,144,157100
8984,285,30500
8985,39,402700
8986,318,10000
8987,104,218200
8988,276,36600
8989,67,300400
8990,290,27400
8991,0,1213000
8992,50,353100
8993,324,6900
8994,305,18150
8995,329,3800
8996,322,7800
8997,334,1000
8998,330,3300
8999,301,20500
9000,335,400
9001,334,800
9002,306,17000
9003,331,2900
9004,232,69200
9005,327,5000
9006,284,31000
9007,287,29200
9008,144,157550
9009,0,1767800
9010,334,900
9011,12,620300
9012,322,8000
9013,237,64900
9014,1,1209200
9015,285,30300
9016,67,301100
9017,303,19350
9018,0,2000000
9019,310,14600
9020,271,39800
9021,296,23200
9022,0,1358800
9023,37,409100
9024,335,350
9025,320,8900
9026,0,1225100
9027,13,603000
9028,328,4600
9029,297,23100
9030,150,150600
9031,292,25700
9032,8,707100
9033,311,14200
9034,13,601300
9035,82,263000
9036,97,231300
9037,3,901200
9038,282,32550
9039,0,1245050
9040,326,5400
9041,257,49800
9042,307,16700
9043,0,2000000
9044,334,1000
9045,156,142200
9046,262,46000
9047,274,38100
9048,1,1050000
9049,325,6100
9050,333,1300
9051,300,20900
9052,325,6200
9053,314,12400
9054,196,100400
9055,285,30400
9056,106,215400
9057,186,110400
9058,268,42000
9059,315,11800
9060,101,222900
9061,81,264100
9062,329,4050
9063,235,66500
9064,259,48150
9065,0,2000000
9066,126,182000
9067,241,61700
9068,30,446800
9069,294,24900
9070,321,8200
9071,314,12200
9072,317,10900
9073,63,312300
9074,335,150
9075,332,2000
9076,313,13300
9077,158,140300
9078,60,320000
9079,211,86700
9080,0,1352300
9081,131,175200
9082,304,18200
9083,50,356100
9084,47,366000
9085,0,1501600
9086,242,60800
9087,0,1301500
9088,252,53650
9089,309,15400
9090,212,85200
9091,147,154000
9092,0,2000000
9093,0,2000000
9094,317,10800
9095,309,15300
9096,281,33400
9097,324,6600
9098,335,500
9099,328,4500
9100,333,1600
9101,331,2750
9102,332,2200
9103,333,1750
9104,323,7250
9105,331,2600
9106,307,16800
9107,322,7500
9108,266,43600
9109,167,129800
9110,328,4400
9111,243,60250
9112,270,40900
9113,329,3500
9114,274,38000
9115,320,9000
9116,171,125500
9117,1,1004300
9118,1,1052400
9119,327,5000
9120,328,4150
9121,329,3700
9122,298,22000
9123,197,99200
9124,198,98000
9125,240,62750
9126,0,1920900
9127,0,1215300
9128,335,200
9129,1,1054800
9130,274,37800
9131,194,101800
9132,330,3000
9133,176,120800
9134,0,2000000
9135,334,1100
9136,319,9400
9137,0,2000000
9138,299,21500
9139,332,2250
9140,320,9200
9141,331,2400
9142,115,199600
9143,217,81700
9144,12,620000
9145,10,661600
9146,125,183300
9147,117,197000
9148,325,6300
9149,0,2000000
9150,0,1403000
9151,3,888400
9152,5,780000
9153,0,1952300
9154,133,172600
9155,334,1150
9156,335,300
9157,277,35800
9158,334,1000
9159,302,19700
9160,3,888100
9161,316,11450
9162,303,19000
9163,1,1121400
9164,280,34000
9165,335,200
9166,330,3100
9167,289,27900
9168,207,90450
9169,27,467100
9170,265,43900
9171,141,161600
9172,0,1950800
9173,311,14500
9174,336,0
9175,0,2000000
9176,299,21400
9177,161,136800
9178,30,450000
9179,320,9000
9180,289,28100
9181,234,67000
9182,327,5050
9183,186,109800
9184,319,9500
9185,21,516850
9186,328,4600
9187,1,1161400
9188,250,54600
9189,0,2000000
9190,3,902800
9191,315,11900
9192,335,600
9193,0,1434600
9194,0,2000000
9195,251,54300
9196,332,1900
9197,252,53800
9198,3,902000
9199,1,1040800
9200,334,900
9201,332,2000
9202,100,226300
9203,311,14300
9204,276,36700
9205,104,218000
9206,290,27000
9207,0,2000000
9208,220,78500
9209,147,154000
9210,0,2000000
9211,335,500
9212,191,105450
9213,307,16600
9214,10,648000
9215,0,1512000
9216,334,700
9217,335,250
9218,217,81100
9219,282,32650
9220,0,1304400
9221,326,5600
9222,23,500300
9223,0,2000000
9224,117,196750
9225,113,203200
9226,328,4500
9227,0,2000000
9228,335,200
9229,30,448000
9230,334,1100
9231,304,18650
9232,0,1832900
9233,271,40000
9234,287,29500
9235,0,1714000
9236,286,30000
9237,121,190000
9238,336,100
9239,49,358700
9240,0,2000000
9241,43,384000
9242,281,32850
9243,33,433400
9244,306,17100
9245,140,163200
9246,335,400
9247,285,30500
9248,3,901350
9249,65,305400
9250,0,1250000
9251,335,400
9252,264,44800
9253,42,386500
9254,313,13200
9255,12,622200
9256,300,20700
9257,295,23800
9258,0,2000000
9259,7,730400
9260,336,0
9261,333,1350
9262,300,20800
9263,332,2100
9264,6,761200
9265,308,16200
9266,188,108400
9267,283,31800
9268,320,9000
9269,9,682700
9270,3,901650
9271,269,41600
9272,335,450
9273,307,16700
9274,321,8400
9275,299,21400
9276,336,100
9277,315,11750
9278,316,11000
9279,139,163600
9280,67,300000
9281,64,310000
9282,334,1200
9283,25,481500
9284,1,1203600
9285,331,2500
9286,327,4800
9287,0,2000000
9288,0,2000000
9289,281,33050
9290,223,76000
9291,64,310000
9292,30,451200
9293,13,602200
9294,309,15350
9295,0,2000000
9296,7,716200
9297,309,15200
9298,265,44000
9299,0,2000000
9300,327,4700
9301,335,300
9302,332,2200
9303,1,1050000
9304,270,40250
9305,41,391600
9306,50,353900
9307,335,200
9308,336,0
9309,175,121500
9310,301,20500
9311,333,1800
9312,278,35200
9313,299,21800
9314,332,2050
9315,279,34500
9316,217,81000
9317,322,7500
9318,328,4200
9319,283,31900
9320,332,2000
9321,235,66300
9322,51,350200
9323,0,1660500
9324,251,53900
9325,50,355600
9326,0,2000000
9327,201,96000
9328,334,800
9329,336,0
9330,289,28200
9331,320,9000
9332,311,14200
9333,289,28000
9334,236,65900
9335,327,4700
9336,100,225000
9337,0,2000000
9338,119,193650
9339,308,16000
9340,0,1634400
9341,311,14300
9342,282,32750
9343,323,7300
9344,334,800
9345,335,200
9346,1,1200850
9347,129,177800
9348,225,74350
9349,323,7400
9350,292,25800
9351,150,150600
9352,324,6450
9353,47,366000
9354,257,49550
9355,0,1469200
9356,27,470000
9357,64,308000
9358,300,21000
9359,114,200900
9360,336,100
9361,0,2000000
9362,330,3300
9363,321,8250
9364,313,13100
9365,0,1355600
9366,0,2000000
9367,195,101100
9368,314,12200
9369,325,6200
9370,330,3100
9371,78,271300
9372,328,4500
9373,67,301000
9374,1,1001100
9375,267,42600
9376,13,600900
9377,336,0
9378,146,155000
9379,321,8100
9380,95,236000
9381,35,422400
9382,250,55000
9383,0,2000000
9384,309,15300
9385,0,2000000
9386,295,24300
9387,0,2000000
9388,285,30400
9389,112,204500
9390,319,9500
9391,228,71800
9392,332,2300
9393,0,2000000
9394,217,81700
9395,308,16000
9396,297,23000
9397,1,1159450
9398,238,64200
9399,0,2000000
9400,264,44700
9401,282,32600
9402,291,26800
9403,233,67650
9404,334,1100
9405,299,21400
9406,7,711050
9407,176,120200
9408,0,1865200
9409,329,3600
9410,201,95700
9411,319,9350
9412,309,15250
9413,213,85000
9414,0,2000000
9415,170,127000
9416,258,49000
9417,96,234000
9418,324,6800
9419,288,28800
9420,331,2400
9421,3,902000
9422,314,12300
9423,12,616300
9424,325,6200
9425,8,700300
9426,0,2000000
9427,276,36500
9428,150,150400
9429,331,2900
9430,6,758700
9431,310,15100
9432,305,17800
9433,332,2300
9434,287,29200
9435,327,4950
9436,163,135100
9437,138,165100
9438,23,502800
9439,312,13500
9440,331,2400
9441,1,1009700
9442,13,610800
9443,321,8600
9444,0,2000000
9445,1,1164100
9446,30,450800
9447,298,21900
9448,308,16300
9449,0,2000000
9450,243,60300
9451,251,54400
9452,322,8000
9453,324,6400
9454,0,1658000
9455,49,357300
9456,4,840000
9457,243,60000
9458,0,1806000
9459,0,1832300
9460,313,13200
9461,3,901850
9462,335,550
9463,0,2000000
9464,332,2300
9465,6,754000
9466,111,205400
9467,336,0
9468,294,25000
9469,308,15900
9470,0,1800550
9471,316,11300
9472,254,52000
9473,334,1000
9474,334,1000
9475,38,403500
9476,176,120600
9477,315,11700
9478,325,6200
9479,306,17400
9480,237,65000
9481,281,33100
9482,330,3400
9483,244,59600
9484,223,76400
9485,321,8600
9486,280,33500
9487,51,349500
9488,205,92000
9489,282,32600
9490,268,42000
9491,1,1050000
9492,286,29900
9493,301,20300
9494,39,401800
9495,20,530000
9496,330,3350
9497,5,800900
9498,316,11000
9499,0,2000000
9500,214,83500
9501,63,311200
9502,299,21400
9503,23,500300
9504,329,4000
9505,208,89300
9506,327,5100
9507,30,450000
9508,305,17750
9509,67,300500
9510,0,1407000
9511,298,22000
9512,233,68200
9513,4,848300
9514,205,92150
9515,8,704700
9516,66,302000
9517,13,606250
9518,319,9400
9519,1,1006000
9520,4,809000
9521,232,68800
9522,48,360600
9523,218,80100
9524,333,1500
9525,32,438400
9526,11,634000
9527,335,300
9528,325,6000
9529,0,1330400
9530,23,500400
9531,3,905200
9532,282,32650
9533,39,401200
9534,304,18200
9535,0,2000000
9536,275,37300
9537,8,706000
9538,318,9950
9539,328,4500
9540,263,45800
9541,0,2000000
9542,260,47900
9543,328,4300
9544,333,1500
9545,0,1431900
9546,335,300
9547,258,48900
9548,320,8950
9549,4,826300
9550,36,414400
9551,160,138200
9552,335,600
9553,247,57500
9554,306,17200
9555,306,17350
9556,331,2800
9557,2,916000
9558,316,11200
9559,0,2000000
9560,313,13000
9561,332,2100
9562,0,2000000
9563,230,70300
9564,325,6000
9565,308,15900
9566,330,3000
9567,327,4800
9568,316,11300
9569,3,874800
9570,0,2000000
9571,305,17800
9572,324,6850
9573,0,1646400
9574,113,202300
9575,0,2000000
9576,324,6800
9577,334,700
9578,0,2000000
9579,139,164200
9580,276,36400
9581,255,51300
9582,304,18300
9583,248,56200
9584,1,1030850
9585,314,12300
9586,196,100300
9587,336,100
9588,121,189400
9589,299,21300
9590,5,801000
9591,0,1803350
9592,54,340300
9593,246,57550
9594,0,2000000
9595,304,18750
9596,331,2700
9597,332,2200
9598,327,4700
9599,3,910000
9600,71,290400
9601,330,3050
9602,30,450000
9603,334,1100
9604,0,2000000
9605,315,11800
9606,3,901000
9607,298,22000
9608,149,150900
9609,0,1832150
9610,306,17200
9611,197,98850
9612,319,9400
9613,335,400
9614,64,308800
9615,326,5200
9616,62,314400
9617,1,1066000
9618,316,11100
9619,333,1300
9620,0,2000000
9621,324,6400
9622,262,46400
9623,88,249000
9624,5,780100
9625,64,310000
9626,90,245200
9627,230,70400
9628,128,180100
9629,332,2100
9630,331,2650
9631,325,6000
9632,228,72000
9633,298,22400
9634,164,133200
9635,295,24100
9636,42,386500
9637,0,2000000
9638,309,15600
9639,240,62800
9640,328,4300
9641,326,5650
9642,300,21100
9643,286,30150
9644,149,151200
9645,23,503200
9646,262,46500
9647,23,501900
9648,328,4300
9649,0,2000000
9650,328,4400
9651,206,90800
9652,176,120200
9653,133,172600
9654,266,43700
9655,283,31600
9656,300,20900
9657,174,122350
9658,318,10400
9659,329,3700
9660,332,1900
9661,324,6600
9662,317,10800
9663,22,505300
9664,62,316000
9665,123,187600
9666,333,1500
9667,294,24750
9668,319,9400
9669,10,645600
9670,88,250300
9671,265,43800
9672,148,152550
9673,159,139000
9674,329,3600
9675,336,0
9676,325,5900
9677,206,90550
9678,321,8100
9679,144,158000
9680,322,7550
9681,39,403000
9682,335,200
9683,1,1050000
9684,280,34000
9685,304,18400
9686,0,2000000
9687,274,38100
9688,303,18800
9689,1,1200300
9690,162,136000
9691,295,24100
9692,320,9000
9693,272,38900
9694,271,40150
9695,320,9100
9696,328,4450
9697,327,5150
9698,87,250800
9699,136,168300
9700,331,2700
9701,1,1210700
9702,0,1471200
9703,335,300
9704,139,163900
9705,0,2000000
9706,315,11950
9707,0,2000000
9708,5,801300
9709,107,212400
9710,57,329000
9711,330,3100
9712,287,29500
9713,281,33450
9714,332,2250
9715,0,1717200
9716,283,31700
9717,332,1900
9718,321,8100
9719,317,10700
9720,331,2800
9721,0,1808300
9722,332,2100
9723,305,17800
9724,0,1982000
9725,112,203900
9726,280,33600
9727,0,1647200
9728,318,10100
9729,165,132050
9730,244,59400
9731,157,142100
9732,284,31050
9733,78,271000
9734,324,6400
9735,23,503000
9736,280,33600
9737,334,1150
9738,311,14400
9739,333,1500
9740,0,1604000
9741,321,8500
9742,334,800
9743,45,374000
9744,1,1007650
9745,23,500300
9746,243,60100
9747,0,2000000
9748,300,21000
9749,321,8400
9750,326,5500
9751,267,42650
9752,334,800
9753,316,11000
9754,284,31150
9755,302,20000
9756,329,4000
9757,334,900
9758,1,1066000
9759,2,916000
9760,331,2900
9761,0,2000000
9762,215,83200
9763,6,756400
9764,28,466000
9765,11,641600
9766,334,750
9767,227,73200
9768,282,32500
9769,335,450
9770,0,2000000
9771,127,181400
9772,295,24350
9773,6,754000
9774,146,155000
9775,13,609650
9776,244,59200
9777,74,282900
9778,8,700700
9779,319,9400
9780,5,802000
9781,0,2000000
9782,318,10250
9783,320,9200
9784,246,58100
9785,296,23700
9786,333,1300
9787,328,4300
9788,5,792800
9789,95,234400
9790,23,495400
9791,121,190000
9792,238,64300
9793,67,300150
9794,326,5200
9795,0,1419000
9796,211,86500
9797,263,45600
9798,297,22700
9799,76,275600
9800,330,3000
9801,167,130000
9802,299,21300
9803,316,11200
9804,295,24000
9805,218,80400
9806,264,44650
9807,293,25100
9808,300,21000
9809,324,6400
9810,334,850
9811,3,900250
9812,277,35800
9813,333,1250
9814,67,301150
9815,245,59000
9816,323,7100
9817,327,5100
9818,336,0
9819,315,11700
9820,314,12500
9821,30,451600
9822,0,2000000
9823,332,2100
9824,66,303000
9825,121,190000
9826,333,1400
9827,66,304200
9828,322,7500
9829,326,5200
9830,7,710300
9831,320,8650
9832,82,261600
9833,110,208300
9834,258,48700
9835,170,126200
9836,245,58900
9837,301,20200
9838,22,504800
9839,252,53500
9840,321,8350
9841,309,15700
9842,66,302000
9843,325,6000
9844,328,4600
9845,332,1900
9846,118,194400
9847,0,1401400
9848,124,185600
9849,252,53700
9850,3,900500
9851,295,24000
9852,51,352600
9853,333,1300
9854,258,49400
9855,1,1036700
9856,128,180300
9857,80,266400
9858,318,10300
9859,323,7100
9860,333,1500
9861,333,1800
9862,193,103050
9863,321,8300
9864,0,2000000
9865,318,10400
9866,1,1050000
9867,329,3800
9868,242,61200
9869,240,62150
9870,285,30300
9871,204,92700
9872,229,71100
9873,11,640400
9874,332,2300
9875,316,11200
9876,104,218300
9877,334,1050
9878,138,166000
9879,90,245200
9880,258,48800
9881,216,82200
9882,259,48600
9883,317,10800
9884,253,52400
9885,332,2100
9886,305,18000
9887,1,1050000
9888,281,33350
9889,9,681650
9890,316,11300
9891,242,61300
9892,6,756000
9893,66,301800
9894,335,150
9895,0,2000000
9896,295,24000
9897,333,1700
9898,225,74500
9899,319,9500
9900,25,484000
9901,326,5350
9902,333,1700
9903,6,750400
9904,318,9900
9905,317,10550
9906,318,10200
9907,333,1600
9908,334,800
9909,0,2000000
9910,335,200
9911,13,612400
9912,334,1000
9913,322,8000
9914,0,2000000
9915,335,200
9916,335,400
9917,331,2400
9918,55,338100
9919,287,29000
9920,305,17850
9921,335,400
9922,4,811900
9923,52,348250
9924,287,29000
9925,333,1400
9926,0,1262500
9927,287,29000
9928,324,6500
9929,327,5000
9930,0,2000000
9931,4,840800
9932,295,24000
9933,150,150600
9934,322,8000
9935,275,37100
9936,311,14200
9937,13,602300
9938,233,68100
9939,334,1100
9940,167,130300
9941,294,24600
9942,308,16000
9943,0,1510000
9944,268,41700
9945,235,66250
9946,329,3700
9947,147,154000
9948,0,1411050
9949,334,800
9950,6,750400
9951,332,1850
9952,39,400300
9953,295,24000
9954,306,17000
9955,0,1440500
9956,306,17100
9957,321,8400
9958,315,11750
9959,30,451200
9960,297,22700
9961,287,29500
9962,149,150950
9963,306,17300
9964,295,24200
9965,2,996000
9966,289,28050
9967,51,350600
9968,331,2800
9969,45,374000
9970,313,13200
9971,331,2550
9972,13,607000
9973,124,186100
9974,208,88800
9975,280,34100
9976,48,363200
9977,312,13800
9978,333,1800
9979,304,18400
9980,55,338350
9981,336,100
9982,292,26100
9983,291,26400
9984,214,84200
9985,334,1000
9986,276,36600
9987,335,300
9988,0,1401900
9989,8,706850
9990,216,81850
9991,335,150
9992,314,12300
9993,69,294100
9994,240,62200
9995,214,84200
9996,0,1475400
9997,314,12250
9998,0,1758500
9999,3,883600
10000,333,1700
10001,258,48950
10002,0,2000000
10003,199,97700
10004,320,9000
10005,145,156800
10006,330,3400
10007,314,12500
10008,82,262500
10009,330,3300
10010,138,165000
10011,113,203050
10012,114,201050
10013,318,10100
10014,0,1435200
10015,306,17100
10016,112,204500
10017,321,8500
10018,330,3450
10019,335,150
10020,329,4000
10021,280,33800
10022,0,1954000
10023,305,18000
10024,334,1100
10025,303,18800
10026,20,527000
10027,7,721000
10028,321,8200
10029,0,2000000
10030,336,100
10031,261,47000
10032,334,1100
10033,124,185200
10034,277,35500
10035,0,1223700
10036,304,18600
10037,335,500
10038,335,650
10039,331,2700
10040,277,36100
10041,334,750
10042,278,35100
10043,334,800
10044,328,4400
10045,329,3600
10046,274,37600
10047,334,1000
10048,264,44800
10049,277,36000
10050,284,31250
10051,294,24800
10052,328,4100
10053,0,2000000
10054,331,2700
10055,0,1224600
10056,0,1220900
10057,332,2100
10058,54,339300
10059,186,110100
10060,108,210950
10061,322,7500
10062,302,20000
10063,231,70000
10064,0,2000000
10065,3,903600
10066,16,566400
10067,329,3500
10068,319,9800
10069,273,38700
10070,0,1568400
10071,334,1200
10072,117,195800
10073,1,1000900
10074,270,40800
10075,208,89300
10076,278,35000
10077,4,820200
10078,148,152400
10079,106,215550
10080,334,900
10081,282,32300
10082,0,1423100
10083,284,31200
10084,48,360400
10085,328,4600
10086,294,24800
10087,336,0
10088,0,1411400
10089,1,1050000
10090,4,806600
10091,0,2000000
10092,270,40800
10093,308,16350
10094,2,923200
10095,332,1900
10096,216,82400
10097,318,10200
10098,331,2750
10099,327,5050
10100,1,1057200
10101,326,5450
10102,7,734000
10103,329,4000
10104,332,2150
10105,292,25800
10106,3,898900
10107,127,180600
10108,332,2300
10109,4,841600
10110,257,49700
10111,334,1000
10112,287,29400
10113,0,1740000
10114,322,7600
10115,317,10700
10116,0,1418100
10117,321,8200
10118,329,3500
10119,5,802500
10120,332,1900
10121,333,1250
10122,0,1690000
10123,326,5300
10124,335,400
10125,125,183600
10126,276,36300
10127,0,2000000
10128,283,31600
10129,184,112000
10130,303,19000
10131,244,59500
10132,333,1500
10133,306,17400
10134,70,291600
10135,326,5600
10136,3,900150
10137,325,6300
10138,0,1401800
10139,333,1750
10140,331,2800
10141,333,1500
10142,336,0
10143,267,43000
10144,1,1066000
10145,299,21600
10146,285,30800
10147,329,3800
10148,269,41400
10149,265,44200
10150,67,300750
10151,193,103000
10152,0,2000000
10153,335,200
10154,0,1989200
10155,184,112300
10156,0,2000000
10157,0,1508750
10158,232,69000
10159,334,800
10160,329,3650
10161,6,754000
10162,0,2000000
10163,0,2000000
10164,327,5100
10165,8,700500
10166,1,1050000
10167,0,1313500
10168,56,334100
10169,28,460000
10170,171,125500
10171,320,9200
10172,2,926800
10173,282,32200
10174,335,600
10175,0,1400000
10176,280,33650
10177,314,12300
10178,0,2000000
10179,0,2000000
10180,324,6600
10181,0,1502200
10182,335,300
10183,189,106600
10184,0,1657200
10185,277,35600
10186,333,1800
10187,1,1050000
10188,326,5300
10189,321,8100
10190,259,48000
10191,231,69400
10192,309,15600
10193,231,69500
10194,217,81600
10195,0,2000000
10196,283,31800
10197,321,8250
10198,114,200600
10199,329,3700
10200,1,1024300
10201,316,11300
10202,253,52900
10203,264,44450
10204,222,77100
10205,140,162900
10206,317,10700
10207,4,819150
10208,329,3600
10209,317,10600
10210,319,9800
10211,335,500
10212,330,3200
10213,215,83000
10214,330,3150
10215,0,2000000
10216,0,1714000
10217,331,2800
10218,0,2000000
10219,239,63000
10220,328,4100
10221,248,56200
10222,332,2300
10223,6,752300
10224,333,1600
10225,323,7200
10226,296,23500
10227,333,1600
10228,334,900
10229,143,158400
10230,0,2000000
10231,333,1600
10232,293,25400
10233,231,69600
10234,51,352200
10235,228,72100
10236,319,9700
10237,334,1200
10238,51,350800
10239,305,17650
10240,0,2000000
10241,1,1178000
10242,300,21000
10243,0,1404600
10244,148,152200
10245,335,250
10246,319,9700
10247,325,6000
10248,325,6000
10249,14,594000
10250,217,81700
10251,30,451200
10252,335,300
10253,303,19000
10254,259,48000
10255,326,5400
10256,284,31400
10257,328,4500
10258,134,171600
10259,323,7050
10260,283,32000
10261,0,1806000
10262,134,171200
10263,0,2000000
10264,80,266800
10265,329,4000
10266,325,5900
10267,11,632600
10268,0,2000000
10269,24,494400
10270,207,90000
10271,324,6700
10272,1,1082000
10273,249,55300
10274,328,4100
10275,333,1600
10276,245,58400
10277,242,60800
10278,62,314150
10279,303,19200
10280,141,161300
10281,231,69300
10282,0,2000000
10283,318,10100
10284,157,141100
10285,318,9900
10286,270,40500
10287,336,0
10288,325,6000
10289,305,17600
10290,330,3150
10291,304,18300
10292,290,27200
10293,314,12500
10294,269,41200
10295,323,7400
10296,135,169700
10297,141,162000
10298,0,2000000
10299,331,2900
10300,316,11300
10301,102,222400
10302,305,18000
10303,4,813400
10304,1,1164250
10305,332,2000
10306,4,806100
10307,335,200
10308,325,6100
10309,280,34000
10310,319,9750
10311,13,600300
10312,269,41200
10313,218,80250
10314,0,1358400
10315,157,141350
10316,3,879000
10317,0,1806000
10318,324,6900
10319,249,55800
10320,3,912000
10321,1,1050000
10322,259,48300
10323,333,1600
10324,292,26000
10325,276,36800
10326,82,263000
10327,329,3700
10328,5,776300
10329,0,2000000
10330,2,932000
10331,322,7550
10332,4,836500
10333,334,800
10334,323,7000
10335,329,3900
10336,280,34000
10337,312,13400
10338,268,42000
10339,263,45600
10340,2,986500
10341,1,1005500
10342,239,63200
10343,334,1200
10344,311,14000
10345,12,624600
10346,10,652400
10347,328,4300
10348,108,211150
10349,44,377800
10350,266,43600
10351,39,400300
10352,334,900
10353,35,423700
10354,332,2000
10355,0,2000000
10356,296,23150
10357,308,15800
10358,0,1450000
10359,197,99600
10360,1,1001350
10361,0,1534000
10362,66,303500
10363,309,15300
10364,0,2000000
10365,324,6500
10366,3,867000
10367,275,36900
10368,335,450
10369,195,101600
10370,285,30600
10371,330,3200
10372,290,27300
10373,334,1200
10374,37,411200
10375,0,2000000
10376,329,3500
10377,332,2300
10378,327,5150
10379,332,2200
10380,262,46400
10381,316,11100
10382,335,300
10383,327,5100
10384,320,9000
10385,252,53600
10386,0,1265150
10387,308,16000
10388,273,38600
10389,0,1322650
10390,69,293700
10391,0,2000000
10392,174,122700
10393,326,5400
10394,283,31800
10395,240,62500
10396,317,10450
10397,331,2600
10398,299,21450
10399,334,700
10400,325,5800
10401,313,12900
10402,282,32500
10403,0,2000000
10404,325,6200
10405,249,56000
10406,320,9000
10407,0,2000000
10408,334,700
10409,230,70400
10410,7,713000
10411,16,562000
10412,302,20000
10413,335,450
10414,335,600
10415,30,450000
10416,253,52600
10417,0,1565000
10418,255,51550
10419,29,454000
10420,260,47700
10421,334,850
10422,4,846000
10423,331,2400
10424,23,502600
10425,331,2800
10426,1,1030300
10427,34,424100
10428,5,801800
10429,270,40700
10430,1,1212000
10431,333,1700
10432,334,1000
10433,44,380000
10434,106,215000
10435,330,3100
10436,306,17500
10437,204,93000
10438,275,37000
10439,287,29400
10440,257,49600
10441,30,452800
10442,305,18000
10443,30,450000
10444,0,1390000
10445,334,1000
10446,64,308000
10447,326,5300
10448,320,9000
10449,307,16600
10450,329,3800
10451,28,462400
10452,302,20000
10453,0,2000000
10454,48,360400
10455,82,262800
10456,175,121300
10457,294,24900
10458,283,31550
10459,44,379000
10460,333,1500
10461,13,600000
10462,254,51900
10463,271,40000
10464,331,2650
10465,330,3300
10466,325,6000
10467,326,5700
10468,335,550
10469,13,600650
10470,318,10000
10471,334,900
10472,333,1500
10473,29,457000
10474,330,3100
10475,334,700
10476,232,68900
10477,84,257400
10478,330,2950
10479,10,654000
10480,86,254600
10481,9,677250
10482,247,57100
10483,0,1450200
10484,51,350600
10485,243,60300
10486,0,2000000
10487,319,9300
10488,76,275800
10489,335,350
10490,39,401600
10491,299,21500
10492,285,30400
10493,3,903600
10494,146,155200
10495,332,2100
10496,334,1200
10497,229,71600
10498,39,401350
10499,334,1100
10500,0,2000000
10501,335,500
10502,293,25200
10503,50,353200
10504,153,146800
10505,10,659700
10506,15,579200
10507,300,21200
10508,331,2700
10509,285,30600
10510,331,2900
10511,13,606000
10512,336,0
10513,127,181400
10514,20,524200
10515,0,1382800
10516,150,150000
10517,247,57150
10518,334,900
10519,309,15200
10520,336,100
10521,322,7700
10522,32,436300
10523,64,309600
10524,306,17100
10525,7,725800
10526,329,3600
10527,39,402700
10528,28,461600
10529,333,1500
10530,325,5800
10531,331,2400
10532,149,151400
10533,322,8000
10534,318,9900
10535,199,97000
10536,223,76200
10537,335,500
10538,311,14000
10539,331,2550
10540,311,14100
10541,289,28000
10542,336,0
10543,298,22200
10544,334,1150
10545,333,1600
10546,332,2250
10547,149,151200
10548,326,5700
10549,152,147900
10550,332,2100
10551,174,122200
10552,330,3000
10553,325,6100
10554,0,2000000
10555,0,1807200
10556,256,50800
10557,115,199250
10558,207,90000
10559,335,600
10560,0,2000000
10561,318,10200
10562,332,1950
10563,0,2000000
10564,250,54600
10565,334,800
10566,328,4550
10567,9,675250
10568,0,1252300
10569,314,12200
10570,26,480000
10571,271,39800
10572,9,668700
10573,242,60950
10574,302,20000
10575,314,12200
10576,132,173800
10577,251,54400
10578,331,2700
10579,298,22200
10580,283,31500
10581,327,4700
10582,336,0
10583,60,319800
10584,253,52450
10585,173,123100
10586,0,2000000
10587,288,28550
10588,332,2050
10589,82,262000
10590,1,1196100
10591,332,1900
10592,335,200
10593,329,3700
10594,66,302200
10595,336,100
10596,124,185000
10597,336,0
10598,315,12000
10599,334,900
10600,329,4000
10601,282,32700
10602,310,14700
10603,11,635600
10604,30,450800
10605,335,250
10606,0,2000000
10607,223,76000
10608,284,31200
10609,2,967150
10610,305,18100
10611,335,650
10612,309,15300
10613,172,124650
10614,0,1952000
10615,1,1052400
10616,0,2000000
10617,269,41200
10618,329,3800
10619,0,2000000
10620,288,28800
10621,335,300
10622,265,44100
10623,0,1400300
10624,134,171600
10625,323,7000
10626,0,2000000
10627,333,1450
10628,234,67200
10629,5,782000
10630,304,18300
10631,126,183000
10632,336,0
10633,335,400
10634,0,2000000
10635,0,2000000
10636,332,2200
10637,334,800
10638,196,100700
10639,242,61200
10640,243,60350
10641,274,37800
10642,320,8800
10643,0,1433600
10644,319,9300
10645,7,710600
10646,318,9850
10647,322,7600
10648,0,1461800
10649,326,5700
10650,108,211700
10651,334,700
10652,336,0
10653,325,6000
10654,331,2400
10655,277,35500
10656,333,1400
10657,334,800
10658,173,123250
10659,3,863800
10660,259,48650
10661,88,250400
10662,3,903000
10663,1,1050000
10664,119,193400
10665,318,10300
10666,2,956800
10667,34,425100
10668,242,60800
10669,172,124100
10670,1,1204600
10671,334,700
10672,333,1500
10673,253,53000
10674,1,1098000
10675,227,73200
10676,329,3700
10677,203,94000
10678,320,9200
10679,240,62900
10680,23,501800
10681,333,1600
10682,234,67500
10683,67,300150
10684,259,48000
10685,5,782000
10686,200,96400
10687,159,139200
10688,316,11100
10689,329,4000
10690,0,1806000
10691,302,19800
10692,177,119600
10693,226,74000
10694,0,2000000
10695,248,56500
10696,329,4000
10697,0,1650600
10698,247,57400
10699,6,748600
10700,316,11400
10701,113,202600
10702,0,1502700
10703,310,15000
10704,140,163200
10705,0,2000000
10706,6,750300
10707,265,44200
10708,327,4900
10709,0,2000000
10710,320,9200
10711,8,705100
10712,330,3350
10713,336,100
10714,48,362400
10715,263,45800
10716,266,43200
10717,312,13600
10718,317,10900
10719,120,191800
10720,55,338000
10721,1,1205000
10722,312,13700
10723,280,34000
10724,142,160200
10725,65,304800
10726,264,44850
10727,299,21800
10728,265,43900
10729,315,11600
10730,8,705000
10731,330,3200
10732,305,18000
10733,44,380000
10734,269,41400
10735,304,18300
10736,0,1456000
10737,7,711300
10738,323,7200
10739,336,0
10740,317,10800
10741,332,1850
10742,239,63000
10743,336,100
10744,0,1424200
10745,143,158900
10746,328,4300
10747,327,5100
10748,0,2000000
10749,0,2000000
10750,2,954400
10751,318,10000
10752,0,1503200
10753,335,200
10754,313,13250
10755,334,800
10756,59,324000
10757,306,17100
10758,334,900
10759,324,6500
10760,242,61350
10761,192,103800
10762,336,0
10763,157,141100
10764,282,32600
10765,324,6600
10766,332,1900
10767,95,235000
10768,149,150900
10769,240,62500
10770,227,73300
10771,0,1386400
10772,294,24500
10773,291,26600
10774,186,109800
10775,150,150000
10776,316,11100
10777,331,2550
10778,315,11900
10779,0,2000000
10780,331,2800
10781,308,15800
10782,334,750
10783,312,13650
10784,241,61700
10785,263,45300
10786,150,150500
10787,310,14800
10788,191,104900
10789,182,114300
10790,11,636000
10791,49,360000
10792,308,16200
10793,221,77800
10794,193,103500
10795,241,62000
10796,309,15200
10797,329,3850
10798,0,2000000
10799,104,217500
10800,147,154400
10801,1,1204400
10802,316,11400
10803,199,97750
10804,0,1982400
10805,325,6000
10806,290,27100
10807,39,403000
10808,41,392000
10809,11,630000
10810,276,36200
10811,11,632600
10812,13,603250
10813,300,21200
10814,335,200
10815,261,47100
10816,333,1300
10817,216,82300
10818,317,10700
10819,335,250
10820,335,300
10821,333,1600
10822,243,60200
10823,316,11350
10824,7,709800
10825,325,6000
10826,286,29650
10827,210,87050
10828,332,2300
10829,0,2000000
10830,242,61100
10831,0,2000000
10832,1,1052400
10833,3,900600
10834,0,2000000
10835,1,1202300
10836,215,82800
10837,315,11700
10838,0,2000000
10839,324,6900
10840,320,8900
10841,310,15000
10842,276,36400
10843,266,43500
10844,331,2900
10845,189,106700
10846,0,2000000
10847,6,750700
10848,252,53350
10849,3,900250
10850,0,1833000
10851,335,300
10852,22,508800
10853,322,8000
10854,328,4600
10855,319,9300
10856,243,60300
10857,35,421000
10858,330,3200
10859,0,1582400
10860,324,6800
10861,335,400
10862,276,36400
10863,301,20600
10864,334,1100
10865,275,37100
10866,166,131000
10867,4,806500
10868,68,296500
10869,331,2400
10870,307,16400
10871,183,113000
10872,282,32200
10873,110,208400
10874,335,300
10875,312,13800
10876,217,81400
10877,197,99000
10878,0,2000000
10879,211,86300
10880,130,176500
10881,202,94400
10882,334,700
10883,92,240300
10884,10,650400
10885,198,98400
10886,236,65400
10887,335,600
10888,328,4600
10889,297,22600
10890,1,1203150
10891,214,83600
10892,297,22700
10893,101,224200
10894,297,22800
10895,279,34700
10896,234,67100
10897,264,44500
10898,0,1508250
10899,1,1050000
10900,218,80400
10901,333,1800
10902,233,68200
10903,111,206000
10904,6,748600
10905,332,1900
10906,323,7200
10907,334,1000
10908,51,350000
10909,334,1000
10910,336,0
10911,276,36300
10912,285,30200
10913,38,407200
10914,297,23100
10915,7,731100
10916,330,3400
10917,225,74400
10918,325,5800
10919,255,51150
10920,30,450000
10921,328,4200
10922,40,397600
10923,290,27150
10924,332,2200
10925,285,30400
10926,259,48300
10927,13,605500
10928,329,3700
10929,269,41600
10930,292,25900
10931,3,901100
10932,60,322000
10933,169,127550
10934,287,29000
10935,332,1900
10936,329,3600
10937,88,249700
10938,30,450000
10939,264,44700
10940,288,28500
10941,13,611200
10942,55,337500
10943,319,9600
10944,332,2300
10945,274,37550
10946,64,309000
10947,264,44900
10948,332,1900
10949,331,2900
10950,282,32700
10951,334,1050
10952,1,1178000
10953,166,131600
10954,336,0
10955,0,2000000
10956,325,6100
10957,0,1224600
10958,0,1501200
10959,0,1295000
10960,21,516700
10961,334,1000
10962,286,29800
10963,194,102600
10964,0,2000000
10965,305,18000
10966,217,81300
10967,44,380300
10968,322,7600
10969,67,301100
10970,324,6400
10971,270,40600
10972,298,22000
10973,317,10800
10974,134,170400
10975,212,85300
10976,2,918000
10977,320,9100
10978,22,508200
10979,1,1203800
10980,322,8000
10981,172,125000
10982,26,474000
10983,187,108600
10984,0,2000000
10985,332,2000
10986,29,458000
10987,123,186600
10988,304,18400
10989,299,21700
10990,330,3400
10991,0,2000000
10992,66,302000
10993,215,82900
10994,0,1845750
10995,50,353000
10996,248,56700
10997,7,715600
10998,139,163750
10999,69,295200
11000,218,80400
11001,69,294250
11002,322,8000
11003,333,1300
11004,258,48700
11005,320,8750
11006,329,3500
11007,272,39100
11008,284,31000
11009,321,8500
11010,163,134900
11011,2,1000150
11012,0,1351500
11013,252,53500
11014,322,7800
11015,0,1648300
11016,185,111000
11017,331,2400
11018,303,19300
11019,23,502000
11020,8,703350
11021,30,450000
11022,300,21200
11023,303,19000
11024,219,79250
11025,331,2500
11026,160,138000
11027,309,15700
11028,0,2000000
11029,0,2000000
11030,0,2000000
11031,325,5900
11032,3,902000
11033,309,15700
11034,331,2400
11035,328,4200
11036,307,16450
11037,0,2000000
11038,133,172000
11039,328,4400
11040,253,52500
11041,327,5100
11042,308,16300
11043,13,605400
11044,275,37200
11045,13,611500
11046,1,1038000
11047,21,519000
11048,192,104100
11049,91,242600
11050,312,13500
11051,223,76200
11052,311,14350
11053,295,24200
11054,272,39300
11055,68,298000
11056,322,7900
11057,333,1800
11058,0,1746000
11059,8,700750
11060,297,22700
11061,216,82400
11062,0,1500000
11063,322,7500
11064,0,2000000
11065,158,140300
11066,1,1019400
11067,332,2300
11068,316,11200
11069,273,38300
11070,35,420000
11071,324,6400
11072,215,83000
11073,149,151000
11074,67,300250
11075,313,12900
11076,322,7700
11077,324,6700
11078,256,50300
11079,61,318000
11080,320,8750
11081,331,2700
11082,11,633200
11083,333,1450
11084,0,2000000
11085,317,10600
11086,329,4050
11087,37,409200
11088,192,104100
11089,271,39800
11090,150,150000
11091,26,478000
11092,243,60300
11093,288,28600
11094,21,512800
11095,328,4200
11096,13,602100
11097,72,286000
11098,326,5500
11099,268,41700
11100,182,114400
11101,64,308000
11102,289,28100
11103,262,46100
11104,0,2000000
11105,264,44900
11106,311,14000
11107,320,8650
11108,13,603000
11109,274,38000
11110,1,1008500
11111,4,822500
11112,319,9600
11113,1,1050000
11114,82,261800
11115,324,6400
11116,208,89000
11117,0,2000000
11118,333,1300
11119,41,390600
11120,21,514000
11121,0,1375050
11122,29,453400
11123,320,9200
11124,319,9800
11125,336,0
11126,326,5700
11127,81,263700
11128,316,11250
11129,333,1500
11130,218,80150
11131,149,151600
11132,327,4800
11133,275,37000
11134,335,200
11135,307,16900
11136,310,14600
11137,302,20000
11138,321,8600
11139,150,150400
11140,292,26200
11141,13,606200
11142,329,3700
11143,2,992800
11144,275,37400
11145,1,1050000
11146,330,3100
11147,331,2500
11148,316,11300
11149,331,2700
11150,301,20200
11151,66,302000
11152,191,104600
11153,283,32000
11154,322,8000
11155,331,2500
11156,0,1651200
11157,224,75600
11158,333,1350
11159,334,1200
11160,316,11200
11161,235,66500
11162,299,21600
11163,323,7100
11164,318,10000
11165,303,18950
11166,2,921200
11167,66,302000
11168,243,60000
11169,277,35900
11170,65,306200
11171,328,4200
11172,208,89500
11173,304,18300
11174,111,205600
11175,119,193250
11176,319,9250
11177,66,303000
11178,257,49450
11179,331,2600
11180,335,500
11181,335,300
11182,335,450
11183,309,15600
11184,163,134100
11185,0,2000000
11186,143,158600
11187,246,58250
11188,331,2400
11189,255,50950
11190,277,35700
11191,280,34000
11192,321,8600
11193,291,26850
11194,336,100
11195,292,26000
11196,229,71600
11197,309,15450
11198,293,25300
11199,320,9000
11200,322,7600
11201,243,60150
11202,218,80400
11203,162,135400
11204,21,518200
11205,285,30500
11206,333,1750
11207,329,3800
11208,321,8450
11209,325,6150
11210,13,608200
11211,19,532700
11212,176,120400
11213,335,400
11214,295,24250
11215,322,8000
11216,326,5700
11217,49,356600
11218,315,11800
11219,334,700
11220,149,151800
11221,2,922000
11222,322,7600
11223,0,2000000
11224,8,703000
11225,318,10400
11226,66,304000
11227,317,10500
11228,332,2150
11229,300,21200
11230,114,201500
11231,277,36150
11232,327,5000
11233,66,302000
11234,325,6200
11235,10,648450
11236,333,1400
11237,30,450000
11238,283,31800
11239,316,11400
11240,88,250400
11241,296,23400
11242,4,847800
11243,20,523100
11244,332,2350
11245,231,69500
11246,306,17500
11247,321,8200
11248,305,17950
11249,0,1362000
11250,330,3350
11251,4,804200
11252,334,1000
11253,113,202400
11254,0,1518100
11255,334,1000
11256,24,492300
11257,328,4200
11258,227,72900
11259,0,2000000
11260,270,40400
11261,288,28600
11262,22,504100
11263,333,1750
11264,300,21200
11265,129,178400
11266,268,42000
11267,247,57000
11268,0,1242000
11269,66,301650
11270,0,2000000
11271,334,700
11272,305,18000
11273,207,90000
11274,219,79600
11275,306,17000
11276,0,2000000
11277,330,3200
11278,321,8100
11279,298,22150
11280,29,457200
11281,0,2000000
11282,0,1400900
11283,66,304000
11284,20,526800
11285,166,131500
11286,287,28900
11287,282,32600
11288,0,2000000
11289,0,2000000
11290,298,22200
11291,201,95350
11292,291,26400
11293,30,450000
11294,334,800
11295,10,653450
11296,311,14000
11297,333,1600
11298,297,23000
11299,307,16700
11300,13,609600
11301,306,17400
11302,335,350
11303,0,1551800
11304,0,2000000
11305,335,500
11306,0,1473200
11307,335,300
11308,241,61700
11309,13,604000
11310,10,662250
11311,115,200000
11312,289,28000
11313,148,152500
11314,308,15800
11315,324,6900
11316,109,209400
11317,135,169800
11318,312,13600
11319,333,1500
11320,147,153400
11321,302,19500
11322,64,309800
11323,335,400
11324,271,39700
11325,279,34400
11326,64,308150
11327,2,1000200
11328,12,615700
11329,327,4800
11330,34,428050
11331,330,3000
11332,314,12200
11333,253,52600
11334,318,10200
11335,218,80300
11336,0,1428200
11337,332,2200
11338,330,3300
11339,332,2200
11340,320,8700
11341,121,189400
11342,0,1338900
11343,332,2200
11344,3,864200
11345,302,20000
11346,306,17300
11347,301,20200
11348,331,2700
11349,0,2000000
11350,321,8300
11351,333,1700
11352,326,5300
11353,221,77900
11354,160,138500
11355,0,1714000
11356,320,8900
11357,333,1500
11358,203,94000
11359,314,12300
11360,137,166500
11361,147,154000
11362,296,23200
11363,0,2000000
11364,67,300250
11365,22,509300
11366,332,2000
11367,328,4300
11368,121,190800
11369,47,365000
11370,323,7400
11371,326,5400
11372,34,424500
11373,29,456400
11374,335,650
11375,285,30200
11376,298,22400
11377,0,2000000
11378,0,1954000
11379,317,10700
11380,330,3200
11381,11,632200
11382,316,11350
11383,12,616800
11384,67,301000
11385,325,5800
11386,272,39500
11387,98,230000
11388,0,1356000
11389,333,1750
11390,332,1900
11391,10,650000
11392,1,1039900
11393,217,81300
11394,267,42700
11395,1,1209100
11396,22,510200
11397,2,916250
11398,3,900250
11399,0,1500600
11400,327,4700
11401,309,15200
11402,325,6000
11403,334,800
11404,0,2000000
11405,224,75400
11406,10,660100
11407,271,40000
11408,305,17650
11409,189,107200
11410,0,1726800
11411,0,2000000
11412,273,38200
11413,220,78500
11414,334,700
11415,289,28100
11416,328,4200
11417,329,3600
11418,0,2000000
11419,316,11300
11420,244,59200
11421,269,41100
11422,0,2000000
11423,334,1100
11424,57,328800
11425,213,84600
11426,0,1525250
11427,321,8600
11428,0,2000000
11429,320,9200
11430,333,1800
11431,267,43000
11432,336,0
11433,319,9700
11434,0,2000000
11435,317,10500
11436,327,4700
11437,8,700100
11438,279,34300
11439,297,23050
11440,13,604400
11441,2,1000100
11442,0,1446700
11443,332,2000
11444,1,1014600
11445,0,2000000
11446,331,2500
11447,334,750
11448,176,120400
11449,11,632800
11450,191,105400
11451,129,178550
11452,248,56150
11453,1,1080100
11454,70,291600
11455,3,902500
11456,13,606000
11457,316,11300
11458,186,110350
11459,291,26600
11460,246,57900
11461,333,1500
11462,324,6450
11463,329,3600
11464,322,7700
11465,229,71100
11466,311,14100
11467,4,818900
11468,176,120200
11469,325,6100
11470,1,1209200
11471,315,11600
11472,322,7600
11473,317,10650
11474,329,3800
11475,21,514000
11476,336,100
11477,327,4800
11478,333,1300
11479,5,782000
11480,265,44100
11481,214,83500
11482,133,171800
11483,327,4950
11484,335,300
11485,333,1600
11486,0,1950500
11487,156,142500
11488,313,13100
11489,250,55100
11490,238,64000
11491,321,8200
11492,282,32200
11493,133,172800
11494,328,4100
11495,0,1805000
11496,66,302000
11497,0,2000000
11498,7,734000
11499,0,2000000
11500,11,634000
11501,67,300850
11502,323,7400
11503,3,900000
11504,242,60700
11505,0,2000000
11506,305,18100
11507,214,83700
11508,64,309750
11509,250,54800
11510,335,600
11511,328,4300
11512,318,10150
11513,6,752800
11514,298,22450
11515,335,300
11516,335,600
11517,332,2200
11518,305,17900
11519,19,534800
11520,0,2000000
11521,4,840100
11522,321,8300
11523,2,949800
11524,316,11300
11525,115,200000
11526,321,8300
11527,0,2000000
11528,328,4200
11529,50,356400
11530,0,2000000
11531,39,402000
11532,108,211100
11533,64,307400
11534,164,133000
11535,92,241600
11536,0,2000000
11537,0,1651000
11538,313,13000
11539,325,6150
11540,128,179700
11541,31,444800
11542,275,37300
11543,275,37400
11544,201,95700
11545,309,15700
11546,328,4200
11547,329,4000
11548,274,37750
11549,264,44750
11550,136,168500
11551,298,22400
11552,246,57850
11553,306,17100
11554,312,13500
11555,24,487700
11556,331,2600
11557,233,67700
11558,0,1500600
11559,273,38800
11560,156,142850
11561,309,15200
11562,91,244000
11563,166,131200
11564,269,41200
11565,334,1150
11566,300,21200
11567,5,766500
11568,39,400650
11569,331,2800
11570,328,4400
11571,335,400
11572,267,42350
11573,264,44600
11574,326,5350
11575,31,445600
11576,186,109800
11577,314,12200
11578,0,2000000
11579,336,100
11580,270,40800
11581,37,412000
11582,328,4300
11583,35,419800
11584,312,13400
11585,311,14000
11586,309,15600
11587,0,2000000
11588,290,27400
11589,3,901200
11590,334,750
11591,6,736000
11592,318,10200
11593,39,398700
11594,159,139500
11595,26,474000
11596,334,800
11597,284,31000
11598,326,5200
11599,330,3000
11600,62,316000
11601,271,40000
11602,268,41900
11603,318,10000
11604,254,52000
11605,259,48150
11606,0,1803400
11607,331,2800
11608,318,10250
11609,11,634500
11610,335,300
11611,243,60000
11612,1,1016900
11613,0,2000000
11614,334,750
11615,6,754000
11616,334,900
11617,331,2400
11618,331,2450
11619,6,751500
11620,19,535800
11621,288,28800
11622,294,24600
11623,307,16500
11624,66,301800
11625,328,4500
11626,0,2000000
11627,1,1155000
11628,71,290600
11629,266,43400
11630,162,136200
11631,289,28200
11632,325,6200
11633,113,202800
11634,326,5450
11635,51,352500
11636,333,1400
11637,296,23400
11638,331,2900
11639,12,622000
11640,91,242300
11641,3,900700
11642,161,137200
11643,300,20700
11644,265,43800
11645,334,1050
11646,146,155200
11647,282,32400
11648,293,25400
11649,254,51800
11650,320,9200
11651,51,350000
11652,219,79900
11653,331,2400
11654,98,229900
11655,323,7200
11656,335,200
11657,334,800
11658,336,0
11659,0,2000000
11660,0,2000000
11661,0,1389900
11662,38,406400
11663,0,2000000
11664,328,4600
11665,174,122350
11666,6,754000
11667,0,1950600
11668,323,7400
11669,329,3600
11670,23,499000
11671,236,65400
11672,0,2000000
11673,309,15500
11674,321,8550
11675,1,1167600
11676,277,35850
11677,336,100
11678,40,396200
11679,0,1257500
11680,335,200
11681,13,601000
11682,13,604000
11683,250,54600
11684,335,500
11685,328,4600
11686,294,24450
11687,328,4200
11688,330,3300
11689,285,30800
11690,1,1000500
11691,0,2000000
11692,64,308400
11693,330,3300
11694,335,500
11695,314,12600
11696,66,302000
11697,271,40000
11698,314,12700
11699,266,43150
11700,240,62350
11701,296,23200
11702,146,154800
11703,333,1450
11704,0,1576700
11705,224,75000
11706,302,19700
11707,286,30000
11708,237,65000
11709,66,303600
11710,30,452800
11711,8,705800
11712,334,800
11713,316,11300
11714,322,7600
11715,0,1458000
11716,140,162600
11717,126,182000
11718,29,453000
11719,335,550
11720,335,500
11721,336,0
11722,300,21200
11723,326,5300
11724,237,64800
11725,298,22200
11726,333,1400
11727,328,4400
11728,321,8550
11729,327,5000
11730,37,409200
11731,0,2000000
11732,158,140000
11733,332,2200
11734,150,150000
11735,164,133700
11736,0,2000000
11737,314,12300
11738,335,300
11739,316,11100
11740,336,100
11741,210,87200
11742,299,21300
11743,267,42600
11744,195,101100
11745,331,2500
11746,21,515200
11747,278,35000
11748,270,40500
11749,326,5300
11750,0,1450300
11751,325,5900
11752,118,194600
11753,142,160550
11754,11,634000
11755,186,109700
11756,109,208750
11757,221,78200
11758,49,357500
11759,327,4800
11760,329,3700
11761,328,4100
11762,332,2050
11763,335,600
11764,330,3000
11765,0,2000000
11766,64,308000
11767,4,821000
11768,64,309400
11769,335,250
11770,336,0
11771,283,31700
11772,314,12750
11773,39,400300
11774,238,64400
11775,319,9400
11776,331,2800
11777,298,22200
11778,332,2000
11779,300,20700
11780,0,2000000
11781,4,842000
11782,309,15300
11783,23,500000
11784,322,7800
11785,316,11000
11786,193,103400
11787,303,19350
11788,334,900
11789,5,801400
11790,61,318600
11791,333,1700
11792,149,150800
11793,160,137700
11794,0,2000000
11795,0,1434000
11796,30,450000
11797,42,385600
11798,234,67150
11799,332,2200
11800,329,3800
11801,312,13600
11802,319,9500
11803,264,45100
11804,300,20800
11805,96,233600
11806,0,2000000
11807,256,50600
11808,61,317300
11809,0,1951000
11810,1,1051600
11811,1,1205000
11812,3,865700
11813,329,4000
11814,283,31600
11815,329,3950
11816,243,59900
11817,131,175100
11818,251,54000
11819,1,1031600
11820,325,6000
11821,223,76100
11822,279,34200
11823,0,1802000
11824,226,73600
11825,64,308300
11826,312,13900
11827,226,74000
11828,261,46900
11829,0,2000000
11830,333,1600
11831,325,6100
11832,317,10700
11833,305,17800
11834,0,2000000
11835,328,4100
11836,57,330000
11837,322,7500
11838,275,37400
11839,182,114000
11840,75,280400
11841,15,574400
11842,300,20800
11843,289,27600
11844,335,300
11845,255,51200
11846,174,122500
11847,330,3400
11848,254,52000
11849,334,900
11850,332,2300
11851,333,1400
11852,280,33800
11853,329,3600
11854,309,15300
11855,196,100200
11856,204,93100
11857,308,16300
11858,48,362400
11859,40,396400
11860,323,7300
11861,321,8150
11862,210,87200
11863,3,900400
11864,34,429200
11865,336,0
11866,294,24700
11867,332,2350
11868,248,56500
11869,1,1050000
11870,90,246000
11871,268,42000
11872,127,181500
11873,309,15500
11874,263,45300
11875,0,1714000
11876,14,586000
11877,188,107700
11878,317,10600
11879,317,10750
11880,322,7700
11881,262,46400
11882,118,195100
11883,334,800
11884,49,358800
11885,335,250
11886,280,33700
11887,1,1175000
11888,0,2000000
11889,4,820200
11890,304,18200
11891,7,732400
11892,318,10100
11893,315,12100
11894,325,5800
11895,1,1003700
11896,223,76100
11897,126,182000
11898,325,6100
11899,332,2100
11900,299,21800
11901,304,18600
11902,297,22700
11903,0,2000000
11904,262,46300
11905,302,19600
11906,181,115100
11907,300,21000
11908,64,308200
11909,325,5800
11910,325,6200
11911,273,38600
11912,336,0
11913,309,15600
11914,320,9200
11915,291,26600
11916,335,600
11917,0,2000000
11918,336,0
11919,37,408900
11920,218,80500
11921,335,500
11922,3,900150
11923,334,700
11924,1,1201300
11925,323,7300
11926,335,400
11927,36,417200
11928,330,3200
11929,274,37600
11930,266,43400
11931,287,29300
11932,150,150300
11933,323,7200
11934,238,64100
11935,78,272400
11936,318,10300
11937,0,2000000
11938,314,12600
11939,5,801250
11940,262,46100
11941,18,543200
11942,0,2000000
11943,306,17500
11944,335,200
11945,15,584800
11946,1,1050000
11947,332,2000
11948,309,15200
11949,270,40800
11950,99,228000
11951,6,759500
11952,271,40000
11953,299,21300
11954,317,10900
11955,314,12500
11956,335,500
11957,0,1950400
11958,278,35200
11959,334,1000
11960,318,10200
11961,0,2000000
11962,302,19800
11963,64,308200
11964,0,2000000
11965,318,10300
11966,30,450000
11967,1,1001800
11968,326,5200
11969,243,60500
11970,275,37500
11971,23,498800
11972,23,500250
11973,308,15800
11974,0,2000000
11975,312,13600
11976,301,20500
11977,0,1383000
11978,299,21500
11979,44,380000
11980,239,63600
11981,159,139750
11982,284,31000
11983,7,712500
11984,7,708500
11985,321,8300
11986,23,501200
11987,28,462000
11988,108,210950
11989,320,8900
11990,334,1000
11991,330,3300
11992,305,17900
11993,191,105100
11994,2,913300
11995,29,454800
11996,5,771800
11997,306,17400
11998,314,12300
11999,323,7200
12000,334,900
12001,0,1353200
12002,304,18600
12003,325,6100
12004,0,1762800
12005,333,1450
12006,330,3100
12007,331,2450
12008,330,3300
12009,329,4000
12010,333,1800
12011,0,2000000
12012,280,33900
12013,0,1658000
12014,239,63600
12015,307,16800
12016,1,1066000
12017,0,1534000
12018,314,12600
12019,226,73550
12020,332,2200
12021,280,34000
12022,160,137650
12023,334,900
12024,308,16200
12025,292,25900
12026,329,3800
12027,9,669500
12028,59,324000
12029,47,366700
12030,0,1450800
12031,330,3200
12032,294,24450
12033,334,1100
12034,327,5100
12035,329,3600
12036,325,6200
12037,334,950
12038,66,304000
12039,182,114300
12040,333,1650
12041,323,7000
12042,47,368100
12043,286,30100
12044,52,348600
12045,301,20200
12046,330,3400
12047,334,1000
12048,325,5800
12049,323,6950
12050,56,332800
12051,333,1700
12052,329,4000
12053,29,458000
12054,294,24700
12055,13,600750
12056,332,1900
12057,0,2000000
12058,270,40300
12059,314,12200
12060,1,1050000
12061,31,441400
12062,312,13900
12063,0,1390000
12064,31,444400
12065,1,1050000
12066,324,6600
12067,335,300
12068,77,275000
12069,335,400
12070,335,300
12071,1,1050000
12072,112,204800
12073,256,50200
12074,322,7600
12075,304,18200
12076,7,720100
12077,280,34000
12078,240,62800
12079,12,614400
12080,67,300000
12081,190,106100
12082,328,4200
12083,37,408300
12084,288,28500
12085,308,15800
12086,6,760400
12087,310,14950
12088,37,410600
12089,0,2000000
12090,233,68250
12091,44,380000
12092,3,857800
12093,0,2000000
12094,234,66900
12095,238,64200
12096,281,32900
12097,185,111500
12098,0,1240400
12099,13,608400
12100,13,606800
12101,284,30900
12102,284,30900
12103,333,1800
12104,321,8250
12105,335,500
12106,306,17400
12107,331,2900
12108,209,88700
12109,312,13400
12110,0,1982000
12111,309,15700
12112,120,191600
12113,334,1000
12114,285,30700
12115,291,26500
12116,268,42300
12117,2,936800
12118,333,1300
12119,0,1801300
12120,300,21000
12121,334,900
12122,87,250600
12123,320,8800
12124,167,130300
12125,328,4300
12126,1,1202400
12127,330,3400
12128,5,775400
12129,94,237200
12130,0,2000000
12131,335,500
12132,6,735900
12133,332,1900
12134,285,30200
12135,1,1161600
12136,232,68600
12137,275,37300
12138,22,506000
12139,0,1800300
12140,323,7100
12141,273,38200
12142,285,30200
12143,292,25900
12144,330,3350
12145,259,48100
12146,0,2000000
12147,256,50400
12148,323,7200
12149,56,333600
12150,325,6100
12151,11,640200
12152,0,2000000
12153,52,348600
12154,0,2000000
12155,280,33500
12156,331,2800
12157,255,50900
12158,21,514400
12159,318,10200
12160,7,730750
12161,238,64000
12162,4,823000
12163,334,900
12164,23,500400
12165,11,631800
12166,303,18800
12167,63,311500
12168,222,76900
12169,107,213400
12170,5,770000
12171,266,43350
12172,0,1235500
12173,335,500
12174,4,817200
12175,322,8000
12176,8,707800
12177,51,350000
12178,251,54500
12179,0,1545500
12180,322,8000
12181,331,2500
12182,319,9750
12183,0,2000000
12184,325,6200
12185,0,1402950
12186,277,35800
12187,332,2150
12188,160,138000
12189,0,1659400
12190,30,452000
12191,184,112300
12192,333,1650
12193,312,13400
12194,321,8400
12195,1,1048500
12196,253,53050
12197,6,758700
12198,328,4500
12199,256,50350
12200,305,17900
12201,334,700
12202,335,400
12203,260,47800
12204,176,120200
12205,0,2000000
12206,62,316000
12207,0,2000000
12208,12,616200
12209,322,7500
12210,318,10000
12211,321,8400
12212,334,1000
12213,330,3200
12214,333,1700
12215,320,9100
12216,316,11400
12217,91,242200
12218,5,782000
12219,84,258300
12220,335,200
12221,321,8500
12222,195,101000
12223,227,72550
12224,335,400
12225,333,1400
12226,21,514000
12227,314,12300
12228,306,17300
12229,314,12500
12230,4,817800
12231,334,1150
12232,335,350
12233,316,11350
12234,247,57000
12235,290,27200
12236,0,2000000
12237,4,825100
12238,331,2600
12239,291,26800
12240,0,1320750
12241,335,200
12242,0,2000000
12243,314,12200
12244,335,600
12245,291,26500
12246,1,1178000
12247,141,162000
12248,62,314300
12249,111,206100
12250,334,800
12251,0,1249600
12252,72,287600
12253,297,22600
12254,329,3800
12255,326,5200
12256,330,3400
12257,150,150500
12258,111,206600
12259,139,163700
12260,0,2000000
12261,150,150300
12262,249,55600
12263,176,120700
12264,310,15000
12265,335,500
12266,44,379800
12267,7,711800
12268,333,1700
12269,213,84500
12270,229,71000
12271,0,2000000
12272,175,120900
12273,299,21300
12274,329,3600
12275,51,352000
12276,0,2000000
12277,236,65400
12278,298,21900
12279,114,200500
12280,322,7800
12281,259,48550
12282,1,1010800
12283,176,120700
12284,13,603000
12285,333,1400
12286,0,1982000
12287,272,39200
12288,305,17900
12289,324,6900
12290,329,4000
12291,331,2600
12292,335,600
12293,295,23900
12294,184,111800
12295,65,305500
12296,37,413200
12297,336,0
12298,333,1450
12299,189,107250
12300,65,305000
12301,18,542000
12302,335,600
12303,22,508200
12304,214,84200
12305,332,2300
12306,242,60700
12307,314,12200
12308,0,1606200
12309,321,8150
12310,66,302600
12311,167,129900
12312,321,8200
12313,322,8000
12314,84,258550
12315,199,97300
12316,2,994800
12317,322,7700
12318,330,3050
12319,284,31400
12320,332,2200
12321,316,11200
12322,38,405550
12323,272,38900
12324,73,283000
12325,0,1500000
12326,267,42500
12327,0,1272800
12328,4,804300
12329,335,300
12330,330,3450
12331,254,51650
12332,333,1600
12333,163,134100
12334,322,8000
12335,21,517000
12336,256,50800
12337,329,3550
12338,30,452200
12339,137,167200
12340,6,762700
12341,246,57700
12342,141,162000
12343,309,15600
12344,0,2000000
12345,334,900
12346,170,126900
12347,335,400
12348,0,2000000
12349,331,2600
12350,3,902000
12351,239,63200
12352,336,100
12353,318,10200
12354,268,42000
12355,313,13200
12356,332,2100
12357,236,65800
12358,10,657900
12359,330,3200
12360,291,26500
12361,30,450600
12362,100,226400
12363,300,21000
12364,321,8300
12365,145,156000
12366,336,0
12367,331,2800
12368,329,3800
12369,9,676200
12370,231,69600
12371,321,8200
12372,331,2900
12373,335,200
12374,335,400
12375,329,3850
12376,318,10400
12377,297,22700
12378,4,849500
12379,333,1400
12380,4,826500
12381,299,21700
12382,327,5000
12383,319,9750
12384,332,1900
12385,66,303800
12386,175,121800
12387,321,8500
12388,38,403500
12389,319,9500
12390,1,1003300
12391,4,842800
12392,275,37500
12393,147,153200
12394,335,500
12395,327,5000
12396,310,14600
12397,193,103200
12398,275,36950
12399,324,6500
12400,1,1001250
12401,229,71300
12402,309,15700
12403,226,74100
12404,322,7500
12405,251,54000
12406,307,16900
12407,306,17100
12408,294,24500
12409,86,252900
12410,336,100
12411,111,206400
12412,0,2000000
12413,101,224200
12414,335,200
12415,333,1400
12416,67,301500
12417,335,350
12418,331,2450
12419,138,165200
12420,189,107000
12421,188,107800
12422,250,55000
12423,84,258000
12424,2,995100
12425,327,5100
12426,317,10600
12427,312,13900
12428,0,1270500
12429,1,1178000
12430,132,174200
12431,335,300
12432,23,500000
12433,0,1502600
12434,59,323700
12435,19,531400
12436,332,2350
12437,268,42300
12438,212,85300
12439,333,1400
12440,311,14350
12441,336,0
12442,250,55000
12443,268,41750
12444,328,4150
12445,333,1300
12446,16,561800
12447,309,15500
12448,299,21400
12449,0,1660400
12450,121,189500
12451,320,8750
12452,0,1351900
12453,276,36800
12454,335,500
12455,327,4900
12456,215,83400
12457,302,20000
12458,0,2000000
12459,115,200000
12460,321,8500
12461,11,638000
12462,294,24600
12463,17,561000
12464,67,300000
12465,271,40000
12466,183,113000
12467,286,30000
12468,335,450
12469,0,1517600
12470,0,2000000
12471,73,285200
12472,289,28200
12473,297,22700
12474,318,10000
12475,129,177600
12476,0,1351300
12477,335,300
12478,145,156250
12479,334,700
12480,115,200200
12481,305,17900
12482,321,8300
12483,218,80600
12484,0,1535000
12485,306,17300
12486,306,17250
12487,335,300
12488,327,5000
12489,0,2000000
12490,332,2100
12491,258,48800
12492,0,1620200
12493,0,2000000
12494,316,11100
12495,334,1100
12496,298,22100
12497,94,238000
12498,330,3400
12499,335,450
12500,263,45500
12501,0,1650600
12502,331,2600
12503,9,677000
12504,308,15900
12505,300,20700
12506,335,250
12507,9,675000
12508,336,100
12509,0,1328750
12510,3,902000
12511,331,2600
12512,114,201000
12513,328,4300
12514,281,33300
12515,309,15300
12516,324,6900
12517,259,48000
12518,147,154000
12519,157,141000
12520,323,7400
12521,283,32000
12522,151,149400
12523,332,2350
12524,327,4850
12525,47,366000
12526,320,8850
12527,0,2000000
12528,197,99300
12529,273,38700
12530,319,9500
12531,325,6000
12532,331,2400
12533,309,15500
12534,307,16500
12535,289,28200
12536,147,154000
12537,254,51750
12538,334,1050
12539,0,1215600
12540,1,1066000
12541,335,500
12542,315,11800
12543,0,2000000
12544,271,40000
12545,317,10500
12546,322,8000
12547,14,586000
12548,335,300
12549,263,45400
12550,324,6800
12551,112,204700
12552,248,56200
12553,137,166600
12554,331,2500
12555,333,1550
12556,84,258700
12557,11,638000
12558,330,3050
12559,300,20800
12560,21,513200
12561,126,182600
12562,0,2000000
12563,207,90000
12564,318,10200
12565,61,316800
12566,329,3900
12567,0,2000000
12568,274,37950
12569,204,93000
12570,334,800
12571,331,2450
12572,335,600
12573,302,20000
12574,324,6900
12575,334,1200
12576,333,1300
12577,216,82100
12578,334,1000
12579,12,618600
12580,125,184500
12581,335,400
12582,3,867900
12583,312,13600
12584,306,17200
12585,0,1857500
12586,334,1000
12587,292,26150
12588,207,90200
12589,247,57500
12590,331,2400
12591,90,246150
12592,278,35100
12593,245,59000
12594,335,600
12595,260,47300
12596,293,25200
12597,330,3000
12598,24,490400
12599,148,152400
12600,0,2000000
12601,222,77400
12602,248,56500
12603,2,987000
12604,336,0
12605,263,45800
12606,333,1700
12607,328,4200
12608,327,4800
12609,322,7700
12610,318,10100
12611,325,6200
12612,315,11700
12613,323,7300
12614,317,10600
12615,3,900400
12616,297,23000
12617,264,44450
12618,304,18750
12619,283,31500
12620,25,483000
12621,336,0
12622,22,509000
12623,332,1900
12624,335,300
12625,221,77800
12626,13,612000
12627,314,12200
12628,2,927650
12629,308,16000
12630,220,78900
12631,5,782000
12632,334,700
12633,214,84000
12634,318,10100
12635,284,31000
12636,331,2400
12637,2,916000
12638,171,126100
12639,326,5750
12640,333,1350
12641,322,7600
12642,111,206700
12643,329,3900
12644,59,324200
12645,0,2000000
12646,317,10500
12647,5,788100
12648,45,375250
12649,141,162200
12650,323,7100
12651,333,1600
12652,328,4550
12653,228,71900
12654,12,620750
12655,137,166600
12656,138,166200
12657,63,311200
12658,300,21200
12659,1,1050000
12660,240,62200
12661,302,20000
12662,321,8300
12663,192,103800
12664,297,23000
12665,317,10600
12666,0,2000000
12667,330,3200
12668,14,588400
12669,244,59500
12670,330,3400
12671,334,800
12672,322,7500
12673,321,8100
12674,0,1690000
12675,333,1300
12676,336,0
12677,307,16400
12678,327,5100
12679,39,401200
12680,334,1100
12681,240,62800
12682,67,300900
12683,335,600
12684,127,180350
12685,1,1050000
12686,335,500
12687,334,950
12688,294,24650
12689,333,1700
12690,329,3900
12691,1,1009700
12692,0,1535600
12693,193,103500
12694,282,32300
12695,309,15400
12696,324,6900
12697,64,310000
12698,336,100
12699,175,120900
12700,277,35500
12701,296,23500
12702,336,0
12703,230,70700
12704,255,51000
12705,0,2000000
12706,61,318300
12707,113,203400
12708,273,38450
12709,1,1050000
12710,330,3200
12711,307,16600
12712,0,1828000
12713,313,12800
12714,274,37850
12715,4,825000
12716,311,14300
12717,335,600
12718,300,20800
12719,280,34100
12720,0,1216450
12721,326,5500
12722,198,98200
12723,334,1100
12724,108,210600
12725,22,504800
12726,1,1050000
12727,128,179400
12728,321,8300
12729,333,1600
12730,312,13500
12731,208,89450
12732,309,15500
12733,309,15300
12734,309,15450
12735,305,18000
12736,0,1972200
12737,0,2000000
12738,161,136600
12739,318,10100
12740,279,34400
12741,320,8800
12742,43,382000
12743,0,2000000
12744,148,152400
12745,0,2000000
12746,146,155700
12747,325,6200
12748,248,56600
12749,334,900
12750,8,705400
12751,0,2000000
12752,335,400
12753,29,458000
12754,13,608350
12755,220,79100
12756,296,23250
12757,308,15850
12758,334,1000
12759,259,48300
12760,78,272000
12761,332,2100
12762,7,708200
12763,179,117500
12764,247,57300
12765,0,1510000
12766,333,1400
12767,322,7900
12768,294,24900
12769,323,7200
12770,333,1400
12771,0,2000000
12772,126,182000
12773,295,23900
12774,0,2000000
12775,258,48900
12776,320,9200
12777,335,500
12778,309,15200
12779,314,12300
12780,318,9900
12781,21,515400
12782,219,79600
12783,29,458000
12784,333,1250
12785,309,15400
12786,208,89400
12787,326,5350
12788,271,40200
12789,328,4600
12790,6,747800
12791,335,500
12792,66,302000
12793,223,76000
12794,115,200000
12795,7,722900
12796,307,16800
12797,305,17600
12798,0,1654800
12799,330,3400
12800,315,11900
12801,327,5000
12802,334,1000
12803,22,504400
12804,0,1502200
12805,331,2400
12806,30,450000
12807,330,3300
12808,330,3050
12809,314,12250
12810,329,4000
12811,269,41300
12812,331,2450
12813,323,7100
12814,286,30000
12815,329,3600
12816,160,137650
12817,322,7600
12818,335,300
12819,113,202800
12820,330,3000
12821,330,2950
12822,159,138750
12823,8,706000
12824,286,29600
12825,61,317000
12826,64,308250
12827,285,30800
12828,335,150
12829,0,2000000
12830,315,11700
12831,324,6400
12832,177,119450
12833,306,17000
12834,292,26000
12835,87,251800
12836,314,12600
12837,25,482000
12838,145,157000
12839,1,1040000
12840,328,4150
12841,326,5500
12842,66,302000
12843,294,24600
12844,301,20200
12845,122,189000
12846,334,800
12847,20,524200
12848,257,49500
12849,238,63700
12850,325,6200
12851,0,1401700
12852,334,800
12853,26,473000
12854,114,200800
12855,294,24700
12856,141,161200
12857,269,41100
12858,0,1371800
12859,327,4950
12860,323,7100
12861,242,61200
12862,0,2000000
12863,1,1050000
12864,325,6000
12865,336,0
12866,0,2000000
12867,326,5500
12868,310,14900
12869,321,8600
12870,262,46000
12871,196,100000
12872,285,30400
12873,67,300500
12874,198,98000
12875,6,754000
12876,102,221200
12877,0,1374000
12878,0,1668750
12879,336,100
12880,219,79600
12881,207,89700
12882,34,425800
12883,228,72000
12884,327,5000
12885,306,17000
12886,336,0
12887,226,74100
12888,226,73400
12889,311,14200
12890,150,150000
12891,150,150300
12892,0,2000000
12893,305,18100
12894,13,606400
12895,285,30600
12896,332,2200
12897,211,86750
12898,22,508900
12899,335,200
12900,0,2000000
12901,33,434000
12902,284,31200
12903,207,90100
12904,290,27200
12905,333,1600
12906,150,150600
12907,59,323200
12908,112,203800
12909,56,334000
12910,305,18000
12911,201,95200
12912,30,450000
12913,22,510000
12914,328,4500
12915,71,290100
12916,314,12400
12917,327,4700
12918,333,1750
12919,1,1208000
12920,3,902000
12921,0,1402500
12922,265,44400
12923,0,1651200
12924,276,36750
12925,0,1654000
12926,67,300300
12927,270,40400
12928,0,2000000
12929,103,220800
12930,335,600
12931,190,106200
12932,223,76400
12933,114,200400
12934,152,148000
12935,319,9500
12936,216,81800
12937,328,4100
12938,49,360000
12939,328,4500
12940,0,2000000
12941,298,22200
12942,334,900
12943,319,9600
12944,252,53700
12945,13,600900
12946,323,7400
12947,281,33000
12948,142,160800
12949,26,473850
12950,326,5400
12951,258,49100
12952,172,124800
12953,334,700
12954,5,780000
12955,6,750300
12956,30,452000
12957,300,20800
12958,1,1000300
12959,303,19200
12960,0,1412500
12961,334,750
12962,301,20400
12963,301,20300
12964,308,16100
12965,284,31000
12966,331,2600
12967,312,13700
12968,334,1100
12969,110,208200
12970,2,916000
12971,326,5200
12972,334,900
12973,29,458000
12974,334,900
12975,61,318300
12976,248,56500
12977,0,1950600
12978,10,651600
12979,3,881400
12980,222,77000
12981,0,2000000
12982,0,2000000
12983,319,9400
12984,250,54800
12985,118,195100
12986,321,8200
12987,2,916250
12988,316,11000
12989,32,436000
12990,336,0
12991,325,5900
12992,91,243000
12993,92,240800
12994,1,1056800
12995,75,279600
12996,59,322500
12997,60,320100
12998,0,2000000
12999,2,1000100
13000,0,2000000
13001,306,17550
13002,335,300
13003,1,1168200
13004,199,97500
13005,2,914800
13006,335,500
13007,335,350
13008,220,78800
13009,279,34200
13010,325,5900
13011,188,108000
13012,307,16700
13013,324,6800
13014,335,200
13015,216,82000
13016,1,1050000
13017,259,48200
13018,37,411000
13019,0,1951200
13020,284,31050
13021,0,1460300
13022,240,62450
13023,278,34900
13024,324,6800
13025,174,122350
13026,303,19250
13027,0,1629100
13028,302,20000
13029,0,2000000
13030,10,653200
13031,256,50800
13032,333,1700
13033,306,17400
13034,178,117750
13035,318,10100
13036,0,2000000
13037,282,32400
13038,0,1538000
13039,61,316200
13040,37,410000
13041,18,542000
13042,328,4450
13043,188,107600
13044,283,31700
13045,282,32200
13046,332,2100
13047,306,17200
13048,187,108500
13049,330,3000
13050,284,31200
13051,328,4100
13052,98,229600
13053,242,61100
13054,259,48400
13055,300,20700
13056,329,3750
13057,336,0
13058,333,1800
13059,335,600
13060,324,6500
13061,332,2150
13062,67,301200
13063,297,22800
13064,334,800
13065,291,26700
13066,0,2000000
13067,85,255000
13068,113,203600
13069,36,416400
13070,333,1600
13071,2,934000
13072,12,616600
13073,326,5750
13074,6,747800
13075,315,11800
13076,272,39500
13077,327,5100
13078,334,800
13079,335,250
13080,66,302000
13081,148,153000
13082,214,84300
13083,324,6400
13084,4,824500
13085,329,3650
13086,320,9200
13087,330,3200
13088,302,19700
13089,325,6200
13090,335,300
13091,271,40000
13092,51,350000
13093,324,6900
13094,0,2000000
13095,256,50400
13096,324,6700
13097,204,92700
13098,1,1009200
13099,0,2000000
13100,67,300900
13101,320,8900
13102,0,1699400
13103,0,1832450
13104,335,150
13105,10,661000
13106,334,800
13107,320,9000
13108,126,182000
13109,244,59100
13110,324,6700
13111,0,1568000
13112,61,316850
13113,333,1400
13114,305,17800
13115,335,200
13116,333,1600
13117,328,4500
13118,310,15100
13119,61,317000
13120,304,18600
13121,330,3100
13122,332,2100
13123,0,2000000
13124,0,1716400
13125,0,2000000
13126,327,4750
13127,0,2000000
13128,296,23500
13129,10,656000
13130,0,2000000
13131,333,1500
13132,13,600100
13133,43,384300
13134,333,1700
13135,329,3600
13136,1,1001200
13137,131,175800
13138,0,1616300
13139,282,32600
13140,19,530400
13141,281,33200
13142,223,75900
13143,332,2200
13144,188,107700
13145,270,40900
13146,13,600800
13147,305,17750
13148,85,255800
13149,328,4400
13150,319,9500
13151,331,2600
13152,284,31200
13153,1,1044000
13154,30,450000
13155,303,19100
13156,206,91000
13157,197,99100
13158,10,661000
13159,0,2000000
13160,30,451600
13161,333,1700
13162,306,17200
13163,77,274000
13164,281,33250
13165,29,458000
13166,0,1802600
13167,320,9200
13168,314,12200
13169,162,135400
13170,0,1986000
13171,329,3900
13172,331,2500
13173,329,3700
13174,333,1500
13175,327,4900
13176,0,2000000
13177,68,297150
13178,336,0
13179,328,4100
13180,67,300400
13181,1,1029500
13182,319,9400
13183,295,24250
13184,329,3900
13185,336,0
13186,324,6700
13187,334,1000
13188,285,30400
13189,2,976900
13190,324,6400
13191,0,1470000
13192,286,29900
13193,324,6400
13194,3,901000
13195,0,1414600
13196,241,61500
13197,329,4000
13198,152,148000
13199,1,1052400
13200,285,30500
13201,325,6200
13202,120,191100
13203,319,9400
13204,230,70200
13205,165,131900
13206,50,353800
13207,285,30650
13208,139,164300
13209,332,1900
13210,310,15100
13211,297,22700
13212,36,415100
13213,333,1600
13214,307,16800
13215,320,8700
13216,12,613600
13217,268,42100
13218,166,131400
13219,0,1508300
13220,0,2000000
13221,329,3700
13222,335,400
13223,150,150300
13224,10,648000
13225,332,2100
13226,315,11800
13227,308,15800
13228,60,320900
13229,310,15150
13230,329,3800
13231,332,2100
13232,334,800
13233,269,41600
13234,331,2600
13235,336,0
13236,278,35400
13237,307,16650
13238,62,316000
13239,66,302150
13240,292,25700
13241,66,303500
13242,303,19000
13243,10,663400
13244,282,32200
13245,334,1000
13246,70,291900
13247,334,1000
13248,192,103900
13249,62,314000
13250,47,365800
13251,2,916000
13252,16,561800
13253,0,1655400
13254,332,1900
13255,173,124000
13256,11,644900
13257,327,5150
13258,303,19400
13259,169,128000
13260,153,146900
13261,0,2000000
13262,191,105000
13263,323,7200
13264,269,41500
13265,4,827300
13266,159,139600
13267,187,108850
13268,6,751900
13269,109,209300
13270,282,32600
13271,320,9000
13272,30,450000
13273,312,13550
13274,303,18900
13275,58,325800
13276,335,600
13277,298,22500
13278,14,587100
13279,150,150200
13280,297,23000
13281,50,354600
13282,313,12850
13283,7,725000
13284,270,40400
13285,330,3100
13286,33,431200
13287,257,49850
13288,21,514000
13289,219,79300
13290,13,609600
13291,55,337600
13292,255,51400
13293,332,2200
13294,115,200000
13295,316,11300
13296,329,4000
13297,146,155250
13298,264,45000
13299,330,3200
13300,330,3000
13301,313,13000
13302,328,4400
13303,291,26700
13304,158,140600
13305,147,154000
13306,281,32900
13307,333,1600
13308,300,21000
13309,273,38300
13310,19,534000
13311,325,6000
13312,234,67200
13313,333,1600
13314,1,1175000
13315,298,22200
13316,285,30400
13317,294,24600
13318,331,2800
13319,233,68000
13320,325,5800
13321,254,51800
13322,335,400
13323,227,72800
13324,149,151400
13325,332,2100
13326,328,4200
13327,197,99400
13328,307,16550
13329,265,43800
13330,334,1100
13331,250,54600
13332,330,3350
13333,334,1050
13334,138,166250
13335,235,66400
13336,283,32100
13337,308,15800
13338,309,15200
13339,1,1050000
13340,161,136900
13341,264,44900
13342,331,2600
13343,331,2800
13344,306,17000
13345,30,450000
13346,285,30450
13347,257,50100
13348,263,45500
13349,304,18200
13350,3,902000
13351,0,1652000
13352,21,514000
13353,39,403000
13354,0,1954000
13355,299,21400
13356,275,37300
13357,205,91700
13358,333,1300
13359,307,16550
13360,313,13300
13361,307,16400
13362,0,2000000
13363,285,30400
13364,157,142000
13365,281,33400
13366,291,26500
13367,242,60900
13368,117,195800
13369,150,150600
13370,0,2000000
13371,292,25850
13372,308,15900
13373,252,53200
13374,0,2000000
13375,328,4400
13376,248,56700
13377,328,4600
13378,323,7400
13379,334,1000
13380,140,163400
13381,97,231000
13382,318,10000
13383,333,1800
13384,292,26000
13385,331,2900
13386,335,600
13387,8,696300
13388,335,200
13389,327,5100
13390,0,2000000
13391,0,1233150
13392,221,78300
13393,0,1500500
13394,320,9100
13395,224,75200
13396,36,416200
13397,260,47400
13398,210,87600
13399,167,130000
13400,170,127200
13401,325,5900
13402,334,700
13403,151,149200
13404,293,25650
13405,0,2000000
13406,88,250100
13407,224,75100
13408,42,388300
13409,318,9900
13410,8,700200
13411,288,28800
13412,10,650000
13413,275,37400
13414,330,3000
13415,331,2800
13416,335,250
13417,266,43300
13418,328,4100
13419,280,33700
13420,51,351800
13421,7,721000
13422,271,40000
13423,329,4000
13424,325,6100
13425,3,903200
13426,282,32300
13427,334,1200
13428,168,128700
13429,284,31400
13430,279,34400
13431,0,2000000
13432,174,122000
13433,272,39300
13434,0,2000000
13435,332,2100
13436,0,1218800
13437,2,958700
13438,0,1954000
13439,331,2800
13440,300,21000
13441,259,48200
13442,147,154000
13443,239,63600
13444,109,208800
13445,335,250
13446,334,900
13447,30,450000
13448,122,188500
13449,305,18000
13450,332,2250
13451,0,2000000
13452,14,592000
13453,218,80400
13454,334,1200
13455,299,21300
13456,243,60500
13457,308,15800
13458,333,1750
13459,0,2000000
13460,313,13100
13461,308,16100
13462,330,3200
13463,224,75200
13464,334,1050
13465,66,301750
13466,333,1400
13467,268,41800
13468,195,101200
13469,307,16800
13470,282,32350
13471,0,2000000
13472,0,1354500
13473,276,36400
13474,237,65000
13475,333,1650
13476,320,8800
13477,316,11100
13478,8,705600
13479,171,125500
13480,332,2150
13481,334,900
13482,325,6300
13483,266,43650
13484,0,2000000
13485,0,1885000
13486,233,68150
13487,321,8500
13488,325,5900
13489,333,1250
13490,7,730300
13491,335,300
13492,305,17850
13493,8,701000
13494,32,440000
13495,320,9200
13496,289,28000
13497,0,1402700
13498,307,16700
13499,202,94800
13500,1,1003650
13501,180,116600
13502,331,2500
13503,0,1950800
13504,218,80500
13505,335,250
13506,328,4500
13507,268,41800
13508,334,800
13509,187,109100
13510,329,3500
13511,328,4200
13512,335,250
13513,272,39500
13514,1,1056000
13515,333,1400
13516,256,50600
13517,59,324200
13518,300,20800
13519,260,47700
13520,321,8200
13521,18,547500
13522,240,62300
13523,216,82200
13524,322,8000
13525,280,34000
13526,0,1380600
13527,328,4600
13528,334,750
13529,322,7600
13530,0,1232750
13531,272,38900
13532,297,23100
13533,331,2800
13534,144,158250
13535,317,10500
13536,308,15850
13537,115,199850
13538,336,100
13539,238,63800
13540,330,3000
13541,22,507000
13542,8,694200
13543,146,155000
13544,334,1100
13545,0,2000000
13546,332,2300
13547,0,1502150
13548,13,600400
13549,332,2200
13550,90,245150
13551,256,50600
13552,329,3700
13553,286,29600
13554,39,401850
13555,1,1050000
13556,150,150500
13557,111,206950
13558,334,800
13559,323,7200
13560,4,819600
13561,1,1050000
13562,8,707200
13563,0,2000000
13564,48,362400
13565,4,812400
13566,290,27100
13567,318,10000
13568,0,2000000
13569,278,35250
13570,332,1900
13571,230,70300
13572,335,350
13573,283,31800
13574,241,61400
13575,315,12100
13576,333,1250
13577,3,900250
13578,310,14800
13579,0,1658000
13580,325,6100
13581,328,4500
13582,251,54000
13583,335,400
13584,271,40000
13585,330,3000
13586,167,130200
13587,306,17300
13588,147,153350
13589,322,7900
13590,332,2200
13591,331,2550
13592,319,9500
13593,291,26900
13594,249,56000
13595,211,86800
13596,0,2000000
13597,333,1600
13598,197,98900
13599,303,19100
13600,290,27200
13601,65,305850
13602,0,2000000
13603,0,1808500
13604,277,36000
13605,114,201600
13606,50,354600
13607,335,400
13608,272,39300
13609,13,609100
13610,0,1248500
13611,294,24700
13612,39,403000
13613,161,137000
13614,329,3700
13615,336,100
13616,317,10500
13617,4,809800
13618,268,42100
13619,332,2000
13620,216,81800
13621,330,3400
13622,249,55400
13623,321,8100
13624,93,238950
13625,171,125800
13626,314,12200
13627,316,11000
13628,104,218000
13629,333,1300
13630,37,408700
13631,312,13850
13632,30,450000
13633,251,54400
13634,26,474300
13635,1,1066000
13636,312,13700
13637,131,175500
13638,335,400
13639,205,92100
13640,0,1609700
13641,176,120200
13642,330,3200
13643,29,458000
13644,0,2000000
13645,202,94700
13646,127,181200
13647,335,300
13648,46,368400
13649,332,2350
13650,313,13150
13651,150,150600
13652,66,302000
13653,335,200
13654,218,80300
13655,0,1954000
13656,254,51600
13657,0,1954000
13658,30,451200
13659,3,900800
13660,194,102550
13661,0,1651000
13662,21,514000
13663,273,38300
13664,311,14050
13665,1,1008400
13666,334,700
13667,307,16500
13668,150,150000
13669,0,2000000
13670,1,1082000
13671,332,1900
13672,316,11500
13673,335,400
13674,317,10800
13675,332,2000
13676,270,40400
13677,158,140800
13678,278,35100
13679,259,48300
13680,67,301250
13681,254,51700
13682,331,2750
13683,276,36500
13684,253,52900
13685,287,29400
13686,44,380400
13687,266,43500
13688,319,9600
13689,329,3500
13690,0,2000000
13691,270,40400
13692,334,950
13693,318,10100
13694,164,133800
13695,0,2000000
13696,327,4900
13697,333,1400
13698,336,0
13699,293,25300
13700,320,9200
13701,9,683600
13702,0,2000000
13703,307,16400
13704,64,309850
13705,11,645000
13706,0,2000000
13707,280,34000
13708,138,165900
13709,329,3600
13710,329,3900
13711,335,500
13712,336,100
13713,229,71000
13714,167,130550
13715,171,125300
13716,26,480000
13717,18,549200
13718,321,8600
13719,1,1200100
13720,171,125500
13721,226,73600
13722,175,121200
13723,259,48000
13724,30,451500
13725,126,182000
13726,2,916000
13727,336,0
13728,315,11650
13729,297,23000
13730,333,1400
13731,322,7500
13732,304,18500
13733,291,26600
13734,307,16600
13735,333,1550
13736,8,700350
13737,305,18100
13738,137,166300
13739,0,2000000
13740,6,751400
13741,64,310000
13742,320,8900
13743,334,1100
13744,303,19000
13745,87,250900
13746,285,30200
13747,320,9100
13748,257,49500
13749,84,257600
13750,31,443450
13751,0,2000000
13752,332,2200
13753,309,15500
13754,263,45700
13755,1,1050000
13756,21,512800
13757,147,153400
13758,301,20400
13759,333,1500
13760,175,121750
13761,0,2000000
13762,323,7000
13763,212,85550
13764,314,12300
13765,332,2100
13766,323,7200
13767,334,800
13768,174,122500
13769,126,182000
13770,191,104900
13771,326,5500
13772,0,2000000
13773,249,55500
13774,309,15500
13775,310,15000
13776,0,2000000
13777,0,2000000
13778,325,5800
13779,235,66100
13780,156,143300
13781,335,550
13782,309,15200
13783,298,22200
13784,1,1012900
13785,332,2100
13786,59,324000
13787,8,706000
13788,332,2050
13789,51,350000
13790,298,22400
13791,124,186000
13792,65,305400
13793,335,300
13794,7,723150
13795,333,1750
13796,319,9400
13797,28,460600
13798,330,3300
13799,332,2200
13800,324,6600
13801,309,15350
13802,308,16200
13803,229,71500
13804,62,315200
13805,8,700400
13806,330,3300
13807,6,738900
13808,328,4600
13809,327,5000
13810,336,100
13811,0,1287700
13812,207,90250
13813,1,1050000
13814,332,1900
13815,307,16500
13816,3,900500
13817,319,9300
13818,333,1500
13819,0,1477000
13820,232,68500
13821,231,69500
13822,181,114800
13823,335,200
13824,232,68500
13825,333,1800
13826,37,409500
13827,230,70400
13828,136,168700
13829,0,2000000
13830,327,4850
13831,6,754800
13832,333,1400
13833,333,1700
13834,315,11900
13835,326,5500
13836,307,16900
13837,313,12950
13838,111,206400
13839,308,16100
13840,240,62900
13841,332,1900
13842,133,172400
13843,335,300
13844,208,89600
13845,282,32700
13846,11,634000
13847,320,8700
13848,312,13600
13849,230,70250
13850,84,257500
13851,321,8200
13852,100,226250
13853,36,417100
13854,193,103100
13855,6,754000
13856,323,7200
13857,306,17400
13858,236,66000
13859,303,19400
13860,315,11700
13861,331,2500
13862,3,910650
13863,183,113300
13864,141,161600
13865,329,3500
13866,167,129600
13867,209,88400
13868,322,7650
13869,329,3500
13870,317,10800
13871,336,0
13872,242,60900
13873,0,2000000
13874,329,3800
13875,4,836600
13876,314,12600
13877,299,21800
13878,0,1486000
13879,332,2000
13880,333,1600
13881,0,2000000
13882,29,454750
13883,253,53000
13884,326,5500
13885,264,45000
13886,310,14800
13887,320,8700
13888,324,6800
13889,334,800
13890,328,4500
13891,328,4400
13892,48,362400
13893,284,31200
13894,277,35600
13895,331,2600
13896,257,49800
13897,238,64400
13898,325,6300
13899,115,200000
13900,334,1200
13901,49,358700
13902,280,33600
13903,300,21100
13904,8,700300
13905,320,8700
13906,1,1045200
13907,329,3900
13908,202,95000
13909,0,1950400
13910,230,70100
13911,332,2200
13912,326,5500
13913,2,971200
13914,162,135300
13915,1,1050000
13916,149,150900
13917,60,319350
13918,192,104300
13919,327,4800
13920,59,324500
13921,67,300600
13922,87,252000
13923,328,4200
13924,322,7800
13925,308,16250
13926,314,12200
13927,18,548200
13928,1,1146800
13929,322,8000
13930,328,4400
13931,0,2000000
13932,334,1050
13933,126,182800
13934,5,787800
13935,332,2100
13936,306,17500
13937,0,2000000
13938,250,55000
13939,314,12300
13940,132,173700
13941,211,86400
13942,0,2000000
13943,302,20000
13944,307,16500
13945,240,62700
13946,1,1210000
13947,316,11000
13948,0,1651200
13949,147,154000
13950,26,479200
13951,233,68200
13952,91,243550
13953,334,900
13954,311,14200
13955,278,35000
13956,0,2000000
13957,329,3900
13958,315,11600
13959,271,39600
13960,1,1050000
13961,313,13000
13962,333,1800
13963,298,22200
13964,316,11000
13965,334,800
13966,333,1400
13967,13,607600
13968,35,420750
13969,335,300
13970,58,325650
13971,0,2000000
13972,335,350
13973,40,395800
13974,90,246000
13975,198,98500
13976,136,168100
13977,333,1700
13978,167,130300
13979,326,5200
13980,319,9500
13981,321,8500
13982,128,180000
13983,335,500
13984,279,34200
13985,99,227000
13986,269,41200
13987,317,10850
13988,265,44400
13989,0,1801000
13990,322,7650
13991,314,12200
13992,334,800
13993,271,39800
13994,335,400
13995,183,112600
13996,326,5700
13997,335,300
13998,38,405600
13999,294,24550
14000,322,7500
14001,304,18550
14002,268,42300
14003,61,316500
14004,140,162300
14005,255,51300
14006,319,9500
14007,331,2400
14008,0,2000000
14009,333,1300
14010,23,499200
14011,202,94300
14012,326,5700
14013,328,4400
14014,50,353800
14015,326,5200
14016,150,150300
14017,331,2650
14018,314,12700
14019,114,201600
14020,24,494700
14021,0,2000000
14022,335,600
14023,334,1200
14024,156,142400
14025,67,300000
14026,297,23000
14027,256,50800
14028,334,900
14029,324,6500
14030,335,200
14031,295,24400
14032,301,20400
14033,21,514000
14034,278,35300
14035,315,11800
14036,53,343000
14037,61,318200
14038,326,5500
14039,150,150100
14040,246,57800
14041,161,137150
14042,280,34100
14043,284,31000
14044,12,625100
14045,328,4550
14046,9,672600
14047,30,450000
14048,336,0
14049,114,201600
14050,0,1737300
14051,0,1296300
14052,307,16600
14053,335,600
14054,334,1000
14055,299,21700
14056,166,131400
14057,146,155000
14058,334,750
14059,315,11800
14060,308,15950
14061,325,6300
14062,333,1250
14063,6,750200
14064,309,15400
14065,306,17000
14066,65,305200
14067,290,27500
14068,333,1400
14069,0,1351900
14070,288,28400
14071,230,70700
14072,230,70400
14073,0,1415000
14074,0,2000000
14075,0,2000000
14076,335,400
14077,47,366000
14078,4,812600
14079,318,10300
14080,1,1019000
14081,4,807700
14082,48,364100
14083,331,2800
14084,0,2000000
14085,30,451100
14086,45,374400
14087,11,632150
14088,3,901000
14089,297,22550
14090,65,305400
14091,29,458000
14092,16,567000
14093,0,1833500
14094,329,3500
14095,0,1640350
14096,0,1401200
14097,4,825000
14098,0,2000000
14099,18,548600
14100,125,184000
14101,114,201800
14102,266,43400
14103,312,13500
14104,154,145000
14105,269,41400
14106,126,182800
14107,0,1257050
14108,329,3650
14109,325,5800
14110,320,9000
14111,301,20500
14112,0,1561400
14113,120,191500
14114,270,40300
14115,0,1520000
14116,309,15200
14117,3,902350
14118,322,7900
14119,258,49000
14120,64,308250
14121,332,2000
14122,233,68000
14123,279,34500
14124,268,41900
14125,282,32300
14126,292,25900
14127,105,216200
14128,1,1196000
14129,0,2000000
14130,200,96300
14131,321,8550
14132,30,450000
14133,0,1279600
14134,256,50400
14135,314,12300
14136,335,500
14137,287,28900
14138,224,75700
14139,335,450
14140,333,1700
14141,327,4800
14142,147,154100
14143,87,252000
14144,311,14200
14145,334,1000
14146,336,100
14147,0,1264000
14148,320,9100
14149,8,707000
14150,30,450000
14151,333,1250
14152,334,700
14153,218,80700
14154,334,1000
14155,1,1050000
14156,332,2000
14157,237,65100
14158,257,50000
14159,0,1525600
14160,5,775600
14161,335,500
14162,67,301000
14163,274,37600
14164,1,1050000
14165,284,31200
14166,333,1250
14167,6,750400
14168,292,26000
14169,210,87000
14170,294,24800
14171,148,152300
14172,289,27600
14173,300,21000
14174,332,2000
14175,334,1100
14176,334,700
14177,30,449200
14178,153,146700
14179,284,30850
14180,275,37150
14181,1,1202050
14182,285,30400
14183,271,40050
14184,332,2250
14185,298,22100
14186,15,581200
14187,0,1652000
14188,254,52000
14189,309,15300
14190,307,16600
14191,0,2000000
14192,38,403500
14193,299,21500
14194,189,106700
14195,334,1050
14196,334,1000
14197,0,1606900
14198,168,128950
14199,218,80150
14200,1,1044000
14201,23,500000
14202,312,13900
14203,133,172400
14204,285,30400
14205,0,2000000
14206,0,1605600
14207,0,2000000
14208,286,29800
14209,267,43000
14210,297,22600
14211,324,6600
14212,335,300
14213,19,539000
14214,248,56200
14215,330,3000
14216,191,104700
14217,335,300
14218,13,602400
14219,150,150000
14220,1,1045300
14221,254,52200
14222,140,162400
14223,25,484000
14224,135,169500
14225,319,9300
14226,21,512000
14227,335,250
14228,323,7400
14229,0,2000000
14230,0,2000000
14231,278,35000
14232,285,30300
14233,317,10700
14234,0,2000000
14235,332,2100
14236,330,3350
14237,334,750
14238,1,1050000
14239,335,200
14240,0,2000000
14241,1,1085800
14242,325,6050
14243,176,120000
14244,309,15600
14245,312,13600
14246,317,10750
14247,1,1202550
14248,321,8200
14249,331,2500
14250,321,8500
14251,326,5400
14252,176,120200
14253,5,785400
14254,332,1900
14255,335,400
14256,320,8800
14257,335,400
14258,5,800400
14259,1,1094800
14260,108,211000
14261,330,3300
14262,0,2000000
14263,299,21800
14264,0,2000000
14265,239,63000
14266,321,8600
14267,91,242400
14268,289,28200
14269,0,2000000
14270,122,188400
14271,6,756400
14272,330,3050
14273,330,3200
14274,335,300
14275,330,3000
14276,0,2000000
14277,0,1523700
14278,85,255600
14279,329,4000
14280,316,11500
14281,308,16000
14282,329,3900
14283,248,56750
14284,0,1982000
14285,114,200800
14286,332,2350
14287,333,1700
14288,332,1900
14289,11,639600
14290,231,69400
14291,333,1300
14292,67,300150
14293,330,3300
14294,273,38450
14295,335,150
14296,1,1007500
14297,334,1050
14298,324,6650
14299,290,27000
14300,2,953800
14301,183,113300
14302,0,2000000
14303,247,57300
14304,0,2000000
14305,218,80750
14306,326,5450
14307,1,1000800
14308,335,500
14309,4,848200
14310,33,431850
14311,67,300500
14312,321,8250
14313,307,16500
14314,333,1300
14315,304,18350
14316,0,1503800
14317,23,500600
14318,272,39400
14319,1,1066000
14320,327,5000
14321,295,23900
14322,0,2000000
14323,317,10700
14324,323,7300
14325,214,83900
14326,57,328800
14327,106,215600
14328,227,72500
14329,13,609200
14330,0,1650800
14331,0,1950400
14332,280,33850
14333,135,170050
14334,328,4400
14335,21,512500
14336,39,400500
14337,251,53850
14338,51,351200
14339,304,18500
14340,67,300400
14341,6,750950
14342,335,250
14343,308,15800
14344,327,4800
14345,298,22500
14346,334,800
14347,294,24900
14348,274,37700
14349,201,96000
14350,277,35850
14351,6,750300
14352,0,1402350
14353,0,1907000
14354,66,302300
14355,317,10600
14356,200,96100
14357,331,2700
14358,330,3200
14359,234,67500
14360,332,2300
14361,0,2000000
14362,335,300
14363,67,300250
14364,0,2000000
14365,335,600
14366,271,40000
14367,100,225000
14368,149,151100
14369,0,1403300
14370,259,48300
14371,40,396600
14372,267,42500
14373,185,111150
14374,335,500
14375,0,2000000
14376,10,662300
14377,253,52800
14378,333,1300
14379,0,1603600
14380,0,2000000
14381,328,4100
14382,293,25500
14383,95,236000
14384,330,3450
14385,218,80400
14386,140,163500
14387,315,11800
14388,0,2000000
14389,15,579000
14390,67,300300
14391,290,27000
14392,174,122700
14393,0,2000000
14394,1,1000850
14395,30,452000
14396,300,20800
14397,322,8000
14398,301,20400
14399,324,6600
14400,241,62000
14401,24,494800
14402,0,1652800
14403,1,1022500
14404,261,46900
14405,335,500
14406,249,55800
14407,316,11100
14408,0,1997800
14409,271,40200
14410,0,2000000
14411,0,1385600
14412,309,15300
14413,312,13400
14414,330,3300
14415,302,20000
14416,0,2000000
14417,247,57000
14418,318,9900
14419,334,1000
14420,0,1646700
14421,0,2000000
14422,6,754000
14423,0,1557500
14424,144,158200
14425,0,1442400
14426,327,4900
14427,0,2000000
14428,154,145500
14429,330,3400
14430,194,102000
14431,7,713000
14432,197,99200
14433,326,5700
14434,273,38400
14435,333,1600
14436,250,55150
14437,283,31600
14438,292,26200
14439,1,1050000
14440,321,8500
14441,287,28950
14442,18,540000
14443,147,154200
14444,270,40400
14445,336,100
14446,242,60600
14447,222,76850
14448,334,750
14449,202,95000
14450,328,4200
14451,266,43700
14452,309,15500
14453,0,2000000
14454,262,46400
14455,0,2000000
14456,332,2250
14457,0,1826500
14458,82,263000
14459,1,1093200
14460,51,352300
14461,2,983900
14462,307,16700
14463,0,2000000
14464,67,301300
14465,320,9200
14466,313,12900
14467,7,719400
14468,333,1700
14469,7,732200
14470,336,0
14471,309,15400
14472,0,1501150
14473,335,250
14474,22,509600
14475,270,40800
14476,0,2000000
14477,0,1362000
14478,7,710800
14479,305,18000
14480,319,9650
14481,224,75700
14482,335,450
14483,200,96400
14484,324,6500
14485,76,277450
14486,47,364400
14487,323,7100
14488,329,3800
14489,119,193800
14490,0,1866100
14491,246,57800
14492,241,61900
14493,234,67100
14494,334,800
14495,154,144800
14496,2,994000
14497,52,348600
14498,6,734800
14499,2,1000200
14500,169,127900
14501,2,922500
14502,310,15000
14503,9,668400
14504,334,1100
14505,0,1958200
14506,304,18200
14507,21,517800
14508,107,213200
14509,209,88000
14510,330,3300
14511,302,19800
14512,324,6400
14513,332,2200
14514,158,140750
14515,0,2000000
14516,236,65450
14517,335,400
14518,187,109100
14519,270,40300
14520,227,72500
14521,276,36200
14522,12,616600
14523,295,24000
14524,202,95000
14525,300,21100
14526,332,2200
14527,331,2700
14528,335,350
14529,283,31850
14530,334,1150
14531,308,16000
14532,104,218900
14533,27,470300
14534,21,512000
14535,301,20300
14536,320,9150
14537,335,400
14538,6,754000
14539,3,901750
14540,53,343000
14541,13,604250
14542,301,20600
14543,323,7400
14544,48,363950
14545,59,324200
14546,300,21000
14547,208,89000
14548,0,1460800
14549,334,900
14550,2,945300
14551,135,169400
14552,328,4200
14553,334,1000
14554,312,13600
14555,321,8250
14556,227,73200
14557,332,2100
14558,168,129250
14559,89,247200
14560,141,161300
14561,0,1217300
14562,331,2600
14563,5,770800
14564,0,2000000
14565,42,385900
14566,228,72000
14567,331,2400
14568,332,1900
14569,247,57400
14570,241,62100
14571,247,57200
14572,320,8900
14573,254,51800
14574,335,500
14575,252,53500
14576,321,8100
14577,5,781000
14578,215,82600
14579,155,143800
14580,156,143000
14581,284,31200
14582,0,1547400
14583,0,1722900
14584,309,15500
14585,0,2000000
14586,21,514000
14587,231,70000
14588,295,24000
14589,308,16300
14590,154,144900
14591,150,150000
14592,254,51800
14593,312,13600
14594,30,450000
14595,319,9350
14596,0,2000000
14597,8,699150
14598,114,201200
14599,6,756200
14600,5,782000
14601,0,2000000
14602,279,34500
14603,315,11800
14604,314,12250
14605,336,0
14606,333,1700
14607,243,60000
14608,33,432000
14609,306,17100
14610,274,37800
14611,283,31900
14612,23,498000
14613,335,400
14614,0,1354800
14615,76,276700
14616,23,501150
14617,3,901150
14618,265,44000
14619,155,144200
14620,335,600
14621,330,2950
14622,73,283200
14623,88,250350
14624,106,215400
14625,0,1489500
14626,321,8500
14627,6,750800
14628,218,80600
14629,36,418200
14630,303,19100
14631,334,1200
14632,190,106500
14633,314,12600
14634,335,650
14635,0,2000000
14636,0,2000000
14637,295,24200
14638,329,4000
14639,332,2100
14640,311,14150
14641,58,328000
14642,162,135300
14643,21,515350
14644,171,126100
14645,0,2000000
14646,317,10600
14647,304,18200
14648,216,81800
14649,279,34650
14650,305,18000
14651,110,208400
14652,334,800
14653,331,2500
14654,0,2000000
14655,26,474000
14656,237,65100
14657,59,322500
14658,0,2000000
14659,300,21000
14660,324,6600
14661,336,0
14662,314,12600
14663,329,3900
14664,170,126200
14665,0,1954800
14666,269,41500
14667,231,69800
14668,204,92350
14669,95,235200
14670,127,180800
14671,0,1516800
14672,0,2000000
14673,292,26000
14674,331,2600
14675,309,15600
14676,147,154000
14677,261,47200
14678,194,102100
14679,324,6400
14680,127,181650
14681,51,352200
14682,252,53400
14683,265,44200
14684,330,3400
14685,325,5800
14686,1,1040400
14687,265,44300
14688,24,493900
14689,8,692900
14690,138,165700
14691,95,235900
14692,329,3950
14693,150,150000
14694,243,60200
14695,335,200
14696,95,234400
14697,261,46600
14698,173,123000
14699,110,208000
14700,0,1927500
14701,30,450000
14702,335,400
14703,283,31600
14704,85,256800
14705,1,1210000
14706,327,4950
14707,214,83600
14708,12,628300
14709,318,10300
14710,0,1501300
14711,256,50600
14712,306,17300
14713,198,98150
14714,65,305100
14715,0,2000000
14716,310,14800
14717,336,0
14718,11,636500
14719,322,7700
14720,335,400
14721,16,566000
14722,282,32800
14723,0,1238500
14724,0,2000000
14725,0,2000000
14726,59,323000
14727,174,122700
14728,279,34350
14729,241,61950
14730,334,700
14731,12,620000
14732,334,1200
14733,203,94000
14734,146,155700
14735,282,32200
14736,0,2000000
14737,333,1600
14738,3,878400
14739,305,17600
14740,44,380000
14741,303,19000
14742,306,17000
14743,327,4900
14744,256,50700
14745,331,2900
14746,210,87600
14747,130,177200
14748,142,160900
14749,49,360000
14750,6,744200
14751,318,9900
14752,48,360500
14753,0,1353800
14754,30,451000
14755,298,22050
14756,138,165600
14757,103,220500
14758,3,902000
14759,326,5250
14760,1,1014500
14761,105,216900
14762,86,254000
14763,11,642800
14764,31,441700
14765,39,400100
14766,326,5400
14767,331,2650
14768,322,7700
14769,278,35000
14770,324,6600
14771,89,247600
14772,0,2000000
14773,271,40100
14774,34,425900
14775,262,46500
14776,134,171600
14777,331,2900
14778,325,6000
14779,28,463600
14780,300,20700
14781,334,1200
14782,327,4750
14783,279,34800
14784,280,34000
14785,314,12500
14786,1,1050000
14787,224,75300
14788,62,316000
14789,164,133900
14790,330,3200
14791,181,114800
14792,334,700
14793,21,515800
14794,41,391900
14795,0,1224800
14796,251,53900
14797,298,22500
14798,319,9650
14799,334,1150
14800,29,458300
14801,285,30500
14802,1,1072000
14803,276,36500
14804,42,387650
14805,241,61800
14806,240,62800
14807,323,7000
14808,322,8000
14809,87,250600
14810,25,480800
14811,252,53600
14812,0,2000000
14813,320,9100
14814,206,90800
14815,329,3700
14816,0,2000000
14817,252,53700
14818,222,77200
14819,2,970500
14820,0,2000000
14821,173,123900
14822,72,286000
14823,335,650
14824,61,317000
14825,240,62350
14826,0,2000000
14827,203,93500
14828,336,100
14829,320,8800
14830,50,354200
14831,145,156000
14832,314,12500
14833,0,2000000
14834,286,29900
14835,286,30100
14836,294,24500
14837,88,248450
14838,294,24900
14839,324,6700
14840,64,309300
14841,302,19700
14842,275,37000
14843,304,18200
14844,332,2100
14845,0,1714000
14846,314,12750
14847,13,607200
14848,146,155200
14849,258,49000
14850,236,65800
14851,335,400
14852,298,22500
14853,0,1702000
14854,57,331000
14855,319,9300
14856,304,18400
14857,318,10400
14858,67,300150
14859,334,800
14860,330,3000
14861,333,1650
14862,218,80100
14863,310,14800
14864,115,200000
14865,114,201500
14866,334,800
14867,1,1046000
14868,212,86000
14869,0,1218200
14870,140,163000
14871,126,183000
14872,131,175700
14873,334,1200
14874,334,900
14875,238,64000
14876,331,2400
14877,303,19400
14878,259,48600
14879,5,776000
14880,308,15800
14881,117,195700
14882,274,38000
14883,0,2000000
14884,291,26400
14885,302,20000
14886,1,1212350
14887,1,1054400
14888,294,25000
14889,334,700
14890,0,2000000
14891,22,508800
14892,69,295000
14893,329,3800
14894,200,96400
14895,0,2000000
14896,336,0
14897,330,3300
14898,332,1900
14899,209,88650
14900,332,1850
14901,185,110800
14902,298,22500
14903,0,1249300
14904,250,55200
14905,297,23100
14906,180,116000
14907,334,800
14908,275,37000
14909,1,1112000
14910,334,1000
14911,275,37400
14912,307,16800
14913,282,32200
14914,336,100
14915,304,18200
14916,316,11400
14917,310,14800
14918,1,1149000
14919,0,1418000
14920,290,27500
14921,0,2000000
14922,220,79100
14923,23,500200
14924,317,10500
14925,245,58750
14926,242,60950
14927,0,2000000
14928,328,4400
14929,281,33000
14930,4,825000
14931,335,650
14932,272,39400
14933,306,17500
14934,5,801100
14935,259,48500
14936,279,34500
14937,334,900
14938,255,51000
14939,279,34400
14940,7,734000
14941,333,1700
14942,318,10300
14943,286,29700
14944,0,1604800
14945,0,1466600
14946,307,16700
14947,293,25400
14948,3,885000
14949,334,1000
14950,225,74600
14951,223,75850
14952,62,313400
14953,166,131700
14954,4,825100
14955,2,988600
14956,0,2000000
14957,300,21100
14958,317,10500
14959,335,500
14960,245,58800
14961,317,10800
14962,324,6500
14963,15,583600
14964,190,106400
14965,331,2900
14966,167,130550
14967,334,900
14968,298,22200
14969,237,64600
14970,291,26500
14971,243,60400
14972,67,300800
14973,183,112700
14974,268,41800
14975,334,700
14976,1,1069250
14977,126,181800
14978,137,167100
14979,336,0
14980,0,1262500
14981,332,2250
14982,334,1100
14983,334,1200
14984,303,18800
14985,284,30900
14986,261,47100
14987,306,17500
14988,334,1000
14989,220,78900
14990,198,98400
14991,325,6100
14992,212,86000
14993,0,2000000
14994,122,188550
14995,228,72000
14996,5,782000
14997,223,75900
14998,309,15200
14999,25,481900
15000,2,916000
15001,331,2600
15002,333,1500
15003,320,8800
15004,291,26500
15005,336,100
15006,0,2000000
15007,317,10950
15008,335,300
15009,274,37600
15010,0,1301800
15011,66,303900
15012,2,971000
15013,332,1900
15014,65,307200
15015,326,5200
15016,34,425650
15017,0,2000000
15018,4,815500
15019,67,301000
15020,214,83850
15021,267,42400
15022,300,21100
15023,328,4500
15024,325,5800
15025,0,2000000
15026,1,1209550
15027,307,16550
15028,318,9900
15029,295,23800
15030,304,18300
15031,19,536750
15032,94,236300
15033,4,840600
15034,30,451000
15035,328,4400
15036,0,2000000
15037,195,101450
15038,123,187200
15039,334,900
15040,241,61500
15041,0,2000000
15042,0,1300000
15043,135,169500
15044,325,5900
15045,2,925400
15046,335,400
15047,100,225000
15048,229,70900
15049,10,657800
15050,325,6100
15051,267,42600
15052,314,12500
15053,173,123900
15054,12,624000
15055,173,123100
15056,261,47200
15057,21,514000
15058,33,430800
15059,0,1288000
15060,334,800
15061,312,13700
15062,131,175750
15063,302,20000
15064,329,3700
15065,139,163600
15066,308,16000
15067,12,619000
15068,0,1661200
15069,309,15600
15070,108,211000
15071,30,451000
15072,257,49500
15073,329,3550
15074,0,2000000
15075,11,634400
15076,0,2000000
15077,178,118100
15078,31,444000
15079,266,43600
15080,319,9400
15081,307,16500
15082,324,6900
15083,66,302000
15084,0,1909600
15085,196,99800
15086,289,27950
15087,326,5700
15088,0,2000000
15089,139,163600
15090,333,1600
15091,332,2200
15092,281,33000
15093,219,79200
15094,123,186500
15095,334,700
15096,4,815400
15097,242,61000
15098,291,26600
15099,10,652900
15100,282,32200
15101,23,502000
15102,0,1803900
15103,126,182000
15104,316,11400
15105,176,120700
15106,334,1200
15107,335,600
15108,2,941500
15109,16,568200
15110,292,26100
15111,334,800
15112,0,2000000
15113,0,1401500
15114,107,212200
15115,326,5400
15116,9,666000
15117,329,3900
15118,298,22400
15119,75,278350
15120,0,2000000
15121,333,1800
15122,332,2300
15123,251,54400
15124,67,300150
15125,8,700150
15126,335,300
15127,0,2000000
15128,301,20600
15129,159,139700
15130,257,49800
15131,324,6600
15132,265,44000
15133,335,650
15134,320,8700
15135,6,754500
15136,30,450000
15137,76,275900
15138,0,1800950
15139,323,7100
15140,13,609600
15141,2,946400
15142,92,241000
15143,30,450000
15144,230,70600
15145,336,0
15146,335,500
15147,227,73200
15148,274,37800
15149,5,782000
15150,3,904900
15151,232,68500
15152,9,669200
15153,110,207400
15154,8,701150
15155,1,1050000
15156,333,1600
15157,0,2000000
15158,218,80300
15159,285,30700
15160,280,33500
15161,35,420800
15162,0,2000000
15163,311,14000
15164,330,3200
15165,221,78000
15166,149,151600
15167,67,301200
15168,2,932000
15169,301,20400
15170,308,16000
15171,0,2000000
15172,12,627100
15173,181,115000
15174,25,485000
15175,312,13750
15176,66,301600
15177,334,700
15178,335,500
15179,0,2000000
15180,335,500
15181,285,30500
15182,216,82200
15183,138,165900
15184,326,5500
15185,335,200
15186,283,31800
15187,256,50600
15188,331,2900
15189,309,15500
15190,325,6200
15191,106,215000
15192,334,800
15193,42,386000
15194,218,80200
15195,333,1500
15196,305,18100
15197,309,15200
15198,246,58000
15199,335,400
15200,319,9300
15201,334,1100
15202,276,36700
15203,331,2400
15204,39,399100
15205,276,36600
15206,263,45300
15207,307,16750
15208,7,733050
15209,311,14300
15210,334,900
15211,332,2200
15212,326,5600
15213,253,52600
15214,126,183200
15215,64,309800
15216,263,45200
15217,0,2000000
15218,267,43000
15219,271,40200
15220,309,15200
15221,259,48100
15222,304,18300
15223,298,22500
15224,325,6100
15225,333,1250
15226,85,256200
15227,267,43000
15228,0,1418400
15229,320,9200
15230,332,2200
15231,0,1607700
15232,332,2000
15233,328,4600
15234,329,3900
15235,329,3550
15236,1,1000300
15237,330,3200
15238,292,26200
15239,0,2000000
15240,12,614000
15241,333,1700
15242,93,238400
15243,217,81300
15244,8,703350
15245,324,6700
15246,283,31800
15247,171,125500
15248,0,1461500
15249,82,263000
15250,3,900250
15251,0,2000000
15252,333,1600
15253,311,14000
15254,12,613600
15255,279,34700
15256,324,6500
15257,149,150800
15258,306,17400
15259,285,30600
15260,1,1203100
15261,48,360400
15262,327,4800
15263,12,617600
15264,3,900300
15265,324,6400
15266,67,300000
15267,310,14800
15268,309,15200
15269,1,1050000
15270,0,2000000
15271,315,12000
15272,11,641500
15273,206,91100
15274,304,18200
15275,333,1750
15276,320,8800
15277,217,81700
15278,225,74800
15279,329,3950
15280,329,3600
15281,0,2000000
15282,320,8700
15283,4,805400
15284,310,15000
15285,297,22600
15286,335,400
15287,1,1203600
15288,160,138400
15289,331,2900
15290,149,151200
15291,333,1700
15292,0,1402500
15293,317,10700
15294,314,12750
15295,283,31500
15296,48,363000
15297,290,27100
15298,289,28000
15299,321,8400
15300,62,316000
15301,10,652600
15302,320,9000
15303,259,48200
15304,326,5600
15305,314,12300
15306,0,2000000
15307,46,371800
15308,155,144500
15309,0,1401400
15310,292,26200
15311,331,2400
15312,4,842500
15313,67,300500
15314,202,94300
15315,172,125000
15316,0,2000000
15317,0,2000000
15318,108,212000
15319,305,17600
15320,330,3100
15321,0,1305500
15322,332,1900
15323,203,93500
15324,162,135800
15325,276,36700
15326,170,126400
15327,285,30200
15328,334,900
15329,333,1800
15330,147,154000
15331,291,26400
15332,323,7200
15333,132,173550
15334,315,12000
15335,253,52650
15336,330,3100
15337,247,57200
15338,268,41900
15339,312,13700
15340,299,21700
15341,179,117600
15342,256,50250
15343,0,2000000
15344,289,28200
15345,45,374000
15346,207,90300
15347,0,1402050
15348,199,97800
15349,195,101400
15350,297,23100
15351,241,62000
15352,1,1052400
15353,46,370150
15354,333,1600
15355,194,102400
15356,329,3600
15357,315,12100
15358,9,671800
15359,306,17100
15360,332,2000
15361,305,17700
15362,16,561900
15363,123,187000
15364,320,8900
15365,1,1050000
15366,23,500200
15367,39,400200
15368,0,2000000
15369,213,84750
15370,283,31800
15371,332,2300
15372,124,185200
15373,321,8350
15374,312,13600
15375,52,346300
15376,0,1252200
15377,333,1400
15378,316,11000
15379,332,2300
15380,79,268900
15381,176,120800
15382,319,9500
15383,300,20900
15384,334,1200
15385,240,62300
15386,271,39800
15387,276,36500
15388,217,81400
15389,0,1221500
15390,242,61000
15391,332,1900
15392,218,80600
15393,264,45000
15394,287,29500
15395,1,1042800
15396,259,48100
15397,156,143100
15398,332,2200
15399,0,1220600
15400,334,700
15401,212,85200
15402,322,7800
15403,1,1004400
15404,334,800
15405,195,101300
15406,3,900250
15407,10,649800
15408,23,501600
15409,331,2700
15410,308,15800
15411,329,4000
15412,326,5200
15413,307,16650
15414,214,84000
15415,288,28700
15416,323,7400
15417,1,1201000
15418,0,2000000
15419,306,17400
15420,243,59900
15421,250,55200
15422,292,25800
15423,137,166900
15424,8,701000
15425,333,1550
15426,316,11200
15427,0,2000000
15428,305,17900
15429,320,9100
15430,2,937500
15431,0,2000000
15432,310,15150
15433,334,850
15434,18,545800
15435,0,2000000
15436,335,250
15437,323,7100
15438,13,601200
15439,315,11650
15440,268,41850
15441,326,5200
15442,283,31600
15443,302,19700
15444,321,8600
15445,1,1205600
15446,324,6400
15447,0,1221450
15448,238,64000
15449,335,600
15450,11,632800
15451,320,9000
15452,126,183200
15453,331,2450
15454,318,10100
15455,305,17900
15456,2,922500
15457,322,8000
15458,299,21600
15459,184,112000
15460,155,143400
15461,330,3300
15462,0,2000000
15463,305,17700
15464,67,300500
15465,323,7300
15466,1,1019250
15467,333,1500
15468,317,10850
15469,335,550
15470,203,93250
15471,330,2950
15472,211,86900
15473,329,3600
15474,313,13300
15475,1,1044000
15476,150,150500
15477,0,1658000
15478,331,2700
15479,278,35000
15480,46,370800
15481,269,41300
15482,308,16300
15483,335,450
15484,179,117600
15485,320,8700
15486,115,198800
15487,0,2000000
15488,331,2650
15489,334,1100
15490,0,2000000
15491,0,2000000
15492,325,6000
15493,328,4350
15494,90,245350
15495,334,1150
15496,0,2000000
15497,1,1028150
15498,327,4750
15499,0,1621800
15500,301,20600
15501,314,12500
15502,148,152100
15503,305,17600
15504,248,56600
15505,333,1800
15506,333,1700
15507,154,145000
15508,0,2000000
15509,335,500
15510,286,29550
15511,335,500
15512,274,38000
15513,0,1401650
15514,160,138000
15515,0,2000000
15516,247,57000
15517,326,5400
15518,298,22400
15519,0,1638000
15520,322,7900
15521,163,134150
15522,317,10500
15523,323,6950
15524,277,35600
15525,28,461000
15526,22,504400
15527,320,8800
15528,31,444500
15529,331,2800
15530,324,6600
15531,291,26900
15532,333,1600
15533,2,916000
15534,213,85100
15535,302,19600
15536,336,100
15537,92,240100
15538,334,1200
15539,269,41000
15540,5,782000
15541,0,2000000
15542,241,61400
15543,51,350200
15544,299,21450
15545,221,78100
15546,332,2000
15547,288,28600
15548,156,143250
15549,286,30100
15550,334,900
15551,259,48100
15552,138,165700
15553,314,12600
15554,332,2000
15555,313,13100
15556,1,1050000
15557,297,23000
15558,335,450
15559,259,48300
15560,334,1000
15561,24,494100
15562,33,429800
15563,0,2000000
15564,253,52700
15565,335,500
15566,118,194800
15567,223,76000
15568,24,488400
15569,91,244000
15570,195,101400
15571,3,880400
15572,328,4400
15573,21,514000
15574,150,150000
15575,320,8900
15576,259,48300
15577,318,10100
15578,313,13300
15579,13,601100
15580,319,9450
15581,207,89900
15582,255,51400
15583,275,37200
15584,311,14350
15585,107,213400
15586,328,4300
15587,164,134000
15588,78,271600
15589,335,300
15590,334,900
15591,0,1401100
15592,167,129800
15593,277,35600
15594,0,1427500
15595,273,38400
15596,0,2000000
15597,0,2000000
15598,10,651000
15599,308,15800
15600,156,142300
15601,329,4000
15602,0,2000000
15603,320,9100
15604,0,2000000
15605,285,30800
15606,118,194000
15607,156,142400
15608,301,20200
15609,305,18000
15610,65,304550
15611,328,4200
15612,270,40400
15613,38,404700
15614,142,160800
15615,29,454400
15616,329,4000
15617,333,1600
15618,94,237000
15619,263,45550
15620,283,32100
15621,107,213100
15622,324,6700
15623,1,1050000
15624,217,81300
15625,318,10150
15626,312,13650
15627,147,153600
15628,325,6200
15629,282,32200
15630,3,902000
15631,266,43100
15632,322,8000
15633,330,2950
15634,282,32300
15635,0,1614800
15636,301,20400
15637,277,36000
15638,300,21200
15639,299,21350
15640,50,353400
15641,334,800
15642,263,45450
15643,336,0
15644,60,320600
15645,305,17850
15646,308,16000
15647,62,315400
15648,108,210800
15649,323,7200
15650,67,300750
15651,2,969400
15652,260,47600
15653,326,5300
15654,241,61700
15655,314,12400
15656,304,18500
15657,0,2000000
15658,292,26300
15659,320,8700
15660,230,70100
15661,334,800
15662,0,2000000
15663,226,73600
15664,67,301200
15665,336,100
15666,210,87450
15667,334,700
15668,308,16300
15669,0,2000000
15670,6,748000
15671,30,450600
15672,330,3150
15673,257,49550
15674,1,1204200
15675,265,44400
15676,303,18900
15677,284,31400
15678,303,19000
15679,0,2000000
15680,0,2000000
15681,325,6200
15682,313,13200
15683,0,2000000
15684,0,2000000
15685,261,47000
15686,291,26700
15687,331,2500
15688,333,1500
15689,253,52600
15690,258,48700
15691,256,50200
15692,316,11400
15693,329,3900
15694,261,46800
15695,221,77800
15696,192,104300
15697,329,3700
15698,275,37200
15699,0,1317500
15700,66,302000
15701,13,601050
15702,333,1500
15703,314,12300
15704,6,752900
15705,2,930000
15706,5,770000
15707,334,900
15708,150,150300
15709,214,83900
15710,329,3800
15711,306,17100
15712,335,400
15713,334,800
15714,126,182000
15715,123,186800
15716,329,3800
15717,0,2000000
15718,0,1510000
15719,335,500
15720,67,300300
15721,333,1650
15722,262,46100
15723,7,730500
15724,200,96900
15725,0,1259800
15726,8,692800
15727,0,2000000
15728,0,2000000
15729,8,701800
15730,231,69600
15731,124,184900
15732,6,765500
15733,318,10000
15734,189,106800
15735,294,24850
15736,318,10350
15737,207,90400
15738,333,1500
15739,317,10550
15740,335,500
15741,331,2900
15742,331,2900
15743,4,804600
15744,312,13400
15745,53,344400
15746,192,104100
15747,264,44700
15748,234,67000
15749,290,27500
15750,161,136800
15751,284,31100
15752,264,44800
15753,0,1407700
15754,327,5000
15755,326,5500
15756,303,19100
15757,328,4500
15758,279,34600
15759,1,1206700
15760,53,343200
15761,150,150000
15762,334,1050
15763,333,1450
15764,284,31050
15765,333,1700
15766,286,29800
15767,230,70700
15768,328,4300
15769,321,8500
15770,67,300600
15771,325,6200
15772,261,46700
15773,326,5200
15774,334,800
15775,270,40800
15776,327,5000
15777,325,5850
15778,8,702100
15779,106,215600
15780,149,151000
15781,10,650000
15782,329,3800
15783,335,500
15784,316,11200
15785,163,134600
15786,230,70100
15787,325,6000
15788,256,50300
15789,307,16600
15790,306,17300
15791,317,10950
15792,30,450000
15793,328,4300
15794,253,52700
15795,0,1800600
15796,262,46300
15797,328,4100
15798,331,2700
15799,335,200
15800,88,250000
15801,0,2000000
15802,201,95300
15803,270,40700
15804,318,10200
15805,170,126500
15806,282,32500
15807,303,19200
15808,90,246000
15809,314,12500
15810,332,2000
15811,271,40200
15812,34,425600
15813,322,7500
15814,43,381200
15815,210,87800
15816,174,122900
15817,105,216500
15818,0,1802600
15819,259,48650
15820,237,64500
15821,126,182000
15822,0,2000000
15823,335,300
15824,29,455600
15825,0,1521000
15826,1,1201850
15827,0,1686950
15828,332,2000
15829,0,1524000
15830,324,6600
15831,30,450000
15832,0,2000000
15833,250,54800
15834,322,7900
15835,323,7200
15836,245,58400
15837,0,2000000
15838,309,15600
15839,332,2200
15840,335,600
15841,296,23600
15842,177,119600
15843,66,302000
15844,334,700
15845,0,2000000
15846,0,2000000
15847,176,120400
15848,336,0
15849,289,28100
15850,0,2000000
15851,252,53200
15852,328,4600
15853,29,454400
15854,274,37900
15855,3,900250
15856,64,308400
15857,336,0
15858,89,247400
15859,284,31200
15860,238,64300
15861,322,7700
15862,315,11650
15863,92,241800
15864,336,0
15865,287,29100
15866,0,1463300
15867,318,10400
15868,290,27500
15869,293,25400
15870,330,3000
15871,218,80300
15872,332,2000
15873,272,38900
15874,293,25200
15875,315,12150
15876,330,3200
15877,329,3600
15878,317,10800
15879,271,40000
15880,330,3200
15881,314,12500
15882,324,6600
15883,67,300150
15884,312,13600
15885,135,169000
15886,274,37750
15887,333,1800
15888,315,11800
15889,66,302000
15890,336,0
15891,334,900
15892,0,2000000
15893,215,83400
15894,272,38900
15895,0,2000000
15896,323,7400
15897,315,11600
15898,28,463700
15899,0,2000000
15900,23,500400
15901,12,624000
15902,0,1213400
15903,0,2000000
15904,329,3600
15905,298,21900
15906,333,1700
15907,83,261400
15908,321,8100
15909,335,200
15910,320,8700
15911,36,415000
15912,257,49500
15913,331,2650
15914,7,728800
15915,95,234900
15916,325,6200
15917,21,514000
15918,332,2000
15919,0,1520200
15920,242,60700
15921,310,14900
15922,235,66500
15923,256,50300
15924,281,33400
15925,331,2700
15926,13,609100
15927,293,25200
15928,328,4350
15929,334,1000
15930,305,17800
15931,302,19700
15932,275,37300
15933,0,1418000
15934,0,2000000
15935,203,93800
15936,327,5000
15937,334,900
15938,39,403000
15939,303,18900
15940,170,126650
15941,236,65700
15942,186,110400
15943,0,1405300
15944,316,11250
15945,320,9100
15946,283,32000
15947,324,6900
15948,335,450
15949,316,11400
15950,18,540000
15951,239,63450
15952,298,22500
15953,30,450600
15954,21,516000
15955,321,8400
15956,332,2000
15957,335,200
15958,32,436000
15959,223,76000
15960,7,715200
15961,282,32800
15962,328,4600
15963,205,92200
15964,270,40400
15965,71,290200
15966,305,17800
15967,325,5800
15968,314,12600
15969,20,527000
15970,0,1659600
15971,30,450000
15972,226,73600
15973,0,1693600
15974,275,36900
15975,78,271800
15976,280,33600
15977,333,1300
15978,335,250
15979,317,10500
15980,296,23600
15981,281,33150
15982,319,9700
15983,334,800
15984,106,215500
15985,333,1500
15986,333,1350
15987,1,1008100
15988,0,1418800
15989,334,800
15990,308,15850
15991,0,1446500
15992,102,222650
15993,300,21000
15994,59,322600
15995,0,2000000
15996,38,404100
15997,269,41000
15998,329,3600
15999,313,13200
16000,333,1650
16001,6,756000
16002,115,200000
16003,0,2000000
16004,22,511800
16005,336,100
16006,335,400
16007,240,62900
16008,0,1233400
16009,37,410800
16010,30,450100
16011,243,60200
16012,319,9400
16013,333,1300
16014,8,705500
16015,271,39700
16016,126,183000
16017,274,37800
16018,249,55700
16019,1,1160400
16020,267,42400
16021,327,4800
16022,0,2000000
16023,323,7100
16024,23,502000
16025,330,3400
16026,85,256700
16027,104,217800
16028,214,83700
16029,300,20700
16030,256,50500
16031,6,750900
16032,0,1833500
16033,334,1000
16034,318,10000
16035,1,1077500
16036,123,187600
16037,1,1050000
16038,325,5800
16039,336,0
16040,313,13350
16041,332,1900
16042,326,5750
16043,230,70800
16044,257,49500
16045,242,61100
16046,186,109600
16047,292,26000
16048,276,36600
16049,30,450000
16050,334,900
16051,67,300800
16052,3,902000
16053,62,316000
16054,316,11100
16055,29,458000
16056,173,123100
16057,329,4000
16058,246,58200
16059,332,2050
16060,6,736300
16061,274,38000
16062,22,505600
16063,50,353600
16064,277,36000
16065,334,800
16066,278,34900
16067,321,8300
16068,309,15600
16069,266,43100
16070,286,29800
16071,307,16450
16072,294,25000
16073,322,8000
16074,113,202400
16075,186,109700
16076,333,1500
16077,335,250
16078,333,1400
16079,331,2400
16080,299,21450
16081,312,13500
16082,134,171700
16083,34,426300
16084,39,401650
16085,0,1516200
16086,78,272900
16087,326,5700
16088,335,150
16089,328,4600
16090,204,93100
16091,335,250
16092,254,51700
16093,212,86000
16094,334,1000
16095,163,134900
16096,218,80100
16097,334,1000
16098,12,616300
16099,329,3950
16100,331,2600
16101,150,150000
16102,315,12150
16103,1,1050000
16104,296,23300
16105,45,372400
16106,266,43100
16107,334,800
16108,300,20700
16109,45,375000
16110,215,83100
16111,312,13500
16112,138,166000
16113,2,1000100
16114,0,1275850
16115,335,600
16116,13,611200
16117,298,22200
16118,306,17500
16119,35,423650
16120,332,2150
16121,12,628100
16122,332,2100
16123,327,4650
16124,324,6500
16125,273,38600
16126,334,800
16127,335,500
16128,324,6800
16129,224,75350
16130,287,29000
16131,333,1600
16132,306,17000
16133,167,129950
16134,1,1059600
16135,330,3000
16136,280,33600
16137,27,470600
16138,0,1500900
16139,0,1478800
16140,30,450000
16141,278,35000
16142,20,525000
16143,314,12500
16144,297,23100
16145,305,18000
16146,0,2000000
16147,30,450000
16148,286,29600
16149,1,1021700
16150,328,4200
16151,130,176200
16152,0,2000000
16153,330,3000
16154,143,158600
16155,29,454800
16156,0,2000000
16157,273,38200
16158,0,1690000
16159,320,8900
16160,13,605500
16161,15,580100
16162,0,2000000
16163,328,4600
16164,278,35000
16165,326,5300
16166,255,51100
16167,126,182850
16168,320,9100
16169,291,26800
16170,314,12600
16171,335,600
16172,307,16450
16173,1,1200600
16174,336,100
16175,327,5000
16176,321,8300
16177,95,235350
16178,284,31000
16179,316,11000
16180,330,3250
16181,270,40600
16182,328,4400
16183,334,1200
16184,315,12100
16185,73,283600
16186,6,750600
16187,10,657600
16188,328,4400
16189,203,94000
16190,219,79700
16191,111,206800
16192,333,1700
16193,327,4800
16194,295,24000
16195,330,3000
16196,2,918400
16197,0,1504600
16198,332,2000
16199,0,1310000
16200,305,18000
16201,216,82200
16202,237,64900
16203,315,11650
16204,331,2900
16205,334,1100
16206,228,72400
16207,108,211700
16208,325,5800
16209,155,143600
16210,253,52600
16211,284,31200
16212,295,23900
16213,333,1700
16214,150,150400
16215,334,1150
16216,299,21600
16217,1,1000400
16218,276,36200
16219,263,45800
16220,29,453100
16221,330,3200
16222,1,1160800
16223,314,12300
16224,313,13300
16225,60,321900
16226,304,18600
16227,238,63700
16228,5,782000
16229,329,3800
16230,330,3000
16231,47,366000
16232,265,44400
16233,309,15300
16234,1,1050000
16235,94,236700
16236,277,35800
16237,214,83700
16238,303,19400
16239,149,150800
16240,181,115000
16241,123,186300
16242,152,147900
16243,23,500300
16244,0,2000000
16245,284,30900
16246,2,992900
16247,141,161800
16248,293,25600
16249,298,22400
16250,335,500
16251,333,1500
16252,0,1564250
16253,249,55600
16254,231,70000
16255,335,200
16256,1,1178000
16257,160,138000
16258,64,307750
16259,111,206800
16260,315,12100
16261,305,17700
16262,0,2000000
16263,329,3800
16264,304,18350
16265,0,1604100
16266,13,602400
16267,285,30400
16268,196,100000
16269,334,750
16270,319,9750
16271,12,616700
16272,335,250
16273,187,109400
16274,330,3400
16275,0,1524000
16276,0,2000000
16277,115,199900
16278,14,594200
16279,28,460400
16280,310,15000
16281,5,801500
16282,334,1200
16283,235,66200
16284,269,41600
16285,311,14200
16286,335,300
16287,4,845200
16288,321,8400
16289,129,178800
16290,266,43600
16291,277,35500
16292,29,458000
16293,0,1500200
16294,158,140600
16295,66,302500
16296,335,200
16297,303,18800
16298,332,1900
16299,324,6500
16300,1,1113500
16301,0,1502800
16302,67,301000
16303,0,2000000
16304,204,93100
16305,141,162000
16306,0,1958000
16307,316,11200
16308,315,11600
16309,150,150600
16310,328,4300
16311,13,602600
16312,62,315400
16313,8,697700
16314,0,1216250
16315,329,3650
16316,334,1000
16317,231,69600
16318,329,3750
16319,1,1097650
16320,301,20200
16321,323,7100
16322,294,24600
16323,278,35200
16324,27,467200
16325,220,78600
16326,42,386000
16327,0,2000000
16328,265,43800
16329,1,1002200
16330,305,18100
16331,114,201600
16332,294,24950
16333,334,1000
16334,51,350000
16335,322,8000
16336,9,664400
16337,100,225000
16338,333,1400
16339,330,3150
16340,111,205700
16341,5,801800
16342,0,1271950
16343,150,150000
16344,289,27600
16345,262,46000
16346,308,15800
16347,145,157000
16348,244,59450
16349,329,3500
16350,330,3300
16351,334,700
16352,304,18200
16353,275,37500
16354,0,2000000
16355,66,302300
16356,110,208100
16357,173,123900
16358,333,1450
16359,302,19800
16360,65,304600
16361,307,16400
16362,62,315400
16363,335,600
16364,323,7000
16365,65,306600
16366,8,700600
16367,117,196000
16368,279,34200
16369,0,1520000
16370,139,164400
16371,0,2000000
16372,334,1000
16373,228,71700
16374,303,18900
16375,227,72600
16376,332,2000
16377,332,2000
16378,329,3500
16379,274,38150
16380,303,19400
16381,45,373700
16382,223,76400
16383,335,300
16384,259,48100
16385,3,885200
16386,335,300
16387,174,122500
16388,10,650250
16389,74,281600
16390,67,300200
16391,199,97600
16392,5,802900
16393,328,4200
16394,12,624000
16395,6,752100
16396,279,34350
16397,86,253400
16398,315,12000
16399,326,5600
16400,240,62500
16401,218,80600
16402,23,500200
16403,1,1050000
16404,313,13200
16405,304,18300
16406,325,6100
16407,305,17900
16408,298,22400
16409,177,119200
16410,202,94400
16411,0,1520500
16412,0,1250400
16413,203,93300
16414,293,25200
16415,67,301400
16416,243,60400
16417,335,600
16418,0,2000000
16419,130,176400
16420,327,5100
16421,91,243800
16422,82,263200
16423,195,101300
16424,333,1250
16425,318,9950
16426,0,2000000
16427,311,14100
16428,315,11800
16429,327,4700
16430,275,37000
16431,332,2000
16432,141,162000
16433,0,2000000
16434,6,751200
16435,333,1350
16436,230,70400
16437,293,25200
16438,280,33900
16439,277,36000
16440,334,1000
16441,335,550
16442,51,350600
16443,246,57800
16444,304,18600
16445,21,519600
16446,334,1200
16447,297,23000
16448,224,75200
16449,0,1816300
16450,322,7800
16451,321,8400
16452,18,548300
16453,305,17800
16454,321,8200
16455,324,6800
16456,326,5250
16457,253,52500
16458,332,1900
16459,64,308250
16460,0,1820000
16461,63,310400
16462,217,80900
16463,0,1390000
16464,191,105500
16465,1,1160100
16466,30,450600
16467,216,82100
16468,320,8900
16469,213,84400
16470,250,54700
16471,164,133200
16472,157,141000
16473,334,1100
16474,7,729100
16475,299,21800
16476,305,17750
16477,149,151100
16478,309,15750
16479,331,2500
16480,314,12200
16481,87,250500
16482,327,4800
16483,48,360450
16484,294,24700
16485,333,1600
16486,70,291000
16487,336,0
16488,335,300
16489,317,10900
16490,64,309550
16491,115,199600
16492,0,2000000
16493,5,790000
16494,187,108950
16495,332,1950
16496,335,300
16497,335,500
16498,329,3550
16499,3,859800
16500,279,34600
16501,292,26000
16502,334,900
16503,277,35800
16504,322,7500
16505,186,109500
16506,290,27400
16507,51,351700
16508,283,32000
16509,332,2200
16510,113,203200
16511,4,845400
16512,0,2000000
16513,334,800
16514,309,15600
16515,326,5600
16516,6,750500
16517,320,8900
16518,69,294000
16519,336,0
16520,275,37350
16521,131,175400
16522,0,1459000
16523,282,32600
16524,327,4900
16525,325,5900
16526,284,31200
16527,122,187800
16528,329,3700
16529,259,48600
16530,318,10200
16531,268,42300
16532,322,7600
16533,1,1030000
16534,148,153000
16535,4,806500
16536,256,50800
16537,0,2000000
16538,148,152600
16539,0,2000000
16540,150,150400
16541,242,61300
16542,283,32000
16543,194,102300
16544,54,338800
16545,276,36600
16546,106,214500
16547,0,2000000
16548,259,48100
16549,307,16500
16550,307,16400
16551,281,33000
16552,113,203100
16553,256,50600
16554,295,24100
16555,330,3300
16556,321,8100
16557,322,7500
16558,8,700900
16559,307,16800
16560,60,319400
16561,321,8200
16562,279,34800
16563,323,7200
16564,25,485000
16565,30,450000
16566,0,1215700
16567,30,450000
16568,236,65400
16569,0,2000000
16570,211,86700
16571,187,108500
16572,182,113800
16573,311,14000
16574,266,43100
16575,318,10250
16576,164,133900
16577,336,0
16578,0,2000000
16579,32,437200
16580,59,324250
16581,249,56000
16582,332,2200
16583,10,648000
16584,320,8800
16585,230,70800
16586,296,23300
16587,154,144600
16588,333,1800
16589,256,50400
16590,336,100
16591,333,1800
16592,295,24050
16593,334,700
16594,318,10200
16595,54,340400
16596,335,500
16597,6,750900
16598,58,328500
16599,300,20800
16600,237,64650
16601,253,52900
16602,296,23200
16603,210,87400
16604,1,1179600
16605,0,1564150
16606,323,7400
16607,13,606200
16608,321,8150
16609,320,9000
16610,88,249000
16611,325,6000
16612,3,877700
16613,19,530200
16614,291,26700
16615,195,100800
16616,335,300
16617,331,2800
16618,90,245300
16619,303,18800
16620,0,2000000
16621,1,1086500
16622,311,14200
16623,86,252800
16624,289,27600
16625,0,2000000
16626,243,60100
16627,321,8250
16628,309,15700
16629,8,700150
16630,225,74400
16631,281,33400
16632,293,25100
16633,335,300
16634,262,46100
16635,222,77000
16636,331,2800
16637,13,600650
16638,276,36600
16639,336,100
16640,311,14400
16641,42,387100
16642,330,3400
16643,20,523800
16644,336,0
16645,298,22150
16646,321,8200
16647,282,32200
16648,323,7400
16649,317,10700
16650,0,2000000
16651,328,4300
16652,258,48700
16653,317,10650
16654,267,42800
16655,332,2000
16656,5,802450
16657,173,123250
16658,6,751000
16659,0,1322000
16660,111,206000
16661,255,50900
16662,336,100
16663,239,63100
16664,36,415000
16665,317,10600
16666,320,9000
16667,319,9800
16668,306,17100
16669,30,451000
16670,331,2700
16671,46,370600
16672,295,24100
16673,299,21600
16674,334,700
16675,6,756000
16676,13,600800
16677,326,5500
16678,306,17200
16679,40,396000
16680,0,2000000
16681,0,2000000
16682,284,31200
16683,0,2000000
16684,331,2900
16685,328,4600
16686,299,21600
16687,30,450000
16688,237,64900
16689,232,68600
16690,22,507000
16691,334,1100
16692,67,301200
16693,0,1233000
16694,311,14100
16695,204,93000
16696,274,38150
16697,92,240800
16698,40,396600
16699,51,350200
16700,184,111550
16701,321,8100
16702,289,27900
16703,274,37700
16704,329,3500
16705,36,417800
16706,334,1200
16707,218,80200
16708,334,1200
16709,168,128500
16710,305,17700
16711,30,450000
16712,287,29100
16713,230,70100
16714,333,1400
16715,6,745100
16716,333,1400
16717,30,450000
16718,269,41600
16719,232,69000
16720,285,30600
16721,335,550
16722,118,194600
16723,286,30000
16724,279,34800
16725,307,16450
16726,283,32000
16727,332,2300
16728,313,13100
16729,335,200
16730,316,11300
16731,261,46900
16732,321,8200
16733,203,94000
16734,111,206200
16735,330,3100
16736,306,17500
16737,284,30850
16738,331,2750
16739,323,6950
16740,224,75050
16741,109,208700
16742,336,0
16743,1,1201400
16744,279,34150
16745,86,254500
16746,113,202200
16747,278,35000
16748,229,71300
16749,313,12900
16750,335,150
16751,336,0
16752,6,760700
16753,2,1000200
16754,67,300000
16755,29,454600
16756,67,300000
16757,331,2800
16758,0,2000000
16759,316,11000
16760,319,9500
16761,291,26900
16762,331,2800
16763,221,77900
16764,3,873100
16765,145,156200
16766,140,163500
16767,324,6900
16768,326,5400
16769,214,83500
16770,0,1502300
16771,0,1800850
16772,332,2100
16773,336,100
16774,333,1600
16775,0,2000000
16776,30,450000
16777,0,1362000
16778,308,16000
16779,0,2000000
16780,275,37500
16781,306,17500
16782,279,34200
16783,307,16800
16784,153,146500
16785,7,730800
16786,332,1850
16787,0,2000000
16788,332,2100
16789,328,4400
16790,152,147600
16791,280,33600
16792,0,2000000
16793,282,32500
16794,328,4450
16795,261,46800
16796,218,80100
16797,332,1850
16798,325,6000
16799,0,1266300
16800,335,450
16801,1,1050000
16802,149,151100
16803,326,5700
16804,318,10200
16805,315,11850
16806,230,70250
16807,335,600
16808,121,190800
16809,119,192400
16810,335,450
16811,309,15500
16812,330,3100
16813,296,23500
16814,65,306000
16815,270,40600
16816,282,32750
16817,335,250
16818,334,1000
16819,325,6000
16820,8,703800
16821,325,5900
16822,319,9600
16823,0,1280200
16824,0,2000000
16825,0,2000000
16826,13,612200
16827,315,11600
16828,311,14500
16829,0,1274050
16830,147,154100
16831,181,115100
16832,6,750600
16833,316,11100
16834,250,54550
16835,107,212600
16836,321,8500
16837,8,700800
16838,0,2000000
16839,0,1460300
16840,273,38800
16841,8,698000
16842,7,714800
16843,206,90700
16844,333,1500
16845,0,2000000
16846,304,18600
16847,269,41600
16848,307,16500
16849,56,332000
16850,330,3300
16851,0,2000000
16852,335,200
16853,326,5650
16854,258,49100
16855,137,166600
16856,319,9250
16857,335,600
16858,314,12600
16859,300,20800
16860,334,1200
16861,306,17000
16862,236,65800
16863,315,12000
16864,108,210600
16865,335,200
16866,212,85500
16867,327,4950
16868,323,7100
16869,331,2600
16870,305,18100
16871,327,4700
16872,298,22000
16873,49,360300
16874,265,43750
16875,332,2300
16876,0,1466600
16877,313,13300
16878,232,68500
16879,146,155000
16880,13,604000
16881,314,12200
16882,334,900
16883,0,2000000
16884,329,3900
16885,3,900000
16886,3,900250
16887,276,36800
16888,300,20700
16889,291,26400
16890,329,4000
16891,335,600
16892,329,3700
16893,11,639200
16894,0,1510400
16895,0,1390000
16896,54,342000
16897,2,916150
16898,1,1005900
16899,317,10650
16900,245,59000
16901,51,351200
16902,332,2300
16903,148,152000
16904,302,19600
16905,286,29800
16906,281,33400
16907,332,1900
16908,335,300
16909,318,9900
16910,189,107200
16911,141,162000
16912,8,701500
16913,333,1400
16914,236,65650
16915,51,352400
16916,308,16100
16917,335,400
16918,316,11500
16919,323,7100
16920,1,1161150
16921,0,1804500
16922,205,92000
16923,333,1800
16924,29,458000
16925,314,12300
16926,12,620250
16927,0,2000000
16928,334,800
16929,3,882000
16930,235,66100
16931,315,11900
16932,117,197000
16933,325,6000
16934,334,900
16935,2,1000100
16936,30,450000
16937,321,8100
16938,0,2000000
16939,311,14000
16940,326,5600
16941,288,28300
16942,293,25200
16943,142,160800
16944,331,2450
16945,320,8900
16946,0,2000000
16947,332,2200
16948,283,32000
16949,327,5100
16950,325,5950
16951,296,23400
16952,187,108900
16953,300,21050
16954,278,35200
16955,329,3800
16956,10,650000
16957,163,134400
16958,288,28300
16959,323,7200
16960,318,10000
16961,109,208800
16962,320,8800
16963,218,80300
16964,1,1060400
16965,301,20300
16966,37,410800
16967,282,32600
16968,316,11000
16969,333,1500
16970,335,500
16971,323,7100
16972,333,1600
16973,327,4700
16974,334,900
16975,287,29350
16976,218,80250
16977,253,52600
16978,0,1352100
16979,256,50400
16980,322,7600
16981,277,35800
16982,1,1050000
16983,275,37000
16984,0,2000000
16985,300,21200
16986,6,764400
16987,325,6000
16988,0,2000000
16989,4,814700
16990,261,46600
16991,335,400
16992,321,8200
16993,322,7550
16994,272,39000
16995,326,5600
16996,269,41300
16997,10,652800
16998,335,600
16999,281,32900
17000,306,17350
17001,320,8800
17002,334,1050
17003,334,800
17004,226,73600
17005,13,606400
17006,327,5150
17007,0,2000000
17008,334,750
17009,290,27400
17010,331,2800
17011,265,44300
17012,298,22250
17013,317,10900
17014,29,457100
17015,33,432500
17016,4,820100
17017,30,450000
17018,309,15250
17019,49,358800
17020,320,9000
17021,5,795000
17022,7,709100
17023,333,1800
17024,0,1236200
17025,62,316000
17026,333,1250
17027,0,1951000
17028,329,3600
17029,334,900
17030,334,1000
17031,329,3650
17032,318,10300
17033,15,581200
17034,243,60100
17035,1,1021050
17036,274,38000
17037,275,37350
17038,323,7400
17039,291,26600
17040,172,125100
17041,314,12200
17042,335,600
17043,256,50850
17044,0,1819000
17045,78,270850
17046,29,458000
17047,321,8500
17048,306,17300
17049,261,46900
17050,305,17600
17051,334,1100
17052,0,1845250
17053,327,5000
17054,184,112000
17055,335,400
17056,230,70400
17057,13,604300
17058,331,2500
17059,259,48000
17060,332,2100
17061,12,618000
17062,336,0
17063,169,127800
17064,324,6750
17065,0,1756900
17066,0,1214000
17067,110,208200
17068,50,355700
17069,326,5500
17070,328,4600
17071,247,56900
17072,282,32500
17073,309,15300
17074,67,300150
17075,44,378000
17076,30,450000
17077,287,28900
17078,19,532200
17079,13,600200
17080,298,22200
17081,276,36800
17082,303,19200
17083,322,8000
17084,327,5000
17085,275,37400
17086,322,7800
17087,333,1600
17088,317,10900
17089,277,35550
17090,0,1992400
17091,56,333100
17092,8,700500
17093,259,48300
17094,25,484500
17095,0,1802900
17096,232,68900
17097,6,750400
17098,293,25600
17099,111,206950
17100,333,1600
17101,0,1800300
17102,242,61300
17103,311,14400
17104,318,10000
17105,310,15100
17106,0,2000000
17107,59,322600
17108,3,900200
17109,63,311200
17110,212,85300
17111,67,300600
17112,260,47400
17113,155,143800
17114,149,151200
17115,167,129750
17116,200,96100
17117,35,423500
17118,13,606000
17119,242,61000
17120,333,1400
17121,131,174900
17122,319,9400
17123,335,600
17124,309,15500
17125,2,1000200
17126,329,3600
17127,0,2000000
17128,126,182000
17129,328,4400
17130,169,128150
17131,273,38800
17132,0,1834000
17133,0,1234400
17134,325,5900
17135,240,62400
17136,293,25500
17137,259,48250
17138,292,25700
17139,302,20000
17140,67,300200
17141,335,150
17142,313,13100
17143,319,9700
17144,56,333400
17145,324,6350
17146,150,150000
17147,305,18100
17148,4,808450
17149,67,300150
17150,334,1100
17151,330,3300
17152,326,5650
17153,0,2000000
17154,237,65200
17155,331,2600
17156,138,165300
17157,310,14650
17158,0,1852000
17159,217,80900
17160,323,7000
17161,331,2500
17162,0,1417250
17163,330,3000
17164,334,750
17165,8,700900
17166,266,43100
17167,294,24800
17168,278,35200
17169,47,365200
17170,328,4200
17171,328,4150
17172,316,11300
17173,125,183900
17174,326,5300
17175,172,124400
17176,63,313100
17177,254,52000
17178,309,15200
17179,0,2000000
17180,0,1843200
17181,306,17300
17182,147,154400
17183,231,69700
17184,290,27000
17185,334,1000
17186,332,2000
17187,199,97100
17188,0,1315000
17189,1,1005400
17190,284,31200
17191,335,500
17192,332,2000
17193,331,2600
17194,335,600
17195,0,1466600
17196,7,728200
17197,317,10600
17198,139,163800
17199,0,2000000
17200,297,23000
17201,333,1500
17202,223,75900
17203,0,2000000
17204,13,608400
17205,305,18000
17206,297,23100
17207,165,131800
17208,67,301200
17209,314,12600
17210,281,33400
17211,0,2000000
17212,307,16400
17213,320,8950
17214,307,16500
17215,21,514000
17216,335,250
17217,274,38100
17218,332,2000
17219,317,10950
17220,115,200000
17221,329,3600
17222,325,6000
17223,331,2500
17224,63,310200
17225,276,36600
17226,241,61900
17227,267,42400
17228,332,2000
17229,301,20400
17230,321,8300
17231,0,2000000
17232,309,15600
17233,336,100
17234,278,35200
17235,0,2000000
17236,322,7900
17237,298,22500
17238,269,41550
17239,301,20100
17240,334,900
17241,334,750
17242,318,10100
17243,333,1600
17244,146,155000
17245,13,607900
17246,310,14750
17247,139,164500
17248,141,162000
17249,274,38000
17250,103,219600
17251,216,82350
17252,331,2700
17253,4,823350
17254,1,1204000
17255,2,993000
17256,334,900
17257,80,267200
17258,288,28600
17259,306,17400
17260,332,2200
17261,312,13700
17262,328,4250
17263,309,15400
17264,311,14000
17265,280,33600
17266,332,2000
17267,331,2650
17268,335,200
17269,63,310800
17270,267,42900
17271,277,35600
17272,298,22400
17273,293,25500
17274,0,2000000
17275,322,7700
17276,104,217900
17277,67,301000
17278,134,171300
17279,314,12400
17280,278,35050
17281,243,60300
17282,0,2000000
17283,10,653300
17284,30,450000
17285,324,6900
17286,334,1000
17287,260,47800
17288,0,1801600
17289,5,782000
17290,236,65800
17291,198,98000
17292,283,31750
17293,210,87500
17294,0,2000000
17295,12,616250
17296,78,272400
17297,126,183000
17298,301,20100
17299,0,2000000
17300,286,30000
17301,111,205500
17302,55,338000
17303,0,1233700
17304,324,6800
17305,309,15600
17306,0,1513800
17307,316,11350
17308,212,86000
17309,330,3400
17310,176,120600
17311,258,49100
17312,248,56500
17313,0,1214000
17314,167,129750
17315,276,36500
17316,300,20700
17317,313,13000
17318,317,10600
17319,271,40200
17320,115,199000
17321,231,69400
17322,211,86400
17323,330,3200
17324,1,1004700
17325,0,1401500
17326,331,2750
17327,0,2000000
17328,335,400
17329,30,450000
17330,331,2600
17331,315,12000
17332,5,770000
17333,325,6100
17334,335,300
17335,335,500
17336,335,400
17337,183,113300
17338,253,52500
17339,109,210200
17340,320,8950
17341,328,4600
17342,309,15600
17343,281,33150
17344,108,211000
17345,333,1300
17346,324,6400
17347,252,53200
17348,331,2500
17349,282,32200
17350,332,2000
17351,0,1422000
17352,66,303900
17353,283,31800
17354,4,840800
17355,238,63900
17356,292,26200
17357,0,1408100
17358,326,5350
17359,272,38900
17360,323,7200
17361,303,19300
17362,323,7200
17363,274,37800
17364,53,345300
17365,246,57600
17366,302,19750
17367,1,1209100
17368,0,2000000
17369,8,706500
17370,12,620300
17371,325,6000
17372,0,1451500
17373,310,15000
17374,143,159500
17375,10,660000
17376,332,2100
17377,183,113200
17378,66,302000
17379,259,48000
17380,334,1050
17381,336,100
17382,0,2000000
17383,333,1650
17384,258,49100
17385,332,2300
17386,37,408800
17387,155,144100
17388,0,2000000
17389,335,150
17390,238,64400
17391,256,50800
17392,75,279700
17393,0,2000000
17394,195,101000
17395,321,8250
17396,271,40200
17397,0,1270000
17398,283,31500
17399,251,54100
17400,225,74300
17401,61,319000
17402,235,66350
17403,298,22000
17404,0,1726000
17405,275,37500
17406,2,953200
17407,268,42300
17408,50,353800
17409,174,122300
17410,309,15400
17411,282,32700
17412,311,14200
17413,293,25400
17414,274,37600
17415,187,108500
17416,299,21800
17417,331,2700
17418,221,78050
17419,333,1300
17420,279,34500
17421,107,213000
17422,0,1460100
17423,170,126200
17424,336,0
17425,0,1718800
17426,3,902150
17427,313,12950
17428,331,2500
17429,324,6900
17430,130,176600
17431,334,800
17432,0,2000000
17433,266,43600
17434,334,1200
17435,0,2000000
17436,8,701600
17437,332,2000
17438,335,500
17439,13,604850
17440,0,2000000
17441,322,8000
17442,142,160900
17443,28,460000
17444,0,1500000
17445,334,900
17446,2,960650
17447,200,96600
17448,328,4500
17449,0,2000000
17450,280,33800
17451,29,458000
17452,282,32200
17453,0,2000000
17454,0,1329600
17455,265,44100
17456,298,22000
17457,304,18400
17458,30,450000
17459,12,620000
17460,314,12600
17461,276,36400
17462,71,288500
17463,335,200
17464,0,2000000
17465,320,8800
17466,130,176100
17467,219,79300
17468,331,2600
17469,175,121200
17470,332,2100
17471,0,1809400
17472,8,705500
17473,303,19350
17474,278,35150
17475,279,34500
17476,0,2000000
17477,279,34300
17478,325,6300
17479,307,16600
17480,0,1601700
17481,263,45500
17482,257,50100
17483,256,50600
17484,308,15800
17485,0,2000000
17486,256,50400
17487,291,26800
17488,305,18000
17489,317,10650
17490,334,1200
17491,334,1200
17492,241,61600
17493,1,1001100
17494,2,934000
17495,263,45400
17496,327,5000
17497,38,407800
17498,319,9550
17499,0,2000000
17500,293,25400
17501,223,75800
17502,205,92100
17503,307,16800
17504,30,450000
17505,67,300550
17506,318,10000
17507,0,2000000
17508,316,11000
17509,199,97700
17510,38,403600
17511,329,3700
17512,275,37050
17513,265,44100
17514,305,18100
17515,320,8800
17516,0,1746000
17517,270,40300
17518,326,5200
17519,334,1000
17520,309,15200
17521,302,20000
17522,7,714000
17523,323,7300
17524,0,2000000
17525,335,400
17526,295,24400
17527,336,0
17528,320,9000
17529,0,1518000
17530,302,19950
17531,330,3000
17532,58,327600
17533,106,214800
17534,230,70200
17535,56,334400
17536,187,108500
17537,334,800
17538,317,10500
17539,326,5600
17540,30,450600
17541,200,96750
17542,122,188200
17543,51,350150
17544,334,1100
17545,295,24200
17546,331,2400
17547,316,11000
17548,182,113650
17549,325,6000
17550,0,1566000
17551,334,700
17552,59,324200
17553,222,77200
17554,157,141200
17555,61,316700
17556,1,1050000
17557,57,329100
17558,238,63800
17559,111,205900
17560,105,217000
17561,132,174300
17562,331,2700
17563,335,600
17564,6,750500
17565,0,2000000
17566,302,19500
17567,286,29600
17568,294,24900
17569,330,3000
17570,29,458000
17571,96,233000
17572,194,102550
17573,234,66900
17574,328,4600
17575,333,1250
17576,243,60300
17577,0,2000000
17578,326,5200
17579,262,46100
17580,323,7200
17581,234,67400
17582,13,605600
17583,328,4100
17584,88,250400
17585,0,2000000
17586,30,450600
17587,1,1204200
17588,283,31800
17589,279,34500
17590,332,2200
17591,291,26800
17592,124,185000
17593,257,49900
17594,333,1700
17595,67,301500
17596,295,24000
17597,312,13700
17598,63,310600
17599,249,55600
17600,0,2000000
17601,295,24100
17602,59,323800
17603,298,21900
17604,90,246000
17605,289,28200
17606,334,1200
17607,141,162000
17608,265,44200
17609,62,313600
17610,238,64100
17611,333,1300
17612,171,125600
17613,335,200
17614,306,17400
17615,264,45000
17616,0,1219900
17617,294,24900
17618,11,634000
17619,326,5700
17620,193,102850
17621,309,15500
17622,324,6650
17623,303,19000
17624,88,250250
17625,1,1208700
17626,311,14000
17627,297,23000
17628,126,182000
17629,282,32700
17630,330,3400
17631,0,2000000
17632,147,153700
17633,1,1058700
17634,1,1000450
17635,320,8800
17636,1,1160100
17637,286,30000
17638,0,2000000
17639,10,647000
17640,240,62200
17641,111,206200
17642,327,5000
17643,0,1509400
17644,304,18700
17645,8,705400
17646,43,384200
17647,334,800
17648,333,1400
17649,258,49000
17650,0,1743400
17651,317,10550
17652,324,6400
17653,6,755200
17654,235,66750
17655,204,92400
17656,141,161100
17657,21,512000
17658,257,50100
17659,64,308500
17660,135,169500
17661,325,6200
17662,0,2000000
17663,335,400
17664,1,1201200
17665,0,1806600
17666,252,53150
17667,333,1300
17668,333,1500
17669,208,88900
17670,0,1500200
17671,334,1000
17672,322,8000
17673,332,2300
17674,51,352000
17675,0,1323000
17676,276,36200
17677,1,1206300
17678,0,1318100
17679,296,23700
17680,181,115200
17681,121,190000
17682,322,7500
17683,250,54700
17684,0,2000000
17685,291,26600
17686,219,79300
17687,198,98400
17688,199,97350
17689,0,1367000
17690,331,2500
17691,322,8000
17692,269,41600
17693,237,64700
17694,0,2000000
17695,6,750300
17696,0,1473200
17697,0,2000000
17698,0,1407200
17699,335,400
17700,186,110250
17701,1,1051600
17702,307,16600
17703,318,10400
17704,296,23200
17705,0,1820000
17706,124,185000
17707,13,600300
17708,313,13000
17709,87,252300
17710,140,163300
17711,11,634000
17712,335,500
17713,310,14900
17714,38,407500
17715,283,31800
17716,175,121000
17717,304,18700
17718,329,3950
17719,297,22600
17720,328,4350
17721,285,30800
17722,256,50700
17723,317,10900
17724,333,1750
17725,314,12600
17726,298,22000
17727,121,190000
17728,317,10450
17729,12,616100
17730,333,1700
17731,199,97200
17732,29,458000
17733,132,173400
17734,318,10400
17735,309,15700
17736,8,703300
17737,114,201600
17738,6,751800
17739,166,131400
17740,0,2000000
17741,311,14500
17742,330,3400
17743,335,600
17744,164,134000
17745,0,2000000
17746,157,142150
17747,316,11350
17748,328,4600
17749,297,23000
17750,0,2000000
17751,46,368800
17752,74,281400
17753,183,113100
17754,51,352500
17755,0,1320900
17756,47,364500
17757,9,664400
17758,334,850
17759,0,1463800
17760,126,182100
17761,196,99900
17762,253,52800
17763,8,697700
17764,189,107400
17765,30,450000
17766,215,82950
17767,243,60400
17768,295,24000
17769,269,41000
17770,327,4700
17771,333,1700
17772,1,1000250
17773,11,632250
17774,332,2100
17775,313,13150
17776,0,1472300
17777,1,1166000
17778,330,3000
17779,317,10600
17780,305,18100
17781,218,80500
17782,8,691000
17783,318,10000
17784,264,45000
17785,322,7500
17786,10,657800
17787,322,7600
17788,3,850300
17789,329,3550
17790,282,32800
17791,316,11000
17792,318,10250
17793,40,396250
17794,66,302000
17795,189,107200
17796,305,17600
17797,331,2900
17798,253,52500
17799,126,182000
17800,12,614300
17801,298,22400
17802,274,37600
17803,18,550100
17804,2,916000
17805,328,4150
17806,332,2200
17807,277,35600
17808,146,155600
17809,243,60100
17810,332,2250
17811,113,202000
17812,335,600
17813,320,8750
17814,293,25300
17815,331,2900
17816,50,353800
17817,7,730000
17818,320,9000
17819,0,1666000
17820,11,642000
17821,143,159400
17822,213,85100
17823,303,18800
17824,313,13000
17825,13,601650
17826,238,64200
17827,3,878300
17828,35,422600
17829,172,125000
17830,4,807850
17831,330,3250
17832,150,150000
17833,220,78400
17834,29,458000
17835,301,20300
17836,304,18300
17837,76,277050
17838,0,2000000
17839,291,26350
17840,304,18400
17841,310,15000
17842,336,0
17843,315,11800
17844,285,30300
17845,334,750
17846,0,2000000
17847,322,7800
17848,0,2000000
17849,0,2000000
17850,322,7600
17851,257,49500
17852,322,7800
17853,335,300
17854,13,604900
17855,335,150
17856,182,113900
17857,13,612600
17858,279,34200
17859,6,754800
17860,332,2100
17861,333,1700
17862,294,24600
17863,332,2200
17864,0,2000000
17865,329,3600
17866,248,56600
17867,0,2000000
17868,6,757000
17869,301,20100
17870,2,1000200
17871,160,138200
17872,0,1550000
17873,15,580000
17874,316,11300
17875,292,26000
17876,254,51950
17877,117,196000
17878,331,2500
17879,300,21150
17880,321,8600
17881,240,62900
17882,268,42100
17883,316,11200
17884,50,354300
17885,233,67700
17886,4,810000
17887,333,1700
17888,0,1234000
17889,317,10700
17890,301,20200
17891,312,13600
17892,282,32400
17893,0,1958000
17894,71,289700
17895,326,5400
17896,298,22150
17897,302,19500
17898,305,17700
17899,314,12200
17900,11,631200
17901,11,636000
17902,274,37700
17903,322,7800
17904,245,58350
17905,242,60600
17906,321,8250
17907,258,48700
17908,294,25000
17909,329,3650
17910,335,300
17911,331,2400
17912,328,4200
17913,336,100
17914,3,882000
17915,334,900
17916,0,2000000
17917,94,237950
17918,335,450
17919,326,5700
17920,115,200000
17921,294,24900
17922,0,2000000
17923,313,13200
17924,266,43050
17925,266,43100
17926,4,809000
17927,0,1256000
17928,330,3100
17929,324,6400
17930,0,2000000
17931,317,10600
17932,256,50400
17933,286,30050
17934,21,513500
17935,334,1200
17936,324,6400
17937,107,213000
17938,331,2900
17939,80,266600
17940,294,24800
17941,0,1660400
17942,0,1500200
17943,0,2000000
17944,211,86600
17945,260,47900
17946,306,17400
17947,0,1281200
17948,311,14100
17949,283,32000
17950,321,8300
17951,132,174000
17952,242,61200
17953,176,120700
17954,0,1950600
17955,0,1265550
17956,324,6400
17957,325,5950
17958,209,88500
17959,322,7600
17960,320,8900
17961,330,3150
17962,334,700
17963,66,302000
17964,331,2400
17965,335,200
17966,332,1900
17967,327,4700
17968,322,7700
17969,66,302000
17970,0,2000000
17971,62,316000
17972,283,31800
17973,6,760300
17974,10,660700
17975,238,64200
17976,21,516000
17977,333,1700
17978,326,5750
17979,309,15500
17980,276,36300
17981,282,32600
17982,1,1054000
17983,334,1100
17984,328,4300
17985,304,18400
17986,269,41100
17987,279,34400
17988,326,5300
17989,334,1150
17990,6,754500
17991,307,16900
17992,61,317100
17993,189,107400
17994,85,256600
17995,30,450000
17996,282,32750
17997,29,453000
17998,316,11000
17999,188,108200
18000,0,1683200
18001,0,1304400
18002,333,1300
18003,295,24300
18004,240,62400
18005,332,1900
18006,332,1900
18007,0,1444000
18008,293,25300
18009,1,1010000
18010,333,1400
18011,309,15750
18012,1,1112400
18013,286,30000
18014,286,29900
18015,314,12200
18016,4,811000
18017,1,1007400
18018,30,450600
18019,332,2000
18020,336,100
18021,192,103850
18022,324,6500
18023,111,206600
18024,34,424000
18025,319,9400
18026,0,1506300
18027,328,4200
18028,327,4800
18029,333,1500
18030,333,1500
18031,325,5800
18032,8,705600
18033,334,1200
18034,282,32500
18035,293,25200
18036,275,37300
18037,307,16800
18038,141,162000
18039,286,30000
18040,328,4150
18041,335,350
18042,291,26900
18043,333,1400
18044,108,210450
18045,34,428200
18046,266,43600
18047,333,1450
18048,0,1898000
18049,335,150
18050,210,87400
18051,161,136600
18052,334,1000
18053,213,85100
18054,12,618800
18055,0,2000000
18056,227,73300
18057,329,3550
18058,318,10150
18059,58,327900
18060,282,32400
18061,319,9550
18062,335,500
18063,220,78900
18064,311,14300
18065,1,1041200
18066,195,101600
18067,150,150000
18068,0,2000000
18069,168,129100
18070,328,4500
18071,335,400
18072,0,2000000
18073,271,39600
18074,305,17600
18075,330,3000
18076,215,82900
18077,321,8500
18078,0,2000000
18079,67,300200
18080,138,166000
18081,297,22600
18082,327,4800
18083,182,114300
18084,332,1850
18085,128,180300
18086,206,90900
18087,0,1958800
18088,212,86000
18089,325,5800
18090,1,1066000
18091,309,15500
18092,315,12100
18093,221,77650
18094,332,2300
18095,216,82100
18096,293,25600
18097,234,67600
18098,334,900
18099,4,806600
18100,246,58100
18101,285,30600
18102,173,123350
18103,257,50000
18104,335,300
18105,30,451000
18106,115,200000
18107,236,65400
18108,329,3800
18109,222,76900
18110,0,1510000
18111,335,500
18112,0,1503200
18113,307,16800
18114,3,885500
18115,326,5400
18116,218,80300
18117,301,20400
18118,7,708100
18119,321,8300
18120,0,2000000
18121,282,32300
18122,22,503800
18123,284,30900
18124,0,1240250
18125,271,40000
18126,241,61500
18127,240,62550
18128,327,4700
18129,324,6800
18130,336,0
18131,334,1150
18132,334,900
18133,329,3800
18134,36,413500
18135,334,850
18136,247,56950
18137,335,600
18138,150,150000
18139,320,9100
18140,6,750500
18141,23,500600
18142,299,21500
18143,0,1447300
18144,334,800
18145,39,402600
18146,106,214100
18147,139,164050
18148,243,60300
18149,334,1200
18150,1,1050000
18151,206,90600
18152,331,2400
18153,296,23750
18154,324,6600
18155,328,4200
18156,316,11550
18157,319,9600
18158,297,23000
18159,331,2400
18160,331,2500
18161,40,395000
18162,304,18300
18163,299,21800
18164,295,23800
18165,278,35000
18166,317,10750
18167,245,58850
18168,297,22700
18169,283,31700
18170,39,403000
18171,0,2000000
18172,318,10400
18173,0,2000000
18174,312,13600
18175,331,2400
18176,280,33600
18177,269,41500
18178,52,347700
18179,16,572000
18180,230,70300
18181,177,118800
18182,269,41400
18183,161,136800
18184,305,18000
18185,318,10200
18186,227,73200
18187,332,2000
18188,121,190000
18189,44,380100
18190,329,3600
18191,9,664400
18192,86,253600
18193,114,201100
18194,335,450
18195,105,216400
18196,16,562000
18197,30,451800
18198,334,900
18199,331,2700
18200,335,600
18201,0,2000000
18202,335,450
18203,3,880600
18204,320,8900
18205,333,1500
18206,0,2000000
18207,333,1400
18208,0,2000000
18209,302,20000
18210,300,21200
18211,6,751400
18212,208,89200
18213,11,635250
18214,334,850
18215,325,6000
18216,315,11700
18217,6,754000
18218,32,437900
18219,245,58600
18220,314,12700
18221,311,14100
18222,298,22200
18223,173,123300
18224,278,35300
18225,330,3100
18226,282,32400
18227,334,800
18228,298,22100
18229,298,22400
18230,20,526800
18231,169,128300
18232,141,161600
18233,314,12300
18234,25,485000
18235,325,6000
18236,274,37650
18237,6,750600
18238,87,251000
18239,162,135800
18240,296,23200
18241,125,184300
18242,13,600850
18243,335,200
18244,49,360200
18245,327,4750
18246,134,170400
18247,269,41200
18248,299,21800
18249,270,40500
18250,280,33500
18251,0,2000000
18252,268,42000
18253,333,1700
18254,13,602000
18255,263,45600
18256,8,700700
18257,0,2000000
18258,67,300600
18259,147,153800
18260,0,1807600
18261,66,302400
18262,284,31200
18263,320,8800
18264,335,650
18265,308,16000
18266,331,2400
18267,67,300000
18268,334,1200
18269,323,7100
18270,193,102900
18271,326,5350
18272,0,1811100
18273,329,3600
18274,51,350200
18275,152,147900
18276,330,3000
18277,254,51600
18278,30,450000
18279,128,180000
18280,150,150000
18281,273,38600
18282,217,81000
18283,335,200
18284,336,100
18285,54,339000
18286,0,1388500
18287,0,1820000
18288,328,4400
18289,213,84500
18290,152,147650
18291,288,28800
18292,1,1030000
18293,331,2400
18294,0,2000000
18295,48,361000
18296,151,149000
18297,0,2000000
18298,268,42000
18299,125,183600
18300,286,29900
18301,302,20000
18302,331,2550
18303,332,2200
18304,2,932000
18305,336,0
18306,318,10300
18307,33,431400
18308,329,3800
18309,321,8100
18310,307,16600
18311,255,51200
18312,289,27800
18313,263,45300
18314,295,24400
18315,331,2400
18316,334,850
18317,81,263850
18318,64,309000
18319,0,1390000
18320,71,288600
18321,7,730400
18322,228,72200
18323,327,5050
18324,1,1000500
18325,329,3550
18326,332,2100
18327,333,1700
18328,10,654200
18329,1,1000500
18330,331,2500
18331,0,2000000
18332,335,200
18333,313,13000
18334,309,15300
18335,0,1401400
18336,331,2500
18337,116,198400
18338,335,350
18339,0,2000000
18340,5,774700
18341,223,76200
18342,300,21000
18343,0,1418000
18344,9,682000
18345,322,7700
18346,318,9900
18347,66,302000
18348,300,20800
18349,335,200
18350,324,6600
18351,333,1600
18352,278,35000
18353,319,9800
18354,317,10700
18355,313,13300
18356,303,19400
18357,332,2200
18358,23,500000
18359,141,162000
18360,335,400
18361,30,450000
18362,116,198100
18363,0,1714000
18364,333,1300
18365,326,5300
18366,333,1600
18367,36,415500
18368,0,2000000
18369,335,400
18370,301,20500
18371,0,1940300
18372,237,64700
18373,311,14500
18374,325,6200
18375,326,5400
18376,335,650
18377,146,154600
18378,266,43200
18379,320,9200
18380,4,826300
18381,312,13500
18382,318,10400
18383,333,1400
18384,0,1360500
18385,209,88600
18386,0,1998400
18387,1,1038800
18388,330,3000
18389,250,55000
18390,316,11000
18391,325,6250
18392,228,72400
18393,8,700400
18394,114,200800
18395,333,1600
18396,333,1600
18397,327,5000
18398,335,400
18399,65,304800
18400,335,600
18401,280,34000
18402,0,1510000
18403,0,2000000
18404,29,458000
18405,267,42700
18406,296,23300
18407,4,819800
18408,332,2300
18409,67,300950
18410,321,8200
18411,321,8100
18412,206,90800
18413,301,20550
18414,12,625900
18415,284,31100
18416,51,350000
18417,259,48450
18418,166,131600
18419,10,657650
18420,6,754000
18421,17,552700
18422,332,2250
18423,331,2600
18424,0,2000000
18425,333,1250
18426,4,808200
18427,13,604600
18428,333,1450
18429,282,32300
18430,305,18000
18431,263,45600
18432,329,4000
18433,267,43000
18434,11,632700
18435,67,301500
18436,53,344700
18437,321,8100
18438,165,132500
18439,1,1066000
18440,7,734000
18441,59,322700
18442,333,1600
18443,255,51400
18444,305,17800
18445,223,76400
18446,329,4000
18447,175,121700
18448,0,2000000
18449,251,54400
18450,12,618200
18451,332,2300
18452,301,20200
18453,8,705800
18454,18,544700
18455,293,25400
18456,0,1524000
18457,329,3950
18458,322,7500
18459,120,192150
18460,326,5400
18461,248,56200
18462,320,9000
18463,323,7300
18464,224,75300
18465,298,22250
18466,89,246300
18467,283,31800
18468,317,10600
18469,39,400800
18470,66,303600
18471,232,68800
18472,226,73800
18473,20,529600
18474,291,26800
18475,271,40050
18476,336,100
18477,331,2600
18478,289,28000
18479,29,456100
18480,327,4800
18481,321,8200
18482,19,537100
18483,293,25100
18484,329,3850
18485,333,1800
18486,331,2500
18487,334,900
18488,333,1700
18489,294,24900
18490,327,5000
18491,0,1837000
18492,332,2350
18493,304,18200
18494,164,134000
18495,318,10000
18496,297,22800
18497,256,50200
18498,331,2800
18499,316,11300
18500,66,304000
18501,150,150000
18502,246,58000
18503,0,2000000
18504,323,7400
18505,231,69300
18506,324,6500
18507,329,3900
18508,336,0
18509,65,306800
18510,318,10100
18511,258,48800
18512,336,0
18513,270,40400
18514,323,7050
18515,328,4200
18516,0,1590800
18517,336,0
18518,0,1252800
18519,0,2000000
18520,326,5500
18521,329,3800
18522,0,1501450
18523,324,6600
18524,328,4400
18525,132,174400
18526,135,169800
18527,174,122000
18528,266,43500
18529,1,1208600
18530,184,112500
18531,143,158600
18532,278,35000
18533,298,22300
18534,0,1500900
18535,318,10350
18536,297,22700
18537,325,6000
18538,327,4800
18539,302,20000
18540,62,316000
18541,321,8100
18542,335,300
18543,320,9000
18544,127,181400
18545,1,1002800
18546,206,91200
18547,308,16000
18548,81,265700
18549,322,7600
18550,273,38850
18551,240,62250
18552,22,504600
18553,333,1250
18554,13,605800
18555,303,19200
18556,327,4650
18557,261,46700
18558,334,1100
18559,304,18500
18560,333,1300
18561,42,386900
18562,0,2000000
18563,1,1050000
18564,332,2100
18565,59,323000
18566,298,22300
18567,0,2000000
18568,285,30300
18569,301,20500
18570,293,25200
18571,300,21200
18572,309,15600
18573,336,0
18574,1,1066000
18575,326,5750
18576,198,98600
18577,277,36150
18578,12,624000
18579,138,165750
18580,217,81500
18581,332,2300
18582,66,302000
18583,73,284000
18584,333,1600
18585,85,256200
18586,0,2000000
18587,241,61600
18588,66,303950
18589,0,2000000
18590,66,304000
18591,334,1000
18592,0,1613700
18593,328,4300
18594,320,8800
18595,303,19050
18596,319,9800
18597,0,2000000
18598,0,2000000
18599,0,2000000
18600,0,2000000
18601,276,36600
18602,276,36200
18603,301,20500
18604,282,32200
18605,226,74100
18606,4,812000
18607,300,21200
18608,332,2350
18609,308,16000
18610,291,26500
18611,189,107450
18612,277,35600
18613,0,1500000
18614,1,1050000
18615,272,39400
18616,11,634500
18617,333,1800
18618,46,370600
18619,215,83300
18620,196,100400
18621,127,181700
18622,334,1100
18623,233,67750
18624,66,303950
18625,7,721700
18626,331,2400
18627,39,403000
18628,302,19700
18629,329,3750
18630,143,159000
18631,88,249700
18632,3,900350
18633,304,18700
18634,331,2500
18635,335,300
18636,330,3400
18637,280,34000
18638,325,6000
18639,2,949500
18640,97,231100
18641,328,4200
18642,320,8750
18643,314,12300
18644,334,800
18645,318,10000
18646,313,13300
18647,321,8200
18648,1,1167700
18649,335,500
18650,319,9400
18651,234,67400
18652,335,250
18653,292,26000
18654,112,205100
18655,0,1227900
18656,259,48100
18657,331,2500
18658,305,18100
18659,333,1600
18660,304,18500
18661,277,36000
18662,43,383600
18663,270,40800
18664,324,6500
18665,331,2600
18666,334,950
18667,1,1009200
18668,4,803600
18669,8,701200
18670,322,7900
18671,286,30000
18672,214,83600
18673,298,22200
18674,309,15600
18675,0,1501250
18676,254,52300
18677,0,1356400
18678,312,13800
18679,31,442500
18680,300,21100
18681,37,410500
18682,303,18850
18683,223,76000
18684,71,290400
18685,22,510600
18686,253,52900
18687,318,10200
18688,335,650
18689,161,137000
18690,61,316600
18691,217,81500
18692,13,607200
18693,331,2600
18694,332,2000
18695,335,500
18696,203,93350
18697,0,1804400
18698,7,733000
18699,127,180900
18700,306,17000
18701,24,493500
18702,69,293950
18703,324,6800
18704,335,650
18705,67,301400
18706,271,40000
18707,3,855200
18708,318,10200
18709,317,10500
18710,328,4200
18711,276,36300
18712,334,700
18713,311,14500
18714,320,8800
18715,262,46000
18716,329,3800
18717,334,1000
18718,332,2050
18719,21,517600
18720,188,107600
18721,39,401300
18722,334,1000
18723,329,4000
18724,333,1700
18725,213,84750
18726,67,300200
18727,273,38300
18728,2,920000
18729,13,605800
18730,302,19750
18731,1,1044000
18732,171,125400
18733,267,42400
18734,327,5000
18735,167,130200
18736,0,1402400
18737,0,2000000
18738,319,9300
18739,0,1832200
18740,329,3900
18741,329,4000
18742,322,8000
18743,330,3000
18744,2,916000
18745,317,10700
18746,279,34250
18747,295,24400
18748,30,450000
18749,0,2000000
18750,307,16600
18751,327,5000
18752,306,17400
18753,287,29300
18754,313,13100
18755,67,300900
18756,334,900
18757,294,24900
18758,150,150000
18759,21,516400
18760,0,1849100
18761,283,31500
18762,203,93800
18763,329,4000
18764,23,501400
18765,334,1050
18766,7,721300
18767,195,101500
18768,150,150600
18769,296,23600
18770,21,515000
18771,336,0
18772,334,1050
18773,269,41100
18774,6,750600
18775,315,12000
18776,265,44100
18777,1,1203800
18778,231,70000
18779,331,2700
18780,27,470400
18781,287,28900
18782,335,400
18783,27,467300
18784,334,1000
18785,255,51200
18786,30,450000
18787,0,2000000
18788,309,15300
18789,230,70400
18790,297,22800
18791,114,201600
18792,27,470300
18793,223,76000
18794,332,1900
18795,251,54400
18796,301,20450
18797,165,132000
18798,324,6800
18799,1,1016900
18800,0,1232000
18801,216,82100
18802,325,6200
18803,257,49500
18804,5,770000
18805,0,2000000
18806,50,356000
18807,67,300200
18808,335,300
18809,129,178600
18810,331,2400
18811,335,450
18812,324,6700
18813,0,1358400
18814,49,360000
18815,6,754000
18816,1,1050000
18817,21,516400
18818,314,12300
18819,333,1700
18820,328,4300
18821,31,444300
18822,269,41300
18823,278,35400
18824,298,22250
18825,51,350200
18826,320,9150
18827,293,25600
18828,177,119750
18829,314,12250
18830,0,2000000
18831,0,1800450
18832,330,3000
18833,316,11500
18834,273,38400
18835,106,214200
18836,85,255000
18837,328,4600
18838,298,22500
18839,254,51900
18840,332,2250
18841,279,34200
18842,307,16400
18843,326,5500
18844,127,181700
18845,173,123600
18846,102,221600
18847,299,21500
18848,301,20200
18849,299,21400
18850,66,303000
18851,308,16350
18852,257,49500
18853,196,100550
18854,150,150500
18855,324,6900
18856,46,371000
18857,333,1750
18858,0,2000000
18859,3,855350
18860,12,617400
18861,0,2000000
18862,331,2500
18863,335,500
18864,148,152300
18865,59,324000
18866,1,1203200
18867,307,16600
18868,269,41400
18869,200,96400
18870,333,1600
18871,256,50700
18872,335,500
18873,326,5450
18874,69,294400
18875,74,281200
18876,250,55000
18877,0,1566000
18878,303,19400
18879,150,150000
18880,327,4750
18881,298,22400
18882,327,4700
18883,2,969600
18884,309,15400
18885,335,200
18886,66,304100
18887,310,15100
18888,0,1613600
18889,315,11800
18890,150,150400
18891,327,5100
18892,52,348000
18893,0,2000000
18894,256,50500
18895,334,750
18896,246,57800
18897,323,7400
18898,334,1200
18899,331,2900
18900,195,101200
18901,277,35700
18902,306,17000
18903,237,65150
18904,309,15550
18905,0,2000000
18906,0,2000000
18907,310,14900
18908,329,3500
18909,169,127650
18910,319,9300
18911,279,34600
18912,320,8700
18913,0,2000000
18914,326,5600
18915,322,7700
18916,295,24200
18917,175,121800
18918,330,3000
18919,314,12700
18920,303,19100
18921,324,6900
18922,0,2000000
18923,7,708200
18924,335,600
18925,104,218400
18926,333,1550
18927,229,70900
18928,333,1550
18929,274,37800
18930,333,1600
18931,3,903000
18932,293,25600
18933,0,2000000
18934,334,1000
18935,0,2000000
18936,278,35200
18937,0,1461400
18938,0,2000000
18939,38,404000
18940,50,354000
18941,294,24450
18942,249,55400
18943,67,300000
18944,329,3900
18945,2,916000
18946,283,32150
18947,0,2000000
18948,13,610200
18949,305,17700
18950,2,916000
18951,3,900000
18952,330,3450
18953,334,800
18954,303,19200
18955,257,50000
18956,334,1000
18957,263,45600
18958,335,350
18959,329,3800
18960,325,6050
18961,334,800
18962,173,124000
18963,276,36400
18964,333,1250
18965,0,2000000
18966,190,106100
18967,64,309400
18968,328,4500
18969,203,93900
18970,0,1216700
18971,335,400
18972,0,2000000
18973,326,5600
18974,163,134700
18975,304,18500
18976,106,214600
18977,333,1500
18978,326,5200
18979,335,400
18980,270,40300
18981,13,604300
18982,236,65600
18983,289,28200
18984,69,294400
18985,335,600
18986,273,38200
18987,333,1700
18988,332,2100
18989,50,355400
18990,334,800
18991,332,1900
18992,67,301450
18993,176,120700
18994,150,150200
18995,0,1567450
18996,334,1050
18997,212,85900
18998,119,193550
18999,326,5500
19000,276,36600
19001,2,951500
19002,305,17750
19003,268,42200
19004,336,100
19005,318,10200
19006,241,61700
19007,237,65000
19008,306,17500
19009,215,82700
19010,305,17650
19011,62,314000
19012,11,634650
19013,331,2450
19014,110,207200
19015,334,950
19016,265,44400
19017,329,4000
19018,324,6650
19019,175,121100
19020,190,106400
19021,298,21900
19022,320,9000
19023,336,100
19024,92,240400
19025,319,9550
19026,332,2000
19027,335,300
19028,53,345500
19029,280,33700
19030,236,65800
19031,322,7800
19032,1,1116750
19033,221,78200
19034,309,15700
19035,66,304300
19036,313,13300
19037,176,120550
19038,315,11900
19039,295,24100
19040,37,410400
19041,6,750800
19042,6,750600
19043,328,4500
19044,247,57100
19045,119,193950
19046,0,2000000
19047,13,600150
19048,49,358600
19049,0,1240150
19050,0,2000000
19051,315,11600
19052,334,800
19053,336,100
19054,325,6000
19055,334,700
19056,141,162000
19057,336,100
19058,136,168450
19059,309,15700
19060,0,1950600
19061,324,6600
19062,63,312200
19063,121,190300
19064,258,48750
19065,176,120000
19066,7,717200
19067,321,8300
19068,325,6250
19069,334,900
19070,262,46300
19071,106,214400
19072,335,500
19073,325,6300
19074,308,15800
19075,332,1850
19076,277,35550
19077,199,97000
19078,334,900
19079,149,151000
19080,334,1050
19081,0,2000000
19082,293,25100
19083,293,25300
19084,271,40100
19085,319,9700
19086,4,843200
19087,331,2550
19088,209,88000
19089,333,1700
19090,0,2000000
19091,324,6800
19092,272,39300
19093,333,1600
19094,9,674800
19095,74,281700
19096,327,4650
19097,39,401500
19098,0,1658000
19099,0,2000000
19100,66,302000
19101,46,370500
19102,39,401700
19103,13,611100
19104,330,3000
19105,294,24900
19106,327,4900
19107,335,400
19108,30,451200
19109,271,39900
19110,279,34400
19111,276,36700
19112,325,6000
19113,166,131150
19114,11,634800
19115,187,109000
19116,20,522400
19117,334,1000
19118,205,91800
19119,0,2000000
19120,2,916000
19121,332,2000
19122,330,3400
19123,258,48900
19124,322,7800
19125,48,363400
19126,0,2000000
19127,333,1600
19128,282,32500
19129,336,0
19130,332,1900
19131,247,57000
19132,335,500
19133,10,648000
19134,322,7650
19135,318,10300
19136,141,161800
19137,335,600
19138,186,109500
19139,61,318900
19140,334,750
19141,334,900
19142,322,7900
19143,115,200200
19144,336,100
19145,332,2150
19146,264,44750
19147,37,411600
19148,242,61000
19149,333,1400
19150,326,5300
19151,334,1000
19152,315,11600
19153,30,450600
19154,333,1600
19155,317,10700
19156,307,16900
19157,184,112500
19158,232,68700
19159,326,5400
19160,234,67200
19161,29,458000
19162,149,150800
19163,310,14700
19164,0,1508800
19165,313,12900
19166,295,24000
19167,322,8000
19168,5,787800
19169,326,5300
19170,318,10100
19171,51,350600
19172,304,18500
19173,109,209200
19174,316,11500
19175,0,1506800
19176,335,650
19177,333,1700
19178,0,1428000
19179,0,1387200
19180,0,2000000
19181,300,20700
19182,322,8000
19183,331,2400
19184,0,2000000
19185,112,205200
19186,1,1182300
19187,303,19400
19188,231,69400
19189,335,150
19190,334,1000
19191,0,2000000
19192,143,158400
19193,336,0
19194,1,1209500
19195,13,604150
19196,102,221400
19197,290,27200
19198,228,72000
19199,299,21300
19200,306,17000
19201,249,55300
19202,305,17900
19203,61,317200
19204,329,3800
19205,0,1640800
19206,144,157100
19207,307,16800
19208,323,7100
19209,2,972500
19210,0,1267350
19211,119,193200
19212,316,11200
19213,326,5600
19214,50,355300
19215,8,700300
19216,332,2300
19217,326,5700
19218,322,7500
19219,114,201100
19220,319,9400
19221,333,1400
19222,326,5200
19223,3,910000
19224,1,1050000
19225,102,221450
19226,104,218000
19227,311,14000
19228,313,13000
19229,208,88900
19230,266,43200
19231,36,416500
19232,335,500
19233,305,17600
19234,282,32800
19235,259,48550
19236,327,5000
19237,0,2000000
19238,12,622800
19239,325,6200
19240,325,6150
19241,315,12150
19242,127,180500
19243,331,2700
19244,305,17600
19245,164,133100
19246,315,11900
19247,113,202000
19248,181,115500
19249,319,9400
19250,99,228200
19251,67,300200
19252,333,1400
19253,335,200
19254,30,450000
19255,301,20500
19256,157,142000
19257,332,2000
19258,218,80400
19259,199,97400
19260,331,2600
19261,335,500
19262,323,7050
19263,303,19200
19264,92,241350
19265,312,13800
19266,96,233600
19267,329,4000
19268,0,2000000
19269,0,1642000
19270,269,41200
19271,29,458000
19272,280,33700
19273,255,51100
19274,67,300900
19275,185,111000
19276,126,182200
19277,126,182000
19278,232,69200
19279,106,215400
19280,329,3800
19281,327,4800
19282,315,12000
19283,63,311000
19284,304,18200
19285,199,97300
19286,271,39700
19287,294,24600
19288,323,7200
19289,329,4000
19290,327,5000
19291,12,620000
19292,307,16700
19293,0,2000000
19294,1,1100200
19295,0,2000000
19296,89,246600
19297,334,850
19298,12,618550
19299,333,1600
19300,13,605500
19301,200,96800
19302,310,14900
19303,174,122400
19304,324,6750
19305,335,200
19306,258,49350
19307,7,729200
19308,299,21400
19309,332,2300
19310,316,11000
19311,2,996000
19312,14,593000
19313,0,1606700
19314,316,11300
19315,276,36200
19316,6,760150
19317,334,950
19318,187,108750
19319,0,1850300
19320,142,160800
19321,318,10100
19322,285,30600
19323,106,215000
19324,328,4500
19325,108,210800
19326,276,36700
19327,0,2000000
19328,333,1500
19329,210,87750
19330,0,2000000
19331,3,879000
19332,49,360000
19333,327,4800
19334,227,73000
19335,332,2000
19336,103,220800
19337,242,60900
19338,2,918000
19339,273,38600
19340,230,70100
19341,313,12900
19342,267,42900
19343,265,44100
19344,7,718300
19345,326,5200
19346,319,9400
19347,313,12900
19348,1,1052400
19349,297,22900
19350,30,450000
19351,63,311300
19352,66,304200
19353,0,1604000
19354,0,2000000
19355,330,3250
19356,330,3400
19357,322,7600
19358,216,81800
19359,136,168900
19360,0,2000000
19361,184,111600
19362,328,4200
19363,333,1700
19364,256,50500
19365,32,440400
19366,331,2400
19367,13,602600
19368,222,76900
19369,198,98400
19370,51,349500
19371,302,19700
19372,0,2000000
19373,256,50200
19374,276,36400
19375,319,9800
19376,83,259400
19377,170,126800
19378,318,10300
19379,126,182750
19380,214,83800
19381,313,13000
19382,259,48500
19383,314,12600
19384,12,619500
19385,189,106800
19386,323,7400
19387,134,171700
19388,292,26100
19389,336,0
19390,21,513900
19391,176,120400
19392,45,375000
19393,0,2000000
19394,328,4100
19395,66,302000
19396,0,2000000
19397,321,8100
19398,43,382600
19399,303,19250
19400,323,7300
19401,190,106400
19402,305,18100
19403,0,2000000
19404,322,7600
19405,315,12000
19406,67,301300
19407,317,10900
19408,328,4400
19409,102,222800
19410,305,18000
19411,1,1203850
19412,2,918000
19413,329,4000
19414,0,1508200
19415,241,61400
19416,4,826550
19417,334,800
19418,131,175600
19419,0,1460000
19420,326,5600
19421,334,1200
19422,334,1200
19423,262,46500
19424,0,1761600
19425,270,40800
19426,334,1000
19427,334,1100
19428,47,367400
19429,10,656100
19430,331,2600
19431,335,650
19432,246,58300
19433,333,1650
19434,301,20300
19435,296,23400
19436,329,3900
19437,323,7000
19438,21,514000
19439,67,300300
19440,219,79850
19441,294,24600
19442,272,39300
19443,195,101100
19444,200,96200
19445,105,216100
19446,237,65000
19447,334,800
19448,0,2000000
19449,327,4700
19450,126,182000
19451,0,1715200
19452,3,909400
19453,67,300650
19454,319,9400
19455,215,83300
19456,312,13600
19457,25,484300
19458,334,1200
19459,108,210900
19460,331,2600
19461,286,30000
19462,217,81000
19463,332,1950
19464,32,435200
19465,335,200
19466,310,14800
19467,331,2450
19468,299,21600
19469,1,1001200
19470,91,242150
19471,332,1950
19472,183,113050
19473,3,902000
19474,46,371500
19475,316,11400
19476,134,171200
19477,201,95350
19478,336,100
19479,139,164600
19480,219,79200
19481,325,6200
19482,0,2000000
19483,296,23600
19484,334,800
19485,154,145100
19486,238,64300
19487,3,861000
19488,257,49700
19489,279,34400
19490,109,209800
19491,327,4950
19492,145,156400
19493,0,2000000
19494,13,600250
19495,270,40600
19496,279,34750
19497,305,17800
19498,303,19200
19499,316,11500
19500,141,161900
19501,225,74500
19502,319,9400
19503,335,650
19504,321,8300
19505,223,75800
19506,332,1900
19507,252,53800
19508,328,4300
19509,9,666800
19510,9,680300
19511,314,12400
19512,234,67600
19513,0,2000000
19514,290,27300
19515,309,15500
19516,334,700
19517,0,1950800
19518,332,2200
19519,7,732650
19520,317,10500
19521,331,2500
19522,233,67900
19523,324,6600
19524,5,802300
19525,335,650
19526,140,163200
19527,237,65000
19528,320,8800
19529,322,8000
19530,0,1362000
19531,92,242000
19532,335,550
19533,303,19100
19534,258,49100
19535,173,123300
19536,330,3200
19537,271,40150
19538,316,11500
19539,11,634200
19540,302,19450
19541,176,120200
19542,320,8700
19543,66,303400
19544,298,22500
19545,297,22800
19546,271,39800
19547,298,22200
19548,150,150600
19549,0,2000000
19550,232,68700
19551,241,61800
19552,222,77250
19553,318,10200
19554,272,39150
19555,0,1950300
19556,324,6400
19557,147,153300
19558,0,1950600
19559,30,451200
19560,302,20000
19561,39,403000
19562,60,319400
19563,4,809000
19564,328,4200
19565,1,1026000
19566,310,15150
19567,0,2000000
19568,0,2000000
19569,232,68650
19570,85,255600
19571,294,24800
19572,30,450000
19573,282,32800
19574,333,1400
19575,18,540000
19576,21,514000
19577,322,7800
19578,113,203000
19579,52,348800
19580,332,2100
19581,198,98100
19582,333,1800
19583,329,3700
19584,335,500
19585,332,1900
19586,335,500
19587,287,29200
19588,309,15300
19589,309,15500
19590,7,731600
19591,335,200
19592,261,46600
19593,333,1550
19594,313,13100
19595,323,7300
19596,308,16000
19597,9,664000
19598,64,308250
19599,1,1204800
19600,0,2000000
19601,4,841800
19602,301,20400
19603,23,502600
19604,119,193000
19605,315,11800
19606,267,42600
19607,324,6600
19608,232,69100
19609,319,9250
19610,332,2000
19611,0,1509200
19612,0,1613450
19613,262,46200
19614,148,152400
19615,6,757400
19616,324,6800
19617,216,82500
19618,324,6700
19619,0,2000000
19620,0,2000000
19621,334,1050
19622,199,97250
19623,0,2000000
19624,243,60200
19625,1,1028150
19626,171,125400
19627,335,300
19628,13,604050
19629,0,2000000
19630,317,10900
19631,215,82850
19632,18,546800
19633,0,1990150
19634,306,17500
19635,296,23500
19636,313,12800
19637,315,12000
19638,0,1269500
19639,4,843000
19640,328,4100
19641,313,12800
19642,321,8500
19643,309,15500
19644,334,1200
19645,0,2000000
19646,265,44000
19647,30,450000
19648,316,11100
19649,332,2000
19650,335,200
19651,326,5700
19652,0,1658000
19653,228,72400
19654,321,8600
19655,324,6500
19656,335,250
19657,323,7250
19658,322,7900
19659,318,10300
19660,310,15000
19661,109,208800
19662,332,2250
19663,191,105200
19664,1,1000650
19665,135,169800
19666,1,1059200
19667,0,1404200
19668,0,1296250
19669,325,6000
19670,13,605600
19671,269,41200
19672,335,400
19673,308,15900
19674,0,2000000
19675,138,166200
19676,286,30100
19677,327,4900
19678,67,300500
19679,309,15400
19680,310,15100
19681,203,93600
19682,261,47200
19683,234,67300
19684,269,41000
19685,13,601100
19686,0,1270000
19687,26,478200
19688,322,8000
19689,285,30400
19690,44,378200
19691,324,6500
19692,316,11300
19693,0,1681600
19694,1,1030400
19695,121,190000
19696,305,17650
19697,271,40000
19698,0,1525600
19699,3,882300
19700,245,59000
19701,0,2000000
19702,13,606000
19703,334,900
19704,224,75450
19705,0,1564500
19706,6,754100
19707,141,162000
19708,0,2000000
19709,0,2000000
19710,330,3300
19711,265,43900
19712,334,900
19713,51,350500
19714,4,836600
19715,328,4100
19716,114,201900
19717,304,18600
19718,0,1928100
19719,0,2000000
19720,1,1001700
19721,308,16100
19722,249,56000
19723,131,175000
19724,0,2000000
19725,329,3900
19726,305,17800
19727,241,61900
19728,83,260600
19729,316,11100
19730,296,23300
19731,38,405050
19732,4,814100
19733,6,754000
19734,0,2000000
19735,330,3200
19736,315,11700
19737,285,30300
19738,335,200
19739,226,73700
19740,0,1803300
19741,154,144700
19742,0,1386100
19743,67,300300
19744,233,68150
19745,322,7800
19746,320,9000
19747,330,3400
19748,92,241100
19749,190,105800
19750,326,5400
19751,214,83550
19752,326,5500
19753,331,2800
19754,285,30800
19755,3,900500
19756,335,450
19757,150,150000
19758,1,1066000
19759,3,863200
19760,282,32200
19761,116,197600
19762,335,550
19763,336,0
19764,326,5700
19765,297,22900
19766,192,104100
19767,172,125000
19768,330,3150
19769,232,69200
19770,210,87600
19771,67,300400
19772,322,7800
19773,208,89400
19774,9,677000
19775,295,24150
19776,30,450000
19777,0,2000000
19778,313,13100
19779,0,2000000
19780,306,17250
19781,334,1050
19782,304,18700
19783,0,1513600
19784,325,6000
19785,0,2000000
19786,331,2600
19787,172,124200
19788,5,797750
19789,324,6900
19790,0,2000000
19791,274,38000
19792,142,160500
19793,257,49500
19794,331,2500
19795,323,7100
19796,38,405400
19797,333,1550
19798,334,1000
19799,247,57300
19800,5,766800
19801,319,9600
19802,0,2000000
19803,328,4100
19804,81,265600
19805,0,2000000
19806,139,164600
19807,13,602300
19808,335,200
19809,275,37500
19810,283,32150
19811,303,19200
19812,0,1387000
19813,0,2000000
19814,285,30200
19815,214,83600
19816,3,904100
19817,331,2500
19818,329,3600
19819,310,15150
19820,184,112200
19821,304,18500
19822,265,43800
19823,283,31700
19824,330,3200
19825,333,1800
19826,319,9800
19827,12,621950
19828,324,6600
19829,212,86000
19830,334,900
19831,13,601300
19832,0,2000000
19833,0,1224800
19834,301,20300
19835,0,2000000
19836,308,15900
19837,139,164800
19838,253,52400
19839,0,2000000
19840,262,46000
19841,55,337200
19842,330,3200
19843,304,18250
19844,0,1761800
19845,325,6000
19846,0,2000000
19847,302,19600
19848,63,312100
19849,11,632400
19850,291,26700
19851,310,15100
19852,285,30700
19853,150,150600
19854,0,1654400
19855,30,452000
19856,183,113000
19857,8,708000
19858,311,14200
19859,105,216000
19860,325,6000
19861,213,84700
19862,1,1030600
19863,130,176800
19864,275,37400
19865,257,49600
19866,298,22100
19867,167,130300
19868,334,1200
19869,155,144200
19870,150,150200
19871,322,7900
19872,12,621200
19873,0,1320000
19874,332,2100
19875,222,76650
19876,36,415800
19877,246,58000
19878,322,7600
19879,7,728650
19880,147,154000
19881,1,1001500
19882,1,1203200
19883,326,5500
19884,294,25000
19885,279,34400
19886,207,89900
19887,266,43100
19888,0,2000000
19889,229,71500
19890,188,107700
19891,139,164200
19892,232,68600
19893,0,1955400
19894,114,201450
19895,334,1100
19896,300,21000
19897,284,31100
19898,278,34950
19899,0,1954000
19900,258,49100
19901,232,68900
19902,319,9250
19903,258,49200
19904,150,150400
19905,333,1300
19906,219,79800
19907,5,782000
19908,330,3150
19909,271,39900
19910,310,14600
19911,0,1619700
19912,336,0
19913,257,50000
19914,297,22800
19915,259,48600
19916,314,12750
19917,280,34000
19918,0,1714000
19919,171,125600
19920,1,1008600
19921,50,353400
19922,261,47000
19923,323,7300
19924,0,2000000
19925,1,1022150
19926,267,42700
19927,308,16000
19928,332,2000
19929,275,37200
19930,197,99550
19931,331,2800
19932,11,641200
19933,335,300
19934,290,27200
19935,285,30550
19936,283,31900
19937,321,8400
19938,0,1412200
19939,290,27400
19940,335,400
19941,3,902000
19942,67,301200
19943,0,1243600
19944,242,60850
19945,237,64500
19946,217,81700
19947,325,6000
19948,307,16400
19949,321,8400
19950,133,172600
19951,331,2800
19952,174,122800
19953,219,79900
19954,169,128300
19955,295,24400
19956,1,1050000
19957,0,1216900
19958,280,33650
19959,44,379000
19960,311,14500
19961,36,414200
19962,321,8600
19963,321,8300
19964,325,6250
19965,318,10100
19966,315,11600
19967,325,6100
19968,335,400
19969,301,20500
19970,295,23800
19971,211,86600
19972,132,173300
19973,111,206000
19974,303,19200
19975,69,293800
19976,277,35800
19977,263,45600
19978,294,24800
19979,2,916000
19980,8,703400
19981,125,183800
19982,331,2600
19983,289,28000
19984,321,8400
19985,51,350100
19986,65,304600
19987,269,41500
19988,8,707750
19989,333,1800
19990,0,2000000
19991,56,332000
19992,315,12000
19993,321,8600
19994,234,67200
19995,304,18600
19996,279,34550
19997,336,0
19998,275,37000
19999,332,2100
20000,283,32150
20001,29,458000
20002,305,18100
20003,275,37300
20004,64,308300
20005,0,2000000
20006,60,319900
20007,284,31200
20008,265,44000
20009,5,796100
20010,335,400
20011,323,7200
20012,265,43900
20013,63,310700
20014,313,13350
20015,13,603000
20016,0,2000000
20017,22,503500
20018,114,201700
20019,326,5500
20020,282,32800
20021,320,9200
20022,0,2000000
20023,131,175000
20024,9,670600
20025,1,1050000
20026,334,800
20027,287,29200
20028,0,1950500
20029,305,17600
20030,8,699500
20031,327,5100
20032,18,545200
20033,257,50100
20034,327,4700
20035,304,18200
20036,271,39900
20037,328,4600
20038,225,74300
20039,189,107000
20040,327,5100
20041,335,200
20042,334,1200
20043,7,723800
20044,48,364100
20045,0,2000000
20046,304,18300
20047,116,197200
20048,304,18600
20049,65,304500
20050,134,170400
20051,306,17000
20052,213,84700
20053,30,450000
20054,3,874350
20055,150,150000
20056,20,523200
20057,330,3000
20058,0,2000000
20059,0,1801050
20060,333,1400
20061,0,2000000
20062,334,1000
20063,332,2000
20064,65,304400
20065,3,910000
20066,336,0
20067,269,41400
20068,21,516000
20069,1,1122900
20070,44,380000
20071,0,1269400
20072,324,6600
20073,12,618600
20074,47,367400
20075,326,5600
20076,203,93700
20077,87,252500
20078,316,11100
20079,111,206000
20080,0,1230300
20081,307,16900
20082,334,950
20083,318,10150
20084,273,38700
20085,315,12150
20086,39,401000
20087,333,1800
20088,276,36300
20089,0,2000000
20090,314,12300
20091,334,1200
20092,224,75600
20093,298,22500
20094,334,800
20095,159,138700
20096,64,310100
20097,195,100900
20098,0,2000000
20099,316,11000
20100,52,348400
20101,230,70250
20102,91,244000
20103,318,9900
20104,236,65500
20105,44,379200
20106,12,622200
20107,37,412300
20108,278,35100
20109,1,1202000
20110,284,31000
20111,331,2400
20112,269,41200
20113,335,650
20114,332,2200
20115,0,1280600
20116,258,48800
20117,317,10700
20118,120,191400
20119,234,67100
20120,150,150000
20121,321,8500
20122,293,25400
20123,334,1000
20124,305,17700
20125,6,741100
20126,265,44100
20127,278,34900
20128,322,7800
20129,276,36500
20130,267,42900
20131,241,62000
20132,1,1125900
20133,11,632150
20134,240,62500
20135,308,16000
20136,324,6600
20137,297,22600
20138,321,8550
20139,3,850350
20140,329,3500
20141,4,833000
20142,222,77000
20143,6,750800
20144,21,520150
20145,324,6800
20146,13,604600
20147,4,804800
20148,56,333000
20149,288,28700
20150,29,453200
20151,134,171500
20152,212,85200
20153,66,301600
20154,7,711300
20155,67,300300
20156,135,169800
20157,335,300
20158,194,101800
20159,335,300
20160,335,300
20161,319,9400
20162,297,22800
20163,304,18400
20164,254,51600
20165,329,4000
20166,316,11300
20167,334,1150
20168,259,48400
20169,335,350
20170,0,2000000
20171,324,6750
20172,144,157700
20173,283,32000
20174,329,4000
20175,306,17300
20176,211,86600
20177,196,100000
20178,110,207100
20179,1,1050000
20180,293,25100
20181,234,67000
20182,334,900
20183,325,6300
20184,268,42000
20185,320,9000
20186,14,591050
20187,226,73900
20188,333,1300
20189,333,1500
20190,333,1750
20191,11,633700
20192,285,30800
20193,305,17700
20194,327,4800
20195,0,2000000
20196,336,0
20197,333,1700
20198,334,1200
20199,225,74700
20200,335,600
20201,334,700
20202,276,36200
20203,333,1450
20204,175,121400
20205,305,17900
20206,329,3850
20207,0,1982000
20208,39,400250
20209,335,250
20210,59,322500
20211,333,1500
20212,304,18400
20213,147,153700
20214,0,1470400
20215,299,21600
20216,6,750600
20217,0,1508250
20218,206,90800
20219,323,7000
20220,3,902000
20221,1,1054300
20222,247,57300
20223,251,54000
20224,329,3600
20225,221,77900
20226,10,657800
20227,248,56500
20228,320,8950
20229,282,32450
20230,285,30400
20231,285,30800
20232,1,1201250
20233,2,916000
20234,333,1700
20235,242,60800
20236,334,1100
20237,39,400200
20238,228,72300
20239,279,34250
20240,149,151600
20241,23,500000
20242,146,155000
20243,320,8700
20244,325,6000
20245,0,2000000
20246,281,33000
20247,289,28100
20248,1,1066000
20249,255,51400
20250,310,14900
20251,334,700
20252,67,301200
20253,335,450
20254,0,1580000
20255,315,12100
20256,333,1450
20257,329,3800
20258,297,22600
20259,61,318000
20260,284,31100
20261,331,2900
20262,335,450
20263,19,532400
20264,331,2900
20265,313,13250
20266,243,60250
20267,322,7900
20268,324,6400
20269,220,78500
20270,5,795500
20271,0,1445000
20272,259,48300
20273,292,26100
20274,284,31450
20275,259,48250
20276,330,3400
20277,300,21000
20278,335,650
20279,302,20000
20280,0,1720250
20281,0,2000000
20282,321,8600
20283,67,300200
20284,5,798000
20285,0,1345500
20286,311,14200
20287,114,200800
20288,333,1400
20289,225,74600
20290,22,506000
20291,309,15200
20292,167,130500
20293,276,36600
20294,332,2300
20295,335,150
20296,1,1205600
20297,297,22900
20298,335,200
20299,271,40000
20300,233,67700
20301,305,18100
20302,60,320000
20303,143,158400
20304,278,35300
20305,113,203200
20306,0,2000000
20307,200,96600
20308,332,2100
20309,329,4000
20310,309,15400
20311,334,900
20312,137,166900
20313,93,238400
20314,329,4000
20315,5,782000
20316,303,19400
20317,233,68000
20318,328,4500
20319,281,33000
20320,0,1433600
20321,332,1950
20322,330,3400
20323,219,79300
20324,0,1401200
20325,99,227800
20326,282,32200
20327,334,1000
20328,241,61600
20329,91,242700
20330,66,303450
20331,332,2300
20332,319,9600
20333,327,4650
20334,299,21350
20335,109,208900
20336,242,60750
20337,248,56100
20338,327,4900
20339,1,1050000
20340,334,1000
20341,203,93500
20342,187,109000
20343,253,52600
20344,308,15800
20345,126,182000
20346,279,34250
20347,328,4400
20348,0,2000000
20349,335,650
20350,320,8850
20351,4,822700
20352,243,60200
20353,283,32100
20354,38,408100
20355,6,750800
20356,0,2000000
20357,321,8600
20358,143,159600
20359,335,600
20360,0,1834500
20361,1,1066000
20362,294,24800
20363,335,450
20364,209,88600
20365,215,82900
20366,262,45850
20367,335,500
20368,0,1401600
20369,305,17600
20370,300,21200
20371,320,8800
20372,4,811000
20373,331,2900
20374,175,121400
20375,2,961550
20376,191,104800
20377,310,14750
20378,310,14650
20379,334,900
20380,211,86800
20381,67,301200
20382,330,3300
20383,314,12600
20384,59,324000
20385,78,270800
20386,330,3400
20387,223,76200
20388,333,1500
20389,0,2000000
20390,2,963300
20391,153,146000
20392,293,25300
20393,330,3300
20394,321,8200
20395,200,96450
20396,327,5000
20397,334,1100
20398,0,2000000
20399,329,3550
20400,321,8500
20401,330,3100
20402,332,2300
20403,317,10800
20404,111,206000
20405,50,354000
20406,0,2000000
20407,26,474000
20408,0,1669000
20409,291,26700
20410,326,5300
20411,334,1100
20412,333,1300
20413,333,1500
20414,317,10550
20415,263,45300
20416,178,118600
20417,332,2100
20418,334,800
20419,331,2650
20420,0,1430700
20421,0,1510000
20422,333,1300
20423,335,300
20424,272,39500
20425,277,35600
20426,332,2200
20427,332,2250
20428,322,7950
20429,13,602400
20430,30,452800
20431,243,60000
20432,240,62800
20433,331,2700
20434,330,3100
20435,0,1400700
20436,0,2000000
20437,220,78800
20438,266,43700
20439,225,74700
20440,308,16000
20441,314,12700
20442,1,1159400
20443,322,7650
20444,204,93200
20445,326,5500
20446,285,30400
20447,13,606000
20448,6,754000
20449,0,2000000
20450,37,410000
20451,327,4750
20452,333,1500
20453,213,84400
20454,313,12800
20455,190,106100
20456,328,4500
20457,335,200
20458,150,150000
20459,327,5100
20460,21,512000
20461,0,2000000
20462,258,49300
20463,324,6500
20464,319,9800
20465,324,6400
20466,2,920800
20467,329,3800
20468,45,374400
20469,315,12150
20470,29,458000
20471,278,35300
20472,243,60200
20473,5,802600
20474,257,50000
20475,1,1051500
20476,335,200
20477,254,52000
20478,3,878600
20479,25,481100
20480,304,18500
20481,66,302000
20482,193,102800
20483,289,28000
20484,309,15550
20485,0,1832250
20486,0,2000000
20487,256,50500
20488,217,81100
20489,252,53200
20490,334,1000
20491,3,851600
20492,28,460400
20493,334,1100
20494,3,902300
20495,136,168000
20496,230,70800
20497,203,93700
20498,202,95050
20499,334,700
20500,330,3000
20501,270,40800
20502,127,180600
20503,327,5100
20504,317,10500
20505,294,25000
20506,0,2000000
20507,329,3750
20508,0,1354400
20509,11,636600
20510,301,20500
20511,274,38100
20512,333,1300
20513,324,6800
20514,307,16700
20515,328,4200
20516,266,43400
20517,91,243150
20518,159,139750
20519,319,9700
20520,335,400
20521,240,62300
20522,1,1081000
20523,317,10900
20524,332,1950
20525,6,756400
20526,324,6600
20527,313,12800
20528,30,452200
20529,184,112000
20530,100,225150
20531,23,501600
20532,0,1218300
20533,336,100
20534,333,1400
20535,64,310100
20536,223,76000
20537,108,211400
20538,204,93000
20539,4,835050
20540,334,800
20541,336,100
20542,91,242500
20543,252,53200
20544,0,1390000
20545,0,2000000
20546,165,132500
20547,272,39200
20548,296,23400
20549,6,750600
20550,275,37050
20551,335,400
20552,200,96250
20553,333,1800
20554,261,46600
20555,113,202600
20556,328,4600
20557,3,852000
20558,325,5900
20559,335,250
20560,317,10700
20561,333,1500
20562,322,7900
20563,217,81000
20564,336,100
20565,335,500
20566,33,429400
20567,330,3050
20568,0,2000000
20569,335,550
20570,165,132000
20571,307,16900
20572,117,195800
20573,1,1202400
20574,334,1000
20575,331,2700
20576,325,6050
20577,78,272300
20578,147,154000
20579,334,800
20580,9,677000
20581,282,32800
20582,327,5000
20583,328,4400
20584,2,1000150
20585,64,308000
20586,29,458000
20587,214,84000
20588,0,2000000
20589,3,878500
20590,0,2000000
20591,0,2000000
20592,280,33650
20593,15,580000
20594,203,93600
20595,205,91800
20596,271,40000
20597,329,3900
20598,335,600
20599,45,374000
20600,206,91000
20601,321,8300
20602,195,101000
20603,10,652200
20604,309,15200
20605,334,800
20606,8,702400
20607,0,2000000
20608,310,14800
20609,150,150000
20610,328,4200
20611,91,243200
20612,270,40600
20613,39,400700
20614,0,2000000
20615,50,353400
20616,45,375600
20617,6,762600
20618,255,51500
20619,1,1070800
20620,272,39200
20621,203,93900
20622,263,45600
20623,327,4800
20624,158,140400
20625,167,129800
20626,331,2500
20627,335,500
20628,273,38800
20629,335,400
20630,30,450000
20631,299,21500
20632,334,850
20633,0,2000000
20634,334,750
20635,324,6600
20636,40,395800
20637,326,5700
20638,333,1800
20639,279,34800
20640,22,508000
20641,0,2000000
20642,301,20400
20643,334,750
20644,163,134800
20645,11,633600
20646,172,124200
20647,3,901150
20648,335,200
20649,278,35000
20650,335,200
20651,308,15800
20652,269,41500
20653,227,72550
20654,203,93400
20655,0,1500000
20656,309,15200
20657,0,2000000
20658,326,5600
20659,289,27600
20660,335,400
20661,48,360800
20662,65,305600
20663,335,300
20664,131,174600
20665,327,4700
20666,335,400
20667,11,634000
20668,321,8300
20669,174,122700
20670,20,529600
20671,297,22600
20672,24,492600
20673,169,128200
20674,1,1014400
20675,154,145200
20676,65,306400
20677,271,40100
20678,335,500
20679,30,450000
20680,123,186500
20681,215,82700
20682,13,601600
20683,327,4800
20684,297,23000
20685,334,1000
20686,336,0
20687,333,1400
20688,333,1600
20689,329,3700
20690,306,17400
20691,272,39400
20692,40,394050
20693,329,4050
20694,335,650
20695,320,9100
20696,328,4600
20697,285,30800
20698,336,100
20699,281,33300
20700,31,445400
20701,294,24850
20702,322,8000
20703,295,23800
20704,260,47400
20705,321,8200
20706,0,1482200
20707,115,200200
20708,241,61400
20709,252,53150
20710,56,334300
20711,2,925000
20712,0,2000000
20713,295,24000
20714,0,2000000
20715,274,38100
20716,12,620000
20717,8,706600
20718,329,3700
20719,217,81300
20720,298,22000
20721,222,76900
20722,268,41800
20723,303,19300
20724,243,60100
20725,173,123600
20726,335,250
20727,66,302900
20728,64,308600
20729,335,150
20730,211,86100
20731,333,1500
20732,217,81400
20733,1,1051200
20734,220,79000
20735,126,182000
20736,259,48600
20737,335,500
20738,38,404600
20739,130,176800
20740,0,1436600
20741,299,21850
20742,15,574200
20743,6,754000
20744,308,16000
20745,294,24600
20746,300,20800
20747,330,3200
20748,330,3000
20749,272,39200
20750,300,21000
20751,295,24100
20752,100,226200
20753,0,2000000
20754,309,15700
20755,0,1224800
20756,330,3400
20757,194,102500
20758,327,5000
20759,196,100400
20760,326,5600
20761,255,51400
20762,295,24400
20763,333,1700
20764,315,11700
20765,333,1700
20766,270,40800
20767,59,322500
20768,3,857400
20769,221,77600
20770,320,8900
20771,284,31100
20772,321,8100
20773,329,4000
20774,295,24300
20775,0,1238000
20776,330,3400
20777,335,600
20778,227,73050
20779,136,167800
20780,0,2000000
20781,74,280700
20782,126,182000
20783,1,1050000
20784,29,454000
20785,193,102700
20786,0,2000000
20787,288,28300
20788,147,154000
20789,326,5550
20790,1,1207600
20791,5,766600
20792,0,1449500
20793,174,122750
20794,335,600
20795,300,21200
20796,334,1200
20797,104,217400
20798,9,664200
20799,258,49200
20800,333,1800
20801,254,52100
20802,296,23550
20803,334,800
20804,65,304400
20805,130,177000
20806,319,9400
20807,322,8000
20808,334,800
20809,336,0
20810,305,17600
20811,66,302300
20812,241,61700
20813,282,32200
20814,334,1200
20815,146,155200
20816,308,15900
20817,150,150000
20818,309,15500
20819,271,39900
20820,1,1209500
20821,319,9800
20822,319,9700
20823,322,7650
20824,335,300
20825,204,92600
20826,303,19000
20827,2,916000
20828,144,157500
20829,291,26800
20830,254,51600
20831,326,5200
20832,8,700150
20833,7,730000
20834,140,163400
20835,142,160300
20836,0,2000000
20837,319,9750
20838,278,35200
20839,332,2100
20840,6,739000
20841,189,106600
20842,26,475000
20843,194,101950
20844,3,882000
20845,299,21750
20846,0,1513200
20847,328,4250
20848,243,60550
20849,224,75300
20850,334,900
20851,283,32100
20852,331,2400
20853,284,31300
20854,30,450600
20855,212,85700
20856,331,2600
20857,96,234000
20858,151,149000
20859,323,7300
20860,336,0
20861,321,8400
20862,292,25800
20863,327,4750
20864,330,3200
20865,329,3800
20866,313,13200
20867,8,700600
20868,0,2000000
20869,266,43350
20870,279,34300
20871,323,7450
20872,330,3300
20873,0,1382800
20874,332,2100
20875,0,2000000
20876,333,1700
20877,312,13700
20878,168,128600
20879,2,1000200
20880,318,10000
20881,259,48600
20882,282,32200
20883,0,2000000
20884,325,6300
20885,263,45800
20886,0,1421200
20887,0,2000000
20888,276,36750
20889,328,4300
20890,1,1000400
20891,168,129400
20892,321,8300
20893,218,80850
20894,143,158400
20895,0,2000000
20896,150,150000
20897,332,2100
20898,90,245500
20899,147,153200
20900,335,300
20901,302,20000
20902,275,37300
20903,320,9000
20904,277,36000
20905,309,15200
20906,1,1050000
20907,336,100
20908,207,90000
20909,303,18900
20910,28,460000
20911,327,4900
20912,111,206000
20913,113,202100
20914,133,172500
20915,336,100
20916,1,1050000
20917,255,51550
20918,333,1400
20919,167,130300
20920,291,26600
20921,56,333900
20922,331,2600
20923,329,3500
20924,36,414050
20925,334,950
20926,333,1500
20927,0,1325800
20928,335,400
20929,1,1050000
20930,0,1751400
20931,269,41100
20932,329,3700
20933,333,1800
20934,7,718300
20935,167,130200
20936,333,1250
20937,24,492150
20938,256,50400
20939,334,700
20940,6,744900
20941,173,123650
20942,294,24700
20943,306,17300
20944,323,7400
20945,334,1200
20946,328,4200
20947,310,15100
20948,329,3500
20949,0,2000000
20950,317,10700
20951,0,1802400
20952,315,12000
20953,230,70400
20954,274,38150
20955,152,147500
20956,324,6700
20957,334,1100
20958,0,2000000
20959,322,7800
20960,326,5600
20961,324,6450
20962,0,2000000
20963,50,353250
20964,333,1800
20965,1,1066000
20966,11,641100
20967,0,1379300
20968,0,1498000
20969,0,2000000
20970,336,0
20971,297,23100
20972,326,5450
20973,191,105000
20974,0,1333200
20975,0,1954000
20976,237,64800
20977,334,900
20978,333,1500
20979,287,28900
20980,332,2200
20981,335,200
20982,334,700
20983,334,800
20984,30,450000
20985,197,99600
20986,291,26800
20987,283,32100
20988,335,600
20989,0,1647700
20990,140,163100
20991,330,3000
20992,335,500
20993,333,1450
20994,314,12650
20995,256,50600
20996,39,400500
20997,119,192600
20998,329,3650
20999,52,348000
21000,206,90900
21001,7,732400
21002,331,2600
21003,92,241300
21004,313,13000
21005,0,2000000
21006,293,25100
21007,264,45000
21008,317,10800
21009,23,501100
21010,223,76400
21011,287,28900
21012,237,65200
21013,286,30000
21014,62,315600
21015,241,61700
21016,114,201400
21017,232,68800
21018,322,8000
21019,336,0
21020,270,40700
21021,294,24800
21022,118,194800
21023,312,13700
21024,62,316000
21025,332,2200
21026,307,16500
21027,0,1510550
21028,270,40900
21029,1,1210200
21030,98,228600
21031,252,53500
21032,294,25000
21033,242,60700
21034,301,20500
21035,328,4200
21036,262,46400
21037,334,1000
21038,231,69300
21039,37,412100
21040,327,5100
21041,334,850
21042,306,17000
21043,308,16200
21044,234,67300
21045,250,54800
21046,288,28800
21047,30,450000
21048,0,2000000
21049,259,48600
21050,333,1700
21051,308,16300
21052,0,2000000
21053,334,850
21054,12,616300
21055,11,630400
21056,301,20200
21057,82,262500
21058,260,47550
21059,62,314000
21060,284,30900
21061,286,29900
21062,321,8200
21063,1,1050000
21064,242,61300
21065,295,24400
21066,3,855000
21067,313,13100
21068,195,101400
21069,109,208800
21070,1,1050000
21071,304,18700
21072,283,31800
21073,265,43900
21074,217,81500
21075,335,300
21076,321,8600
21077,295,24200
21078,335,500
21079,0,1800650
21080,261,47200
21081,336,0
21082,317,10600
21083,318,10200
21084,311,14500
21085,330,3150
21086,336,0
21087,12,616600
21088,0,2000000
21089,89,247000
21090,315,11700
21091,16,562000
21092,0,2000000
21093,268,42200
21094,316,11000
21095,0,2000000
21096,320,8700
21097,298,22100
21098,0,1352200
21099,160,138500
21100,331,2550
21101,248,56300
21102,0,1618400
21103,306,17300
21104,335,500
21105,112,205200
21106,321,8200
21107,84,257300
21108,317,10800
21109,186,109600
21110,334,1100
21111,6,751000
21112,329,4000
21113,325,6100
21114,149,151500
21115,306,17100
21116,3,877150
21117,0,2000000
21118,271,39700
21119,335,600
21120,39,403300
21121,327,4900
21122,330,3200
21123,333,1600
21124,0,1216400
21125,164,132900
21126,327,5050
21127,208,89600
21128,256,50600
21129,6,753000
21130,319,9800
21131,241,62000
21132,242,61000
21133,334,1000
21134,270,40300
21135,331,2700
21136,56,334800
21137,334,1200
21138,328,4300
21139,191,105200
21140,281,33000
21141,303,19300
21142,142,160900
21143,83,260800
21144,1,1052400
21145,168,128400
21146,336,100
21147,228,72100
21148,212,86000
21149,0,2000000
21150,67,300600
21151,265,44400
21152,315,11800
21153,270,40700
21154,59,325100
21155,173,124000
21156,164,133600
21157,0,2000000
21158,1,1010200
21159,328,4150
21160,188,108000
21161,335,600
21162,277,35500
21163,289,27800
21164,0,2000000
21165,281,33100
21166,292,25900
21167,332,2200
21168,41,392800
21169,334,800
21170,333,1750
21171,253,52350
21172,324,6600
21173,321,8400
21174,0,1950600
21175,178,118400
21176,259,48100
21177,335,350
21178,329,4000
21179,321,8100
21180,334,700
21181,30,452400
21182,271,40200
21183,0,2000000
21184,126,183000
21185,323,7100
21186,318,10200
21187,63,310500
21188,61,316800
21189,334,750
21190,13,604300
21191,22,504950
21192,179,117500
21193,333,1550
21194,336,100
21195,1,1018000
21196,236,65400
21197,333,1600
21198,3,900150
21199,291,26800
21200,313,12900
21201,326,5500
21202,168,129350
21203,154,145400
21204,265,44400
21205,283,31700
21206,332,2200
21207,221,77600
21208,0,1407200
21209,333,1400
21210,272,39400
21211,13,607650
21212,214,83800
21213,5,769400
21214,10,647600
21215,318,10250
21216,317,10600
21217,334,1100
21218,325,6200
21219,334,700
21220,332,2300
21221,329,3950
21222,0,1230000
21223,0,2000000
21224,334,1050
21225,4,803200
21226,169,127400
21227,1,1003800
21228,323,7400
21229,334,700
21230,333,1300
21231,334,1000
21232,328,4400
21233,268,42200
21234,13,611750
21235,293,25400
21236,307,16850
21237,316,11200
21238,206,91200
21239,1,1050000
21240,334,1000
21241,335,200
21242,253,52900
21243,335,300
21244,81,265400
21245,325,5800
21246,322,7700
21247,59,325050
21248,331,2500
21249,30,451600
21250,301,20600
21251,275,37450
21252,0,1714000
21253,30,451200
21254,139,163800
21255,309,15300
21256,58,328600
21257,336,100
21258,267,42950
21259,13,600500
21260,328,4200
21261,150,150600
21262,333,1300
21263,0,2000000
21264,330,3400
21265,238,64400
21266,334,900
21267,305,18100
21268,323,7400
21269,0,1406400
21270,317,10600
21271,327,4650
21272,167,129900
21273,324,6600
21274,307,16600
21275,84,258800
21276,33,431600
21277,231,70000
21278,328,4300
21279,330,3000
21280,330,3150
21281,51,349700
21282,197,99400
21283,325,6000
21284,326,5200
21285,87,251600
21286,119,193300
21287,285,30800
21288,97,231700
21289,36,416600
21290,6,754000
21291,0,2000000
21292,333,1700
21293,65,305700
21294,334,1000
21295,171,125400
21296,335,300
21297,163,134200
21298,315,12000
21299,132,174300
21300,210,87500
21301,333,1600
21302,330,3250
21303,334,700
21304,218,80100
21305,312,13550
21306,0,1542000
21307,60,322250
21308,320,9000
21309,271,39800
21310,1,1031300
21311,310,14850
21312,0,2000000
21313,91,243100
21314,292,26200
21315,333,1700
21316,5,792200
21317,336,0
21318,305,17700
21319,313,13200
21320,327,5000
21321,248,56700
21322,62,316000
21323,325,5900
21324,171,125400
21325,139,163650
21326,335,600
21327,309,15600
21328,0,1954000
21329,279,34550
21330,248,56350
21331,203,93500
21332,221,78200
21333,162,135750
21334,49,357600
21335,0,2000000
21336,303,19000
21337,218,80250
21338,330,3100
21339,328,4200
21340,0,2000000
21341,333,1500
21342,64,307800
21343,0,2000000
21344,269,41400
21345,334,900
21346,166,131050
21347,30,450000
21348,295,24000
21349,320,8950
21350,323,7400
21351,330,3000
21352,308,16050
21353,335,400
21354,26,474000
21355,67,300000
21356,312,13550
21357,0,2000000
21358,266,43400
21359,54,341600
21360,30,451200
21361,328,4250
21362,0,2000000
21363,326,5300
21364,0,1430500
21365,321,8200
21366,0,1400800
21367,300,20750
21368,204,92600
21369,11,638400
21370,321,8200
21371,333,1700
21372,327,4850
21373,160,138600
21374,3,854000
21375,195,101000
21376,295,24400
21377,9,675600
21378,1,1211600
21379,61,317100
21380,0,2000000
21381,7,715500
21382,334,700
21383,175,121300
21384,334,1150
21385,55,338300
21386,333,1250
21387,329,3600
21388,20,526200
21389,30,452200
21390,300,21000
21391,198,98200
21392,0,1246000
21393,1,1150800
21394,332,2100
21395,256,50800
21396,286,30000
21397,181,115200
21398,331,2900
21399,24,492100
21400,311,14100
21401,2,980900
21402,5,786000
21403,335,250
21404,68,298100
21405,271,40000
21406,0,1508000
21407,261,46900
21408,328,4400
21409,255,51100
21410,298,22250
21411,212,85500
21412,66,303000
21413,2,1000150
21414,220,78600
21415,323,7000
21416,336,100
21417,318,10100
21418,335,650
21419,21,517000
21420,320,8650
21421,267,42800
21422,7,722000
21423,322,7700
21424,86,252600
21425,334,800
21426,258,48800
21427,271,39900
21428,321,8200
21429,263,45800
21430,8,707900
21431,331,2750
21432,6,749000
21433,330,3100
21434,3,900300
21435,149,151400
21436,0,1612800
21437,0,2000000
21438,140,162700
21439,233,68200
21440,328,4500
21441,314,12600
21442,234,66900
21443,1,1160600
21444,334,900
21445,4,830200
21446,6,762100
21447,11,637200
21448,335,600
21449,333,1300
21450,237,65100
21451,334,1100
21452,0,2000000
21453,307,16650
21454,9,675000
21455,331,2500
21456,305,18100
21457,246,58200
21458,54,341200
21459,265,44000
21460,271,40200
21461,334,1200
21462,328,4600
21463,336,0
21464,91,243200
21465,12,622000
21466,0,1534400
21467,0,1804600
21468,301,20300
21469,333,1700
21470,0,1424300
21471,312,13850
21472,222,76900
21473,322,8000
21474,292,25700
21475,317,10800
21476,0,1421400
21477,0,1409200
21478,328,4500
21479,286,29600
21480,327,5000
21481,247,57200
21482,0,2000000
21483,335,600
21484,12,620000
21485,46,370200
21486,334,900
21487,23,498400
21488,271,39800
21489,29,454800
21490,0,1426800
21491,335,300
21492,163,135000
21493,20,526000
21494,7,730000
21495,67,300600
21496,329,3600
21497,67,301050
21498,334,750
21499,1,1050000
21500,320,8700
21501,334,800
21502,325,6000
21503,275,37400
21504,332,2050
21505,3,888600
21506,334,1200
21507,19,539100
21508,289,28000
21509,278,35300
21510,160,138200
21511,320,8850
21512,333,1500
21513,111,206000
21514,217,81250
21515,320,8900
21516,198,98100
21517,315,11800
21518,258,49050
21519,5,793900
21520,335,300
21521,159,139000
21522,275,37500
21523,0,1414700
21524,326,5200
21525,305,17800
21526,268,41900
21527,29,453600
21528,3,874700
21529,307,16900
21530,0,2000000
21531,157,142000
21532,6,765500
21533,239,63000
21534,44,380000
21535,23,500900
21536,217,81150
21537,301,20200
21538,334,700
21539,242,61200
21540,4,817100
21541,113,203000
21542,333,1700
21543,328,4200
21544,250,54900
21545,143,159300
21546,147,154000
21547,329,3700
21548,317,10550
21549,146,155000
21550,34,428950
21551,286,30000
21552,327,5000
21553,246,58200
21554,323,7150
21555,310,15000
21556,336,100
21557,200,96200
21558,192,103600
21559,146,155100
21560,119,192900
21561,335,150
21562,304,18600
21563,13,604500
21564,23,500400
21565,284,31400
21566,329,3900
21567,257,49800
21568,327,4800
21569,278,35200
21570,326,5200
21571,191,105150
21572,316,11400
21573,292,26000
21574,325,6300
21575,204,92900
21576,259,48050
21577,336,100
21578,67,300000
21579,90,245600
21580,29,458000
21581,263,45300
21582,328,4400
21583,287,29400
21584,57,330500
21585,292,26200
21586,332,2150
21587,330,3400
21588,2,934000
21589,319,9300
21590,172,124500
21591,270,40300
21592,334,1100
21593,264,45100
21594,0,1393300
21595,334,950
21596,333,1500
21597,335,650
21598,23,502400
21599,334,800
21600,21,518800
21601,320,9050
21602,274,37600
21603,294,24800
21604,281,32850
21605,305,17600
21606,334,1100
21607,329,3550
21608,320,9200
21609,272,39200
21610,131,175200
21611,100,225400
21612,333,1700
21613,334,850
21614,23,501500
21615,0,2000000
21616,40,397800
21617,334,800
21618,287,29000
21619,290,27500
21620,252,53350
21621,285,30400
21622,282,32600
21623,110,208350
21624,51,349500
21625,288,28550
21626,336,0
21627,90,244300
21628,0,2000000
21629,149,151200
21630,331,2400
21631,321,8500
21632,314,12200
21633,308,16100
21634,183,112600
21635,252,53200
21636,329,3950
21637,321,8500
21638,309,15200
21639,226,74100
21640,292,26200
21641,0,1362000
21642,5,799100
21643,0,2000000
21644,333,1600
21645,24,494750
21646,1,1210000
21647,323,7400
21648,258,49000
21649,325,6250
21650,333,1450
21651,335,400
21652,330,3000
21653,0,1847000
21654,131,174800
21655,182,114200
21656,8,700100
21657,0,1216800
21658,336,100
21659,279,34200
21660,231,69800
21661,50,353400
21662,324,6450
21663,0,1512000
21664,329,3850
21665,285,30400
21666,150,150000
21667,328,4600
21668,3,896200
21669,65,305250
21670,101,224200
21671,335,500
21672,333,1650
21673,82,263200
21674,0,1415200
21675,64,309900
21676,321,8300
21677,0,1457000
21678,0,2000000
21679,275,37000
21680,286,29600
21681,205,91700
21682,0,2000000
21683,319,9700
21684,332,2000
21685,218,80100
21686,13,602600
21687,307,16900
21688,300,21100
21689,29,455100
21690,1,1046100
21691,1,1050000
21692,6,754000
21693,0,2000000
21694,0,2000000
21695,331,2400
21696,332,2300
21697,321,8300
21698,279,34800
21699,121,190000
21700,0,2000000
21701,214,84000
21702,228,72000
21703,331,2500
21704,281,33400
21705,300,20700
21706,0,2000000
21707,299,21400
21708,333,1700
21709,0,1564000
21710,26,475600
21711,329,4000
21712,107,212500
21713,184,112400
21714,0,2000000
21715,4,839600
21716,0,2000000
21717,327,4650
21718,333,1650
21719,223,76300
21720,331,2450
21721,324,6400
21722,320,8900
21723,334,1000
21724,317,10900
21725,313,13100
21726,192,104550
21727,198,98700
21728,84,257400
21729,13,604400
21730,306,17400
21731,296,23550
21732,334,800
21733,335,400
21734,85,255200
21735,290,27400
21736,178,118400
21737,273,38700
21738,236,65700
21739,310,15150
21740,34,428400
21741,213,85100
21742,331,2850
21743,0,1864500
21744,264,44800
21745,315,11600
21746,0,2000000
21747,236,65500
21748,316,11000
21749,42,386800
21750,241,61700
21751,162,135900
21752,320,9200
21753,297,22800
21754,332,1900
21755,0,1320200
21756,1,1050000
21757,299,21700
21758,282,32500
21759,290,27300
21760,228,72000
21761,254,52250
21762,228,71700
21763,0,1816600
21764,331,2800
21765,39,403300
21766,335,200
21767,308,16300
21768,244,59200
21769,236,65300
21770,261,46900
21771,252,53200
21772,7,733000
21773,325,6200
21774,334,700
21775,315,12100
21776,287,29400
21777,329,3750
21778,235,66100
21779,39,400100
21780,332,2000
21781,335,200
21782,328,4200
21783,289,28000
21784,280,33800
21785,302,19900
21786,303,19250
21787,27,470000
21788,0,2000000
21789,332,1900
21790,209,88150
21791,296,23700
21792,336,0
21793,0,1645000
21794,113,202800
21795,330,3200
21796,261,47000
21797,158,140450
21798,161,136400
21799,145,157000
21800,235,66300
21801,325,6300
21802,38,405100
21803,303,19200
21804,297,23100
21805,281,33400
21806,279,34350
21807,319,9750
21808,202,94700
21809,335,400
21810,0,1970000
21811,313,12800
21812,119,192400
21813,330,3050
21814,176,120500
21815,65,306150
21816,335,500
21817,1,1040000
21818,66,302000
21819,329,3900
21820,0,2000000
21821,271,40000
21822,317,10700
21823,320,9000
21824,329,3800
21825,305,17700
21826,3,901400
21827,295,24400
21828,76,276200
21829,296,23600
21830,326,5200
21831,3,900200
21832,335,400
21833,297,23000
21834,313,13100
21835,334,950
21836,270,40800
21837,240,62700
21838,333,1250
21839,322,8000
21840,4,823900
21841,331,2500
21842,334,1100
21843,276,36500
21844,335,200
21845,0,2000000
21846,0,2000000
21847,258,49400
21848,336,0
21849,328,4600
21850,3,902700
21851,327,4700
21852,143,158600
21853,277,35800
21854,302,20000
21855,2,916000
21856,0,1820000
21857,324,6400
21858,15,579600
21859,236,65300
21860,289,27600
21861,295,24200
21862,298,22000
21863,0,2000000
21864,332,1950
21865,0,2000000
21866,237,65000
21867,177,119000
21868,140,163200
21869,0,2000000
21870,245,58900
21871,333,1400
21872,281,32900
21873,2,922500
21874,282,32300
21875,218,80500
21876,0,2000000
21877,259,48350
21878,0,2000000
21879,272,39300
21880,295,24000
21881,332,2050
21882,227,73100
21883,203,93900
21884,280,33500
21885,67,300800
21886,332,1950
21887,326,5200
21888,50,353300
21889,275,36900
21890,273,38200
21891,3,900200
21892,336,0
21893,292,25700
21894,335,250
21895,334,1200
21896,304,18200
21897,333,1600
21898,0,2000000
21899,333,1800
21900,0,2000000
21901,328,4450
21902,49,360000
21903,293,25200
21904,0,2000000
21905,308,15900
21906,296,23400
21907,307,16900
21908,2,964600
21909,172,124900
21910,165,131900
21911,262,46300
21912,140,162350
21913,336,100
21914,283,31650
21915,304,18750
21916,333,1300
21917,3,902250
21918,0,2000000
21919,0,1531400
21920,306,17200
21921,141,162000
21922,43,384400
21923,0,1801200
21924,0,1214800
21925,135,169300
21926,1,1133000
21927,278,35200
21928,334,1200
21929,333,1700
21930,118,194200
21931,23,497250
21932,334,800
21933,0,1511600
21934,0,2000000
21935,3,902000
21936,232,69200
21937,218,80400
21938,126,182600
21939,22,507300
21940,30,450600
21941,147,154000
21942,331,2450
21943,302,20000
21944,12,612900
21945,0,2000000
21946,150,150400
21947,332,2300
21948,333,1700
21949,216,82000
21950,269,41300
21951,267,42500
21952,329,3900
21953,0,2000000
21954,67,300150
21955,324,6600
21956,330,3200
21957,100,224900
21958,322,7500
21959,109,210300
21960,231,69900
21961,328,4600
21962,334,700
21963,3,900000
21964,0,2000000
21965,242,61350
21966,0,1279400
21967,254,51900
21968,316,11400
21969,264,45100
21970,333,1800
21971,6,750400
21972,327,4800
21973,328,4500
21974,327,5100
21975,335,200
21976,310,15000
21977,299,21400
21978,311,14500
21979,7,715200
21980,90,246000
21981,331,2800
21982,291,26600
21983,227,72900
21984,332,2000
21985,242,61000
21986,1,1066000
21987,67,300000
21988,258,48900
21989,331,2400
21990,330,3000
21991,191,105500
21992,219,79600
21993,82,262000
21994,102,221900
21995,308,16300
21996,329,3800
21997,83,261400
21998,6,754000
21999,0,2000000
22000,331,2500
22001,334,1000
22002,13,602600
22003,6,754000
22004,307,16600
22005,267,42400
22006,324,6400
22007,114,201600
22008,330,3350
22009,0,2000000
22010,336,0
22011,328,4250
22012,0,2000000
22013,323,7200
22014,313,13200
22015,316,11300
22016,312,13800
22017,0,1362000
22018,0,2000000
22019,241,62000
22020,30,450000
22021,320,9100
22022,301,20200
22023,320,8700
22024,48,364200
22025,230,70350
22026,334,800
22027,334,700
22028,292,25800
22029,289,28000
22030,47,364600
22031,14,588700
22032,168,128400
22033,333,1500
22034,0,1816600
22035,49,357900
22036,254,52000
22037,148,152900
22038,202,94600
22039,322,7850
22040,302,19700
22041,50,356000
22042,336,0
22043,335,150
22044,320,8900
22045,323,7000
22046,263,45600
22047,329,3700
22048,0,1320500
22049,152,147000
22050,0,2000000
22051,292,25800
22052,50,353200
22053,106,215350
22054,143,159000
22055,332,1900
22056,284,30950
22057,297,23100
22058,0,2000000
22059,324,6500
22060,297,22600
22061,290,27400
22062,0,1651200
22063,330,3350
22064,292,26000
22065,67,300000
22066,117,196600
22067,0,1767700
22068,229,71100
22069,335,400
22070,29,458500
22071,307,16400
22072,327,5000
22073,82,263200
22074,110,207800
22075,282,32400
22076,82,263050
22077,309,15350
22078,283,32000
22079,333,1300
22080,0,1246900
22081,307,16700
22082,64,309200
22083,330,3050
22084,331,2700
22085,331,2800
22086,322,7700
22087,160,137900
22088,302,19900
22089,211,86500
22090,17,554500
22091,45,374600
22092,47,364300
22093,333,1400
22094,10,648000
22095,1,1001700
22096,106,214800
22097,268,42100
22098,150,150000
22099,329,3550
22100,73,283700
22101,70,292900
22102,53,344200
22103,290,27500
22104,311,14250
22105,203,93800
22106,270,40750
22107,35,418600
22108,0,2000000
22109,30,450000
22110,280,33900
22111,302,19600
22112,333,1800
22113,235,66200
22114,299,21800
22115,279,34300
22116,311,14000
22117,326,5200
22118,8,706550
22119,245,59000
22120,12,617400
22121,326,5600
22122,329,3700
22123,195,101100
22124,334,700
22125,329,3600
22126,333,1400
22127,0,2000000
22128,204,92400
22129,308,15900
22130,0,2000000
22131,199,97500
22132,90,244700
22133,0,1421200
22134,333,1300
22135,205,91800
22136,326,5300
22137,183,113350
22138,332,1900
22139,0,1982800
22140,329,3900
22141,327,4900
22142,312,13700
22143,11,634000
22144,0,2000000
22145,237,64800
22146,271,40000
22147,305,17800
22148,257,50000
22149,32,435600
22150,333,1250
22151,284,31100
22152,302,19800
22153,212,86000
22154,331,2800
22155,331,2900
22156,223,76300
22157,150,150000
22158,43,382000
22159,0,2000000
22160,77,275000
22161,0,2000000
22162,248,56300
22163,0,1988400
22164,242,61250
22165,110,208300
22166,196,100200
22167,57,329200
22168,1,1003200
22169,59,324800
22170,0,2000000
22171,258,49100
22172,234,67200
22173,67,300000
22174,295,23900
22175,266,43500
22176,192,104300
22177,261,47000
22178,0,2000000
22179,12,621000
22180,282,32500
22181,329,3550
22182,19,531100
22183,333,1600
22184,30,450000
22185,175,121400
22186,320,9000
22187,0,1414600
22188,27,471400
22189,7,718800
22190,312,13900
22191,307,16950
22192,50,353400
22193,109,209650
22194,334,800
22195,314,12450
22196,262,45900
22197,0,1618000
22198,180,116200
22199,0,1402500
22200,328,4600
22201,186,109900
22202,92,241200
22203,335,200
22204,42,389200
22205,274,37600
22206,265,43900
22207,304,18300
22208,313,12800
22209,291,26900
22210,63,312000
22211,299,21800
22212,108,211050
22213,324,6550
22214,262,46100
22215,0,1958000
22216,5,798400
22217,317,10700
22218,315,12000
22219,258,48700
22220,0,2000000
22221,307,16600
22222,66,302000
22223,326,5400
22224,7,709700
22225,336,100
22226,333,1650
22227,318,10400
22228,265,44400
22229,334,1000
22230,302,19900
22231,213,84800
22232,295,23800
22233,0,2000000
22234,330,3400
22235,313,13300
22236,197,99700
22237,213,84950
22238,333,1700
22239,285,30200
22240,43,382400
22241,13,601000
22242,334,800
22243,35,422400
22244,0,2000000
22245,252,53200
22246,7,721000
22247,62,315800
22248,44,380000
22249,2,961400
22250,246,58200
22251,329,3900
22252,13,610800
22253,335,400
22254,314,12600
22255,0,1670300
22256,268,42000
22257,0,1408200
22258,10,651300
22259,327,5100
22260,2,949500
22261,3,855700
22262,240,62500
22263,326,5300
22264,316,11100
22265,53,344200
22266,0,2000000
22267,42,387600
22268,215,82600
22269,103,220400
22270,225,74400
22271,334,800
22272,326,5200
22273,47,364250
22274,267,42400
22275,138,166200
22276,333,1400
22277,273,38700
22278,327,4900
22279,0,1800800
22280,67,300000
22281,194,101850
22282,48,361600
22283,334,750
22284,197,99150
22285,1,1000500
22286,289,28200
22287,322,7500
22288,189,107100
22289,23,500000
22290,324,6500
22291,308,16100
22292,334,700
22293,316,11200
22294,9,682400
22295,307,16700
22296,300,20800
22297,36,418200
22298,23,502700
22299,318,9950
22300,323,7300
22301,164,133700
22302,325,6300
22303,335,300
22304,331,2900
22305,321,8100
22306,100,226300
22307,283,31600
22308,149,151900
22309,36,413700
22310,0,1885800
22311,286,29700
22312,289,27700
22313,46,371100
22314,145,156400
22315,334,1000
22316,298,22300
22317,280,33900
22318,320,8900
22319,300,20950
22320,332,2300
22321,232,68500
22322,268,42300
22323,1,1000900
22324,0,1660400
22325,335,500
22326,0,2000000
22327,0,1804300
22328,233,67700
22329,300,20750
22330,314,12400
22331,328,4100
22332,80,266400
22333,1,1089200
22334,0,2000000
22335,27,471200
22336,328,4600
22337,172,124200
22338,1,1000800
22339,0,1441400
22340,265,43800
22341,39,402800
22342,281,33150
22343,333,1700
22344,336,100
22345,305,17900
22346,315,12100
22347,130,176550
22348,328,4150
22349,308,15900
22350,168,128800
22351,0,1248800
22352,319,9500
22353,309,15200
22354,200,96400
22355,273,38400
22356,1,1050000
22357,313,13200
22358,130,177100
22359,333,1300
22360,327,5100
22361,274,37900
22362,104,218000
22363,311,14200
22364,1,1154800
22365,324,6600
22366,124,184800
22367,1,1050000
22368,336,100
22369,322,7900
22370,331,2800
22371,66,303850
22372,245,58400
22373,173,123800
22374,283,31850
22375,4,813250
22376,206,90600
22377,176,120600
22378,242,61000
22379,331,2700
22380,248,56700
22381,276,36300
22382,0,2000000
22383,327,4700
22384,336,100
22385,325,6300
22386,251,54500
22387,0,2000000
22388,253,52800
22389,277,36000
22390,326,5350
22391,289,27600
22392,76,276100
22393,300,21100
22394,334,1000
22395,49,357600
22396,248,56200
22397,334,1200
22398,303,19100
22399,315,12100
22400,318,10100
22401,32,436550
22402,330,3000
22403,298,22300
22404,335,200
22405,296,23200
22406,243,60300
22407,256,50500
22408,197,99500
22409,0,1806000
22410,317,10650
22411,332,2100
22412,265,44000
22413,276,36400
22414,0,1616600
22415,2,934500
22416,253,52500
22417,333,1500
22418,57,330100
22419,310,15100
22420,333,1600
22421,111,205600
22422,294,24700
22423,335,450
22424,334,900
22425,283,31800
22426,107,213200
22427,0,2000000
22428,264,44600
22429,313,12900
22430,290,27100
22431,206,91250
22432,50,354200
22433,242,61350
22434,0,1477800
22435,11,634400
22436,308,16000
22437,290,27000
22438,0,2000000
22439,336,100
22440,5,788000
22441,6,738200
22442,0,2000000
22443,67,301200
22444,288,28700
22445,313,13300
22446,111,205400
22447,48,361300
22448,4,840300
22449,1,1050000
22450,294,24900
22451,315,11700
22452,186,110000
22453,5,782000
22454,1,1046400
22455,309,15300
22456,0,2000000
22457,316,11000
22458,318,10200
22459,115,200200
22460,320,9200
22461,317,10750
22462,304,18200
22463,247,57400
22464,327,5000
22465,0,1809200
22466,335,200
22467,287,29000
22468,336,0
22469,0,2000000
22470,67,300600
22471,330,3050
22472,251,54200
22473,294,24800
22474,235,66400
22475,262,46500
22476,0,2000000
22477,4,804400
22478,53,342800
22479,332,2200
22480,115,200000
22481,131,175000
22482,243,60300
22483,102,222600
22484,16,566800
22485,215,83350
22486,334,1200
22487,0,2000000
22488,331,2800
22489,317,10550
22490,13,612300
22491,334,800
22492,0,2000000
22493,324,6600
22494,335,150
22495,136,168400
22496,334,1200
22497,0,1296200
22498,88,249000
22499,30,450000
22500,129,178000
22501,257,50100
22502,93,239500
22503,13,600400
22504,285,30600
22505,175,120900
22506,327,5100
22507,226,73600
22508,0,2000000
22509,47,365400
22510,289,28000
22511,333,1650
22512,317,10900
22513,330,3000
22514,0,1552800
22515,322,7700
22516,268,41800
22517,323,7400
22518,310,14600
22519,242,60800
22520,0,1407400
22521,170,126500
22522,271,40000
22523,201,95200
22524,335,200
22525,148,152900
22526,322,7600
22527,334,1100
22528,126,182500
22529,148,152000
22530,13,602450
22531,335,150
22532,205,91900
22533,3,852000
22534,336,0
22535,311,14000
22536,311,14450
22537,331,2800
22538,208,89200
22539,298,22400
22540,309,15700
22541,313,13000
22542,296,23200
22543,270,40600
22544,297,22600
22545,299,21500
22546,320,9200
22547,327,5000
22548,334,900
22549,12,620100
22550,0,1266000
22551,324,6800
22552,334,900
22553,268,42000
22554,150,150000
22555,126,182000
22556,313,13100
22557,315,11800
22558,140,162400
22559,303,19200
22560,0,1296550
22561,65,304450
22562,275,37250
22563,300,21100
22564,75,279800
22565,331,2650
22566,330,3200
22567,0,2000000
22568,242,60700
22569,285,30450
22570,254,51700
22571,314,12600
22572,298,22000
22573,333,1500
22574,70,292600
22575,151,148300
22576,308,15800
22577,305,17800
22578,1,1200900
22579,286,30100
22580,329,3500
22581,334,1100
22582,295,24300
22583,305,17700
22584,280,33800
22585,312,13400
22586,272,39000
22587,286,29700
22588,319,9300
22589,329,3700
22590,0,1385200
22591,51,350200
22592,334,900
22593,329,3650
22594,13,603400
22595,284,31200
22596,0,1881800
22597,333,1400
22598,54,341800
22599,269,41200
22600,261,46800
22601,295,23900
22602,21,514000
22603,217,81000
22604,311,14200
22605,318,10300
22606,282,32700
22607,2,1000250
22608,2,952500
22609,331,2900
22610,0,2000000
22611,43,382800
22612,334,750
22613,332,2100
22614,140,162400
22615,333,1300
22616,329,3650
22617,0,1603850
22618,243,60200
22619,335,300
22620,331,2400
22621,290,27550
22622,215,82900
22623,243,60300
22624,318,10000
22625,334,1200
22626,11,632150
22627,331,2450
22628,328,4300
22629,318,10100
22630,295,24400
22631,334,900
22632,9,666900
22633,333,1450
22634,23,503100
22635,103,220900
22636,311,14400
22637,0,2000000
22638,78,272000
22639,215,83300
22640,325,6200
22641,320,9000
22642,319,9600
22643,316,11000
22644,5,801400
22645,1,1018200
22646,5,800500
22647,1,1170500
22648,209,88300
22649,5,782000
22650,113,203200
22651,116,198000
22652,290,27200
22653,308,16000
22654,266,43200
22655,23,502600
22656,143,159200
22657,334,800
22658,148,152200
22659,328,4600
22660,252,53300
22661,321,8100
22662,324,6800
22663,0,1355800
22664,49,358400
22665,264,45000
22666,63,312400
22667,309,15450
22668,0,2000000
22669,309,15200
22670,334,900
22671,320,8800
22672,180,115600
22673,313,13050
22674,238,63800
22675,321,8400
22676,318,10000
22677,323,7200
22678,141,162000
22679,320,8800
22680,0,1212400
22681,294,24600
22682,326,5700
22683,333,1600
22684,315,11600
22685,325,6000
22686,238,64100
22687,270,40600
22688,233,68100
22689,0,2000000
22690,1,1205800
22691,326,5350
22692,334,1100
22693,333,1300
22694,332,1900
22695,0,2000000
22696,303,18900
22697,37,411900
22698,123,187000
22699,328,4600
22700,186,109800
22701,0,1517000
22702,83,260000
22703,290,27300
22704,261,46600
22705,35,420400
22706,7,708450
22707,335,550
22708,290,27300
22709,292,26200
22710,241,61500
22711,333,1600
22712,10,648000
22713,302,19700
22714,13,601600
22715,328,4200
22716,312,13800
22717,3,902000
22718,147,153400
22719,0,1951200
22720,195,101400
22721,237,64800
22722,6,755200
22723,315,11800
22724,270,40400
22725,229,71600
22726,257,49600
22727,2,1000150
22728,326,5300
22729,307,16500
22730,322,7900
22731,297,22600
22732,1,1016600
22733,206,90650
22734,190,105600
22735,4,824500
22736,330,3400
22737,12,624000
22738,0,2000000
22739,327,5000
22740,296,23250
22741,325,5800
22742,306,17200
22743,333,1300
22744,332,2200
22745,320,8800
22746,61,317600
22747,0,1682800
22748,331,2400
22749,174,122800
22750,308,16300
22751,332,1900
22752,39,401850
22753,261,46800
22754,316,11500
22755,280,34000
22756,246,58000
22757,263,45200
22758,74,282500
22759,305,18000
22760,273,38700
22761,0,1418000
22762,272,39000
22763,240,62300
22764,331,2600
22765,313,13300
22766,325,6000
22767,333,1400
22768,107,213150
22769,112,204400
22770,5,790000
22771,306,17400
22772,228,72200
22773,0,2000000
22774,66,302300
22775,245,58600
22776,146,154800
22777,4,803400
22778,321,8500
22779,289,27700
22780,5,801800
22781,334,1200
22782,332,1900
22783,129,177900
22784,238,63700
22785,310,15000
22786,245,59000
22787,323,7100
22788,18,540500
22789,332,2100
22790,292,26000
22791,332,2300
22792,186,110400
22793,328,4350
22794,330,3250
22795,158,140500
22796,289,27700
22797,274,37700
22798,82,262000
22799,330,3350
22800,232,68500
22801,0,2000000
22802,257,49600
22803,102,222600
22804,332,1900
22805,174,122200
22806,50,353600
22807,233,67900
22808,7,715100
22809,108,210700
22810,110,208000
22811,311,14500
22812,304,18350
22813,9,672800
22814,295,23800
22815,0,1251500
22816,0,1503900
22817,21,514000
22818,333,1400
22819,172,124200
22820,1,1064500
22821,27,469200
22822,334,900
22823,300,20900
22824,335,300
22825,334,800
22826,296,23200
22827,334,800
22828,0,2000000
22829,335,600
22830,290,27400
22831,220,78500
22832,262,45900
22833,333,1350
22834,334,700
22835,331,2550
22836,0,2000000
22837,8,700500
22838,2,960100
22839,285,30300
22840,23,500600
22841,318,10200
22842,250,55200
22843,258,48900
22844,5,767700
22845,0,1954000
22846,335,500
22847,118,195000
22848,318,10300
22849,323,7200
22850,310,14900
22851,320,8850
22852,4,838600
22853,50,353350
22854,51,350000
22855,332,2100
22856,310,15000
22857,300,21000
22858,149,151600
22859,306,17000
22860,312,13900
22861,10,656500
22862,298,22000
22863,147,154300
22864,0,1357500
22865,140,163000
22866,330,3400
22867,276,36500
22868,322,7750
22869,11,634000
22870,30,450000
22871,56,333900
22872,21,514000
22873,210,87500
22874,104,218900
22875,335,500
22876,296,23300
22877,271,39600
22878,0,2000000
22879,15,580400
22880,20,527000
22881,12,627700
22882,318,9900
22883,306,17400
22884,13,600500
22885,0,1284550
22886,327,5100
22887,324,6500
22888,3,876400
22889,130,176100
22890,169,127300
22891,330,3350
22892,294,24550
22893,322,7800
22894,313,12850
22895,330,3400
22896,324,6800
22897,0,2000000
22898,288,28700
22899,321,8200
22900,0,1355200
22901,334,1100
22902,308,15800
22903,254,51900
22904,324,6500
22905,2,953600
22906,106,214600
22907,59,322600
22908,332,2150
22909,13,600700
22910,169,128150
22911,0,2000000
22912,335,200
22913,84,257300
22914,5,800700
22915,278,35200
22916,297,22600
22917,326,5400
22918,329,4000
22919,190,105700
22920,10,645600
22921,0,1358500
22922,0,1214400
22923,0,1658000
22924,11,632300
22925,237,65000
22926,261,46600
22927,325,6100
22928,17,560400
22929,330,3400
22930,320,8900
22931,297,22900
22932,331,2600
22933,320,9100
22934,271,39700
22935,96,233000
22936,58,326950
22937,1,1010150
22938,189,106900
22939,334,1000
22940,44,379550
22941,328,4200
22942,320,8750
22943,320,8700
22944,336,0
22945,323,7200
22946,289,28000
22947,188,108400
22948,9,664400
22949,75,280000
22950,333,1300
22951,6,754000
22952,280,33650
22953,335,300
22954,146,155100
22955,37,408800
22956,44,378200
22957,311,14550
22958,242,61200
22959,334,850
22960,180,116500
22961,257,49500
22962,30,450000
22963,126,182000
22964,254,51600
22965,252,53800
22966,327,5000
22967,232,68900
22968,51,351550
22969,51,350300
22970,0,2000000
22971,4,826000
22972,323,7000
22973,6,750600
22974,30,450000
22975,324,6750
22976,334,1100
22977,281,33200
22978,283,32050
22979,215,82600
22980,329,3600
22981,309,15200
22982,332,2200
22983,243,60400
22984,262,46200
22985,0,1640000
22986,273,38400
22987,30,450000
22988,324,6400
22989,292,25700
22990,0,1532000
22991,182,114400
22992,313,13250
22993,172,124200
22994,283,32000
22995,323,7200
22996,312,13500
22997,117,196100
22998,326,5300
22999,321,8300
23000,4,816400
23001,329,3500
23002,330,2950
23003,259,48300
23004,303,19100
23005,13,604200
23006,196,100000
23007,81,263800
23008,330,3000
23009,325,6200
23010,247,56800
23011,243,60100
23012,271,39700
23013,334,750
23014,245,58900
23015,299,21600
23016,166,131400
23017,126,182800
23018,1,1036000
23019,1,1066000
23020,284,31200
23021,316,11200
23022,48,363600
23023,323,7100
23024,44,380000
23025,255,51500
23026,323,7300
23027,288,28600
23028,0,1653200
23029,27,467000
23030,292,25900
23031,332,2300
23032,267,42600
23033,291,26750
23034,0,1240250
23035,149,151000
23036,322,7800
23037,0,1605900
23038,30,450000
23039,314,12450
23040,292,26000
23041,181,115300
23042,285,30400
23043,163,135000
23044,206,91000
23045,0,2000000
23046,307,16500
23047,172,124200
23048,0,2000000
23049,325,6000
23050,125,183400
23051,320,9200
23052,268,41900
23053,11,641500
23054,83,259450
23055,0,1420900
23056,303,18850
23057,325,6000
23058,270,40300
23059,327,4800
23060,326,5500
23061,320,9000
23062,200,96650
23063,324,6400
23064,217,81000
23065,0,1601800
23066,244,59600
23067,289,28100
23068,305,17600
23069,333,1700
23070,251,54500
23071,8,702100
23072,55,336800
23073,334,1100
23074,297,22900
23075,327,4950
23076,115,200200
23077,207,90400
23078,334,1200
23079,249,55600
23080,50,355300
23081,325,6100
23082,10,654500
23083,286,29800
23084,291,26900
23085,9,680000
23086,307,16600
23087,210,87200
23088,326,5600
23089,0,1418000
23090,309,15600
23091,320,8700
23092,331,2400
23093,167,129900
23094,2,920800
23095,0,2000000
23096,334,700
23097,213,84600
23098,270,40650
23099,219,79400
23100,114,200400
23101,3,854200
23102,304,18550
23103,296,23500
23104,186,110000
23105,107,213600
23106,332,2100
23107,321,8500
23108,213,84900
23109,0,2000000
23110,278,35100
23111,223,76200
23112,2,936750
23113,333,1600
23114,10,650200
23115,288,28800
23116,312,13700
23117,288,28600
23118,9,666300
23119,317,10500
23120,317,10500
23121,0,1456950
23122,328,4400
23123,334,950
23124,270,40900
23125,330,3000
23126,291,26900
23127,320,9000
23128,334,800
23129,7,729800
23130,168,128700
23131,320,9200
23132,312,13500
23133,0,1503200
23134,13,600550
23135,50,352900
23136,192,104300
23137,308,15800
23138,2,916000
23139,1,1009700
23140,309,15250
23141,316,11250
23142,0,2000000
23143,30,450000
23144,0,2000000
23145,297,22700
23146,335,200
23147,322,7600
23148,141,161500
23149,220,78700
23150,211,86100
23151,333,1800
23152,321,8100
23153,98,228550
23154,330,3450
23155,14,591000
23156,331,2700
23157,114,200400
23158,4,809000
23159,245,58900
23160,336,100
23161,334,1100
23162,270,40700
23163,24,489600
23164,334,800
23165,141,161400
23166,190,106000
23167,328,4300
23168,269,41600
23169,30,450000
23170,312,13600
23171,331,2900
23172,6,754000
23173,333,1700
23174,259,48600
23175,105,216150
23176,285,30300
23177,277,35800
23178,318,10250
23179,336,100
23180,48,362000
23181,299,21600
23182,0,1548300
23183,310,15000
23184,334,1200
23185,276,36200
23186,1,1002000
23187,202,95000
23188,0,1231100
23189,322,7500
23190,154,145000
23191,325,5800
23192,1,1054600
23193,330,3000
23194,278,35200
23195,243,60100
23196,216,82050
23197,335,300
23198,5,801400
23199,13,602500
23200,257,49500
23201,334,1200
23202,272,39150
23203,150,150000
23204,301,20400
23205,299,21500
23206,315,12150
23207,332,2100
23208,329,3900
23209,309,15700
23210,322,7800
23211,0,2000000
23212,231,69350
23213,314,12300
23214,118,195300
23215,273,38800
23216,280,33800
23217,321,8100
23218,326,5200
23219,326,5200
23220,315,12000
23221,0,1684400
23222,115,200000
23223,306,17100
23224,28,462900
23225,143,159600
23226,308,16100
23227,200,96500
23228,58,326600
23229,306,17500
23230,334,950
23231,300,21200
23232,29,456000
23233,0,2000000
23234,0,1954000
23235,329,4000
23236,99,226600
23237,335,600
23238,333,1300
23239,8,700150
23240,285,30300
23241,332,1900
23242,331,2700
23243,0,2000000
23244,335,600
23245,168,128500
23246,0,2000000
23247,7,712200
23248,0,2000000
23249,163,134100
23250,0,1218750
23251,336,100
23252,335,400
23253,246,58000
23254,253,52900
23255,126,182000
23256,334,1000
23257,12,616300
23258,318,10100
23259,282,32350
23260,327,5100
23261,329,3900
23262,232,69200
23263,322,8000
23264,335,400
23265,242,60600
23266,282,32500
23267,51,350400
23268,249,55600
23269,198,98200
23270,1,1010100
23271,240,62800
23272,2,945700
23273,176,120500
23274,0,1249200
23275,3,903100
23276,330,3200
23277,1,1144100
23278,332,2300
23279,0,2000000
23280,128,179000
23281,151,149000
23282,299,21350
23283,0,2000000
23284,90,244350
23285,240,62700
23286,293,25400
23287,67,300500
23288,0,2000000
23289,331,2400
23290,2,932300
23291,183,112750
23292,327,4900
23293,332,2200
23294,333,1600
23295,203,94100
23296,334,1000
23297,335,400
23298,174,121900
23299,334,900
23300,307,16750
23301,294,24500
23302,256,50200
23303,11,642000
23304,329,3700
23305,324,6800
23306,74,282600
23307,336,0
23308,61,317200
23309,282,32300
23310,10,660600
23311,223,75900
23312,150,150200
23313,320,8700
23314,329,3800
23315,67,300200
23316,67,301400
23317,280,33900
23318,333,1400
23319,297,22900
23320,321,8300
23321,332,2200
23322,0,1446800
23323,329,3800
23324,1,1000450
23325,6,754000
23326,285,30800
23327,1,1050000
23328,325,6200
23329,24,492150
23330,196,100650
23331,335,600
23332,49,357250
23333,309,15500
23334,0,2000000
23335,127,180800
23336,334,900
23337,177,119400
23338,335,300
23339,306,17400
23340,14,586000
23341,321,8400
23342,328,4100
23343,0,2000000
23344,240,62800
23345,64,310000
23346,13,600200
23347,336,0
23348,331,2500
23349,334,750
23350,15,573900
23351,1,1050000
23352,11,632000
23353,324,6750
23354,332,2200
23355,334,1150
23356,223,75900
23357,324,6900
23358,0,1837100
23359,325,6150
23360,286,29800
23361,0,2000000
23362,110,207450
23363,262,45900
23364,158,140500
23365,150,150500
23366,334,950
23367,30,450000
23368,267,42450
23369,60,320800
23370,126,182800
23371,330,3400
23372,64,309600
23373,12,623200
23374,308,16000
23375,300,20900
23376,329,3500
23377,312,13700
23378,334,800
23379,325,6050
23380,325,6000
23381,335,250
23382,282,32500
23383,61,317500
23384,331,2600
23385,0,2000000
23386,133,172000
23387,325,5900
23388,3,900250
23389,220,78500
23390,96,234000
23391,114,201500
23392,2,916000
23393,9,680200
23394,254,51700
23395,218,80600
23396,335,450
23397,329,3600
23398,281,33400
23399,0,1553150
23400,328,4600
23401,64,310000
23402,158,140200
23403,313,12900
23404,305,17900
23405,6,754000
23406,336,100
23407,331,2700
23408,6,754000
23409,332,2200
23410,0,1500700
23411,291,26800
23412,228,72000
23413,333,1800
23414,233,68250
23415,255,50950
23416,322,7700
23417,21,516000
23418,49,357800
23419,332,2000
23420,324,6800
23421,329,3800
23422,212,85500
23423,326,5600
23424,117,196000
23425,321,8550
23426,146,155000
23427,97,230800
23428,4,846700
23429,331,2800
23430,214,84200
23431,329,3900
23432,165,132300
23433,320,9000
23434,217,81400
23435,299,21300
23436,331,2900
23437,0,1658000
23438,330,3200
23439,332,2100
23440,301,20600
23441,20,520800
23442,333,1300
23443,91,243100
23444,267,43000
23445,52,347600
23446,317,10950
23447,0,2000000
23448,51,350400
23449,281,32850
23450,209,88300
23451,66,303800
23452,242,61200
23453,37,408800
23454,335,500
23455,284,30850
23456,66,303100
23457,322,7700
23458,32,438100
23459,307,16900
23460,285,30800
23461,97,230600
23462,328,4150
23463,208,89550
23464,294,24700
23465,288,28550
23466,329,3600
23467,0,2000000
23468,245,59000
23469,0,2000000
23470,248,56450
23471,294,24800
23472,332,2000
23473,223,76000
23474,335,500
23475,0,1348250
23476,319,9300
23477,329,3650
23478,11,643200
23479,7,712100
23480,301,20400
23481,128,180300
23482,309,15300
23483,283,31900
23484,327,4900
23485,277,35800
23486,310,14800
23487,62,316000
23488,210,87000
23489,30,450000
23490,140,162800
23491,220,78600
23492,81,264300
23493,329,3700
23494,330,3100
23495,51,350600
23496,326,5400
23497,1,1050000
23498,317,10450
23499,0,1359700
23500,0,1379200
23501,0,2000000
23502,94,237000
23503,330,3000
23504,231,69450
23505,0,1607100
23506,56,332600
23507,240,62600
23508,334,1100
23509,329,3900
23510,322,7500
23511,313,13200
23512,67,300400
23513,0,1280300
23514,295,24000
23515,238,63800
23516,321,8100
23517,280,34000
23518,286,29800
23519,139,164800
23520,333,1400
23521,67,300000
23522,253,52600
23523,260,47950
23524,333,1750
23525,265,44000
23526,317,10500
23527,198,98400
23528,1,1001800
23529,13,609800
23530,16,568800
23531,332,2300
23532,34,424900
23533,0,2000000
23534,5,779200
23535,265,44100
23536,4,828150
23537,333,1600
23538,324,6400
23539,67,300250
23540,1,1000300
23541,334,700
23542,296,23200
23543,39,401150
23544,0,1500200
23545,298,22300
23546,142,160750
23547,231,69800
23548,334,950
23549,97,231700
23550,329,3500
23551,334,800
23552,32,438900
23553,220,79100
23554,277,35900
23555,0,1355000
23556,334,1100
23557,101,224400
23558,333,1600
23559,327,5000
23560,314,12300
23561,322,7800
23562,271,40000
23563,0,1234700
23564,334,1000
23565,0,2000000
23566,0,2000000
23567,332,2100
23568,90,246000
23569,321,8350
23570,13,601400
23571,0,1229050
23572,66,304000
23573,275,37500
23574,134,170500
23575,293,25300
23576,154,144650
23577,176,120600
23578,0,2000000
23579,248,56400
23580,332,2000
23581,0,1511600
23582,330,3200
23583,212,85500
23584,160,138300
23585,329,3500
23586,271,39900
23587,284,31000
23588,310,14700
23589,299,21600
23590,335,300
23591,328,4400
23592,0,1462400
23593,0,2000000
23594,1,1209100
23595,3,900550
23596,247,56900
23597,5,766500
23598,284,31300
23599,59,324200
23600,283,32000
23601,318,10000
23602,187,108500
23603,332,1950
23604,172,124800
23605,67,300000
23606,16,563300
23607,303,18900
23608,301,20250
23609,329,3900
23610,289,27900
23611,330,3000
23612,284,31100
23613,152,147400
23614,0,1807200
23615,327,4800
23616,319,9700
23617,262,46100
23618,0,1954000
23619,306,17500
23620,30,452800
23621,305,17900
23622,4,807900
23623,331,2750
23624,327,4750
23625,175,121550
23626,159,139600
23627,327,4800
23628,102,222400
23629,269,41200
23630,325,6200
23631,269,41600
23632,29,458000
23633,0,1355200
23634,97,231800
23635,322,7500
23636,329,4050
23637,331,2400
23638,11,634000
23639,284,30900
23640,316,11150
23641,51,350200
23642,291,26500
23643,20,528200
23644,323,7300
23645,272,39300
23646,229,70900
23647,0,1954000
23648,92,240800
23649,334,1000
23650,230,70800
23651,335,500
23652,61,317800
23653,51,350500
23654,11,632250
23655,312,13600
23656,127,181100
23657,137,166800
23658,242,60900
23659,332,2050
23660,334,1200
23661,334,1100
23662,251,54200
23663,314,12250
23664,318,9900
23665,319,9700
23666,0,1358300
23667,176,120000
23668,143,158400
23669,285,30700
23670,0,1663000
23671,314,12400
23672,122,188050
23673,231,69800
23674,13,601400
23675,11,645000
23676,328,4200
23677,0,2000000
23678,309,15600
23679,332,2200
23680,0,2000000
23681,59,324000
23682,327,4800
23683,332,2000
23684,335,200
23685,207,90100
23686,141,161000
23687,334,1200
23688,233,68150
23689,252,53500
23690,38,404000
23691,30,450000
23692,63,311050
23693,330,3250
23694,334,900
23695,313,13100
23696,332,2250
23697,308,16300
23698,216,81900
23699,5,768800
23700,0,2000000
23701,0,2000000
23702,326,5600
23703,319,9800
23704,334,800
23705,0,2000000
23706,0,1676400
23707,0,1235700
23708,324,6800
23709,20,521850
23710,281,33400
23711,290,27200
23712,8,701900
23713,246,58050
23714,324,6700
23715,332,2150
23716,333,1600
23717,126,182000
23718,330,3250
23719,30,447700
23720,325,6100
23721,184,112200
23722,0,1714000
23723,333,1600
23724,329,3500
23725,336,0
23726,163,134600
23727,159,138950
23728,329,4000
23729,324,6800
23730,320,9100
23731,308,16100
23732,104,217600
23733,336,100
23734,290,27000
23735,334,1200
23736,328,4400
23737,335,200
23738,99,227600
23739,332,2000
23740,65,305400
23741,333,1300
23742,0,1412300
23743,1,1050000
23744,324,6800
23745,0,2000000
23746,334,750
23747,8,700000
23748,294,24700
23749,276,36800
23750,328,4450
23751,319,9400
23752,240,62300
23753,13,610000
23754,238,64400
23755,0,2000000
23756,195,101100
23757,301,20400
23758,336,100
23759,327,5050
23760,222,77000
23761,291,26800
23762,328,4200
23763,164,133500
23764,163,134850
23765,334,1150
23766,261,46900
23767,331,2900
23768,326,5200
23769,106,214000
23770,325,5800
23771,0,2000000
23772,175,121050
23773,215,83100
23774,332,1950
23775,313,13100
23776,333,1300
23777,307,16700
23778,328,4300
23779,9,671200
23780,325,6200
23781,314,12700
23782,162,136100
23783,75,279000
23784,194,102450
23785,267,42700
23786,78,271300
23787,269,41000
23788,319,9600
23789,11,630300
23790,5,801300
23791,294,24450
23792,330,3400
23793,150,150000
23794,0,2000000
23795,150,150000
23796,0,1442200
23797,174,122000
23798,13,609400
23799,331,2800
23800,0,1606700
23801,333,1550
23802,280,33600
23803,184,112000
23804,15,579800
23805,321,8500
23806,241,61750
23807,308,15800
23808,283,31900
23809,332,2300
23810,67,301200
23811,327,4950
23812,309,15350
23813,329,3850
23814,14,586000
23815,335,400
23816,332,2200
23817,196,100200
23818,334,1000
23819,217,81000
23820,310,14600
23821,106,215200
23822,7,727800
23823,223,76500
23824,334,900
23825,317,10500
23826,10,647900
23827,17,559200
23828,317,10500
23829,108,210800
23830,0,1950700
23831,128,179500
23832,121,190800
23833,334,1000
23834,115,199200
23835,2,916000
23836,332,1900
23837,326,5300
23838,57,331600
23839,0,2000000
23840,304,18700
23841,306,17200
23842,336,100
23843,228,72300
23844,307,16700
23845,61,316300
23846,271,39900
23847,319,9450
23848,334,700
23849,335,200
23850,327,5000
23851,322,7700
23852,283,32150
23853,335,200
23854,314,12400
23855,175,121200
23856,319,9600
23857,280,33800
23858,331,2500
23859,300,21200
23860,335,600
23861,60,322000
23862,4,849400
23863,28,460200
23864,0,2000000
23865,316,11150
23866,329,3750
23867,262,46100
23868,30,450000
23869,99,226800
23870,22,506400
23871,278,34900
23872,101,223700
23873,331,2900
23874,313,13150
23875,195,100800
23876,309,15750
23877,135,169500
23878,47,366400
23879,3,902000
23880,238,63700
23881,254,51600
23882,328,4150
23883,30,450000
23884,0,1650800
23885,323,7300
23886,296,23200
23887,334,1000
23888,1,1050000
23889,308,16300
23890,309,15700
23891,236,65450
23892,334,1100
23893,25,480300
23894,0,1941900
23895,150,150000
23896,11,632300
23897,277,35800
23898,219,79400
23899,29,453200
23900,273,38600
23901,29,455900
23902,320,8800
23903,322,8000
23904,0,1350900
23905,304,18300
23906,149,151600
23907,324,6550
23908,333,1800
23909,13,606000
23910,333,1700
23911,335,300
23912,0,2000000
23913,325,6000
23914,77,274200
23915,320,9000
23916,274,38000
23917,78,271800
23918,0,1508000
23919,232,68500
23920,0,2000000
23921,333,1700
23922,118,195400
23923,336,0
23924,327,5100
23925,329,3700
23926,206,90800
23927,2,918400
23928,336,0
23929,334,700
23930,0,2000000
23931,333,1300
23932,319,9700
23933,303,19400
23934,284,31400
23935,302,19800
23936,331,2400
23937,300,20800
23938,13,604000
23939,13,606000
23940,330,3200
23941,60,319600
23942,109,209300
23943,155,144300
23944,329,4000
23945,314,12500
23946,0,1950400
23947,149,151800
23948,252,53100
23949,1,1209800
23950,197,98900
23951,276,36600
23952,303,19300
23953,299,21700
23954,302,20000
23955,318,9900
23956,304,18300
23957,335,600
23958,331,2600
23959,325,6300
23960,230,70500
23961,294,24500
23962,7,723600
23963,0,2000000
23964,330,3400
23965,311,14500
23966,336,100
23967,0,1446000
23968,238,63900
23969,329,4050
23970,335,200
23971,326,5600
23972,292,25800
23973,283,31700
23974,268,42000
23975,295,23900
23976,279,34200
23977,0,2000000
23978,165,132300
23979,67,300300
23980,335,600
23981,8,701900
23982,318,10400
23983,332,2000
23984,115,200200
23985,1,1202500
23986,146,155000
23987,321,8300
23988,331,2500
23989,326,5300
23990,1,1178000
23991,217,80900
23992,336,100
23993,0,1262300
23994,39,400500
23995,304,18500
23996,335,400
23997,7,724200
23998,328,4300
23999,221,78300
24000,163,134400
24001,95,236000
24002,194,102200
24003,326,5200
24004,332,2000
24005,336,0
24006,335,200
24007,10,649600
24008,35,418600
24009,13,601300
24010,271,40100
24011,20,526000
24012,316,11100
24013,335,200
24014,2,966200
24015,168,128500
24016,58,327800
24017,41,390000
24018,316,11050
24019,2,920500
24020,301,20600
24021,141,162000
24022,22,506200
24023,199,97700
24024,318,10200
24025,288,28700
24026,323,6950
24027,167,130600
24028,331,2800
24029,0,2000000
24030,142,159700
24031,130,176100
24032,1,1015100
24033,282,32700
24034,0,1411000
24035,258,49100
24036,0,1715200
24037,0,1255600
24038,240,62800
24039,131,175600
24040,333,1700
24041,39,400100
24042,270,40900
24043,59,322800
24044,309,15500
24045,321,8200
24046,254,51600
24047,219,79600
24048,314,12300
24049,0,1657000
24050,146,154600
24051,3,902800
24052,333,1300
24053,0,2000000
24054,331,2600
24055,0,2000000
24056,137,167200
24057,248,56300
24058,3,903900
24059,224,75400
24060,1,1123200
24061,300,21200
24062,330,3000
24063,334,900
24064,0,1224800
24065,4,828900
24066,335,150
24067,295,23900
24068,325,5800
24069,314,12300
24070,88,249000
24071,329,4000
24072,5,801800
24073,0,1658000
24074,276,36350
24075,316,11300
24076,250,54800
24077,1,1203400
24078,305,17950
24079,328,4200
24080,336,100
24081,0,1580000
24082,3,902000
24083,328,4400
24084,334,1000
24085,320,8900
24086,118,195450
24087,0,2000000
24088,161,137000
24089,275,37100
24090,268,41800
24091,293,25100
24092,13,602500
24093,262,46000
24094,44,380000
24095,299,21300
24096,275,37300
24097,255,50900
24098,262,46300
24099,0,2000000
24100,1,1203000
24101,279,34200
24102,333,1700
24103,333,1800
24104,23,500000
24105,13,602650
24106,328,4500
24107,270,40700
24108,206,91200
24109,311,14500
24110,0,2000000
24111,215,83200
24112,300,21100
24113,3,882000
24114,308,16300
24115,335,300
24116,322,8000
24117,202,95000
24118,24,494000
24119,325,5900
24120,37,410300
24121,305,18000
24122,224,75150
24123,0,1465200
24124,321,8200
24125,21,516400
24126,336,0
24127,292,26000
24128,312,13600
24129,21,514000
24130,170,127200
24131,291,26800
24132,99,226600
24133,285,30550
24134,335,500
24135,1,1085700
24136,327,4800
24137,329,3500
24138,173,123000
24139,257,50050
24140,242,61100
24141,318,10200
24142,109,209000
24143,54,340000
24144,322,8000
24145,274,38000
24146,333,1400
24147,0,1262850
24148,318,10400
24149,259,48450
24150,333,1300
24151,321,8100
24152,9,666600
24153,0,2000000
24154,332,2050
24155,124,185000
24156,332,2100
24157,335,150
24158,328,4600
24159,277,36000
24160,333,1800
24161,136,167700
24162,0,2000000
24163,3,903600
24164,0,1842400
24165,256,50150
24166,326,5400
24167,314,12500
24168,297,22700
24169,335,250
24170,0,1650800
24171,0,1418000
24172,164,133450
24173,335,200
24174,319,9400
24175,314,12300
24176,144,158300
24177,320,8900
24178,66,301800
24179,39,400100
24180,305,17700
24181,6,752400
24182,200,96500
24183,329,4000
24184,24,491550
24185,135,170000
24186,147,153400
24187,319,9600
24188,331,2400
24189,12,626000
24190,336,100
24191,333,1400
24192,298,22500
24193,268,41700
24194,1,1052000
24195,0,2000000
24196,287,29400
24197,0,2000000
24198,30,450000
24199,194,102200
24200,242,60750
24201,267,42600
24202,5,790400
24203,329,4000
24204,223,76600
24205,326,5200
24206,303,19300
24207,284,31250
24208,6,754000
24209,44,377800
24210,0,2000000
24211,11,636500
24212,257,49900
24213,334,950
24214,236,65300
24215,0,2000000
24216,297,22800
24217,281,33000
24218,331,2750
24219,169,127900
24220,0,2000000
24221,20,524400
24222,239,63050
24223,4,842200
24224,32,436500
24225,326,5600
24226,333,1750
24227,38,407600
24228,335,300
24229,39,401050
24230,308,15900
24231,324,6600
24232,266,43050
24233,30,450000
24234,34,425400
24235,0,2000000
24236,0,2000000
24237,318,10400
24238,298,22200
24239,280,34000
24240,305,18000
24241,301,20200
24242,331,2600
24243,158,139900
24244,22,505200
24245,334,800
24246,172,124900
24247,0,1572700
24248,318,10100
24249,301,20400
24250,304,18600
24251,5,786200
24252,0,1658000
24253,83,260700
24254,326,5200
24255,3,900400
24256,82,261600
24257,297,23100
24258,241,61750
24259,247,56800
24260,320,9000
24261,333,1600
24262,309,15700
24263,150,150600
24264,39,402300
24265,333,1800
24266,298,22400
24267,0,2000000
24268,276,36400
24269,335,300
24270,47,367200
24271,255,51000
24272,313,12900
24273,311,14100
24274,29,458200
24275,305,17900
24276,323,7200
24277,174,122100
24278,288,28300
24279,66,301800
24280,325,6000
24281,179,116900
24282,299,21400
24283,180,116100
24284,331,2900
24285,289,27900
24286,324,6400
24287,335,400
24288,321,8450
24289,4,806100
24290,334,1200
24291,0,2000000
24292,317,10900
24293,195,100850
24294,216,82400
24295,267,42400
24296,44,380600
24297,284,31400
24298,322,7700
24299,280,33800
24300,47,366000
24301,327,4700
24302,332,2100
24303,306,17000
24304,145,156200
24305,324,6500
24306,1,1050000
24307,0,2000000
24308,307,16800
24309,326,5400
24310,318,9850
24311,317,10800
24312,289,27900
24313,301,20150
24314,320,9100
24315,318,10200
24316,148,152200
24317,335,500
24318,1,1066000
24319,109,210300
24320,304,18300
24321,227,72700
24322,0,1615100
24323,278,35250
24324,333,1300
24325,326,5200
24326,336,100
24327,336,100
24328,318,10100
24329,320,9000
24330,333,1300
24331,322,7500
24332,270,40900
24333,0,1452100
24334,61,316800
24335,0,1224000
24336,306,17350
24337,43,381800
24338,100,225000
24339,51,350000
24340,201,95300
24341,0,1355200
24342,0,2000000
24343,166,131300
24344,314,12200
24345,332,2100
24346,145,157000
24347,174,122100
24348,332,1900
24349,41,390300
24350,92,241600
24351,335,300
24352,309,15600
24353,30,452400
24354,324,6400
24355,13,604200
24356,12,625100
24357,38,405100
24358,118,194000
24359,284,31200
24360,332,2300
24361,9,674200
24362,1,1186800
24363,329,3550
24364,0,2000000
24365,0,2000000
24366,293,25200
24367,237,65200
24368,185,110600
24369,236,65600
24370,335,250
24371,318,10400
24372,0,2000000
24373,305,18100
24374,221,78200
24375,283,31800
24376,80,268000
24377,289,27800
24378,336,100
24379,309,15500
24380,154,145000
24381,0,2000000
24382,312,13500
24383,6,752200
24384,324,6350
24385,19,531200
24386,1,1001150
24387,158,140900
24388,328,4450
24389,329,3500
24390,330,3000
24391,0,2000000
24392,305,18000
24393,318,9900
24394,327,5000
24395,335,200
24396,329,3800
24397,330,3400
24398,252,53800
24399,333,1600
24400,316,11200
24401,330,3250
24402,44,377500
24403,256,50850
24404,323,7300
24405,37,412700
24406,335,500
24407,11,637600
24408,336,0
24409,49,360000
24410,329,3600
24411,60,321900
24412,310,14900
24413,0,2000000
24414,0,2000000
24415,200,96800
24416,248,56100
24417,320,9000
24418,0,2000000
24419,46,370200
24420,335,600
24421,1,1044000
24422,38,407400
24423,251,54000
24424,325,6300
24425,336,0
24426,0,1627500
24427,312,13900
24428,332,2000
24429,212,85600
24430,172,125100
24431,4,820200
24432,314,12700
24433,324,6800
24434,131,175100
24435,332,1950
24436,267,43000
24437,323,7400
24438,325,6000
24439,0,1494600
24440,307,16600
24441,150,149700
24442,0,1514200
24443,280,33700
24444,319,9300
24445,307,16700
24446,333,1800
24447,332,2200
24448,0,1400700
24449,302,19700
24450,331,2700
24451,1,1052000
24452,0,2000000
24453,332,2050
24454,302,19500
24455,150,150000
24456,304,18400
24457,44,380000
24458,54,339000
24459,317,10500
24460,5,796400
24461,11,634000
24462,67,300200
24463,286,30100
24464,0,2000000
24465,255,51400
24466,332,2000
24467,335,600
24468,13,610250
24469,323,7000
24470,324,6400
24471,4,818450
24472,328,4100
24473,296,23700
24474,1,1020800
24475,133,172600
24476,296,23400
24477,187,109000
24478,333,1250
24479,288,28400
24480,0,1503600
24481,1,1207200
24482,254,52200
24483,207,89750
24484,271,39700
24485,322,7500
24486,336,100
24487,13,604500
24488,23,500600
24489,6,740000
24490,35,422900
24491,3,900400
24492,316,11300
24493,260,47800
24494,0,1806000
24495,327,5000
24496,335,150
24497,194,102600
24498,3,902000
24499,334,900
24500,56,334900
24501,326,5200
24502,0,2000000
24503,0,1658000
24504,75,280400
24505,309,15500
24506,323,7200
24507,239,62950
24508,333,1700
24509,329,3900
24510,323,7100
24511,252,53100
24512,315,12100
24513,36,414900
24514,319,9400
24515,332,2000
24516,0,2000000
24517,147,153300
24518,17,559000
24519,114,200800
24520,31,443400
24521,3,900300
24522,314,12300
24523,259,48400
24524,304,18600
24525,1,1135700
24526,142,159950
24527,142,160400
24528,323,7200
24529,307,16600
24530,329,4000
24531,0,2000000
24532,2,922500
24533,321,8200
24534,335,200
24535,6,752400
24536,260,47300
24537,289,27900
24538,11,628500
24539,285,30250
24540,0,1411600
24541,233,67700
24542,0,2000000
24543,322,7650
24544,0,2000000
24545,58,325500
24546,243,60200
24547,320,9100
24548,258,49300
24549,186,110400
24550,234,67200
24551,238,64350
24552,1,1050000
24553,0,1359200
24554,255,51500
24555,327,4700
24556,321,8300
24557,335,500
24558,298,22400
24559,333,1700
24560,4,825250
24561,38,406100
24562,6,750000
24563,302,20000
24564,137,167000
24565,327,4850
24566,17,551800
24567,309,15700
24568,318,9900
24569,147,154000
24570,334,800
24571,0,1524000
24572,330,3400
24573,298,22400
24574,64,308750
24575,310,15000
24576,317,10800
24577,268,41800
24578,134,171700
24579,333,1800
24580,263,45700
24581,218,80400
24582,183,112800
24583,310,15000
24584,332,2300
24585,329,3650
24586,0,2000000
24587,314,12500
24588,335,400
24589,331,2900
24590,146,155000
24591,232,68500
24592,0,2000000
24593,166,131200
24594,311,14500
24595,20,528600
24596,302,20000
24597,328,4500
24598,318,10300
24599,287,29200
24600,331,2700
24601,325,5800
24602,324,6900
24603,336,100
24604,328,4200
24605,335,450
24606,335,200
24607,10,648100
24608,60,321550
24609,0,2000000
24610,3,883500
24611,282,32300
24612,314,12700
24613,329,3500
24614,132,173600
24615,1,1006750
24616,51,351000
24617,244,59700
24618,331,2800
24619,28,460250
24620,215,82800
24621,273,38800
24622,314,12350
24623,325,6200
24624,321,8150
24625,335,600
24626,331,2400
24627,28,461200
24628,280,34100
24629,318,10300
24630,282,32350
24631,281,33400
24632,329,3500
24633,16,563100
24634,332,2000
24635,161,136400
24636,319,9800
24637,328,4400
24638,60,320000
24639,141,161300
24640,336,0
24641,21,514000
24642,269,41000
24643,279,34200
24644,64,310000
24645,328,4400
24646,277,36100
24647,196,100500
24648,300,21100
24649,306,17000
24650,263,45400
24651,221,77600
24652,326,5400
24653,325,5800
24654,76,277600
24655,314,12450
24656,329,3900
24657,222,76750
24658,46,371200
24659,328,4100
24660,0,1658000
24661,233,68200
24662,65,306450
24663,294,24600
24664,328,4600
24665,292,26000
24666,326,5700
24667,38,406100
24668,330,3000
24669,284,31000
24670,39,402200
24671,23,500700
24672,0,2000000
24673,30,452400
24674,270,40600
24675,325,5900
24676,289,28000
24677,334,1000
24678,85,255600
24679,66,303250
24680,206,90950
24681,129,178800
24682,0,2000000
24683,336,0
24684,296,23400
24685,240,62850
24686,6,736400
24687,0,2000000
24688,334,1200
24689,328,4200
24690,289,27900
24691,267,42400
24692,279,34400
24693,319,9700
24694,269,41400
24695,292,26000
24696,3,869400
24697,147,153500
24698,326,5500
24699,322,7700
24700,264,44800
24701,30,451000
24702,233,67800
24703,283,31950
24704,244,59800
24705,18,541700
24706,275,37400
24707,126,182000
24708,175,121100
24709,283,31950
24710,216,82200
24711,334,900
24712,320,8800
24713,332,2100
24714,334,900
24715,20,526000
24716,159,138900
24717,329,4000
24718,332,2200
24719,307,16600
24720,23,500000
24721,292,26300
24722,141,161200
24723,26,473850
24724,67,300500
24725,322,7600
24726,182,114300
24727,0,2000000
24728,299,21800
24729,10,657800
24730,336,0
24731,285,30600
24732,328,4400
24733,266,43100
24734,334,1100
24735,271,39600
24736,242,61300
24737,190,105600
24738,0,1610800
24739,335,500
24740,333,1250
24741,321,8400
24742,317,10700
24743,322,7900
24744,233,68300
24745,325,6300
24746,60,322000
24747,0,2000000
24748,332,2300
24749,334,700
24750,6,750600
24751,321,8400
24752,0,2000000
24753,291,26600
24754,335,300
24755,311,14050
24756,336,0
24757,0,1475000
24758,328,4600
24759,0,1714000
24760,335,350
24761,98,228600
24762,0,2000000
24763,208,89600
24764,24,493200
24765,223,76350
24766,0,1860000
24767,334,1200
24768,314,12400
24769,325,6000
24770,212,86000
24771,263,45500
24772,323,7200
24773,334,1000
24774,307,16600
24775,278,34900
24776,258,49000
24777,306,17200
24778,228,72200
24779,323,7400
24780,33,433900
24781,281,32900
24782,210,87000
24783,333,1450
24784,61,318400
24785,179,116900
24786,323,7300
24787,0,1408100
24788,141,161400
24789,267,42800
24790,332,1900
24791,334,1100
24792,21,512000
24793,282,32700
24794,334,1200
24795,329,3500
24796,215,82800
24797,0,2000000
24798,332,2300
24799,0,2000000
24800,0,1568200
24801,336,100
24802,301,20150
24803,136,167800
24804,273,38850
24805,167,130350
24806,64,308350
24807,311,14300
24808,300,20700
24809,11,642000
24810,1,1050500
24811,330,3100
24812,165,132700
24813,212,85600
24814,285,30500
24815,0,2000000
24816,169,127500
24817,5,795000
24818,47,365800
24819,0,1658000
24820,164,133200
24821,334,1200
24822,332,2000
24823,1,1210500
24824,8,707400
24825,8,702500
24826,38,405800
24827,334,1100
24828,335,500
24829,327,4750
24830,282,32500
24831,10,645400
24832,204,92600
24833,4,815200
24834,55,338500
24835,334,800
24836,312,13900
24837,335,450
24838,0,2000000
24839,143,158600
24840,29,458600
24841,335,200
24842,0,1657000
24843,105,217200
24844,240,62200
24845,321,8400
24846,156,142400
24847,35,420000
24848,282,32750
24849,255,51100
24850,0,2000000
24851,254,51700
24852,315,12000
24853,34,427300
24854,8,707850
24855,184,111700
24856,10,656200
24857,335,200
24858,321,8500
24859,30,450800
24860,332,2100
24861,185,111000
24862,335,500
24863,314,12500
24864,328,4600
24865,320,8950
24866,304,18300
24867,258,48750
24868,320,8650
24869,0,2000000
24870,108,210800
24871,253,52600
24872,13,601900
24873,333,1500
24874,312,13400
24875,286,30000
24876,5,798400
24877,334,700
24878,80,266800
24879,312,13800
24880,0,1950600
24881,336,0
24882,147,154000
24883,325,6200
24884,331,2500
24885,313,12900
24886,0,2000000
24887,21,520000
24888,204,93000
24889,323,7100
24890,6,754000
24891,1,1208300
24892,330,3200
24893,0,2000000
24894,0,2000000
24895,47,364300
24896,0,1298000
24897,333,1750
24898,320,8800
24899,298,22200
24900,91,242800
24901,6,763800
24902,308,16000
24903,283,31500
24904,331,2800
24905,333,1800
24906,260,47500
24907,329,3500
24908,331,2450
24909,6,754000
24910,334,1100
24911,325,6300
24912,299,21700
24913,333,1400
24914,334,900
24915,0,2000000
24916,39,400900
24917,312,13500
24918,334,1000
24919,271,40000
24920,334,1100
24921,0,1419800
24922,228,72100
24923,282,32400
24924,335,500
24925,248,56400
24926,0,2000000
24927,329,4000
24928,150,150300
24929,155,144300
24930,324,6800
24931,233,68200
24932,1,1203350
24933,332,2200
24934,1,1056400
24935,262,46200
24936,319,9800
24937,325,6300
24938,6,745700
24939,305,18000
24940,336,100
24941,308,16000
24942,332,2200
24943,0,2000000
24944,16,570800
24945,0,2000000
24946,321,8150
24947,333,1350
24948,0,1414250
24949,333,1500
24950,260,47800
24951,67,301400
24952,186,110000
24953,133,172000
24954,332,1850
24955,179,117300
24956,119,193950
24957,105,216000
24958,0,2000000
24959,58,325600
24960,336,0
24961,13,607900
24962,150,150550
24963,90,245300
24964,280,33900
24965,333,1700
24966,0,1225200
24967,30,450000
24968,330,3250
24969,0,2000000
24970,119,193400
24971,249,55400
24972,1,1001400
24973,0,2000000
24974,330,3200
24975,270,40800
24976,131,175400
24977,319,9400
24978,307,16600
24979,336,100
24980,276,36250
24981,300,21200
24982,331,2800
24983,0,1408800
24984,305,17700
24985,322,7900
24986,108,210700
24987,291,26800
24988,104,217800
24989,150,150000
24990,239,63200
24991,271,40200
24992,333,1400
24993,90,245800
24994,331,2400
24995,336,0
24996,309,15300
24997,327,5000
24998,181,115000
24999,4,807700
25000,64,308150
25001,304,18200
25002,5,780500
25003,41,391000
25004,150,150000
25005,37,412350
25006,315,12000
25007,309,15700
25008,332,2250
25009,24,494000
25010,317,10900
25011,59,325250
25012,328,4300
25013,275,37200
25014,320,8800
25015,0,2000000
25016,308,16200
25017,336,0
25018,320,9200
25019,304,18300
25020,277,35700
25021,326,5300
25022,313,12900
25023,104,217400
25024,30,450000
25025,328,4450
25026,195,101400
25027,165,132700
25028,21,514000
25029,330,3000
25030,329,3500
25031,3,900200
25032,327,5000
25033,218,80800
25034,336,0
25035,294,24700
25036,332,1900
25037,0,2000000
25038,327,4900
25039,312,13800
25040,0,1301200
25041,259,48500
25042,156,142200
25043,330,3400
25044,160,138100
25045,0,2000000
25046,206,91300
25047,51,352000
25048,321,8400
25049,214,83600
25050,323,6950
25051,279,34550
25052,292,25800
25053,328,4100
25054,275,37400
25055,301,20300
25056,0,1401100
25057,38,406150
25058,0,2000000
25059,324,6900
25060,51,351200
25061,104,218300
25062,261,46800
25063,0,1523400
25064,284,31300
25065,326,5600
25066,308,16000
25067,1,1051600
25068,250,54900
25069,219,79200
25070,221,78100
25071,2,921600
25072,278,35400
25073,321,8500
25074,59,323300
25075,311,14400
25076,322,7500
25077,255,51350
25078,299,21600
25079,309,15650
25080,0,2000000
25081,335,300
25082,280,33700
25083,0,1650800
25084,0,1217200
25085,0,1510000
25086,335,500
25087,283,32000
25088,330,3200
25089,324,6800
25090,228,72000
25091,22,508600
25092,279,34400
25093,336,0
25094,23,500200
25095,328,4500
25096,4,842400
25097,319,9500
25098,41,391200
25099,322,7600
25100,175,121250
25101,297,23000
25102,72,288000
25103,4,809050
25104,329,4000
25105,332,1900
25106,219,80000
25107,254,52200
25108,0,2000000
25109,148,151950
25110,293,25300
25111,265,44000
25112,257,49800
25113,325,6000
25114,0,2000000
25115,331,2500
25116,38,404400
25117,202,94200
25118,8,705000
25119,36,418200
25120,30,450000
25121,320,9150
25122,0,2000000
25123,0,2000000
25124,0,1468900
25125,205,91800
25126,313,13100
25127,110,208400
25128,322,8000
25129,291,26800
25130,334,700
25131,314,12700
25132,0,1650800
25133,324,6800
25134,118,195000
25135,303,18800
25136,20,521800
25137,289,28200
25138,335,200
25139,20,523100
25140,315,11800
25141,20,524200
25142,281,33000
25143,323,7000
25144,3,902000
25145,334,900
25146,0,1856200
25147,320,8900
25148,0,2000000
25149,226,73900
25150,8,704500
25151,112,204800
25152,334,850
25153,327,4850
25154,249,55600
25155,0,2000000
25156,0,2000000
25157,313,13200
25158,254,52000
25159,157,141700
25160,268,42300
25161,245,58850
25162,229,70900
25163,174,122300
25164,318,10100
25165,293,25200
25166,335,150
25167,331,2600
25168,37,412800
25169,0,1418000
25170,0,2000000
25171,288,28800
25172,317,10500
25173,330,3100
25174,284,31100
25175,230,70400
25176,320,8800
25177,333,1700
25178,314,12650
25179,66,303300
25180,335,400
25181,330,3200
25182,303,19350
25183,8,700800
25184,87,250800
25185,0,2000000
25186,0,1848000
25187,1,1053600
25188,310,14900
25189,333,1500
25190,320,9200
25191,6,762000
25192,245,59000
25193,1,1001300
25194,242,61000
25195,325,6200
25196,51,352200
25197,170,126300
25198,307,16700
25199,0,1720800
25200,6,756300
25201,0,1220800
25202,319,9300
25203,14,595400
25204,326,5300
25205,0,2000000
25206,329,3700
25207,11,634000
25208,44,379800
25209,0,2000000
25210,28,465100
25211,331,2600
25212,241,61700
25213,304,18600
25214,186,110000
25215,280,34100
25216,0,1404500
25217,334,750
25218,317,10750
25219,334,900
25220,314,12300
25221,329,3650
25222,332,2300
25223,285,30600
25224,335,400
25225,126,181950
25226,21,514000
25227,0,2000000
25228,8,704300
25229,329,3800
25230,331,2650
25231,222,76900
25232,40,397200
25233,246,57600
25234,300,20900
25235,334,1100
25236,318,10150
25237,284,31000
25238,0,2000000
25239,321,8200
25240,254,52100
25241,313,13000
25242,1,1054000
25243,272,39100
25244,300,21100
25245,313,12800
25246,326,5650
25247,1,1028250
25248,11,637950
25249,155,143600
25250,0,2000000
25251,304,18700
25252,69,293700
25253,10,646200
25254,335,500
25255,314,12200
25256,117,195800
25257,253,53000
25258,334,700
25259,85,256700
25260,0,2000000
25261,159,139600
25262,301,20100
25263,303,19400
25264,0,2000000
25265,239,63600
25266,308,15800
25267,250,55000
25268,30,450000
25269,332,2200
25270,184,112450
25271,318,10200
25272,66,301600
25273,211,86100
25274,310,14700
25275,140,163250
25276,335,450
25277,85,256800
25278,46,370000
25279,60,320950
25280,0,1601500
25281,297,23000
25282,214,83750
25283,58,325600
25284,137,166650
25285,316,11300
25286,283,31700
25287,0,2000000
25288,39,401500
25289,7,728600
25290,322,8050
25291,312,13900
25292,304,18750
25293,327,4850
25294,261,46600
25295,1,1013900
25296,234,66900
25297,293,25100
25298,93,238600
25299,0,2000000
25300,83,259400
25301,30,450000
25302,321,8300
25303,308,15800
25304,4,849000
25305,243,60300
25306,270,40400
25307,336,0
25308,2,922500
25309,336,100
25310,303,19300
25311,333,1600
25312,55,335900
25313,6,750600
25314,327,5000
25315,242,61050
25316,333,1300
25317,151,148300
25318,319,9800
25319,282,32750
25320,193,102850
25321,323,7000
25322,332,2000
25323,35,419500
25324,105,216000
25325,322,7500
25326,334,1200
25327,335,150
25328,113,202700
25329,150,149600
25330,8,701500
25331,13,607400
25332,333,1400
25333,311,14000
25334,229,71300
25335,268,42200
25336,235,66300
25337,317,10800
25338,73,283250
25339,284,31050
25340,0,1392700
25341,326,5300
25342,13,606700
25343,34,428950
25344,13,608700
25345,53,344300
25346,217,81000
25347,308,16300
25348,37,409850
25349,252,53650
25350,225,74800
25351,217,81700
25352,251,54500
25353,0,1614100
25354,0,2000000
25355,1,1001400
25356,0,2000000
25357,326,5600
25358,334,1150
25359,282,32700
25360,330,3000
25361,325,6000
25362,4,826800
25363,301,20400
25364,190,105900
25365,334,1100
25366,170,126250
25367,31,441700
25368,290,27200
25369,132,173800
25370,332,2200
25371,11,633400
25372,305,17600
25373,164,133650
25374,289,27800
25375,335,350
25376,316,11100
25377,30,450100
25378,308,15950
25379,292,26100
25380,328,4500
25381,320,8800
25382,261,46900
25383,28,460000
25384,329,3700
25385,156,143000
25386,0,2000000
25387,327,4900
25388,334,700
25389,298,22400
25390,334,800
25391,257,49500
25392,216,82200
25393,328,4500
25394,4,803700
25395,321,8600
25396,327,5150
25397,321,8200
25398,325,6000
25399,149,151600
25400,324,6600
25401,216,81900
25402,13,610500
25403,150,150000
25404,49,358700
25405,320,9200
25406,322,7800
25407,269,41000
25408,314,12300
25409,330,3400
25410,320,8900
25411,214,83600
25412,121,189900
25413,334,1150
25414,304,18500
25415,56,334000
25416,82,261600
25417,22,505800
25418,334,1150
25419,321,8200
25420,113,202100
25421,271,40000
25422,0,1288500
25423,324,6400
25424,309,15500
25425,56,333400
25426,0,1465700
25427,334,1000
25428,305,17750
25429,12,612900
25430,0,2000000
25431,276,36600
25432,315,11650
25433,314,12500
25434,329,3500
25435,30,450000
25436,334,1100
25437,305,18000
25438,43,383500
25439,330,3400
25440,333,1600
25441,307,16700
25442,289,28200
25443,253,53000
25444,334,1000
25445,45,375700
25446,15,579700
25447,253,52800
25448,5,798300
25449,230,70100
25450,5,782000
25451,334,1100
25452,2,916600
25453,296,23400
25454,329,4000
25455,265,44250
25456,1,1074500
25457,321,8100
25458,335,600
25459,287,29300
25460,250,54700
25461,7,730400
25462,0,2000000
25463,39,402050
25464,328,4300
25465,10,648000
25466,0,2000000
25467,0,1476300
25468,284,31400
25469,86,253750
25470,0,1752500
25471,175,121300
25472,314,12700
25473,332,1900
25474,309,15700
25475,329,4000
25476,294,24900
25477,325,6200
25478,192,104100
25479,325,6250
25480,199,97100
25481,280,34000
25482,49,358600
25483,309,15700
25484,316,11300
25485,0,2000000
25486,295,24100
25487,336,0
25488,334,1150
25489,236,65500
25490,281,33150
25491,221,78200
25492,51,352000
25493,172,124900
25494,278,35450
25495,0,1834000
25496,291,26700
25497,67,300000
25498,319,9400
25499,238,64150
25500,208,89500
25501,308,16300
25502,0,2000000
25503,335,200
25504,3,850000
25505,320,8800
25506,0,2000000
25507,0,1952300
25508,0,2000000
25509,303,19100
25510,115,200000
25511,2,952500
25512,288,28500
25513,6,747200
25514,0,2000000
25515,18,550000
25516,0,1819500
25517,118,194000
25518,173,123800
25519,334,900
25520,1,1050000
25521,325,6000
25522,87,251900
25523,313,13100
25524,334,1200
25525,231,70000
25526,142,160300
25527,113,202900
25528,1,1050000
25529,257,50000
25530,284,31000
25531,2,937500
25532,273,38400
25533,13,604800
25534,302,20000
25535,290,27000
25536,19,534500
25537,318,10100
25538,0,1665000
25539,335,200
25540,13,600600
25541,333,1500
25542,318,10150
25543,307,16900
25544,159,139500
25545,329,3800
25546,0,1414400
25547,51,352400
25548,59,324000
25549,326,5500
25550,147,154000
25551,54,341500
25552,300,21100
25553,334,700
25554,270,40700
25555,8,705300
25556,170,126600
25557,300,21200
25558,303,19300
25559,313,12850
25560,1,1050000
25561,307,16750
25562,325,6100
25563,39,400300
25564,1,1050000
25565,255,51400
25566,333,1800
25567,45,375950
25568,263,45250
25569,329,3600
25570,199,97100
25571,332,2200
25572,273,38400
25573,39,400300
25574,115,200000
25575,320,8700
25576,314,12200
25577,0,2000000
25578,332,1900
25579,166,131250
25580,161,137100
25581,235,66600
25582,293,25600
25583,295,23800
25584,143,159200
25585,325,6000
25586,335,300
25587,234,67300
25588,5,800450
25589,333,1300
25590,331,2750
25591,316,11100
25592,334,800
25593,198,98000
25594,333,1800
25595,325,6000
25596,336,0
25597,291,26400
25598,326,5400
25599,336,0
25600,332,1900
25601,218,80650
25602,335,200
25603,292,26200
25604,53,344100
25605,334,800
25606,146,155000
25607,320,8900
25608,273,38800
25609,333,1400
25610,310,15100
25611,0,1738200
25612,67,300000
25613,276,36200
25614,23,498800
25615,38,403400
25616,30,450000
25617,206,91100
25618,335,550
25619,335,200
25620,203,94000
25621,322,7900
25622,21,517200
25623,315,12100
25624,2,951700
25625,3,910400
25626,96,233600
25627,322,7600
25628,335,200
25629,336,0
25630,335,300
25631,301,20500
25632,333,1600
25633,176,120750
25634,0,1803000
25635,1,1201600
25636,272,39400
25637,324,6500
25638,277,35600
25639,0,2000000
25640,114,200600
25641,9,664400
25642,21,515200
25643,280,33700
25644,114,201000
25645,10,661700
25646,303,19000
25647,242,60600
25648,311,14200
25649,1,1203250
25650,320,8700
25651,293,25200
25652,234,67200
25653,334,900
25654,331,2750
25655,324,6900
25656,322,7800
25657,331,2650
25658,0,2000000
25659,274,38000
25660,301,20100
25661,287,29200
25662,334,700
25663,255,51500
25664,328,4300
25665,270,40750
25666,324,6650
25667,336,100
25668,326,5600
25669,333,1500
25670,280,33800
25671,126,182900
25672,330,3300
25673,314,12400
25674,1,1050000
25675,312,13800
25676,325,6000
25677,262,46000
25678,18,542500
25679,70,292400
25680,0,2000000
25681,307,16950
25682,306,17300
25683,250,54700
25684,327,4650
25685,170,126700
25686,144,158100
25687,158,140100
25688,329,4000
25689,333,1600
25690,233,68000
25691,236,65600
25692,1,1059600
25693,325,5800
25694,51,350400
25695,200,96700
25696,206,90600
25697,0,2000000
25698,0,2000000
25699,335,600
25700,1,1140400
25701,330,3100
25702,335,500
25703,331,2700
25704,298,22300
25705,309,15700
25706,328,4600
25707,185,111350
25708,3,905600
25709,284,31100
25710,331,2600
25711,335,600
25712,274,38000
25713,163,134700
25714,304,18400
25715,90,246000
25716,0,1603100
25717,303,19000
25718,284,31000
25719,307,16700
25720,261,47000
25721,147,153600
25722,1,1001400
25723,332,2000
25724,292,25700
25725,5,801000
25726,4,805400
25727,320,8650
25728,0,1658000
25729,309,15400
25730,8,700300
25731,333,1650
25732,123,187500
25733,127,181500
25734,330,3400
25735,172,125100
25736,134,171250
25737,255,51400
25738,82,262200
25739,63,311400
25740,334,1000
25741,178,118000
25742,289,28100
25743,1,1170800
25744,297,22700
25745,5,791000
25746,336,0
25747,0,1402850
25748,331,2400
25749,285,30250
25750,324,6400
25751,325,6000
25752,324,6900
25753,307,16700
25754,224,75700
25755,33,433000
25756,97,230600
25757,132,174400
25758,190,106200
25759,270,40400
25760,336,100
25761,140,163500
25762,30,451200
25763,212,85500
25764,16,563500
25765,314,12700
25766,328,4600
25767,1,1096000
25768,268,41900
25769,4,848600
25770,326,5200
25771,333,1500
25772,304,18400
25773,142,160500
25774,335,300
25775,174,122900
25776,1,1006400
25777,273,38400
25778,318,10300
25779,296,23500
25780,336,0
25781,321,8600
25782,334,750
25783,30,450000
25784,277,35800
25785,309,15600
25786,0,2000000
25787,260,47750
25788,0,1533800
25789,334,800
25790,242,60800
25791,224,75250
25792,0,1516400
25793,303,18800
25794,212,85600
25795,0,1310000
25796,0,1449200
25797,0,2000000
25798,325,6000
25799,335,600
25800,66,302000
25801,18,545000
25802,302,20000
25803,0,1954500
25804,142,160800
25805,294,25000
25806,288,28300
25807,49,358700
25808,280,33500
25809,0,2000000
25810,335,200
25811,290,27300
25812,0,1995000
25813,5,787200
25814,147,154000
25815,0,1214000
25816,23,498600
25817,333,1300
25818,311,14100
25819,28,462400
25820,0,2000000
25821,0,1586500
25822,189,106900
25823,224,75700
25824,315,12100
25825,302,19800
25826,335,550
25827,66,301700
25828,0,1566600
25829,23,502800
25830,315,12000
25831,334,750
25832,127,181200
25833,84,257000
25834,65,306000
25835,296,23600
25836,326,5700
25837,48,361000
25838,16,561400
25839,33,430850
25840,26,477600
25841,282,32400
25842,65,305700
25843,336,0
25844,280,33700
25845,213,85000
25846,28,466000
25847,190,106100
25848,1,1031200
25849,317,10600
25850,32,440500
25851,0,1230800
25852,324,6400
25853,301,20050
25854,307,16750
25855,248,56500
25856,254,52000
25857,278,35300
25858,150,150000
25859,292,26000
25860,299,21400
25861,310,15100
25862,306,17350
25863,39,402400
25864,221,78300
25865,226,74100
25866,321,8100
25867,5,782000
25868,335,500
25869,319,9300
25870,327,4800
25871,335,200
25872,41,391700
25873,252,53600
25874,318,10200
25875,114,201200
25876,314,12200
25877,0,2000000
25878,0,1463200
25879,234,67000
25880,0,1405600
25881,287,29100
25882,213,84400
25883,141,161400
25884,234,67500
25885,22,505300
25886,28,466000
25887,332,2300
25888,334,800
25889,335,500
25890,49,357500
25891,297,22700
25892,204,92800
25893,282,32200
25894,246,58200
25895,222,77000
25896,242,61100
25897,7,713750
25898,149,150900
25899,269,41150
25900,262,46300
25901,271,40000
25902,221,78000
25903,278,34900
25904,328,4600
25905,0,2000000
25906,286,30100
25907,66,304000
25908,0,1951200
25909,258,49400
25910,292,25750
25911,333,1400
25912,243,60400
25913,316,11300
25914,311,14450
25915,324,6600
25916,320,8950
25917,228,71700
25918,265,44000
25919,94,237600
25920,67,300200
25921,0,2000000
25922,104,217400
25923,289,27600
25924,325,5900
25925,331,2450
25926,4,832400
25927,1,1181200
25928,272,39300
25929,258,49300
25930,300,20900
25931,336,100
25932,51,351800
25933,335,400
25934,332,1900
25935,282,32500
25936,13,604900
25937,253,52500
25938,332,2000
25939,203,93500
25940,270,40800
25941,335,500
25942,293,25300
25943,284,31200
25944,313,13300
25945,272,39500
25946,136,167800
25947,0,1603200
25948,309,15200
25949,284,31100
25950,18,541600
25951,249,55300
25952,292,26000
25953,0,1523800
25954,318,10100
25955,298,22500
25956,284,30950
25957,327,4900
25958,220,78500
25959,320,8800
25960,268,42100
25961,11,635600
25962,335,200
25963,331,2700
25964,335,300
25965,335,400
25966,64,307300
25967,331,2600
25968,1,1066000
25969,319,9600
25970,147,154000
25971,85,255000
25972,253,52800
25973,0,2000000
25974,257,49900
25975,279,34200
25976,7,721900
25977,293,25200
25978,335,600
25979,333,1500
25980,330,3000
25981,333,1800
25982,316,11100
25983,312,13400
25984,316,11200
25985,23,500200
25986,253,52400
25987,318,10350
25988,130,177050
25989,323,7200
25990,15,573800
25991,325,6000
25992,144,158100
25993,335,300
25994,276,36400
25995,13,605050
25996,334,1150
25997,274,37900
25998,306,17100
25999,0,2000000
26000,30,450000
26001,333,1250
26002,288,28800
26003,325,6200
26004,333,1300
26005,37,409050
26006,327,4700
26007,301,20600
26008,288,28700
26009,5,786200
26010,126,182000
26011,20,526800
26012,320,9200
26013,255,51100
26014,1,1008100
26015,214,84100
26016,330,3200
26017,332,2300
26018,233,68250
26019,336,100
26020,269,41400
26021,330,3350
26022,263,45500
26023,3,900350
26024,331,2400
26025,275,37300
26026,0,1950300
26027,50,356400
26028,330,3150
26029,325,6000
26030,2,937500
26031,336,0
26032,0,1504400
26033,335,300
26034,332,1900
26035,334,1100
26036,319,9400
26037,0,1242000
26038,0,1217500
26039,153,146750
26040,320,9200
26041,328,4600
26042,324,6600
26043,0,2000000
26044,6,751000
26045,0,2000000
26046,30,450000
26047,284,31400
26048,1,1057200
26049,334,800
26050,30,452400
26051,2,938500
26052,0,1223700
26053,18,546000
26054,5,782000
26055,152,147000
26056,265,44300
26057,218,80300
26058,10,654000
26059,334,800
26060,111,206000
26061,332,2000
26062,285,30550
26063,37,409500
26064,294,25000
26065,12,616700
26066,8,702000
26067,305,18000
26068,300,20700
26069,283,31600
26070,333,1500
26071,198,98400
26072,0,2000000
26073,286,29800
26074,5,801400
26075,335,400
26076,2,945800
26077,0,2000000
26078,113,202100
26079,284,31000
26080,141,161000
26081,308,16100
26082,186,109600
26083,329,3800
26084,335,200
26085,304,18300
26086,16,564000
26087,0,2000000
26088,23,503000
26089,282,32200
26090,146,154700
26091,218,80300
26092,332,2300
26093,5,783200
26094,306,17500
26095,0,2000000
26096,59,323450
26097,0,2000000
26098,307,16400
26099,314,12350
26100,293,25500
26101,0,2000000
26102,1,1021150
26103,118,195200
26104,282,32600
26105,59,322500
26106,330,3000
26107,289,28000
26108,0,1726000
26109,314,12200
26110,255,50900
26111,326,5600
26112,318,10100
26113,251,54000
26114,299,21700
26115,29,454150
26116,329,4000
26117,319,9800
26118,0,1378000
26119,335,200
26120,0,2000000
26121,273,38200
26122,334,900
26123,318,10200
26124,62,316000
26125,0,2000000
26126,318,10000
26127,333,1800
26128,228,71700
26129,4,810100
26130,321,8400
26131,280,33700
26132,277,35650
26133,25,483200
26134,3,880600
26135,226,73400
26136,23,501500
26137,249,55900
26138,275,37200
26139,302,19500
26140,332,2000
26141,291,26700
26142,309,15750
26143,283,31600
26144,0,1401000
26145,266,43400
26146,21,519200
26147,327,4900
26148,92,240450
26149,48,361300
26150,332,2300
26151,10,654000
26152,280,33500
26153,334,800
26154,218,80100
26155,0,2000000
26156,306,17000
26157,265,44200
26158,29,459200
26159,67,298800
26160,131,174950
26161,288,28400
26162,39,403200
26163,76,276900
26164,313,13200
26165,118,194200
26166,321,8550
26167,0,2000000
26168,0,1398000
26169,327,5100
26170,260,47600
26171,51,350800
26172,280,33500
26173,333,1450
26174,84,259100
26175,326,5400
26176,3,864800
26177,303,18800
26178,329,3850
26179,157,141000
26180,313,13000
26181,3,902000
26182,0,2000000
26183,328,4400
26184,249,56000
26185,305,17800
26186,156,142300
26187,0,1456000
26188,197,99600
26189,0,2000000
26190,276,36200
26191,0,2000000
26192,0,2000000
26193,320,9200
26194,1,1084400
26195,276,36700
26196,0,2000000
26197,289,27600
26198,268,41700
26199,8,696250
26200,333,1750
26201,324,6700
26202,317,10700
26203,27,466900
26204,110,207600
26205,41,393200
26206,333,1600
26207,0,1433000
26208,334,1200
26209,334,1100
26210,320,8900
26211,41,392000
26212,0,1525000
26213,12,617700
26214,327,5000
26215,50,354700
26216,242,60700
26217,50,355400
26218,3,901750
26219,334,1000
26220,306,17000
26221,15,579600
26222,36,416000
26223,40,398000
26224,296,23300
26225,334,1100
26226,276,36400
26227,3,900300
26228,333,1700
26229,12,620000
26230,120,192000
26231,210,87400
26232,311,14000
26233,327,5050
26234,29,459200
26235,330,3400
26236,197,99400
26237,335,650
26238,280,34100
26239,16,568600
26240,0,1580000
26241,335,200
26242,0,1740000
26243,328,4500
26244,295,24000
26245,318,10000
26246,314,12400
26247,0,2000000
26248,262,46200
26249,327,4800
26250,104,219000
26251,153,145900
26252,313,12900
26253,0,2000000
26254,162,135600
26255,332,2200
26256,253,53000
26257,171,126000
26258,122,189100
26259,0,2000000
26260,318,10000
26261,270,40600
26262,0,2000000
26263,0,1401400
26264,295,24150
26265,0,1711500
26266,51,352400
26267,124,184900
26268,265,44000
26269,12,620750
26270,312,13800
26271,245,58500
26272,264,44600
26273,232,68900
26274,0,1995000
26275,332,1950
26276,295,24000
26277,0,1446000
26278,308,16000
26279,30,450000
26280,278,35200
26281,271,39700
26282,304,18250
26283,328,4300
26284,268,42000
26285,329,3600
26286,139,164300
26287,0,2000000
26288,318,10100
26289,292,26000
26290,0,1405400
26291,12,613150
26292,0,2000000
26293,94,237700
26294,145,156400
26295,328,4200
26296,321,8400
26297,310,15000
26298,295,24400
26299,272,39000
26300,331,2550
26301,331,2500
26302,0,1820000
26303,0,2000000
26304,281,33050
26305,14,589200
26306,27,467200
26307,247,57200
26308,236,66000
26309,0,2000000
26310,74,282900
26311,0,2000000
26312,66,304200
26313,6,741200
26314,6,750600
26315,27,472400
26316,282,32800
26317,307,16700
26318,61,317500
26319,299,21600
26320,278,35200
26321,328,4600
26322,0,1329000
26323,336,0
26324,199,97600
26325,318,9900
26326,209,88300
26327,0,1265500
26328,113,203250
26329,0,2000000
26330,29,458000
26331,302,19600
26332,249,55950
26333,0,2000000
26334,19,531450
26335,324,6900
26336,0,2000000
26337,335,200
26338,270,40700
26339,334,800
26340,335,300
26341,315,11800
26342,323,7100
26343,255,51100
26344,272,39000
26345,8,700200
26346,67,300400
26347,5,787600
26348,330,3100
26349,176,120000
26350,51,351400
26351,149,151400
26352,307,16800
26353,335,150
26354,278,35200
26355,185,110500
26356,113,202850
26357,198,97900
26358,171,125750
26359,335,300
26360,186,110400
26361,319,9800
26362,319,9300
26363,257,49500
26364,327,4800
26365,13,604950
26366,248,56500
26367,325,6000
26368,322,8000
26369,303,18900
26370,66,304200
26371,0,1990000
26372,328,4200
26373,281,33400
26374,0,2000000
26375,334,900
26376,327,5000
26377,285,30600
26378,21,514000
26379,54,338800
26380,270,40600
26381,23,501200
26382,51,352600
26383,333,1400
26384,315,11800
26385,330,3000
26386,0,1410000
26387,314,12600
26388,201,95600
26389,280,33600
26390,331,2400
26391,0,1402300
26392,0,2000000
26393,0,1806000
26394,192,103900
26395,244,59650
26396,331,2500
26397,306,17400
26398,254,52000
26399,10,663000
26400,59,324500
26401,58,328200
26402,319,9300
26403,61,317150
26404,334,1100
26405,330,3050
26406,325,6300
26407,43,384000
26408,67,301500
26409,105,217000
26410,323,7100
26411,336,0
26412,87,251800
26413,314,12200
26414,321,8100
26415,250,55200
26416,236,65500
26417,65,305600
26418,2,917600
26419,229,71600
26420,334,800
26421,335,200
26422,335,500
26423,0,2000000
26424,6,758750
26425,258,48850
26426,322,7700
26427,118,195050
26428,0,1954000
26429,0,1417400
26430,23,501100
26431,4,831200
26432,332,2000
26433,319,9600
26434,0,2000000
26435,329,3800
26436,0,1222000
26437,1,1050400
26438,332,2200
26439,223,76400
26440,7,711400
26441,0,1666000
26442,0,1222300
26443,322,7500
26444,333,1700
26445,0,2000000
26446,150,150000
26447,13,604000
26448,0,2000000
26449,335,500
26450,333,1700
26451,310,15000
26452,309,15600
26453,334,1000
26454,320,9050
26455,308,16300
26456,241,61500
26457,46,370400
26458,0,2000000
26459,325,6000
26460,266,43600
26461,242,60600
26462,333,1600
26463,83,261400
26464,0,1368150
26465,281,33400
26466,1,1054800
26467,17,560300
26468,188,108000
26469,0,1690600
26470,334,1200
26471,172,124300
26472,318,9850
26473,0,1243400
26474,276,36400
26475,282,32250
26476,332,2000
26477,328,4200
26478,333,1250
26479,330,3200
26480,269,41600
26481,61,317000
26482,269,41400
26483,328,4600
26484,334,850
26485,39,398800
26486,160,137600
26487,0,2000000
26488,1,1051600
26489,99,228100
26490,261,46700
26491,12,624800
26492,335,600
26493,44,380400
26494,4,829800
26495,258,49300
26496,135,170100
26497,67,300400
26498,8,702400
26499,326,5700
26500,271,40100
26501,84,257500
26502,0,1265200
26503,329,3500
26504,250,55000
26505,67,300300
26506,335,550
26507,321,8200
26508,239,63400
26509,134,171500
26510,59,324800
26511,190,106200
26512,332,2300
26513,321,8250
26514,335,300
26515,320,9000
26516,318,10200
26517,314,12200
26518,334,1100
26519,320,8900
26520,304,18200
26521,29,458000
26522,334,850
26523,115,199200
26524,290,27000
26525,316,11100
26526,299,21850
26527,60,319800
26528,241,62000
26529,335,300
26530,27,469600
26531,265,44150
26532,311,14300
26533,8,701300
26534,153,146500
26535,11,645300
26536,330,3250
26537,312,13700
26538,212,85400
26539,64,310000
26540,295,24400
26541,331,2400
26542,25,483000
26543,33,432100
26544,327,4900
26545,333,1700
26546,12,616500
26547,300,21000
26548,25,481550
26549,335,450
26550,67,301500
26551,29,454800
26552,251,54400
26553,37,409800
26554,316,11500
26555,276,36500
26556,1,1170000
26557,260,47500
26558,291,26400
26559,335,550
26560,276,36250
26561,1,1019350
26562,21,516000
26563,334,950
26564,0,2000000
26565,322,7500
26566,295,24000
26567,327,4900
26568,0,2000000
26569,329,4000
26570,127,181600
26571,328,4400
26572,323,7250
26573,5,782000
26574,146,155200
26575,299,21700
26576,294,24500
26577,274,38000
26578,293,25100
26579,330,3450
26580,1,1204800
26581,309,15500
26582,281,33300
26583,336,0
26584,0,2000000
26585,336,0
26586,148,152100
26587,3,901500
26588,247,56900
26589,293,25400
26590,322,7900
26591,330,3000
26592,257,50000
26593,285,30200
26594,136,168500
26595,219,79800
26596,332,2250
26597,107,212800
26598,0,1242000
26599,15,582400
26600,335,400
26601,335,600
26602,0,2000000
26603,127,181000
26604,321,8100
26605,312,13600
26606,303,19300
26607,288,28800
26608,331,2500
26609,335,500
26610,273,38600
26611,123,186800
26612,334,1050
26613,24,488800
26614,113,203500
26615,320,9200
26616,0,2000000
26617,279,34600
26618,332,2100
26619,105,216300
26620,2,940200
26621,20,528400
26622,328,4300
26623,3,900250
26624,328,4250
26625,90,244200
26626,3,902000
26627,300,20700
26628,125,183600
26629,30,450000
26630,329,3900
26631,174,122700
26632,11,633200
26633,142,160800
26634,66,302250
26635,29,454000
26636,109,210000
26637,0,2000000
26638,3,850000
26639,323,7300
26640,318,10200
26641,0,2000000
26642,308,15900
26643,196,100150
26644,211,86600
26645,29,458000
26646,320,9000
26647,332,2100
26648,322,7800
26649,230,70400
26650,297,22750
26651,320,8700
26652,276,36450
26653,173,123900
26654,316,11100
26655,336,100
26656,285,30400
26657,333,1700
26658,329,3700
26659,282,32200
26660,0,2000000
26661,299,21600
26662,336,100
26663,334,1200
26664,328,4300
26665,335,300
26666,0,2000000
26667,335,250
26668,47,364400
26669,87,250800
26670,320,8800
26671,336,0
26672,215,82800
26673,333,1700
26674,243,60150
26675,333,1300
26676,293,25200
26677,321,8500
26678,284,31300
26679,0,1502000
26680,209,87900
26681,316,11300
26682,289,28100
26683,240,62800
26684,336,100
26685,331,2750
26686,243,60300
26687,324,6900
26688,327,4800
26689,331,2700
26690,334,1100
26691,141,161000
26692,181,115450
26693,62,316000
26694,82,262800
26695,333,1800
26696,141,162150
26697,286,30000
26698,325,6000
26699,335,600
26700,0,2000000
26701,276,36800
26702,146,154700
26703,1,1209750
26704,223,76600
26705,237,64800
26706,196,100300
26707,0,2000000
26708,316,11550
26709,334,750
26710,192,104250
26711,297,22850
26712,330,3450
26713,1,1051600
26714,319,9300
26715,90,244700
26716,146,154950
26717,225,74450
26718,13,605200
26719,331,2500
26720,332,2200
26721,192,103600
26722,153,146700
26723,325,5850
26724,108,211200
26725,131,175300
26726,1,1201800
26727,334,1000
26728,263,45800
26729,60,322000
26730,226,73600
26731,329,4050
26732,321,8500
26733,0,2000000
26734,331,2400
26735,0,2000000
26736,261,46800
26737,319,9500
26738,335,650
26739,1,1000700
26740,310,15100
26741,269,41450
26742,13,601200
26743,325,6100
26744,285,30200
26745,64,308400
26746,81,265000
26747,0,2000000
26748,141,162000
26749,20,525700
26750,264,45000
26751,63,311200
26752,170,126500
26753,0,1652000
26754,334,700
26755,255,50900
26756,336,0
26757,191,104700
26758,313,13000
26759,257,49500
26760,304,18400
26761,35,420300
26762,0,2000000
26763,0,1651000
26764,332,2200
26765,111,205400
26766,253,52500
26767,154,144600
26768,110,208400
26769,244,59800
26770,326,5200
26771,2,926600
26772,333,1800
26773,0,1401400
26774,305,17750
26775,262,46300
26776,2,916000
26777,323,7400
26778,3,900500
26779,332,2300
26780,307,16600
26781,0,1353000
26782,150,150600
26783,235,66700
26784,1,1050000
26785,322,7800
26786,148,152000
26787,334,700
26788,302,20000
26789,1,1088400
26790,269,41600
26791,274,38000
26792,333,1600
26793,240,62600
26794,4,806400
26795,329,3700
26796,81,265600
26797,265,44000
26798,288,28400
26799,334,1200
26800,0,1266900
26801,173,123100
26802,87,252100
26803,117,195800
26804,317,10500
26805,281,33150
26806,332,2200
26807,262,46500
26808,333,1500
26809,267,42900
26810,111,206000
26811,261,46600
26812,212,85900
26813,82,261600
26814,329,4000
26815,333,1500
26816,329,3600
26817,305,18100
26818,131,174900
26819,277,36000
26820,3,906600
26821,334,1200
26822,327,4750
26823,150,150500
26824,311,14200
26825,23,501400
26826,251,53900
26827,59,324500
26828,208,89200
26829,88,248400
26830,2,912900
26831,0,1408000
26832,330,3100
26833,81,264400
26834,327,5100
26835,13,600600
26836,322,7500
26837,0,2000000
26838,315,12000
26839,324,6800
26840,53,345300
26841,14,591250
26842,199,97700
26843,334,800
26844,238,63800
26845,236,66000
26846,23,500900
26847,0,1254400
26848,299,21800
26849,142,160650
26850,99,227600
26851,0,1400300
26852,3,902000
26853,292,26100
26854,0,1658000
26855,329,3600
26856,307,16600
26857,253,52900
26858,333,1600
26859,335,500
26860,5,802200
26861,13,600450
26862,10,650400
26863,320,9000
26864,28,465300
26865,293,25400
26866,214,83800
26867,189,107500
26868,294,24500
26869,324,6500
26870,29,459200
26871,8,692100
26872,1,1204400
26873,256,50300
26874,325,6100
26875,297,22550
26876,222,76800
26877,319,9600
26878,63,312000
26879,283,31750
26880,272,39500
26881,321,8450
26882,237,64800
26883,6,754600
26884,90,245150
26885,325,6200
26886,23,500400
26887,120,190900
26888,322,7550
26889,313,13000
26890,67,300200
26891,332,2150
26892,0,1230400
26893,309,15600
26894,0,1385000
26895,288,28500
26896,30,450000
26897,13,600100
26898,5,782000
26899,333,1450
26900,308,16000
26901,330,3000
26902,336,100
26903,299,21700
26904,126,183200
26905,214,83500
26906,67,300850
26907,331,2400
26908,310,14750
26909,321,8100
26910,237,64600
26911,333,1500
26912,308,16200
26913,335,350
26914,307,16400
26915,155,144500
26916,297,22600
26917,335,600
26918,300,20900
26919,0,2000000
26920,306,17400
26921,48,360600
26922,3,855000
26923,0,2000000
26924,0,1235600
26925,332,2000
26926,330,3400
26927,332,2100
26928,321,8200
26929,0,1314600
26930,64,308500
26931,317,10650
26932,0,1235400
26933,315,11700
26934,66,303600
26935,325,5800
26936,266,43600
26937,62,316000
26938,328,4200
26939,0,1802600
26940,331,2800
26941,326,5200
26942,42,388500
26943,24,492400
26944,201,95600
26945,305,17700
26946,330,3300
26947,323,7400
26948,0,1362200
26949,0,2000000
26950,327,4950
26951,292,26150
26952,286,29850
26953,196,100500
26954,51,350600
26955,51,350800
26956,145,157000
26957,329,3700
26958,336,100
26959,105,216600
26960,253,52400
26961,8,701600
26962,254,52000
26963,0,2000000
26964,0,2000000
26965,308,15900
26966,334,900
26967,282,32300
26968,322,7700
26969,323,7200
26970,330,3250
26971,335,250
26972,34,428200
26973,320,8700
26974,298,22000
26975,225,74800
26976,1,1080600
26977,308,15800
26978,334,1100
26979,78,272000
26980,329,3700
26981,336,100
26982,315,12050
26983,299,21300
26984,217,81300
26985,258,49100
26986,330,3000
26987,247,56900
26988,322,7700
26989,301,20300
26990,146,155000
26991,30,452800
26992,263,45300
26993,136,168250
26994,222,76750
26995,314,12700
26996,259,48500
26997,326,5400
26998,13,601100
26999,315,11950
27000,321,8400
27001,0,2000000
27002,302,19500
27003,327,4750
27004,334,1100
27005,297,22900
27006,0,2000000
27007,315,12100
27008,172,124800
27009,321,8100
27010,8,703200
27011,312,13400
27012,329,3700
27013,289,28200
27014,321,8600
27015,1,1001000
27016,83,259600
27017,150,150000
27018,61,318000
27019,30,452800
27020,211,86100
27021,293,25500
27022,329,3800
27023,64,308200
27024,11,634000
27025,296,23600
27026,308,15800
27027,287,29500
27028,334,850
27029,331,2700
27030,162,135800
27031,0,1351000
27032,336,100
27033,98,229100
27034,323,7400
27035,220,78800
27036,333,1600
27037,0,2000000
27038,268,42050
27039,317,10500
27040,13,604200
27041,181,115100
27042,0,2000000
27043,1,1201800
27044,1,1050000
27045,312,13800
27046,132,173200
27047,328,4200
27048,0,2000000
27049,150,150000
27050,0,1406600
27051,334,1000
27052,333,1800
27053,312,13500
27054,208,88800
27055,336,100
27056,237,64500
27057,323,7350
27058,323,7050
27059,315,12000
27060,112,204100
27061,136,167800
27062,0,2000000
27063,23,500900
27064,0,1804300
27065,217,81400
27066,282,32600
27067,0,2000000
27068,287,28900
27069,108,211500
27070,1,1030200
27071,0,2000000
27072,0,1405900
27073,331,2700
27074,13,606700
27075,287,29100
27076,12,620300
27077,258,48900
27078,335,600
27079,45,375000
27080,21,514000
27081,229,71300
27082,327,5100
27083,0,1603800
27084,67,300500
27085,217,81400
27086,0,2000000
27087,293,25200
27088,257,50100
27089,67,300300
27090,326,5300
27091,2,1000100
27092,336,100
27093,1,1050000
27094,99,227300
27095,240,62300
27096,200,96850
27097,118,195400
27098,168,129000
27099,66,302000
27100,193,102800
27101,0,1658000
27102,57,330300
27103,0,2000000
27104,306,17400
27105,0,2000000
27106,0,2000000
27107,256,50200
27108,297,22800
27109,326,5450
27110,333,1500
27111,320,8700
27112,299,21500
27113,0,1351200
27114,65,305900
27115,147,154000
27116,333,1300
27117,255,51550
27118,123,186800
27119,325,5800
27120,323,7400
27121,267,42400
27122,126,182000
27123,1,1050000
27124,140,162400
27125,12,615000
27126,157,141800
27127,315,12000
27128,37,409000
27129,302,19800
27130,326,5350
27131,307,16600
27132,237,64900
27133,0,2000000
27134,335,400
27135,39,400750
27136,333,1400
27137,298,22100
27138,255,51200
27139,0,1296400
27140,325,6300
27141,176,120800
27142,314,12500
27143,302,19500
27144,1,1002400
27145,1,1093850
27146,13,603850
27147,268,42100
27148,59,325000
27149,332,1850
27150,303,18800
27151,333,1800
27152,334,800
27153,7,708900
27154,269,41000
27155,333,1350
27156,213,85000
27157,4,813700
27158,117,196400
27159,322,8000
27160,259,48000
27161,271,40000
27162,317,10800
27163,111,205600
27164,303,18800
27165,30,447500
27166,332,2250
27167,334,1100
27168,0,2000000
27169,316,11100
27170,169,127800
27171,140,162900
27172,264,44450
27173,0,2000000
27174,319,9400
27175,20,524300
27176,317,10600
27177,321,8350
27178,211,86600
27179,0,2000000
27180,0,1647000
27181,334,800
27182,150,150300
27183,25,483200
27184,325,6050
27185,330,3400
27186,331,2900
27187,325,6200
27188,0,2000000
27189,218,80300
27190,39,401600
27191,335,600
27192,0,1326400
27193,94,236600
27194,66,302000
27195,329,3600
27196,306,17000
27197,0,2000000
27198,320,8900
27199,309,15200
27200,330,3300
27201,0,2000000
27202,323,7300
27203,330,3300
27204,283,31850
27205,30,450000
27206,317,10600
27207,4,810000
27208,335,450
27209,267,42700
27210,286,30000
27211,233,68100
27212,4,809900
27213,253,52950
27214,15,576800
27215,332,2100
27216,0,2000000
27217,13,605750
27218,318,10100
27219,320,8800
27220,336,0
27221,329,3800
27222,208,89600
27223,331,2800
27224,46,368600
27225,0,2000000
27226,0,2000000
27227,329,3500
27228,150,150000
27229,288,28650
27230,0,1525000
27231,226,73900
27232,330,3250
27233,333,1400
27234,331,2800
27235,174,122800
27236,254,51600
27237,314,12300
27238,329,4000
27239,326,5550
27240,6,754000
27241,106,215000
27242,325,6100
27243,321,8300
27244,64,308000
27245,5,768900
27246,330,3100
27247,0,2000000
27248,335,300
27249,332,2000
27250,305,17800
27251,306,17550
27252,328,4500
27253,231,69500
27254,294,24500
27255,335,300
27256,230,70600
27257,30,450000
27258,234,67500
27259,51,352500
27260,317,10900
27261,0,2000000
27262,293,25200
27263,294,25000
27264,320,9000
27265,210,87100
27266,0,2000000
27267,320,9000
27268,324,6600
27269,120,191600
27270,16,567700
27271,285,30700
27272,240,62500
27273,298,22000
27274,1,1043200
27275,296,23600
27276,140,162400
27277,61,316600
27278,307,16400
27279,64,308400
27280,0,2000000
27281,0,2000000
27282,278,35150
27283,271,39800
27284,224,75300
27285,334,800
27286,213,85000
27287,70,292100
27288,290,27100
27289,282,32200
27290,11,636250
27291,334,750
27292,312,13750
27293,310,14600
27294,300,21200
27295,0,2000000
27296,274,37800
27297,327,5100
27298,289,28000
27299,323,7200
27300,334,700
27301,0,1816400
27302,0,1951000
27303,114,201800
27304,0,2000000
27305,209,88500
27306,12,616800
27307,331,2850
27308,6,756400
27309,13,606200
27310,331,2450
27311,328,4600
27312,6,750500
27313,274,38100
27314,314,12700
27315,174,122900
27316,312,13900
27317,35,420000
27318,307,16800
27319,331,2500
27320,256,50700
27321,336,0
27322,158,140500
27323,334,1200
27324,8,705800
27325,336,100
27326,327,5000
27327,302,19800
27328,309,15200
27329,1,1066000
27330,219,80000
27331,30,450000
27332,0,1270000
27333,287,28900
27334,279,34800
27335,335,200
27336,335,400
27337,58,326500
27338,311,14500
27339,285,30800
27340,278,35400
27341,220,78500
27342,152,148200
27343,305,17700
27344,330,3300
27345,125,184300
27346,320,8800
27347,330,3300
27348,13,601900
27349,274,38000
27350,334,800
27351,272,38950
27352,334,900
27353,6,750400
27354,283,32150
27355,0,1806000
27356,285,30700
27357,0,2000000
27358,328,4500
27359,302,19500
27360,314,12500
27361,225,74350
27362,285,30600
27363,4,809200
27364,329,4000
27365,331,2600
27366,191,105150
27367,13,604600
27368,46,371000
27369,310,15000
27370,301,20500
27371,274,37800
27372,0,2000000
27373,326,5500
27374,334,700
27375,291,26500
27376,37,410000
27377,314,12200
27378,308,15800
27379,330,3200
27380,146,155600
27381,290,27100
27382,329,3700
27383,329,3500
27384,238,63900
27385,334,800
27386,51,350000
27387,0,1832400
27388,48,361500
27389,190,106200
27390,309,15400
27391,25,484600
27392,246,58200
27393,271,39900
27394,329,3700
27395,254,52100
27396,211,86800
27397,259,48400
27398,334,1100
27399,119,192900
27400,277,35800
27401,321,8500
27402,325,5900
27403,328,4600
27404,65,304800
27405,285,30200
27406,11,645150
27407,65,306250
27408,169,128000
27409,332,1850
27410,209,88600
27411,319,9300
27412,12,618200
27413,128,180200
27414,5,773700
27415,87,251100
27416,293,25500
27417,14,586000
27418,1,1066000
27419,308,16000
27420,58,325700
27421,270,40300
27422,0,2000000
27423,328,4100
27424,34,429000
27425,327,5100
27426,301,20500
27427,298,22200
27428,282,32800
27429,330,3400
27430,0,2000000
27431,272,39200
27432,285,30600
27433,334,700
27434,323,7200
27435,283,31500
27436,312,13600
27437,310,14600
27438,323,7050
27439,0,2000000
27440,254,51800
27441,247,57400
27442,3,866900
27443,327,5100
27444,0,2000000
27445,320,9200
27446,4,841900
27447,75,279300
27448,305,17800
27449,323,7100
27450,325,5800
27451,269,41000
27452,329,4000
27453,0,2000000
27454,334,900
27455,304,18500
27456,327,5100
27457,0,2000000
27458,278,35000
27459,58,326100
27460,333,1400
27461,218,80400
27462,333,1700
27463,150,150000
27464,218,80150
27465,336,100
27466,218,80450
27467,189,106950
27468,255,51100
27469,0,2000000
27470,306,17000
27471,0,2000000
27472,228,72000
27473,266,43200
27474,0,2000000
27475,335,200
27476,147,154000
27477,334,800
27478,332,2100
27479,240,62700
27480,309,15500
27481,301,20400
27482,335,300
27483,2,932000
27484,320,9000
27485,126,182000
27486,146,154800
27487,277,35700
27488,334,900
27489,333,1800
27490,291,26600
27491,289,27950
27492,290,27100
27493,7,720500
27494,4,823700
27495,148,152400
27496,0,1465400
27497,285,30700
27498,133,172100
27499,7,708750
27500,57,331000
27501,283,32150
27502,333,1800
27503,270,40700
27504,293,25600
27505,335,600
27506,60,320800
27507,313,12850
27508,0,1951000
27509,320,9200
27510,332,2100
27511,329,4000
27512,321,8500
27513,334,800
27514,316,11450
27515,66,303000
27516,328,4300
27517,1,1052000
27518,332,2150
27519,298,21900
27520,318,10200
27521,333,1400
27522,168,129500
27523,65,306600
27524,150,150300
27525,334,1200
27526,1,1050000
27527,332,1900
27528,293,25600
27529,328,4450
27530,252,53150
27531,111,206800
27532,211,86800
27533,333,1800
27534,304,18300
27535,285,30400
27536,201,95300
27537,314,12450
27538,8,705600
27539,0,1838700
27540,282,32600
27541,0,1693500
27542,1,1030000
27543,0,1653600
27544,198,98700
27545,333,1400
27546,257,49550
27547,309,15600
27548,295,24400
27549,1,1098500
27550,335,150
27551,23,501000
27552,334,700
27553,285,30800
27554,305,18150
27555,2,920000
27556,311,14000
27557,149,151200
27558,10,648000
27559,324,6800
27560,327,4700
27561,148,152300
27562,281,32900
27563,0,2000000
27564,328,4200
27565,329,3500
27566,13,601200
27567,275,36900
27568,109,209000
27569,333,1600
27570,9,664000
27571,333,1450
27572,303,18950
27573,317,10900
27574,281,33000
27575,234,67600
27576,5,789600
27577,273,38600
27578,205,91700
27579,312,13600
27580,273,38800
27581,298,22150
27582,305,17600
27583,325,5850
27584,250,54800
27585,262,46100
27586,312,13900
27587,288,28600
27588,186,109850
27589,109,209800
27590,309,15200
27591,313,13300
27592,277,35600
27593,8,701400
27594,334,900
27595,60,321000
27596,0,2000000
27597,308,15800
27598,15,580400
27599,12,615100
27600,29,454400
27601,177,119600
27602,323,7200
27603,0,1404400
27604,43,383600
27605,0,2000000
27606,121,190000
27607,332,1900
27608,21,516400
27609,59,323100
27610,311,14000
27611,158,140500
27612,11,642000
27613,333,1500
27614,28,462800
27615,0,2000000
27616,333,1700
27617,332,1900
27618,149,151400
27619,142,160400
27620,312,13450
27621,321,8100
27622,237,65200
27623,331,2650
27624,59,324500
27625,314,12400
27626,0,1414500
27627,1,1205500
27628,137,167200
27629,326,5500
27630,278,35000
27631,322,7800
27632,197,98850
27633,218,80500
27634,0,2000000
27635,239,63600
27636,274,37800
27637,274,37600
27638,271,40000
27639,32,438000
27640,13,602550
27641,317,10900
27642,318,10400
27643,285,30400
27644,318,10250
27645,322,7600
27646,331,2700
27647,12,624000
27648,332,2300
27649,0,2000000
27650,39,400250
27651,331,2500
27652,294,25000
27653,271,39900
27654,332,1950
27655,272,38900
27656,302,20000
27657,0,2000000
27658,313,13300
27659,264,44800
27660,329,3700
27661,216,82000
27662,0,1216250
27663,0,2000000
27664,283,31800
27665,8,685800
27666,203,93800
27667,330,3300
27668,87,250800
27669,284,30950
27670,34,424200
27671,261,47200
27672,105,217000
27673,145,155900
27674,256,50400
27675,330,3200
27676,51,351900
27677,315,11800
27678,1,1006800
27679,335,650
27680,332,2150
27681,44,379200
27682,288,28800
27683,294,24600
27684,310,15100
27685,0,1213900
27686,0,2000000
27687,34,427900
27688,22,505600
27689,67,301400
27690,124,185200
27691,201,96000
27692,3,887100
27693,1,1050000
27694,322,8000
27695,286,30000
27696,266,43200
27697,275,37050
27698,37,410000
27699,105,216800
27700,104,217600
27701,330,3400
27702,48,362200
27703,150,150500
27704,333,1800
27705,234,67600
27706,335,500
27707,140,163500
27708,5,770000
27709,324,6400
27710,265,43900
27711,39,401500
27712,268,42000
27713,298,21950
27714,333,1800
27715,24,490800
27716,334,700
27717,306,17200
27718,335,500
27719,300,21200
27720,8,702250
27721,334,750
27722,22,508000
27723,0,1414300
27724,331,2750
27725,328,4600
27726,332,2100
27727,327,5100
27728,35,420000
27729,319,9500
27730,312,13600
27731,192,104100
27732,323,7300
27733,1,1050000
27734,1,1066000
27735,323,6950
27736,64,309800
27737,0,1403600
27738,51,350400
27739,0,1241100
27740,226,74000
27741,306,17000
27742,38,407850
27743,207,90000
27744,218,80100
27745,6,754000
27746,258,48800
27747,326,5300
27748,13,612000
27749,16,572750
27750,329,3800
27751,318,10100
27752,260,47900
27753,243,60500
27754,2,929600
27755,0,1352700
27756,156,143300
27757,12,623600
27758,90,245300
27759,329,3900
27760,191,104600
27761,16,562500
27762,241,61550
27763,332,2200
27764,335,400
27765,4,809000
27766,305,17600
27767,0,2000000
27768,284,31100
27769,67,301200
27770,24,488450
27771,333,1500
27772,336,0
27773,335,500
27774,306,17100
27775,292,25900
27776,280,33600
27777,335,250
27778,307,16400
27779,0,2000000
27780,106,214400
27781,312,13600
27782,326,5600
27783,311,14200
27784,311,14200
27785,260,47600
27786,0,2000000
27787,197,98900
27788,6,753000
27789,322,7600
27790,264,45000
27791,319,9600
27792,237,64600
27793,4,805700
27794,335,400
27795,292,25800
27796,324,6900
27797,1,1009200
27798,63,311600
27799,335,200
27800,59,323000
27801,281,32950
27802,290,27000
27803,333,1300
27804,304,18500
27805,315,11900
27806,293,25300
27807,281,33200
27808,29,455600
27809,174,122400
27810,300,21000
27811,265,43900
27812,4,849000
27813,136,168750
27814,0,2000000
27815,279,34300
27816,316,11100
27817,0,1414000
27818,311,14500
27819,0,1907800
27820,176,120700
27821,306,17500
27822,0,2000000
27823,332,2300
27824,313,13000
27825,335,250
27826,329,3850
27827,141,161600
27828,303,19000
27829,323,7300
27830,0,1613050
27831,0,2000000
27832,256,50300
27833,335,350
27834,332,2000
27835,298,22000
27836,209,88100
27837,311,14500
27838,112,203800
27839,1,1007200
27840,1,1083600
27841,0,2000000
27842,192,104200
27843,10,653700
27844,285,30550
27845,332,2300
27846,295,24000
27847,333,1600
27848,334,1050
27849,0,2000000
27850,1,1072200
27851,333,1500
27852,306,17450
27853,66,302000
27854,0,2000000
27855,115,200000
27856,309,15200
27857,6,754000
27858,6,752500
27859,316,11000
27860,2,918000
27861,335,250
27862,0,1320500
27863,335,400
27864,330,3200
27865,318,10000
27866,0,2000000
27867,212,85500
27868,292,25750
27869,0,1322200
27870,296,23700
27871,334,700
27872,332,2150
27873,25,482000
27874,333,1500
27875,182,114000
27876,323,7300
27877,333,1800
27878,276,36200
27879,2,985750
27880,311,14300
27881,189,107300
27882,335,300
27883,19,530200
27884,0,2000000
27885,276,36800
27886,23,503000
27887,270,40900
27888,328,4550
27889,0,2000000
27890,304,18200
27891,1,1075600
27892,325,6000
27893,197,98900
27894,334,1200
27895,322,7950
27896,280,33500
27897,333,1600
27898,142,160850
27899,5,770000
27900,3,870900
27901,321,8500
27902,294,24800
27903,0,1732000
27904,333,1600
27905,43,382400
27906,266,43500
27907,301,20500
27908,23,500600
27909,260,47400
27910,331,2600
27911,259,48400
27912,150,150600
27913,313,13100
27914,133,173100
27915,23,500200
27916,138,165200
27917,172,125000
27918,114,201200
27919,333,1600
27920,306,17500
27921,333,1700
27922,215,83100
27923,323,7000
27924,328,4300
27925,67,300000
27926,335,300
27927,13,601200
27928,331,2900
27929,50,354400
27930,0,1514000
27931,25,485000
27932,334,800
27933,18,542400
27934,332,2100
27935,163,134650
27936,325,5900
27937,335,200
27938,323,7400
27939,43,381300
27940,0,2000000
27941,0,1242000
27942,141,161800
27943,333,1650
27944,12,620000
27945,2,918000
27946,11,630000
27947,317,10600
27948,314,12400
27949,332,2300
27950,331,2700
27951,268,41800
27952,166,131700
27953,336,100
27954,292,26000
27955,265,44200
27956,276,36400
27957,0,2000000
27958,0,2000000
27959,168,128600
27960,328,4400
27961,158,140000
27962,312,13800
27963,309,15500
27964,235,66800
27965,335,600
27966,0,1232000
27967,307,16500
27968,332,1900
27969,124,185000
27970,23,501600
27971,321,8250
27972,304,18300
27973,1,1204500
27974,3,909600
27975,21,514000
27976,328,4600
27977,0,2000000
27978,330,3100
27979,313,13200
27980,108,210800
27981,333,1600
27982,328,4300
27983,329,3900
27984,211,86300
27985,335,500
27986,23,500500
27987,332,1850
27988,333,1300
27989,308,16100
27990,217,81600
27991,98,228400
27992,331,2550
27993,198,98300
27994,334,700
27995,299,21600
27996,335,600
27997,334,1000
27998,2,952500
27999,283,32100
28000,334,1000
28001,191,105500
28002,0,2000000
28003,335,250
28004,329,3500
28005,336,0
28006,215,82900
28007,23,501000
28008,66,301900
28009,85,255800
28010,265,43900
28011,333,1350
28012,174,122400
28013,319,9300
28014,312,13700
28015,304,18750
28016,333,1700
28017,5,770000
28018,63,310800
28019,261,46600
28020,0,2000000
28021,336,0
28022,5,770000
28023,0,1444600
28024,252,53600
28025,280,33600
28026,8,701700
28027,335,400
28028,312,13500
28029,319,9300
28030,0,1502600
28031,159,139000
28032,333,1650
28033,333,1300
28034,328,4500
28035,6,758000
28036,279,34600
28037,1,1006600
28038,313,13200
28039,30,450000
28040,0,2000000
28041,149,151300
28042,309,15250
28043,178,118400
28044,317,10800
28045,303,18800
28046,323,7200
28047,5,801100
28048,30,450000
28049,330,3100
28050,303,19000
28051,0,1216200
28052,335,150
28053,110,208400
28054,332,2200
28055,50,354800
28056,58,326600
28057,107,213700
28058,54,340000
28059,285,30600
28060,310,14650
28061,324,6500
28062,294,24900
28063,166,131200
28064,325,6150
28065,12,616900
28066,283,31800
28067,219,79400
28068,12,626500
28069,0,2000000
28070,13,610150
28071,13,602300
28072,334,850
28073,296,23400
28074,29,455200
28075,329,3500
28076,97,231400
28077,233,68200
28078,333,1800
28079,1,1208200
28080,8,700900
28081,2,973500
28082,66,303900
28083,239,63600
28084,323,7000
28085,0,1800750
28086,322,7600
28087,0,2000000
28088,282,32200
28089,63,310800
28090,304,18750
28091,291,26700
28092,328,4200
28093,140,163100
28094,193,103400
28095,222,76900
28096,135,169000
28097,336,100
28098,335,400
28099,22,503400
28100,333,1800
28101,330,3200
28102,51,350000
28103,326,5700
28104,1,1001000
28105,300,20900
28106,195,101350
28107,125,183600
28108,292,26000
28109,201,95100
28110,336,100
28111,301,20300
28112,0,2000000
28113,333,1500
28114,182,113700
28115,332,2200
28116,31,444300
28117,4,834200
28118,2,916000
28119,335,150
28120,24,488500
28121,259,48000
28122,282,32800
28123,278,35200
28124,300,21000
28125,329,3650
28126,267,42750
28127,250,55200
28128,61,318200
28129,335,600
28130,66,303200
28131,335,500
28132,162,135300
28133,317,10800
28134,67,300250
28135,0,2000000
28136,252,53800
28137,317,10500
28138,289,28200
28139,257,49700
28140,0,2000000
28141,226,73400
28142,282,32200
28143,0,1350000
28144,191,105300
28145,285,30600
28146,320,8700
28147,326,5600
28148,335,500
28149,297,23100
28150,304,18300
28151,334,1100
28152,333,1300
28153,11,642000
28154,2,933500
28155,331,2700
28156,37,413050
28157,109,210000
28158,318,10300
28159,28,459600
28160,253,52800
28161,331,2500
28162,1,1056200
28163,317,10700
28164,326,5700
28165,64,308000
28166,60,320800
28167,335,600
28168,0,1414600
28169,320,9100
28170,285,30200
28171,299,21300
28172,31,442200
28173,299,21600
28174,22,510600
28175,2,952800
28176,30,450000
28177,329,3700
28178,296,23500
28179,0,2000000
28180,1,1050000
28181,319,9500
28182,278,34900
28183,334,1100
28184,196,100200
28185,0,2000000
28186,331,2850
28187,50,354800
28188,329,3700
28189,325,6000
28190,79,269400
28191,8,701800
28192,307,16950
28193,66,303050
28194,330,3300
28195,148,152800
28196,5,766600
28197,1,1178000
28198,321,8600
28199,322,7800
28200,328,4300
28201,184,112000
28202,335,200
28203,222,76700
28204,333,1300
28205,218,80750
28206,0,1414350
28207,232,68800
28208,198,98200
28209,194,102200
28210,335,450
28211,13,605000
28212,326,5300
28213,59,323800
28214,335,200
28215,333,1500
28216,30,450000
28217,336,100
28218,280,33700
28219,225,74500
28220,242,60600
28221,269,41400
28222,329,3500
28223,1,1008350
28224,320,9100
28225,323,7300
28226,325,5800
28227,89,248100
28228,236,65800
28229,324,6800
28230,13,600200
28231,238,64000
28232,258,48700
28233,323,7000
28234,129,178000
28235,0,1500000
28236,1,1057200
28237,279,34700
28238,325,6250
28239,249,55400
28240,334,1200
28241,315,11600
28242,0,1508250
28243,134,170800
28244,319,9300
28245,332,2050
28246,325,6000
28247,334,700
28248,290,27400
28249,225,74200
28250,3,900150
28251,0,2000000
28252,114,200600
28253,126,182000
28254,334,950
28255,327,5100
28256,13,605050
28257,256,50500
28258,240,62400
28259,0,1485200
28260,252,53700
28261,333,1500
28262,315,11850
28263,328,4100
28264,335,200
28265,330,3150
28266,329,3900
28267,64,308050
28268,336,100
28269,29,455300
28270,317,10800
28271,309,15400
28272,238,64150
28273,308,15800
28274,277,36150
28275,333,1250
28276,325,6000
28277,325,6300
28278,158,140100
28279,306,17100
28280,287,29300
28281,326,5300
28282,311,14200
28283,328,4100
28284,329,3600
28285,25,486400
28286,321,8200
28287,121,190000
28288,328,4300
28289,319,9400
28290,334,1000
28291,27,469100
28292,336,0
28293,317,10900
28294,234,67600
28295,330,3200
28296,161,136800
28297,336,0
28298,336,0
28299,67,300600
28300,312,13800
28301,312,13500
28302,309,15500
28303,1,1066000
28304,336,0
28305,218,80700
28306,216,82300
28307,310,14950
28308,282,32800
28309,327,5000
28310,153,145900
28311,322,7800
28312,129,178800
28313,322,7500
28314,304,18500
28315,7,730400
28316,325,6000
28317,335,300
28318,51,351800
28319,1,1050000
28320,33,431000
28321,335,400
28322,298,22250
28323,329,3900
28324,115,200000
28325,278,35100
28326,245,58800
28327,334,700
28328,242,60600
28329,112,203800
28330,49,358600
28331,332,2200
28332,323,7400
28333,333,1300
28334,306,17000
28335,325,6000
28336,314,12700
28337,273,38700
28338,0,1220000
28339,111,206000
28340,51,350600
28341,332,2100
28342,280,34050
28343,0,2000000
28344,147,153400
28345,331,2900
28346,54,339000
28347,314,12750
28348,277,35600
28349,147,153400
28350,285,30400
28351,331,2400
28352,321,8350
28353,76,277200
28354,274,37800
28355,327,4900
28356,335,400
28357,0,2000000
28358,329,4000
28359,180,116200
28360,3,872000
28361,229,71400
28362,322,7800
28363,323,7000
28364,3,901800
28365,273,38300
28366,335,500
28367,0,2000000
28368,1,1001750
28369,333,1700
28370,0,1532200
28371,336,0
28372,293,25600
28373,333,1500
28374,286,30100
28375,307,16600
28376,336,100
28377,272,39150
28378,32,440000
28379,30,451200
28380,304,18500
28381,178,118600
28382,60,319200
28383,90,244700
28384,319,9400
28385,327,4950
28386,18,541000
28387,300,21000
28388,0,2000000
28389,321,8500
28390,52,347100
28391,332,2000
28392,240,62500
28393,0,2000000
28394,13,604000
28395,26,476000
28396,332,1900
28397,284,31400
28398,334,1000
28399,297,22900
28400,58,328000
28401,162,136000
28402,123,186550
28403,269,41200
28404,70,290700
28405,64,310000
28406,0,1457000
28407,308,16200
28408,275,37400
28409,231,69300
28410,64,310000
28411,13,604200
28412,0,1226700
28413,247,57000
28414,331,2850
28415,1,1008000
28416,332,2000
28417,27,466800
28418,334,1000
28419,295,24000
28420,29,458500
28421,87,251500
28422,127,180800
28423,96,232400
28424,336,100
28425,334,1200
28426,2,983650
28427,282,32450
28428,102,222800
28429,199,97600
28430,330,3300
28431,75,279000
28432,150,150000
28433,56,333550
28434,124,186100
28435,208,89400
28436,36,416800
28437,324,6800
28438,1,1203600
28439,335,600
28440,291,26500
28441,273,38400
28442,3,900600
28443,310,15000
28444,336,0
28445,150,150600
28446,331,2800
28447,313,13100
28448,328,4200
28449,333,1800
28450,1,1166000
28451,335,600
28452,283,31900
28453,0,1540300
28454,327,4800
28455,333,1400
28456,145,157000
28457,318,9900
28458,277,36100
28459,0,2000000
28460,315,11800
28461,321,8600
28462,223,76250
28463,333,1700
28464,209,88300
28465,280,33750
28466,330,3000
28467,1,1050000
28468,233,68000
28469,319,9800
28470,303,19400
28471,23,498250
28472,315,12000
28473,110,207000
28474,334,1100
28475,334,950
28476,245,58600
28477,313,12900
28478,288,28450
28479,104,217800
28480,3,858200
28481,0,2000000
28482,0,2000000
28483,294,24500
28484,330,3050
28485,242,61000
28486,4,813000
28487,0,1833600
28488,29,454800
28489,125,183600
28490,132,173700
28491,1,1036200
28492,211,86800
28493,310,15000
28494,318,10100
28495,335,300
28496,331,2800
28497,333,1500
28498,4,818200
28499,251,54200
28500,268,42000
28501,0,1510000
28502,0,2000000
28503,64,308150
28504,331,2500
28505,322,7900
28506,336,100
28507,335,300
28508,205,92300
28509,311,14000
28510,334,900
28511,218,80500
28512,0,2000000
28513,322,7600
28514,239,63300
28515,283,31500
28516,0,1628100
28517,285,30400
28518,30,450000
28519,148,152100
28520,332,2200
28521,305,18000
28522,307,16600
28523,280,34000
28524,0,1607800
28525,112,204400
28526,0,2000000
28527,13,604800
28528,321,8350
28529,334,1000
28530,149,150700
28531,29,453200
28532,295,24100
28533,212,85500
28534,0,2000000
28535,149,151600
28536,331,2600
28537,308,16000
28538,0,1410700
28539,318,10150
28540,321,8400
28541,0,2000000
28542,332,2100
28543,53,342100
28544,335,150
28545,275,37400
28546,147,154000
28547,292,26300
28548,0,2000000
28549,0,2000000
28550,150,150300
28551,0,1500000
28552,306,17450
28553,280,33600
28554,302,19900
28555,13,600650
28556,298,21900
28557,175,121200
28558,0,2000000
28559,333,1400
28560,0,1524000
28561,27,470800
28562,327,5000
28563,0,2000000
28564,283,31500
28565,146,154800
28566,331,2500
28567,306,17500
28568,2,1000100
28569,296,23500
28570,38,408000
28571,0,2000000
28572,56,332000
28573,328,4300
28574,334,1100
28575,38,404200
28576,324,6450
28577,270,40600
28578,214,84100
28579,332,2000
28580,336,100
28581,279,34200
28582,284,31200
28583,334,900
28584,304,18250
28585,267,42600
28586,331,2500
28587,334,1000
28588,204,92400
28589,159,139400
28590,333,1400
28591,327,5100
28592,323,7000
28593,0,2000000
28594,119,193400
28595,335,500
28596,224,75000
28597,0,2000000
28598,0,2000000
28599,238,63700
28600,301,20350
28601,336,100
28602,268,42200
28603,291,26600
28604,322,7900
28605,268,42100
28606,328,4600
28607,334,800
28608,1,1125800
28609,329,4050
28610,2,916150
28611,39,402300
28612,318,10200
28613,113,202200
28614,330,3400
28615,316,11400
28616,0,1376400
28617,331,2700
28618,67,300500
28619,88,249000
28620,333,1800
28621,333,1600
28622,0,1580000
28623,59,323600
28624,290,27400
28625,21,512850
28626,317,10850
28627,335,300
28628,333,1550
28629,298,21900
28630,255,51000
28631,76,276500
28632,334,1000
28633,321,8200
28634,332,2100
28635,302,19450
28636,227,73300
28637,114,200900
28638,334,700
28639,320,9000
28640,0,2000000
28641,0,1915000
28642,299,21300
28643,280,34100
28644,335,500
28645,327,5000
28646,184,112500
28647,72,285500
28648,324,6800
28649,299,21500
28650,336,100
28651,332,2100
28652,67,300600
28653,5,783200
28654,335,200
28655,1,1050000
28656,10,648000
28657,334,1100
28658,0,1666000
28659,250,54700
28660,42,386000
28661,23,500200
28662,139,164900
28663,246,58300
28664,287,29400
28665,105,216100
28666,308,15900
28667,8,706000
28668,0,2000000
28669,305,17900
28670,133,172000
28671,323,7000
28672,300,20800
28673,333,1400
28674,333,1300
28675,298,22000
28676,0,2000000
28677,320,9000
28678,262,46000
28679,5,794700
28680,222,77200
28681,149,151600
28682,322,7800
28683,224,75200
28684,320,9000
28685,321,8400
28686,141,162000
28687,13,606950
28688,300,20900
28689,233,67800
28690,251,54400
28691,1,1001900
28692,336,0
28693,0,2000000
28694,318,10000
28695,202,94900
28696,1,1207800
28697,46,371650
28698,0,1504000
28699,150,150300
28700,226,73500
28701,331,2400
28702,321,8100
28703,312,13700
28704,333,1600
28705,332,1900
28706,262,46000
28707,321,8400
28708,5,800700
28709,14,586200
28710,298,22350
28711,59,325100
28712,6,754000
28713,252,53600
28714,229,71650
28715,308,15800
28716,259,48300
28717,322,7500
28718,310,15100
28719,60,322200
28720,272,39400
28721,67,300150
28722,322,7700
28723,231,70000
28724,334,800
28725,300,20800
28726,297,22800
28727,261,46600
28728,80,266700
28729,332,2300
28730,1,1050000
28731,30,450000
28732,330,3000
28733,148,153000
28734,331,2600
28735,334,1000
28736,334,1100
28737,320,9100
28738,148,152200
28739,323,7000
28740,242,61100
28741,224,75500
28742,84,258900
28743,336,100
28744,103,219700
28745,331,2500
28746,268,42300
28747,318,10400
28748,215,82900
28749,0,1800650
28750,298,22400
28751,190,105700
28752,332,1900
28753,263,45600
28754,325,6000
28755,328,4600
28756,295,23800
28757,1,1050000
28758,325,6050
28759,326,5500
28760,308,16000
28761,243,60200
28762,0,1255000
28763,326,5500
28764,57,330800
28765,0,1381000
28766,295,24000
28767,321,8300
28768,285,30600
28769,20,523400
28770,331,2700
28771,0,1444000
28772,1,1006000
28773,7,715250
28774,92,241400
28775,114,200800
28776,0,1394000
28777,8,706200
28778,333,1700
28779,0,1508300
28780,2,932000
28781,332,2300
28782,316,11300
28783,129,178000
28784,223,75800
28785,3,900200
28786,269,41100
28787,330,3050
28788,331,2750
28789,278,35200
28790,306,17100
28791,203,93400
28792,332,2000
28793,260,47400
28794,336,100
28795,328,4100
28796,319,9300
28797,177,119000
28798,150,150200
28799,140,162400
28800,275,37100
28801,64,308250
28802,330,3350
28803,334,1050
28804,323,7400
28805,328,4200
28806,277,35700
28807,2,964000
28808,328,4300
28809,327,4900
28810,327,4800
28811,20,521200
28812,329,4000
28813,336,100
28814,331,2400
28815,259,48400
28816,257,50100
28817,301,20400
28818,43,384800
28819,333,1700
28820,308,16100
28821,322,8000
28822,0,2000000
28823,297,22550
28824,173,123650
28825,319,9400
28826,329,3600
28827,321,8400
28828,111,206050
28829,331,2600
28830,303,19000
28831,311,14300
28832,321,8100
28833,308,15800
28834,82,262250
28835,303,19100
28836,319,9400
28837,334,1000
28838,3,903550
28839,312,13750
28840,307,16600
28841,126,182000
28842,316,11250
28843,228,72000
28844,215,83350
28845,326,5400
28846,323,7450
28847,245,58400
28848,0,2000000
28849,21,512800
28850,334,700
28851,335,300
28852,0,2000000
28853,326,5400
28854,63,310800
28855,312,13600
28856,1,1066000
28857,269,41000
28858,300,20650
28859,47,364250
28860,59,324000
28861,6,751000
28862,305,17600
28863,8,702400
28864,1,1171100
28865,332,2300
28866,333,1600
28867,11,642000
28868,300,21000
28869,182,114400
28870,296,23400
28871,56,332500
28872,268,42000
28873,169,127700
28874,331,2800
28875,206,91200
28876,324,6700
28877,49,358800
28878,0,1415400
28879,152,147700
28880,0,1387950
28881,306,17400
28882,0,1548600
28883,0,2000000
28884,330,3000
28885,300,21100
28886,273,38600
28887,304,18600
28888,126,182000
28889,108,211200
28890,294,24700
28891,132,173300
28892,0,2000000
28893,259,48000
28894,309,15650
28895,0,1800150
28896,218,80700
28897,35,421400
28898,336,100
28899,336,100
28900,12,614400
28901,298,22150
28902,0,1504600
28903,336,0
28904,316,11200
28905,334,700
28906,66,303200
28907,8,701750
28908,329,3600
28909,329,3700
28910,239,63400
28911,310,14900
28912,68,297000
28913,330,3100
28914,335,150
28915,296,23300
28916,321,8100
28917,0,1950300
28918,197,99600
28919,332,2100
28920,332,2100
28921,333,1500
28922,310,14800
28923,0,2000000
28924,303,18800
28925,66,302200
28926,336,100
28927,287,29300
28928,85,256400
28929,149,151800
28930,3,902000
28931,224,75600
28932,30,451200
28933,2,916000
28934,298,22500
28935,329,3850
28936,329,4000
28937,170,126300
28938,0,1826500
28939,317,10500
28940,48,362250
28941,308,15800
28942,305,17800
28943,58,327400
28944,334,1100
28945,237,64700
28946,238,64400
28947,167,130150
28948,324,6500
28949,318,10400
28950,7,730000
28951,0,2000000
28952,3,902000
28953,200,96750
28954,333,1800
28955,3,873350
28956,0,2000000
28957,0,1510000
28958,291,26400
28959,335,250
28960,320,9200
28961,0,2000000
28962,286,30000
28963,0,2000000
28964,2,965250
28965,285,30200
28966,318,10000
28967,39,400300
28968,150,150000
28969,323,7250
28970,246,58200
28971,327,4800
28972,285,30600
28973,39,400200
28974,232,68600
28975,168,129500
28976,0,1402100
28977,308,16000
28978,275,37100
28979,0,1639300
28980,39,401300
28981,256,50200
28982,5,800000
28983,256,50350
28984,302,19500
28985,0,1866000
28986,300,20750
28987,5,782000
28988,321,8400
28989,61,318800
28990,3,900900
28991,284,31000
28992,300,20900
28993,330,3300
28994,306,17500
28995,271,40000
28996,329,3600
28997,0,1848000
28998,335,300
28999,11,632250
29000,309,15300
29001,330,3000
29002,37,412100
29003,67,300250
29004,307,16500
29005,319,9650
29006,334,800
29007,65,306000
29008,0,2000000
29009,335,300
29010,5,782000
29011,335,550
29012,0,2000000
29013,58,326000
29014,318,10000
29015,335,300
29016,251,54300
29017,327,5000
29018,13,611000
29019,334,1000
29020,271,40200
29021,306,17300
29022,0,2000000
29023,328,4150
29024,331,2700
29025,12,616250
29026,273,38300
29027,147,154000
29028,222,76800
29029,295,24100
29030,0,1360800
29031,268,42100
29032,333,1250
29033,259,48250
29034,321,8100
29035,336,100
29036,332,2000
29037,314,12600
29038,33,432250
29039,334,700
29040,139,164700
29041,13,604300
29042,259,48500
29043,327,5100
29044,215,82600
29045,12,613600
29046,174,122800
29047,334,1000
29048,0,2000000
29049,326,5500
29050,0,2000000
29051,305,17600
29052,150,150000
29053,143,158800
29054,283,32100
29055,335,400
29056,331,2550
29057,306,17350
29058,66,302450
29059,277,35600
29060,298,22400
29061,178,118300
29062,332,2000
29063,327,5050
29064,0,1400500
29065,62,316000
29066,333,1700
29067,256,50400
29068,302,19600
29069,287,29200
29070,62,314000
29071,21,515200
29072,333,1500
29073,317,10550
29074,11,636900
29075,101,223600
29076,332,1900
29077,289,28200
29078,325,6100
29079,269,41200
29080,282,32550
29081,286,29600
29082,284,31300
29083,291,26800
29084,35,420000
29085,0,1651200
29086,329,4000
29087,234,67200
29088,62,316000
29089,333,1400
29090,334,700
29091,336,100
29092,219,79800
29093,308,16200
29094,115,200000
29095,333,1400
29096,251,54300
29097,317,10600
29098,321,8500
29099,133,172800
29100,11,638300
29101,11,644000
29102,312,13500
29103,331,2800
29104,10,651000
29105,334,1000
29106,8,705000
29107,106,214200
29108,2,916000
29109,126,182000
29110,323,7100
29111,314,12300
29112,291,26400
29113,331,2400
29114,336,100
29115,0,2000000
29116,318,10200
29117,13,600900
29118,287,29000
29119,3,900400
29120,97,230600
29121,66,301900
29122,243,60000
29123,334,1050
29124,66,302350
29125,238,64200
29126,332,2350
29127,333,1600
29128,5,770000
29129,304,18300
29130,64,308000
29131,331,2500
29132,288,28400
29133,0,1446000
29134,300,20800
29135,312,13400
29136,332,1850
29137,312,13600
29138,280,33650
29139,6,754000
29140,328,4600
29141,21,516800
29142,334,900
29143,0,1500200
29144,334,1150
29145,6,757200
29146,94,236900
29147,322,7700
29148,321,8150
29149,331,2500
29150,182,114450
29151,311,14350
29152,75,280200
29153,218,80200
29154,314,12350
29155,5,782000
29156,30,450000
29157,28,459600
29158,311,14000
29159,269,41500
29160,323,7400
29161,173,123900
29162,0,2000000
29163,335,300
29164,0,2000000
29165,270,40800
29166,59,324400
29167,286,30000
29168,110,208400
29169,207,89800
29170,207,89800
29171,330,3450
29172,140,162600
29173,210,87000
29174,327,4750
29175,292,25700
29176,318,10150
29177,0,2000000
29178,172,124700
29179,3,856400
29180,312,13650
29181,277,35500
29182,23,501400
29183,318,10000
29184,331,2900
29185,328,4550
29186,0,1225800
29187,25,484200
29188,155,143900
29189,304,18600
29190,1,1023600
29191,279,34500
29192,67,300200
29193,1,1050000
29194,0,1847500
29195,29,456400
29196,102,222000
29197,4,840000
29198,332,2000
29199,170,126800
29200,333,1400
29201,218,80100
29202,143,159100
29203,0,1802300
29204,328,4300
29205,127,181200
29206,0,1386000
29207,313,12900
29208,314,12700
29209,324,6500
29210,0,2000000
29211,304,18700
29212,0,2000000
29213,314,12200
29214,278,34900
29215,328,4350
29216,3,900550
29217,9,666000
29218,264,44700
29219,195,101350
29220,10,650000
29221,207,90100
29222,86,252600
29223,335,400
29224,111,206800
29225,180,116200
29226,0,1357600
29227,11,630500
29228,332,1900
29229,263,45250
29230,323,7300
29231,63,311000
29232,106,215600
29233,100,225150
29234,321,8300
29235,13,603250
29236,217,81000
29237,12,620000
29238,322,7700
29239,176,120800
29240,0,1661200
29241,326,5700
29242,265,44000
29243,0,2000000
29244,329,3800
29245,331,2700
29246,321,8200
29247,155,144300
29248,218,80100
29249,250,54800
29250,335,150
29251,194,102400
29252,0,1326600
29253,318,10100
29254,138,165900
29255,313,12800
29256,269,41400
29257,288,28300
29258,264,45000
29259,2,1000200
29260,137,167000
29261,50,353600
29262,315,11600
29263,176,120200
29264,327,5000
29265,284,31200
29266,38,406850
29267,324,6700
29268,0,1651200
29269,221,77500
29270,329,4000
29271,274,37800
29272,0,1284000
29273,3,869900
29274,280,33850
29275,332,2300
29276,335,500
29277,288,28700
29278,35,423300
29279,38,403850
29280,325,6000
29281,20,523300
29282,0,2000000
29283,1,1026500
29284,48,361200
29285,235,66400
29286,256,50200
29287,321,8500
29288,291,26400
29289,329,3600
29290,249,56000
29291,333,1500
29292,325,6300
29293,328,4150
29294,247,57000
29295,283,31800
29296,323,7400
29297,7,730700
29298,274,37550
29299,0,2000000
29300,241,62000
29301,335,500
29302,121,190000
29303,332,2100
29304,331,2800
29305,256,50200
29306,281,33300
29307,215,83000
29308,259,48000
29309,285,30200
29310,258,49200
29311,0,2000000
29312,2,949350
29313,150,150450
29314,323,7000
29315,334,700
29316,21,512000
29317,329,3800
29318,252,53100
29319,0,2000000
29320,3,853600
29321,297,22700
29322,0,2000000
29323,325,6200
29324,335,300
29325,0,2000000
29326,335,550
29327,333,1450
29328,236,65600
29329,0,2000000
29330,29,458000
29331,139,164600
29332,328,4300
29333,275,37000
29334,329,3600
29335,262,46100
29336,0,2000000
29337,0,2000000
29338,236,65400
29339,331,2600
29340,336,0
29341,8,697250
29342,0,1550700
29343,0,2000000
29344,6,746700
29345,205,91800
29346,333,1700
29347,328,4200
29348,295,23800
29349,307,16800
29350,36,418000
29351,157,141000
29352,329,4000
29353,55,338000
29354,6,754000
29355,218,80300
29356,288,28700
29357,92,241000
29358,333,1400
29359,320,9000
29360,112,203800
29361,319,9800
29362,329,3700
29363,335,600
29364,197,99100
29365,283,32050
29366,271,39800
29367,327,4900
29368,327,5000
29369,2,942500
29370,330,3300
29371,0,2000000
29372,299,21300
29373,327,4800
29374,268,41800
29375,0,2000000
29376,66,303800
29377,265,44300
29378,0,1215000
29379,336,100
29380,34,426600
29381,313,13300
29382,0,2000000
29383,324,6400
29384,332,2100
29385,64,308000
29386,0,2000000
29387,305,18000
29388,170,127000
29389,13,606800
29390,306,17000
29391,323,7400
29392,218,80100
29393,334,800
29394,314,12400
29395,298,22400
29396,231,69550
29397,174,122000
29398,0,2000000
29399,76,277000
29400,312,13800
29401,270,40900
29402,169,128200
29403,282,32450
29404,335,200
29405,219,80000
29406,329,4000
29407,263,45300
29408,67,301150
29409,261,47000
29410,329,3500
29411,336,0
29412,329,3850
29413,21,519000
29414,32,437000
29415,222,77200
29416,4,804100
29417,30,450150
29418,308,16000
29419,1,1160100
29420,336,0
29421,306,17400
29422,331,2700
29423,13,606000
29424,327,4850
29425,11,632250
29426,317,10900
29427,321,8100
29428,10,648000
29429,64,310000
29430,235,66300
29431,0,1214150
29432,314,12200
29433,276,36600
29434,0,1228050
29435,0,1806000
29436,23,497500
29437,243,60500
29438,270,40600
29439,332,1900
29440,328,4400
29441,59,323000
29442,301,20500
29443,1,1107100
29444,329,3900
29445,0,1418100
29446,318,10000
29447,233,68100
29448,332,2250
29449,67,300500
29450,1,1069200
29451,309,15300
29452,233,68350
29453,292,25800
29454,199,97700
29455,217,81600
29456,319,9600
29457,291,26900
29458,180,115600
29459,1,1209700
29460,147,154000
29461,307,16700
29462,0,2000000
29463,140,162450
29464,314,12650
29465,230,70500
29466,47,364300
29467,76,276000
29468,318,10100
29469,282,32800
29470,300,20700
29471,319,9800
29472,0,1314400
29473,315,11600
29474,0,2000000
29475,328,4400
29476,334,1100
29477,285,30700
29478,329,4000
29479,294,24500
29480,325,6100
29481,277,35800
29482,335,500
29483,317,10900
29484,284,31200
29485,200,96650
29486,322,7600
29487,334,900
29488,208,88800
29489,310,15100
29490,329,3950
29491,135,169400
29492,0,2000000
29493,8,701300
29494,317,10600
29495,333,1400
29496,328,4300
29497,67,299800
29498,335,150
29499,332,2000
29500,23,502200
29501,285,30400
29502,12,616600
29503,247,56900
29504,130,177400
29505,17,552200
29506,336,0
29507,318,9900
29508,332,1900
29509,275,37100
29510,334,750
29511,283,31500
29512,315,11900
29513,308,16250
29514,202,94650
29515,317,10900
29516,302,19500
29517,328,4200
29518,313,12900
29519,302,20000
29520,183,113200
29521,216,82000
29522,325,6200
29523,0,2000000
29524,292,25800
29525,1,1029350
29526,300,21000
29527,331,2650
29528,327,4650
29529,312,13900
29530,332,2100
29531,263,45150
29532,0,1503000
29533,6,754000
29534,331,2800
29535,333,1350
29536,269,41500
29537,323,7000
29538,235,66050
29539,319,9450
29540,2,916000
29541,218,80600
29542,0,1804600
29543,287,29000
29544,205,91500
29545,335,650
29546,294,24800
29547,255,51400
29548,311,14500
29549,333,1600
29550,308,16100
29551,30,450000
29552,285,30450
29553,304,18300
29554,3,891500
29555,331,2600
29556,13,600100
29557,322,7600
29558,11,629900
29559,316,11200
29560,152,147900
29561,335,600
29562,5,800800
29563,230,70200
29564,304,18600
29565,309,15300
29566,72,287600
29567,1,1009200
29568,103,220400
29569,167,129900
29570,303,19400
29571,302,19950
29572,306,17300
29573,326,5550
29574,0,1954000
29575,197,99100
29576,335,200
29577,319,9500
29578,44,380000
29579,279,34550
29580,71,288800
29581,333,1700
29582,275,36950
29583,235,66800
29584,318,10000
29585,218,80600
29586,211,86100
29587,306,17000
29588,102,222600
29589,1,1000950
29590,49,357400
29591,329,3950
29592,0,1896300
29593,317,10900
29594,2,949500
29595,280,33500
29596,335,300
29597,109,209000
29598,320,8900
29599,174,122500
29600,262,46100
29601,331,2500
29602,336,0
29603,220,79000
29604,0,1403800
29605,4,841500
29606,84,257600
29607,335,200
29608,29,458000
29609,234,67300
29610,283,31500
29611,0,2000000
29612,301,20400
29613,198,98250
29614,331,2700
29615,314,12400
29616,331,2500
29617,256,50200
29618,303,19000
29619,280,34000
29620,334,1200
29621,321,8600
29622,0,1236400
29623,308,15800
29624,22,505750
29625,254,52000
29626,0,1268650
29627,328,4250
29628,305,17900
29629,285,30200
29630,330,3100
29631,0,2000000
29632,13,606000
29633,22,505300
29634,324,6900
29635,327,4800
29636,1,1140000
29637,206,91000
29638,235,66200
29639,333,1400
29640,332,2200
29641,118,195250
29642,287,29300
29643,319,9700
29644,335,500
29645,231,69900
29646,176,120400
29647,335,300
29648,334,700
29649,18,540000
29650,11,638250
29651,30,450800
29652,334,1200
29653,329,4000
29654,331,2800
29655,100,225000
29656,67,301200
29657,310,15000
29658,324,6900
29659,3,904000
29660,230,70100
29661,315,12100
29662,334,900
29663,301,20300
29664,250,55000
29665,310,15150
29666,308,15950
29667,320,9000
29668,314,12300
29669,264,44600
29670,325,6000
29671,0,2000000
29672,329,3500
29673,7,719800
29674,1,1050000
29675,3,900250
29676,336,100
29677,273,38600
29678,0,2000000
29679,186,109800
29680,283,32150
29681,217,81100
29682,23,500500
29683,144,157200
29684,328,4100
29685,303,19200
29686,243,60000
29687,300,20700
29688,275,37500
29689,331,2500
29690,269,41600
29691,329,4000
29692,314,12700
29693,335,500
29694,244,59400
29695,47,366000
29696,331,2400
29697,318,10200
29698,330,3200
29699,2,953800
29700,5,802300
29701,326,5200
29702,260,47500
29703,327,5000
29704,307,16500
29705,312,13500
29706,327,4950
29707,334,1100
29708,284,31300
29709,304,18550
29710,335,200
29711,319,9800
29712,319,9300
29713,323,7200
29714,240,62700
29715,325,6100
29716,330,3000
29717,230,70400
29718,330,3100
29719,0,1801550
29720,1,1070800
29721,83,259800
29722,27,468100
29723,333,1800
29724,334,1000
29725,28,462200
29726,336,0
29727,334,1050
29728,321,8100
29729,312,13400
29730,191,104600
29731,325,6000
29732,0,2000000
29733,30,452000
29734,0,2000000
29735,328,4350
29736,328,4300
29737,313,13150
29738,316,11150
29739,38,406000
29740,222,77150
29741,322,7900
29742,239,63100
29743,332,2050
29744,332,2100
29745,284,31250
29746,325,5800
29747,304,18300
29748,29,455400
29749,304,18200
29750,306,17000
29751,0,2000000
29752,147,154250
29753,180,115600
29754,216,82200
29755,0,2000000
29756,28,466000
29757,170,126800
29758,0,2000000
29759,270,40500
29760,204,92500
29761,311,14400
29762,272,39500
29763,39,402200
29764,0,2000000
29765,332,2000
29766,321,8300
29767,219,79950
29768,316,11200
29769,133,172000
29770,5,781600
29771,291,26400
29772,330,3200
29773,1,1004500
29774,250,55200
29775,114,201100
29776,312,13750
29777,1,1123300
29778,113,202400
29779,115,199100
29780,0,2000000
29781,140,163000
29782,302,19700
29783,276,36450
29784,288,28550
29785,144,158300
29786,335,250
29787,316,11200
29788,329,4000
29789,20,528550
29790,293,25100
29791,328,4500
29792,286,30100
29793,260,47900
29794,13,603600
29795,2,933600
29796,334,1150
29797,271,40000
29798,319,9400
29799,46,370200
29800,316,11200
29801,324,6500
29802,286,30150
29803,281,33000
29804,332,2000
29805,329,3600
29806,267,42600
29807,218,80200
29808,316,11100
29809,320,9100
29810,1,1204400
29811,1,1203600
29812,0,2000000
29813,328,4350
29814,228,71900
29815,305,17750
29816,329,3700
29817,148,152400
29818,280,33800
29819,67,301450
29820,5,785800
29821,321,8300
29822,331,2600
29823,0,2000000
29824,267,42600
29825,145,156000
29826,336,100
29827,333,1600
29828,2,916000
29829,314,12550
29830,324,6700
29831,267,43000
29832,0,1296500
29833,331,2400
29834,316,11000
29835,332,2200
29836,335,200
29837,285,30600
29838,64,308000
29839,327,5000
29840,328,4600
29841,1,1026400
29842,329,3700
29843,335,600
29844,260,47700
29845,331,2900
29846,42,389300
29847,66,302000
29848,90,246000
29849,111,206800
29850,318,10400
29851,0,2000000
29852,328,4150
29853,29,455200
29854,219,80000
29855,0,1845550
29856,260,47300
29857,58,328600
29858,264,44800
29859,230,70400
29860,303,19300
29861,11,634000
29862,0,1308200
29863,15,584000
29864,0,1651200
29865,296,23500
29866,186,110400
29867,65,305600
29868,0,2000000
29869,173,123800
29870,221,78200
29871,293,25300
29872,305,17700
29873,288,28300
29874,178,118000
29875,329,4000
29876,270,40400
29877,245,58600
29878,1,1203650
29879,208,89500
29880,302,19800
29881,334,750
29882,0,2000000
29883,315,11600
29884,289,28000
29885,0,2000000
29886,335,500
29887,211,86800
29888,326,5600
29889,262,46500
29890,220,78800
29891,216,82300
29892,333,1600
29893,320,9000
29894,277,36100
29895,0,2000000
29896,335,450
29897,36,416700
29898,19,536550
29899,270,40400
29900,157,141950
29901,283,32000
29902,0,2000000
29903,0,2000000
29904,2,1000100
29905,335,250
29906,6,758000
29907,283,31700
29908,31,442000
29909,166,131300
29910,191,105500
29911,3,902000
29912,43,381200
29913,121,190700
29914,330,3050
29915,39,400600
29916,164,133300
29917,336,100
29918,267,42400
29919,0,1995000
29920,316,11350
29921,334,1100
29922,241,61600
29923,81,265600
29924,11,629600
29925,2,916000
29926,275,36900
29927,1,1181200
29928,313,12800
29929,303,18950
29930,0,1712000
29931,130,176050
29932,266,43050
29933,328,4200
29934,325,6200
29935,210,87100
29936,278,35000
29937,307,16850
29938,326,5200
29939,326,5400
29940,30,450000
29941,67,301500
29942,334,1000
29943,327,5100
29944,177,118800
29945,247,57100
29946,0,2000000
29947,318,10200
29948,235,66600
29949,148,152800
29950,334,700
29951,112,203700
29952,333,1650
29953,1,1006000
29954,327,4750
29955,0,1509500
29956,301,20600
29957,320,9000
29958,13,604150
29959,0,1932700
29960,315,11600
29961,318,10050
29962,0,1953000
29963,8,700850
29964,236,65800
29965,1,1001400
29966,0,2000000
29967,294,24800
29968,308,16200
29969,325,5800
29970,0,1241300
29971,334,1150
29972,126,183200
29973,30,450000
29974,311,14500
29975,20,524400
29976,137,167600
29977,6,750600
29978,213,84500
29979,309,15450
29980,309,15300
29981,3,867400
29982,278,35200
29983,319,9300
29984,277,35800
29985,310,15100
29986,292,25700
29987,109,208900
29988,102,222500
29989,0,1583200
29990,335,150
29991,1,1204700
29992,278,35400
29993,0,2000000
29994,112,204800
29995,334,1000
29996,324,6750
29997,308,16100
29998,292,26000
29999,282,32500
30000,292,25800
30001,0,2000000
30002,302,19900
30003,334,1000
30004,332,1850
30005,29,458000
30006,319,9400
30007,40,395000
30008,321,8200
30009,13,603000
30010,0,2000000
30011,6,750500
30012,292,25950
30013,0,2000000
30014,234,67100
30015,84,259000
30016,37,410800
30017,67,300400
30018,245,58600
30019,323,7350
30020,307,16650
30021,226,74100
30022,328,4400
30023,23,501200
30024,0,2000000
30025,198,98000
30026,218,80800
30027,0,2000000
30028,272,39200
30029,0,2000000
30030,319,9700
30031,307,16700
30032,0,2000000
30033,19,539200
30034,313,12950
30035,60,319850
30036,305,17800
30037,321,8100
30038,138,165200
30039,335,300
30040,334,800
30041,98,230000
30042,0,2000000
30043,137,166500
30044,2,963800
30045,203,94000
30046,155,143500
30047,201,95450
30048,12,616600
30049,150,150000
30050,335,600
30051,92,240800
30052,201,95300
30053,6,748500
30054,294,24600
30055,121,189500
30056,319,9300
30057,284,31000
30058,228,72300
30059,290,27100
30060,267,42500
30061,124,185000
30062,326,5200
30063,334,750
30064,0,1232950
30065,8,699250
30066,330,3000
30067,0,1984400
30068,182,114000
30069,281,33200
30070,28,465300
30071,237,65000
30072,330,3000
30073,1,1053600
30074,314,12600
30075,1,1001400
30076,320,8800
30077,334,700
30078,310,15000
30079,32,436500
30080,52,348400
30081,325,6100
30082,99,227600
30083,21,515200
30084,9,664000
30085,235,66500
30086,262,45900
30087,233,68400
30088,170,126500
30089,257,50000
30090,238,63700
30091,116,198500
30092,302,19950
30093,327,5100
30094,298,22200
30095,218,80500
30096,62,316000
30097,282,32500
30098,304,18700
30099,254,52000
30100,18,540000
30101,295,24100
30102,81,264800
30103,0,1403700
30104,301,20600
30105,335,450
30106,235,66600
30107,308,16350
30108,22,504600
30109,144,157900
30110,3,904400
30111,232,68800
30112,0,1560600
30113,318,10200
30114,143,158700
30115,234,66900
30116,8,700150
30117,316,11200
30118,62,314200
30119,260,47400
30120,306,17200
30121,298,22400
30122,333,1300
30123,319,9400
30124,329,3500
30125,228,72000
30126,1,1201100
30127,278,35400
30128,0,1410500
30129,299,21750
30130,10,656500
30131,295,24400
30132,1,1050000
30133,86,253600
30134,318,10400
30135,288,28400
30136,6,755200
30137,327,5000
30138,26,474000
30139,227,73300
30140,0,1390000
30141,333,1550
30142,328,4400
30143,326,5600
30144,326,5600
30145,321,8100
30146,335,300
30147,0,1500000
30148,276,36350
30149,279,34500
30150,0,1803200
30151,321,8400
30152,62,314300
30153,288,28800
30154,321,8300
30155,331,2900
30156,329,3600
30157,244,59500
30158,309,15600
30159,0,1690000
30160,62,316000
30161,1,1200650
30162,328,4250
30163,299,21300
30164,182,113600
30165,329,3900
30166,30,450000
30167,0,1405600
30168,222,76700
30169,91,244000
30170,0,1252000
30171,240,62550
30172,289,28100
30173,321,8300
30174,335,150
30175,273,38200
30176,335,600
30177,335,250
30178,270,40300
30179,334,1100
30180,283,32000
30181,335,400
30182,10,657800
30183,2,946600
30184,217,81200
30185,67,300300
30186,335,400
30187,253,52700
30188,288,28800
30189,330,3000
30190,331,2400
30191,282,32300
30192,98,229400
30193,301,20100
30194,308,15900
30195,5,768900
30196,0,1260700
30197,4,849000
30198,10,656500
30199,307,16500
30200,325,6000
30201,5,800300
30202,276,36700
30203,283,31700
30204,324,6800
30205,6,760250
30206,80,268100
30207,302,19600
30208,283,31900
30209,336,100
30210,3,900250
30211,10,650000
30212,318,10400
30213,334,900
30214,0,2000000
30215,332,2300
30216,327,4900
30217,152,147700
30218,307,16800
30219,330,3250
30220,80,267500
30221,331,2900
30222,221,78200
30223,228,71800
30224,13,603600
30225,294,24600
30226,298,21950
30227,136,168000
30228,23,501500
30229,167,130300
30230,269,41600
30231,138,165100
30232,320,8700
30233,194,101700
30234,0,1607300
30235,325,6300
30236,8,705500
30237,329,3900
30238,30,451200
30239,318,10400
30240,280,33600
30241,148,152000
30242,208,89000
30243,0,1710600
30244,256,50800
30245,1,1044000
30246,0,2000000
30247,333,1800
30248,226,73400
30249,273,38400
30250,0,2000000
30251,88,249000
30252,3,863800
30253,317,10500
30254,237,64800
30255,252,53600
30256,307,16800
30257,306,17200
30258,150,150400
30259,5,782000
30260,335,450
30261,272,39300
30262,64,310000
30263,279,34350
30264,42,386550
30265,293,25400
30266,158,140100
30267,295,24400
30268,13,604400
30269,332,2300
30270,22,511400
30271,143,158900
30272,223,76400
30273,0,1838000
30274,214,83600
30275,105,217000
30276,0,2000000
30277,13,604150
30278,331,2900
30279,0,1950500
30280,332,1900
30281,0,1800750
30282,294,25000
30283,321,8300
30284,0,1406400
30285,333,1800
30286,334,700
30287,29,458000
30288,183,112550
30289,315,11800
30290,321,8600
30291,281,33400
30292,13,600600
30293,279,34700
30294,333,1650
30295,141,161900
30296,48,362950
30297,90,245000
30298,307,16800
30299,328,4200
30300,312,13600
30301,67,300200
30302,279,34700
30303,0,2000000
30304,328,4200
30305,280,33900
30306,321,8400
30307,1,1051600
30308,0,2000000
30309,283,32000
30310,265,44200
30311,228,72000
30312,116,197500
30313,0,2000000
30314,10,653500
30315,30,450000
30316,333,1400
30317,302,19500
30318,335,500
30319,22,505600
30320,82,262500
30321,160,137650
30322,108,211400
30323,159,139200
30324,300,21000
30325,335,600
30326,241,62000
30327,175,120900
30328,1,1066000
30329,65,305600
30330,126,182600
30331,135,170000
30332,310,15000
30333,333,1700
30334,191,104800
30335,328,4500
30336,54,340000
30337,330,3300
30338,335,300
30339,263,45700
30340,305,17800
30341,6,750600
30342,147,154000
30343,315,11600
30344,329,3700
30345,1,1205900
30346,0,1836300
30347,261,46800
30348,106,214300
30349,303,19100
30350,225,74800
30351,278,35000
30352,105,216300
30353,29,458000
30354,321,8400
30355,0,2000000
30356,283,31800
30357,312,13900
30358,301,20500
30359,0,2000000
30360,333,1450
30361,0,1658000
30362,30,451000
30363,135,169900
30364,335,600
30365,330,3100
30366,3,900250
30367,284,31200
30368,0,2000000
30369,239,63100
30370,336,100
30371,335,300
30372,306,17550
30373,281,32950
30374,320,9200
30375,0,2000000
30376,300,21000
30377,1,1010100
30378,334,750
30379,139,164850
30380,330,3300
30381,329,4050
30382,335,300
30383,327,4700
30384,214,84100
30385,278,35200
30386,67,301350
30387,319,9500
30388,299,21400
30389,333,1350
30390,252,53300
30391,336,0
30392,17,552700
30393,1,1004700
30394,298,22000
30395,45,372800
30396,332,1900
30397,324,6400
30398,336,0
30399,335,600
30400,5,782000
30401,323,7400
30402,67,301400
30403,5,801800
30404,322,7500
30405,322,7900
30406,255,51000
30407,329,3800
30408,3,910000
30409,226,73750
30410,330,3100
30411,285,30400
30412,334,700
30413,307,16400
30414,334,1000
30415,285,30650
30416,200,96200
30417,265,44000
30418,1,1068400
30419,317,10900
30420,268,42100
30421,320,9100
30422,218,80500
30423,319,9550
30424,56,332900
30425,186,110000
30426,194,102400
30427,328,4300
30428,333,1300
30429,191,105500
30430,335,500
30431,311,14000
30432,8,690100
30433,317,10900
30434,0,2000000
30435,277,35850
30436,310,14700
30437,329,4000
30438,60,319200
30439,333,1600
30440,2,1000250
30441,148,152400
30442,323,7000
30443,30,450000
30444,109,209500
30445,334,700
30446,331,2600
30447,326,5700
30448,230,70400
30449,1,1008500
30450,37,410000
30451,67,301200
30452,145,155800
30453,245,58700
30454,0,1416600
30455,168,129200
30456,328,4600
30457,284,30900
30458,331,2900
30459,8,701050
30460,231,70000
30461,336,0
30462,265,44200
30463,141,161200
30464,329,3750
30465,3,906000
30466,330,3400
30467,294,24500
30468,308,16000
30469,6,736500
30470,306,17400
30471,324,6500
30472,325,6200
30473,334,1200
30474,3,878800
30475,11,634700
30476,333,1500
30477,141,161500
30478,330,3250
30479,59,322300
30480,133,172000
30481,321,8500
30482,65,304400
30483,323,7450
30484,1,1062000
30485,0,1692500
30486,307,16600
30487,334,900
30488,113,202800
30489,336,100
30490,315,11800
30491,326,5300
30492,318,10000
30493,171,125600
30494,332,2300
30495,331,2550
30496,313,12800
30497,13,610400
30498,309,15400
30499,0,1257100
30500,313,13000
30501,100,225000
30502,0,1470000
30503,335,600
30504,279,34300
30505,283,31600
30506,332,2200
30507,306,17050
30508,117,196100
30509,285,30650
30510,331,2450
30511,140,163000
30512,313,12800
30513,0,2000000
30514,313,13000
30515,1,1050000
30516,256,50600
30517,326,5500
30518,314,12700
30519,322,7950
30520,299,21300
30521,332,1900
30522,331,2600
30523,202,94400
30524,1,1050000
30525,334,800
30526,0,2000000
30527,0,1459000
30528,334,1100
30529,241,61600
30530,60,321400
30531,150,150000
30532,286,30000
30533,331,2400
30534,1,1052400
30535,335,500
30536,331,2800
30537,139,164100
30538,2,934400
30539,175,120900
30540,19,536200
30541,301,20250
30542,332,1900
30543,190,106000
30544,293,25200
30545,319,9400
30546,147,154000
30547,334,700
30548,34,428100
30549,310,14900
30550,318,10300
30551,21,512000
30552,332,2100
30553,199,97100
30554,0,1510000
30555,0,2000000
30556,30,451000
30557,334,1100
30558,271,40000
30559,332,2300
30560,0,2000000
30561,161,137000
30562,305,17950
30563,331,2700
30564,324,6900
30565,44,378000
30566,148,152450
30567,108,211200
30568,307,16600
30569,325,5900
30570,214,84000
30571,0,1322000
30572,314,12400
30573,229,71100
30574,336,100
30575,335,350
30576,90,246000
30577,13,603300
30578,322,7700
30579,272,39550
30580,328,4150
30581,94,236600
30582,326,5750
30583,329,3800
30584,169,127800
30585,2,926400
30586,0,2000000
30587,12,620000
30588,304,18500
30589,0,2000000
30590,0,1418000
30591,2,916000
30592,279,34700
30593,0,1804200
30594,27,472400
30595,0,1384000
30596,313,13300
30597,0,1651600
30598,323,7000
30599,30,450000
30600,285,30400
30601,285,30500
30602,0,2000000
30603,323,7000
30604,276,36400
30605,235,66600
30606,334,1150
30607,0,1800000
30608,334,800
30609,292,26300
30610,245,58700
30611,0,1430900
30612,0,2000000
30613,162,135200
30614,3,901500
30615,329,3950
30616,134,171400
30617,335,300
30618,330,3000
30619,16,564700
30620,330,3300
30621,97,230300
30622,38,407800
30623,267,42700
30624,326,5200
30625,243,60000
30626,0,1597200
30627,334,700
30628,332,2000
30629,118,194400
30630,335,250
30631,333,1250
30632,32,438000
30633,242,60700
30634,324,6500
30635,32,438800
30636,254,51600
30637,334,1000
30638,201,96000
30639,228,72400
30640,293,25600
30641,1,1003950
30642,324,6900
30643,292,26000
30644,150,150000
30645,331,2400
30646,231,69600
30647,0,2000000
30648,328,4100
30649,334,1150
30650,286,29900
30651,0,1322400
30652,166,131000
30653,319,9400
30654,322,7600
30655,238,64400
30656,281,32900
30657,51,351400
30658,113,202000
30659,299,21350
30660,0,2000000
30661,280,34100
30662,334,1100
30663,314,12200
30664,129,178000
30665,12,625900
30666,1,1200800
30667,30,451000
30668,255,51100
30669,173,123600
30670,66,303000
30671,286,29650
30672,227,73100
30673,334,750
30674,257,49550
30675,320,8900
30676,245,58500
30677,0,1656000
30678,228,71700
30679,320,9000
30680,333,1550
30681,7,729400
30682,190,105900
30683,241,61850
30684,283,31700
30685,335,250
30686,330,3100
30687,2,920500
30688,30,450000
30689,0,2000000
30690,335,400
30691,326,5700
30692,302,19600
30693,319,9400
30694,328,4550
30695,330,3000
30696,332,2050
30697,334,1000
30698,13,603100
30699,291,26450
30700,0,2000000
30701,330,3200
30702,105,216800
30703,331,2600
30704,166,131000
30705,328,4100
30706,317,10900
30707,335,200
30708,257,49500
30709,269,41600
30710,317,10600
30711,2,1000100
30712,3,878600
30713,310,15000
30714,332,2300
30715,0,2000000
30716,308,15900
30717,319,9300
30718,320,8800
30719,108,211400
30720,63,312800
30721,114,200400
30722,295,24000
30723,325,5800
30724,0,1406500
30725,316,11000
30726,0,1804000
30727,3,910000
30728,13,602500
30729,183,113200
30730,2,916000
30731,250,55000
30732,304,18600
30733,266,43400
30734,333,1800
30735,0,1550100
30736,0,1362000
30737,0,2000000
30738,332,2100
30739,289,27750
30740,3,902600
30741,302,19700
30742,198,98400
30743,0,2000000
30744,327,5000
30745,307,16700
30746,0,2000000
30747,39,403000
30748,324,6800
30749,8,702600
30750,333,1800
30751,0,1452000
30752,336,0
30753,319,9600
30754,334,800
30755,332,2050
30756,325,6000
30757,2,916000
30758,0,1333500
30759,179,116700
30760,0,2000000
30761,314,12300
30762,13,601500
30763,331,2500
30764,261,46700
30765,300,21200
30766,307,16850
30767,308,16200
30768,0,1563700
30769,326,5600
30770,6,762000
30771,298,22400
30772,243,60300
30773,5,795000
30774,329,3600
30775,1,1054800
30776,327,5100
30777,217,81200
30778,335,300
30779,306,17300
30780,255,51200
30781,322,7950
30782,282,32700
30783,331,2600
30784,333,1700
30785,329,3750
30786,311,14500
30787,5,801600
30788,330,2950
30789,312,13500
30790,335,300
30791,0,2000000
30792,311,14150
30793,1,1004200
30794,192,104500
30795,299,21600
30796,330,3200
30797,306,17200
30798,5,802600
30799,105,215800
30800,333,1600
30801,175,121000
30802,18,546300
30803,329,4000
30804,319,9300
30805,100,225900
30806,108,210550
30807,22,509700
30808,0,2000000
30809,334,900
30810,312,13500
30811,269,41200
30812,319,9400
30813,0,1652400
30814,333,1800
30815,13,600900
30816,294,24900
30817,334,800
30818,0,2000000
30819,229,71200
30820,67,301000
30821,259,48300
30822,330,3200
30823,174,122500
30824,292,25900
30825,162,136200
30826,216,81900
30827,7,732200
30828,334,1200
30829,287,29400
30830,328,4200
30831,0,2000000
30832,335,300
30833,201,96000
30834,308,16200
30835,284,31000
30836,3,902000
30837,335,200
30838,335,400
30839,11,632200
30840,212,86000
30841,322,7700
30842,3,900550
30843,309,15600
30844,235,66400
30845,333,1700
30846,311,14050
30847,37,408450
30848,281,33400
30849,13,600650
30850,0,1592000
30851,0,2000000
30852,332,2200
30853,255,51000
30854,0,1825000
30855,89,246700
30856,335,400
30857,317,10750
30858,332,1900
30859,331,2900
30860,329,3900
30861,323,7300
30862,335,250
30863,146,155600
30864,318,10350
30865,199,97500
30866,0,2000000
30867,258,49100
30868,270,40500
30869,292,25700
30870,269,41600
30871,6,744600
30872,331,2400
30873,64,310000
30874,234,67300
30875,171,126000
30876,335,500
30877,0,1816300
30878,331,2400
30879,139,163700
30880,328,4350
30881,330,3300
30882,280,33950
30883,67,301250
30884,303,18850
30885,331,2400
30886,155,143400
30887,0,1656800
30888,211,86800
30889,0,2000000
30890,238,63700
30891,299,21500
30892,326,5700
30893,331,2750
30894,331,2700
30895,320,9000
30896,290,27250
30897,65,304900
30898,336,100
30899,285,30700
30900,0,2000000
30901,255,51050
30902,0,1351800
30903,80,266800
30904,332,2300
30905,246,57700
30906,332,2100
30907,67,300800
30908,334,700
30909,54,340000
30910,330,3000
30911,300,21000
30912,1,1200100
30913,307,16600
30914,323,7200
30915,291,26650
30916,272,39200
30917,322,7950
30918,76,275600
30919,0,2000000
30920,297,22700
30921,292,26000
30922,325,6000
30923,335,300
30924,237,64600
30925,334,1100
30926,331,2700
30927,114,201600
30928,327,4800
30929,326,5700
30930,113,202600
30931,330,3050
30932,268,42000
30933,0,2000000
30934,5,800300
30935,172,125000
30936,332,2050
30937,308,15900
30938,309,15300
30939,214,84200
30940,25,482900
30941,0,2000000
30942,114,201600
30943,124,185600
30944,0,1658000
30945,321,8600
30946,65,304800
30947,323,7250
30948,329,3950
30949,334,800
30950,294,24950
30951,314,12200
30952,7,725000
30953,322,7500
30954,334,900
30955,65,305100
30956,224,75100
30957,321,8500
30958,67,300200
30959,2,917500
30960,326,5300
30961,3,862400
30962,1,1031150
30963,171,125900
30964,194,102500
30965,0,2000000
30966,333,1700
30967,325,5900
30968,309,15300
30969,226,74000
30970,38,407600
30971,0,1650800
30972,335,350
30973,334,1000
30974,327,5000
30975,336,0
30976,196,100000
30977,335,200
30978,258,48800
30979,103,220400
30980,291,26900
30981,280,33600
30982,243,59850
30983,40,398100
30984,321,8350
30985,319,9600
30986,333,1500
30987,0,2000000
30988,268,41850
30989,0,1950300
30990,292,26100
30991,335,250
30992,274,37600
30993,167,130200
30994,303,19000
30995,304,18600
30996,277,35800
30997,13,605250
30998,63,310600
30999,67,300300
31000,335,300
31001,60,320800
31002,51,350600
31003,307,16750
31004,318,9900
31005,268,42000
31006,324,6900
31007,0,2000000
31008,140,162600
31009,0,2000000
31010,308,15800
31011,51,351600
31012,2,968500
31013,105,216000
31014,230,70800
31015,10,645500
31016,331,2600
31017,49,359500
31018,299,21600
31019,195,101150
31020,10,661000
31021,7,720100
31022,336,100
31023,34,424800
31024,128,179600
31025,30,450000
31026,129,178800
31027,326,5200
31028,281,32850
31029,2,932500
31030,315,12100
31031,1,1000350
31032,329,4000
31033,327,5000
31034,30,452400
31035,331,2800
31036,203,94000
31037,1,1077600
31038,336,100
31039,332,2000
31040,67,300400
31041,315,11600
31042,5,795000
31043,0,1824800
31044,331,2500
31045,305,18100
31046,230,70600
31047,305,18000
31048,266,43600
31049,230,70800
31050,294,24800
31051,4,825000
31052,0,1564300
31053,325,6000
31054,312,13900
31055,331,2700
31056,321,8100
31057,181,115100
31058,327,5100
31059,173,123800
31060,145,155950
31061,292,26000
31062,39,400300
31063,335,550
31064,150,150400
31065,319,9700
31066,330,3000
31067,294,24750
31068,1,1178000
31069,1,1050000
31070,190,105800
31071,336,100
31072,314,12600
31073,0,2000000
31074,0,1362200
31075,333,1500
31076,10,650100
31077,0,1564250
31078,210,87500
31079,157,141400
31080,319,9450
31081,187,109000
31082,260,47300
31083,21,515200
31084,280,33800
31085,327,4700
31086,316,11000
31087,328,4400
31088,330,3000
31089,236,65600
31090,302,20000
31091,280,34000
31092,6,750300
31093,334,900
31094,115,200000
31095,328,4300
31096,333,1800
31097,306,17400
31098,63,310700
31099,334,700
31100,8,702600
31101,330,3100
31102,297,23000
31103,148,152400
31104,305,17800
31105,7,720050
31106,330,3000
31107,314,12300
31108,0,1417400
31109,335,600
31110,35,422200
31111,1,1207200
31112,4,839500
31113,3,874600
31114,321,8150
31115,323,7300
31116,325,6100
31117,14,586200
31118,1,1205100
31119,304,18300
31120,310,14700
31121,264,45100
31122,323,7200
31123,304,18400
31124,324,6800
31125,147,153200
31126,316,11050
31127,316,11200
31128,332,2100
31129,29,458000
31130,291,26600
31131,282,32200
31132,322,7500
31133,227,73000
31134,0,1814100
31135,312,13500
31136,272,39300
31137,1,1006000
31138,1,1206000
31139,59,324000
31140,270,40900
31141,293,25200
31142,246,57600
31143,223,76200
31144,37,412800
31145,271,40150
31146,318,10300
31147,7,730000
31148,238,64150
31149,326,5700
31150,291,26450
31151,264,44950
31152,335,400
31153,333,1400
31154,319,9800
31155,270,40600
31156,333,1500
31157,0,1658000
31158,285,30250
31159,324,6450
31160,82,261600
31161,269,41500
31162,287,28900
31163,187,109000
31164,316,11400
31165,329,3600
31166,331,2800
31167,0,2000000
31168,0,2000000
31169,0,2000000
31170,5,782000
31171,257,49800
31172,329,3700
31173,320,9150
31174,158,140900
31175,323,7300
31176,293,25600
31177,0,1662800
31178,265,44200
31179,327,4800
31180,322,8000
31181,1,1200950
31182,1,1050000
31183,333,1350
31184,188,108200
31185,329,3650
31186,222,77000
31187,0,2000000
31188,8,707600
31189,268,42300
31190,61,316200
31191,277,35700
31192,224,75000
31193,21,514000
31194,322,7700
31195,241,61900
31196,335,300
31197,301,20500
31198,335,250
31199,6,750300
31200,0,2000000
31201,11,631300
31202,147,153250
31203,92,241000
31204,0,2000000
31205,243,60000
31206,46,370200
31207,0,2000000
31208,334,1000
31209,253,52400
31210,309,15200
31211,335,500
31212,302,20000
31213,106,214500
31214,303,18800
31215,0,2000000
31216,0,1501750
31217,309,15400
31218,224,75000
31219,316,11400
31220,140,162250
31221,306,17200
31222,313,13300
31223,274,38000
31224,332,2300
31225,328,4500
31226,232,68500
31227,254,51600
31228,327,4800
31229,1,1050000
31230,217,81500
31231,230,70800
31232,0,1844200
31233,330,3200
31234,332,2300
31235,41,392700
31236,109,210000
31237,3,905200
31238,269,41200
31239,271,40000
31240,38,404800
31241,299,21300
31242,334,700
31243,142,160600
31244,0,2000000
31245,308,16100
31246,54,340800
31247,1,1118000
31248,253,52800
31249,306,17100
31250,336,100
31251,192,104500
31252,216,81950
31253,307,16400
31254,0,2000000
31255,333,1250
31256,1,1208750
31257,0,1441400
31258,288,28250
31259,324,6700
31260,246,57800
31261,326,5600
31262,309,15250
31263,323,7200
31264,48,361800
31265,133,172400
31266,145,156400
31267,60,320600
31268,245,58600
31269,259,48300
31270,0,2000000
31271,150,150100
31272,0,2000000
31273,1,1200300
31274,230,70600
31275,333,1600
31276,330,3300
31277,0,2000000
31278,143,158400
31279,327,4800
31280,0,2000000
31281,233,68300
31282,334,800
31283,135,170200
31284,0,1654800
31285,62,316000
31286,323,7350
31287,321,8450
31288,329,4000
31289,308,16000
31290,283,32100
31291,283,32000
31292,1,1203650
31293,0,1411600
31294,0,2000000
31295,34,428900
31296,248,56500
31297,303,19300
31298,306,17400
31299,31,444500
31300,280,34100
31301,12,623100
31302,0,1240900
31303,0,1250150
31304,74,280600
31305,319,9450
31306,273,38400
31307,30,450600
31308,334,1000
31309,208,89400
31310,328,4400
31311,328,4200
31312,1,1050000
31313,327,4800
31314,264,45100
31315,291,26700
31316,0,2000000
31317,332,2300
31318,225,74400
31319,279,34550
31320,326,5250
31321,263,45400
31322,67,300000
31323,332,2200
31324,332,2200
31325,297,22900
31326,239,63350
31327,333,1750
31328,0,2000000
31329,328,4600
31330,1,1201700
31331,234,66900
31332,130,177400
31333,30,450000
31334,331,2700
31335,0,2000000
31336,252,53200
31337,178,118100
31338,105,217000
31339,118,194200
31340,2,960300
31341,333,1600
31342,7,723200
31343,318,9900
31344,1,1040400
31345,12,622150
31346,335,600
31347,129,178700
31348,255,50900
31349,22,505000
31350,0,2000000
31351,9,682300
31352,333,1700
31353,292,26000
31354,303,19000
31355,335,200
31356,330,3100
31357,0,1658000
31358,335,300
31359,335,500
31360,57,330600
31361,115,200000
31362,249,55600
31363,165,132800
31364,319,9600
31365,301,20200
31366,331,2450
31367,276,36700
31368,1,1050000
31369,211,86400
31370,326,5500
31371,323,7200
31372,304,18200
31373,329,3700
31374,0,2000000
31375,271,40200
31376,302,19900
31377,332,1900
31378,86,254400
31379,146,155000
31380,132,173200
31381,306,17150
31382,123,187600
31383,4,820100
31384,332,1900
31385,221,77900
31386,320,9150
31387,333,1350
31388,331,2400
31389,217,80900
31390,5,770000
31391,82,262200
31392,328,4200
31393,333,1250
31394,154,145600
31395,306,17400
31396,238,64000
31397,107,213400
31398,0,2000000
31399,320,8850
31400,231,69800
31401,286,30000
31402,64,308000
31403,271,40000
31404,12,622400
31405,332,1900
31406,0,2000000
31407,244,59500
31408,299,21450
31409,285,30600
31410,33,431000
31411,243,60150
31412,106,215200
31413,263,45400
31414,213,84800
31415,62,316000
31416,329,3650
31417,328,4200
31418,0,1326300
31419,0,1954600
31420,320,9200
31421,59,324150
31422,0,2000000
31423,21,516200
31424,308,16150
31425,66,302000
31426,0,1501100
31427,5,767300
31428,198,98800
31429,311,14300
31430,245,58400
31431,42,388450
31432,333,1600
31433,334,1000
31434,0,2000000
31435,324,6800
31436,107,212600
31437,333,1500
31438,129,178500
31439,335,300
31440,0,2000000
31441,11,636400
31442,325,6000
31443,319,9400
31444,143,158800
31445,246,57600
31446,334,800
31447,0,1614800
31448,276,36300
31449,13,602500
31450,334,700
31451,299,21700
31452,1,1186000
31453,288,28400
31454,9,666000
31455,118,195300
31456,221,77800
31457,172,124650
31458,257,49700
31459,251,54500
31460,3,878200
31461,335,200
31462,315,11600
31463,275,37500
31464,0,2000000
31465,0,1362000
31466,299,21600
31467,1,1050000
31468,257,49600
31469,223,75800
31470,8,700800
31471,317,10800
31472,2,952500
31473,334,1100
31474,0,2000000
31475,334,900
31476,0,1228000
31477,283,31800
31478,0,2000000
31479,7,708900
31480,305,17850
31481,333,1400
31482,334,900
31483,1,1051200
31484,150,150300
31485,279,34400
31486,275,37050
31487,0,1218300
31488,122,188000
31489,110,208500
31490,319,9300
31491,303,19000
31492,48,363200
31493,317,10900
31494,56,332600
31495,298,22300
31496,334,900
31497,325,6000
31498,310,15000
31499,299,21800
31500,273,38200
31501,304,18600
31502,314,12600
31503,23,500000
31504,150,150600
31505,307,16400
31506,330,3000
31507,142,160150
31508,0,1970000
31509,304,18700
31510,248,56100
31511,23,500500
31512,311,14250
31513,312,13500
31514,334,800
31515,327,4800
31516,46,371200
31517,323,7400
31518,0,1604200
31519,299,21400
31520,234,67400
31521,274,37800
31522,323,7000
31523,319,9500
31524,324,6600
31525,328,4600
31526,310,14950
31527,0,2000000
31528,295,23800
31529,291,26600
31530,335,400
31531,0,2000000
31532,328,4500
31533,166,130950
31534,335,400
31535,336,100
31536,0,1613100
31537,0,1617000
31538,333,1300
31539,285,30500
31540,304,18600
31541,321,8300
31542,0,1891200
31543,322,8000
31544,320,9000
31545,210,87700
31546,0,2000000
31547,13,603750
31548,199,97800
31549,0,2000000
31550,335,300
31551,323,7300
31552,320,9000
31553,0,2000000
31554,310,14900
31555,0,1802400
31556,182,113700
31557,295,24000
31558,231,70000
31559,329,3500
31560,293,25200
31561,231,69800
31562,231,69800
31563,323,7400
31564,0,2000000
31565,329,3800
31566,166,130800
31567,334,750
31568,328,4200
31569,106,215400
31570,3,908200
31571,216,82100
31572,273,38200
31573,318,10300
31574,204,92800
31575,197,99100
31576,305,18000
31577,335,300
31578,319,9250
31579,335,350
31580,149,151200
31581,51,351800
31582,148,152000
31583,231,69700
31584,67,300250
31585,44,376600
31586,200,96800
31587,223,76100
31588,21,519200
31589,173,123350
31590,0,1757800
31591,10,650500
31592,333,1450
31593,327,4700
31594,26,474000
31595,238,63800
31596,67,301400
31597,312,13600
31598,0,1954000
31599,294,24500
31600,330,3000
31601,270,40500
31602,61,316600
31603,240,62150
31604,0,2000000
31605,0,1952400
31606,0,1602500
31607,47,367700
31608,335,450
31609,335,300
31610,187,108800
31611,159,139700
31612,11,634700
31613,325,6200
31614,330,3000
31615,312,13400
31616,0,1470000
31617,194,102500
31618,260,47700
31619,5,782000
31620,8,702850
31621,36,414000
31622,0,2000000
31623,48,362200
31624,318,10300
31625,0,2000000
31626,45,373200
31627,202,94900
31628,294,24550
31629,3,902000
31630,334,800
31631,280,33600
31632,296,23200
31633,3,900300
31634,304,18200
31635,233,68000
31636,328,4400
31637,0,1982000
31638,333,1700
31639,259,48200
31640,15,580000
31641,1,1212000
31642,100,226000
31643,279,34800
31644,327,4850
31645,270,40600
31646,0,1312000
31647,333,1400
31648,66,304000
31649,333,1600
31650,0,2000000
31651,271,40000
31652,328,4600
31653,328,4600
31654,332,2000
31655,281,33300
31656,253,52850
31657,335,400
31658,331,2550
31659,1,1051600
31660,7,719700
31661,334,900
31662,191,105000
31663,222,77100
31664,233,67700
31665,76,276800
31666,11,630000
31667,305,17700
31668,332,2050
31669,294,24700
31670,1,1181200
31671,334,1100
31672,202,94400
31673,0,1272000
31674,189,107200
31675,200,96600
31676,316,11100
31677,0,1489000
31678,237,65200
31679,0,1299000
31680,1,1050000
31681,194,102400
31682,336,100
31683,29,458800
31684,241,61900
31685,324,6900
31686,316,11200
31687,309,15200
31688,261,46600
31689,198,98000
31690,0,1390300
31691,303,19400
31692,0,1805400
31693,260,47500
31694,325,6300
31695,308,16000
31696,333,1600
31697,247,57500
31698,167,130200
31699,0,1800100
31700,96,232800
31701,241,61800
31702,278,35000
31703,308,16000
31704,64,308800
31705,142,160250
31706,334,1000
31707,54,340350
31708,271,39800
31709,315,11900
31710,317,10600
31711,311,14100
31712,315,12100
31713,23,502300
31714,322,8000
31715,270,40300
31716,306,17100
31717,333,1700
31718,225,74500
31719,1,1009000
31720,170,126500
31721,0,1509800
31722,287,29500
31723,264,45100
31724,166,131100
31725,306,17200
31726,330,3000
31727,241,62000
31728,173,123400
31729,3,907800
31730,48,362800
31731,0,2000000
31732,23,500000
31733,267,42550
31734,271,40000
31735,316,11200
31736,269,41600
31737,334,1100
31738,0,1262150
31739,153,146700
31740,331,2700
31741,159,138800
31742,274,38000
31743,67,300250
31744,0,1648150
31745,308,16000
31746,333,1600
31747,306,17000
31748,238,64400
31749,289,28200
31750,237,64900
31751,13,601500
31752,328,4200
31753,325,6000
31754,260,47400
31755,127,180700
31756,292,25700
31757,326,5400
31758,199,97200
31759,335,500
31760,312,13900
31761,266,43600
31762,0,1463600
31763,325,5900
31764,0,1448600
31765,6,750400
31766,280,33800
31767,194,102550
31768,266,43450
31769,223,75800
31770,302,19600
31771,333,1750
31772,165,131800
31773,153,146900
31774,243,60100
31775,7,719800
31776,2,916000
31777,295,23800
31778,131,175200
31779,304,18400
31780,256,50800
31781,306,17200
31782,51,350400
31783,39,402650
31784,322,8000
31785,290,27300
31786,330,3400
31787,257,49550
31788,0,1394000
31789,318,10300
31790,240,62400
31791,224,75000
31792,295,23800
31793,334,1200
31794,0,1430150
31795,89,246300
31796,119,193700
31797,227,72500
31798,8,701400
31799,322,7500
31800,191,105000
31801,319,9400
31802,107,212950
31803,66,301800
31804,325,6000
31805,199,97200
31806,141,161000
31807,0,1712000
31808,319,9700
31809,0,2000000
31810,333,1700
31811,319,9300
31812,296,23700
31813,330,3000
31814,270,40900
31815,320,8800
31816,194,101700
31817,191,104600
31818,174,121900
31819,0,1312700
31820,320,8900
31821,67,300500
31822,334,800
31823,149,150800
31824,0,2000000
31825,3,860200
31826,325,6000
31827,326,5250
31828,286,29650
31829,316,11200
31830,335,500
31831,150,150000
31832,328,4400
31833,30,452400
31834,326,5700
31835,153,146200
31836,307,16600
31837,0,2000000
31838,0,2000000
31839,335,300
31840,0,1553700
31841,301,20400
31842,62,316000
31843,334,900
31844,336,0
31845,272,39000
31846,0,1273750
31847,142,160150
31848,239,63000
31849,328,4600
31850,1,1055600
31851,288,28550
31852,0,2000000
31853,0,2000000
31854,313,13350
31855,25,482600
31856,329,3900
31857,328,4300
31858,25,483150
31859,200,96500
31860,146,155600
31861,175,121700
31862,41,393100
31863,30,450800
31864,275,37400
31865,269,41400
31866,274,37700
31867,78,271800
31868,311,14100
31869,30,450000
31870,143,159500
31871,12,619300
31872,281,33200
31873,0,2000000
31874,114,200400
31875,0,1266600
31876,333,1500
31877,0,2000000
31878,0,2000000
31879,270,40700
31880,328,4200
31881,195,100800
31882,330,3150
31883,285,30200
31884,278,34900
31885,270,40800
31886,287,29100
31887,280,33650
31888,0,1318000
31889,285,30500
31890,328,4100
31891,270,40250
31892,324,6450
31893,318,9950
31894,287,29400
31895,0,2000000
31896,271,39900
31897,322,7700
31898,21,517000
31899,260,47600
31900,0,1503600
31901,40,396600
31902,265,44000
31903,2,919200
31904,0,2000000
31905,331,2700
31906,296,23400
31907,321,8500
31908,15,581200
31909,49,358550
31910,0,2000000
31911,16,564800
31912,315,12150
31913,306,17000
31914,290,27400
31915,307,16500
31916,98,228900
31917,198,98100
31918,277,35600
31919,330,3400
31920,1,1000600
31921,1,1208450
31922,146,155100
31923,6,764300
31924,272,39500
31925,236,65300
31926,0,1603700
31927,314,12600
31928,335,500
31929,336,100
31930,325,6000
31931,324,6800
31932,37,409600
31933,168,129200
31934,0,2000000
31935,169,128000
31936,335,300
31937,80,267600
31938,176,120300
31939,332,1950
31940,179,117050
31941,125,184300
31942,320,9100
31943,330,3000
31944,329,4000
31945,99,227200
31946,10,652000
31947,0,2000000
31948,303,19200
31949,67,300000
31950,0,2000000
31951,287,29400
31952,304,18750
31953,66,301800
31954,318,10100
31955,313,13300
31956,322,7500
31957,330,3300
31958,13,602700
31959,174,122400
31960,258,48900
31961,0,1801650
31962,281,32900
31963,0,2000000
31964,13,602600
31965,327,5000
31966,256,50800
31967,329,4000
31968,308,16300
31969,85,256500
31970,0,1954000
31971,4,821800
31972,271,40200
31973,41,393800
31974,236,65900
31975,300,21000
31976,51,351200
31977,218,80400
31978,4,805000
31979,320,9000
31980,328,4200
31981,0,2000000
31982,0,2000000
31983,257,49500
31984,28,463600
31985,146,155000
31986,280,33500
31987,75,278300
31988,246,57700
31989,300,20900
31990,325,6100
31991,306,17500
31992,1,1008600
31993,296,23200
31994,308,16000
31995,190,106150
31996,197,99450
31997,13,607450
31998,330,3400
31999,326,5400
32000,336,100
32001,113,202400
32002,334,1200
32003,325,6100
32004,295,24000
32005,142,159700
32006,8,701100
32007,326,5500
32008,305,18050
32009,280,33600
32010,11,630500
32011,311,14400
32012,333,1300
32013,65,305800
32014,43,382400
32015,192,103600
32016,66,302000
32017,235,66200
32018,335,200
32019,333,1800
32020,14,593750
32021,2,939900
32022,62,315000
32023,29,453500
32024,309,15200
32025,320,8700
32026,8,702450
32027,332,2100
32028,301,20300
32029,47,365200
32030,2,941700
32031,1,1027700
32032,155,144200
32033,333,1400
32034,24,494400
32035,251,54000
32036,294,24600
32037,5,787500
32038,158,140500
32039,330,3400
32040,1,1209200
32041,223,76300
32042,333,1400
32043,306,17500
32044,104,218200
32045,259,48200
32046,0,2000000
32047,334,800
32048,134,170800
32049,208,89200
32050,334,800
32051,141,162000
32052,192,104150
32053,327,4800
32054,327,4800
32055,65,304900
32056,0,1658000
32057,276,36700
32058,1,1050000
32059,89,246600
32060,229,71400
32061,334,900
32062,335,200
32063,66,302000
32064,307,16600
32065,306,17300
32066,239,63000
32067,184,112000
32068,167,130600
32069,311,14000
32070,336,100
32071,0,2000000
32072,332,1950
32073,334,1200
32074,53,345500
32075,334,1050
32076,44,380000
32077,334,750
32078,330,3400
32079,12,621500
32080,232,68600
32081,319,9600
32082,321,8100
32083,321,8600
32084,4,828600
32085,151,148600
32086,279,34800
32087,332,2100
32088,304,18200
32089,263,45800
32090,214,83600
32091,242,61000
32092,323,7300
32093,325,6000
32094,1,1082000
32095,0,2000000
32096,327,5100
32097,332,2300
32098,333,1300
32099,330,3000
32100,336,0
32101,331,2400
32102,50,355000
32103,0,2000000
32104,331,2900
32105,70,291200
32106,0,1266300
32107,295,24100
32108,326,5400
32109,307,16700
32110,135,169500
32111,279,34350
32112,335,500
32113,332,2000
32114,21,514000
32115,157,142000
32116,0,1954000
32117,3,874000
32118,324,6600
32119,334,700
32120,29,458000
32121,331,2750
32122,217,81500
32123,273,38200
32124,1,1052000
32125,333,1500
32126,156,142200
32127,319,9500
32128,311,14050
32129,188,107600
32130,150,150000
32131,302,20000
32132,0,2000000
32133,1,1038000
32134,324,6800
32135,240,62200
32136,237,65200
32137,147,153300
32138,209,88500
32139,292,26100
32140,46,368300
32141,281,33100
32142,307,16700
32143,66,301800
32144,319,9400
32145,27,467200
32146,3,900200
32147,302,19600
32148,326,5750
32149,318,10200
32150,333,1700
32151,314,12650
32152,307,16700
32153,309,15400
32154,267,42800
32155,313,13200
32156,335,600
32157,13,605750
32158,270,40900
32159,0,2000000
32160,58,328400
32161,11,636000
32162,3,900200
32163,147,154000
32164,286,29600
32165,10,648400
32166,329,3900
32167,197,99600
32168,0,1248150
32169,326,5200
32170,308,16050
32171,278,35300
32172,328,4450
32173,307,16450
32174,291,26950
32175,287,29100
32176,0,1499600
32177,1,1209100
32178,285,30400
32179,311,14500
32180,209,88000
32181,49,358950
32182,104,218000
32183,321,8600
32184,313,12800
32185,334,1200
32186,305,17800
32187,95,235050
32188,320,9200
32189,331,2900
32190,0,1312000
32191,331,2600
32192,0,1405300
32193,0,1418800
32194,307,16900
32195,321,8100
32196,275,37400
32197,7,713500
32198,226,74000
32199,13,604150
32200,255,51200
32201,0,2000000
32202,49,358600
32203,283,31600
32204,0,2000000
32205,22,506500
32206,249,55600
32207,322,7600
32208,0,1312000
32209,67,300900
32210,269,41100
32211,0,1396400
32212,333,1300
32213,0,1458600
32214,79,268500
32215,90,244300
32216,335,450
32217,319,9400
32218,330,3000
32219,324,6800
32220,326,5300
32221,38,405800
32222,272,38900
32223,195,101150
32224,246,57800
32225,1,1040400
32226,12,614700
32227,333,1250
32228,194,102100
32229,293,25100
32230,318,10400
32231,1,1066000
32232,134,170800
32233,87,250600
32234,54,339200
32235,328,4200
32236,3,900400
32237,3,900300
32238,306,17350
32239,27,470500
32240,242,60900
32241,334,1100
32242,324,6850
32243,0,2000000
32244,306,17000
32245,136,168900
32246,310,14700
32247,316,11100
32248,302,20000
32249,335,400
32250,0,2000000
32251,327,5000
32252,232,69000
32253,329,3800
32254,323,7200
32255,88,249000
32256,212,85900
32257,285,30600
32258,247,57100
32259,305,18100
32260,0,1489300
32261,322,7650
32262,320,9000
32263,200,96050
32264,257,49900
32265,206,90700
32266,175,121600
32267,331,2600
32268,255,51400
32269,336,0
32270,323,7400
32271,67,300400
32272,332,1900
32273,44,378400
32274,0,2000000
32275,0,2000000
32276,107,212400
32277,321,8600
32278,320,9000
32279,314,12400
32280,250,55200
32281,20,522000
32282,216,81800
32283,336,0
32284,315,12100
32285,303,19100
32286,334,1200
32287,335,400
32288,305,17600
32289,21,518200
32290,321,8100
32291,293,25600
32292,333,1500
32293,160,138500
32294,13,604200
32295,143,159000
32296,1,1006000
32297,8,707000
32298,316,11250
32299,0,1470000
32300,312,13500
32301,0,2000000
32302,318,10050
32303,262,46000
32304,0,1406050
32305,315,12100
32306,3,901500
32307,310,15000
32308,199,97600
32309,172,124200
32310,290,27050
32311,336,0
32312,324,6600
32313,0,2000000
32314,280,33700
32315,175,121800
32316,0,2000000
32317,325,6000
32318,185,111300
32319,322,7700
32320,100,225750
32321,0,1446000
32322,137,167600
32323,0,1212800
32324,301,20400
32325,6,763200
32326,298,22100
32327,329,3950
32328,324,6800
32329,192,104300
32330,328,4400
32331,216,81800
32332,335,200
32333,297,22800
32334,275,37300
32335,328,4450
32336,29,454800
32337,124,185850
32338,13,602600
32339,200,96600
32340,21,514000
32341,286,29600
32342,0,1803000
32343,317,10700
32344,328,4200
32345,11,632300
32346,11,640000
32347,205,91550
32348,276,36600
32349,325,6000
32350,327,4700
32351,39,398800
32352,28,466000
32353,254,52300
32354,30,450600
32355,323,7200
32356,282,32450
32357,334,1150
32358,0,1804250
32359,325,6000
32360,324,6600
32361,336,100
32362,333,1700
32363,0,2000000
32364,193,103100
32365,300,20900
32366,317,10600
32367,332,2300
32368,313,13100
32369,228,72000
32370,21,514000
32371,334,900
32372,67,300900
32373,328,4350
32374,335,500
32375,19,530400
32376,12,613800
32377,1,1201800
32378,300,20800
32379,122,187800
32380,0,2000000
32381,328,4450
32382,329,3950
32383,307,16400
32384,308,16000
32385,10,652000
32386,328,4400
32387,335,250
32388,308,16000
32389,6,759000
32390,323,7000
32391,329,3800
32392,6,752000
32393,316,11050
32394,306,17000
32395,279,34400
32396,331,2400
32397,0,2000000
32398,261,47050
32399,257,49800
32400,335,200
32401,332,1900
32402,333,1300
32403,272,39400
32404,194,102000
32405,0,2000000
32406,225,74500
32407,142,160600
32408,156,143200
32409,335,500
32410,4,843800
32411,2,952000
32412,296,23200
32413,317,10900
32414,279,34400
32415,283,31600
32416,331,2500
32417,0,1414500
32418,318,10300
32419,255,51400
32420,29,458000
32421,334,750
32422,65,305800
32423,332,2000
32424,0,1554300
32425,294,25000
32426,253,52350
32427,275,37200
32428,167,129750
32429,0,2000000
32430,229,71600
32431,335,400
32432,89,246600
32433,210,87350
32434,24,493100
32435,335,150
32436,327,5050
32437,329,3500
32438,69,295400
32439,274,37600
32440,0,1450300
32441,329,3600
32442,332,1950
32443,280,34100
32444,314,12200
32445,320,9000
32446,290,27000
32447,295,23800
32448,36,414700
32449,333,1400
32450,138,166000
32451,333,1700
32452,324,6400
32453,0,2000000
32454,311,14100
32455,144,158100
32456,30,451000
32457,331,2500
32458,294,24600
32459,231,69600
32460,72,286650
32461,147,154400
32462,227,73200
32463,180,116300
32464,87,252200
32465,322,7700
32466,185,111000
32467,321,8300
32468,333,1500
32469,5,801000
32470,306,17300
32471,305,18000
32472,336,100
32473,309,15300
32474,0,1804300
32475,323,7400
32476,148,153000
32477,37,412800
32478,327,4900
32479,297,22900
32480,9,669100
32481,224,75000
32482,322,7650
32483,313,13200
32484,0,1585200
32485,13,604800
32486,0,1848600
32487,280,34000
32488,51,351600
32489,126,182000
32490,280,34000
32491,333,1800
32492,239,63000
32493,165,131900
32494,30,450000
32495,117,196700
32496,61,316800
32497,123,187500
32498,211,86800
32499,229,71500
32500,13,606000
32501,316,11250
32502,333,1700
32503,333,1500
32504,291,26500
32505,259,48600
32506,331,2600
32507,276,36500
32508,243,60450
32509,335,200
32510,30,450000
32511,280,33700
32512,197,99700
32513,307,16700
32514,120,191200
32515,268,41700
32516,13,607000
32517,0,1758000
32518,0,2000000
32519,311,14350
32520,62,316000
32521,13,602700
32522,294,25000
32523,308,16200
32524,2,916500
32525,232,69200
32526,322,7900
32527,185,111000
32528,316,11300
32529,94,236400
32530,1,1050000
32531,283,31800
32532,66,302200
32533,0,2000000
32534,208,89600
32535,47,364500
32536,185,111400
32537,305,18100
32538,327,4800
32539,331,2700
32540,0,1398700
32541,284,31050
32542,173,123200
32543,59,324000
32544,330,3000
32545,0,1450800
32546,224,75200
32547,0,2000000
32548,0,1832550
32549,334,1100
32550,253,52600
32551,0,1954000
32552,205,91600
32553,316,11100
32554,232,68650
32555,214,84000
32556,324,6600
32557,334,1000
32558,334,750
32559,332,2000
32560,335,400
32561,319,9400
32562,0,1245000
32563,290,27500
32564,326,5200
32565,150,150000
32566,296,23200
32567,51,352000
32568,334,1050
32569,0,1429500
32570,331,2500
32571,280,33800
32572,120,191900
32573,117,196150
32574,61,316600
32575,23,500600
32576,0,1296200
32577,328,4300
32578,333,1400
32579,333,1300
32580,334,1200
32581,243,60500
32582,1,1157400
32583,62,316000
32584,329,3700
32585,317,10800
32586,307,16800
32587,319,9300
32588,30,450600
32589,258,49200
32590,271,40000
32591,289,28000
32592,284,31000
32593,317,10600
32594,92,240200
32595,331,2600
32596,325,6150
32597,5,789600
32598,236,66000
32599,296,23400
32600,315,11900
32601,116,197600
32602,0,2000000
32603,329,3550
32604,154,145000
32605,284,31200
32606,2,963600
32607,66,302500
32608,329,3500
32609,8,705400
32610,292,25700
32611,162,135450
32612,0,1710250
32613,323,7100
32614,306,17400
32615,84,257100
32616,10,653500
32617,61,316600
32618,1,1202000
32619,309,15400
32620,334,1000
32621,336,100
32622,322,8000
32623,0,2000000
32624,207,90400
32625,332,2300
32626,274,38100
32627,132,173500
32628,319,9600
32629,329,3500
32630,280,33700
32631,253,52400
32632,315,12150
32633,7,719000
32634,3,900400
32635,311,14100
32636,0,1403750
32637,198,98600
32638,114,201000
32639,295,23800
32640,4,835500
32641,320,9000
32642,67,301500
32643,215,82600
32644,270,40600
32645,1,1201400
32646,328,4300
32647,96,234000
32648,325,5800
32649,334,1200
32650,322,7700
32651,47,366600
32652,208,89500
32653,328,4500
32654,331,2700
32655,325,6050
32656,324,6400
32657,1,1202800
32658,295,24400
32659,160,138200
32660,308,16000
32661,252,53500
32662,0,2000000
32663,0,2000000
32664,298,22250
32665,328,4400
32666,330,3200
32667,244,59450
32668,74,280600
32669,328,4200
32670,0,2000000
32671,164,133800
32672,283,31700
32673,309,15400
32674,94,236400
32675,189,106900
32676,88,248400
32677,324,6400
32678,327,5100
32679,333,1300
32680,336,0
32681,315,11900
32682,320,9000
32683,253,53000
32684,322,7800
32685,334,700
32686,324,6600
32687,270,40700
32688,25,485300
32689,230,70300
32690,283,32050
32691,3,882700
32692,328,4200
32693,331,2600
32694,101,223500
32695,13,601000
32696,1,1050000
32697,316,11100
32698,331,2700
32699,301,20300
32700,328,4600
32701,330,3400
32702,333,1600
32703,325,6200
32704,328,4100
32705,296,23400
32706,334,700
32707,271,40150
32708,0,1353400
32709,328,4350
32710,13,601400
32711,0,2000000
32712,296,23700
32713,221,78200
32714,319,9500
32715,127,180700
32716,1,1205750
32717,300,21000
32718,335,250
32719,46,369100
32720,276,36200
32721,240,62300
32722,1,1060500
32723,321,8100
32724,326,5550
32725,181,115000
32726,64,308500
32727,11,632600
32728,263,45200
32729,4,840000
32730,255,51550
32731,249,55600
32732,332,2200
32733,64,309200
32734,0,1501800
32735,100,226500
32736,299,21600
32737,103,220400
32738,321,8100
32739,335,250
32740,286,30000
32741,326,5600
32742,0,2000000
32743,320,9000
32744,3,900400
32745,307,16500
32746,324,6800
32747,333,1300
32748,0,2000000
32749,334,700
32750,321,8300
32751,0,2000000
32752,4,849000
32753,0,2000000
32754,0,2000000
32755,328,4200
32756,329,3800
32757,277,35600
32758,326,5700
32759,266,43200
32760,10,661000
32761,319,9450
32762,311,14000
32763,257,49700
32764,48,364000
32765,282,32700
32766,44,378600
32767,285,30400
32768,335,300
32769,317,10700
32770,327,5000
32771,6,758400
32772,335,550
32773,335,500
32774,90,245000
32775,329,3800
32776,29,458000
32777,335,650
32778,333,1750
32779,336,0
32780,192,104400
32781,332,1900
32782,330,3350
32783,335,300
32784,227,72800
32785,325,5800
32786,198,98000
32787,299,21600
32788,170,126900
32789,332,2100
32790,253,52700
32791,51,350700
32792,234,66950
32793,0,1860800
32794,330,3400
32795,284,31400
32796,2,917200
32797,1,1200650
32798,66,302800
32799,51,352000
32800,0,2000000
32801,310,14700
32802,305,18100
32803,33,430000
32804,324,6800
32805,0,2000000
32806,0,1243500
32807,275,36900
32808,324,6600
32809,306,17100
32810,1,1083200
32811,320,8900
32812,315,12100
32813,107,212400
32814,262,46500
32815,290,27400
32816,0,2000000
32817,326,5200
32818,332,2000
32819,308,16300
32820,42,388000
32821,57,330200
32822,31,445400
32823,334,1100
32824,334,1100
32825,99,226800
32826,233,67900
32827,323,7400
32828,67,300300
32829,334,1200
32830,6,751300
32831,301,20600
32832,91,243800
32833,313,13000
32834,136,168000
32835,278,35200
32836,7,732600
32837,254,52000
32838,243,60300
32839,292,26100
32840,90,246000
32841,48,361200
32842,334,700
32843,130,176300
32844,117,195800
32845,317,10600
32846,313,13200
32847,66,302000
32848,200,96800
32849,225,74950
32850,150,150000
32851,126,182000
32852,247,57400
32853,327,5000
32854,143,158800
32855,309,15500
32856,313,12900
32857,30,451200
32858,316,11000
32859,0,2000000
32860,140,163150
32861,309,15400
32862,300,20800
32863,0,2000000
32864,147,154000
32865,312,13900
32866,313,13000
32867,302,19900
32868,253,53000
32869,0,2000000
32870,250,54900
32871,47,366000
32872,313,13300
32873,0,1995000
32874,283,32100
32875,329,4000
32876,124,185000
32877,332,1900
32878,332,2150
32879,315,11850
32880,290,27500
32881,195,101200
32882,232,68700
32883,108,210500
32884,13,601800
32885,330,3350
32886,0,1226000
32887,282,32200
32888,230,70200
32889,273,38600
32890,325,5900
32891,335,450
32892,332,2000
32893,261,47200
32894,320,9000
32895,135,169400
32896,335,200
32897,47,364300
32898,51,352500
32899,0,1415200
32900,335,300
32901,0,1714000
32902,0,1400700
32903,332,1900
32904,311,14300
32905,0,2000000
32906,83,260400
32907,330,3200
32908,331,2500
32909,286,29700
32910,264,45000
32911,318,9900
32912,28,460000
32913,298,22200
32914,126,182600
32915,277,35700
32916,327,4900
32917,0,1524400
32918,335,300
32919,117,196100
32920,244,59200
32921,335,350
32922,314,12250
32923,97,231050
32924,0,2000000
32925,310,14800
32926,3,902550
32927,0,2000000
32928,0,2000000
32929,298,22400
32930,66,302000
32931,254,52000
32932,5,801600
32933,331,2750
32934,302,20000
32935,163,134800
32936,57,329500
32937,14,586000
32938,311,14100
32939,0,2000000
32940,323,7050
32941,286,30100
32942,282,32350
32943,326,5600
32944,230,70700
32945,332,2050
32946,326,5400
32947,269,41000
32948,175,121600
32949,288,28500
32950,0,1470000
32951,51,350750
32952,37,412600
32953,307,16800
32954,332,2200
32955,51,351000
32956,111,205400
32957,326,5750
32958,321,8500
32959,124,185000
32960,2,916000
32961,0,2000000
32962,61,316600
32963,335,400
32964,275,37000
32965,0,2000000
32966,156,143100
32967,317,10700
32968,274,37800
32969,317,10900
32970,0,1992250
32971,336,0
32972,22,503600
32973,237,65200
32974,264,45000
32975,198,98000
32976,64,309500
32977,330,3400
32978,7,716800
32979,281,33100
32980,324,6900
32981,239,63100
32982,328,4300
32983,87,251000
32984,0,2000000
32985,261,46800
32986,335,600
32987,332,2000
32988,330,3100
32989,0,1840400
32990,324,6600
32991,311,14000
32992,11,639000
32993,333,1800
32994,0,2000000
32995,319,9600
32996,314,12200
32997,312,13800
32998,1,1046600
32999,322,7800
33000,39,400200
33001,13,603000
33002,51,351200
33003,321,8300
33004,0,2000000
33005,332,2000
33006,276,36500
33007,0,1650800
33008,310,14950
33009,308,16200
33010,44,378900
33011,11,642600
33012,213,84700
33013,0,1954000
33014,1,1204600
33015,333,1500
33016,327,4800
33017,311,14200
33018,306,17000
33019,317,10600
33020,106,214750
33021,322,7600
33022,107,213600
33023,331,2400
33024,282,32500
33025,0,2000000
33026,0,1579800
33027,316,11050
33028,30,450000
33029,114,201800
33030,306,17500
33031,327,4650
33032,3,888400
33033,242,61250
33034,332,2000
33035,301,20600
33036,36,415300
33037,307,16700
33038,4,810800
33039,138,166200
33040,333,1800
33041,1,1203500
33042,204,92900
33043,114,201700
33044,260,47300
33045,314,12700
33046,281,32900
33047,315,11600
33048,295,24400
33049,308,16150
33050,330,3200
33051,13,602400
33052,265,44100
33053,276,36700
33054,125,183500
33055,136,168000
33056,329,3800
33057,13,600400
33058,307,16800
33059,41,392400
33060,0,2000000
33061,307,16700
33062,242,61200
33063,218,80200
33064,218,80100
33065,0,1407350
33066,1,1201900
33067,1,1028200
33068,335,250
33069,1,1036000
33070,335,600
33071,39,400200
33072,313,13200
33073,280,33900
33074,288,28800
33075,29,458000
33076,10,648600
33077,56,334600
33078,0,1800000
33079,322,7700
33080,332,1900
33081,251,54300
33082,331,2400
33083,305,17600
33084,332,2000
33085,140,162400
33086,319,9600
33087,305,18000
33088,10,655150
33089,63,311200
33090,293,25400
33091,299,21500
33092,313,13250
33093,60,321300
33094,0,2000000
33095,208,89000
33096,126,182000
33097,6,750900
33098,0,2000000
33099,200,96600
33100,0,2000000
33101,30,450000
33102,326,5400
33103,0,2000000
33104,323,7000
33105,184,111600
33106,243,60150
33107,305,17600
33108,327,5000
33109,327,4900
33110,66,302400
33111,243,60150
33112,215,83000
33113,312,13800
33114,304,18500
33115,0,2000000
33116,335,500
33117,282,32650
33118,235,66300
33119,105,215800
33120,322,7700
33121,336,100
33122,13,604300
33123,1,1091600
33124,67,300200
33125,0,2000000
33126,333,1500
33127,300,21200
33128,0,2000000
33129,228,72100
33130,195,100900
33131,6,750500
33132,336,0
33133,316,11300
33134,331,2400
33135,334,700
33136,0,2000000
33137,256,50200
33138,306,17200
33139,85,255900
33140,333,1600
33141,214,84250
33142,0,2000000
33143,331,2450
33144,237,64600
33145,279,34600
33146,111,206000
33147,330,3250
33148,13,609100
33149,315,12100
33150,332,2300
33151,299,21800
33152,305,18000
33153,328,4600
33154,264,44600
33155,252,53600
33156,315,11650
33157,325,6100
33158,329,3800
33159,7,730150
33160,49,358300
33161,259,48400
33162,218,80800
33163,316,11400
33164,317,10900
33165,51,351600
33166,283,32000
33167,108,210500
33168,294,24500
33169,8,700600
33170,310,14700
33171,334,1000
33172,255,51100
33173,308,15800
33174,13,603100
33175,325,6200
33176,335,600
33177,0,1564300
33178,294,24800
33179,61,316600
33180,314,12300
33181,269,41150
33182,3,900600
33183,302,19600
33184,0,2000000
33185,333,1800
33186,150,150000
33187,327,5000
33188,317,10800
33189,0,1995000
33190,200,96150
33191,0,2000000
33192,335,250
33193,318,10000
33194,229,71500
33195,326,5400
33196,331,2400
33197,263,45800
33198,309,15600
33199,310,14900
33200,316,11500
33201,23,503200
33202,44,378600
33203,322,7950
33204,289,27700
33205,30,451000
33206,217,80900
33207,217,81600
33208,218,80600
33209,335,650
33210,334,800
33211,334,950
33212,304,18500
33213,6,755000
33214,3,850000
33215,331,2800
33216,0,2000000
33217,320,9000
33218,244,59400
33219,180,115600
33220,137,167400
33221,331,2650
33222,64,310000
33223,302,19500
33224,335,550
33225,307,16900
33226,0,2000000
33227,0,1658000
33228,327,4800
33229,213,85000
33230,50,356400
33231,333,1700
33232,191,105000
33233,119,193400
33234,4,837000
33235,87,251100
33236,334,700
33237,303,19300
33238,332,2200
33239,335,600
33240,243,60200
33241,264,44600
33242,143,158800
33243,0,2000000
33244,139,163800
33245,273,38700
33246,77,274300
33247,174,122600
33248,140,163550
33249,196,100550
33250,280,34000
33251,41,390600
33252,211,86300
33253,23,502500
33254,7,708200
33255,292,25850
33256,0,1369200
33257,3,912400
33258,300,21000
33259,23,500000
33260,329,4000
33261,333,1500
33262,116,197900
33263,77,274600
33264,270,40800
33265,275,37300
33266,208,89350
33267,0,1224100
33268,233,68250
33269,237,64700
33270,173,123500
33271,328,4200
33272,5,793800
33273,160,137750
33274,74,281400
33275,251,54000
33276,77,274300
33277,148,152200
33278,118,194800
33279,5,774000
33280,6,735000
33281,319,9700
33282,324,6500
33283,283,31800
33284,325,6300
33285,125,183500
33286,318,10200
33287,333,1400
33288,333,1400
33289,331,2400
33290,255,51050
33291,150,150300
33292,307,16900
33293,277,35900
33294,6,756000
33295,267,42400
33296,325,5900
33297,236,65300
33298,60,321600
33299,256,50600
33300,283,31550
33301,295,24100
33302,0,2000000
33303,20,525000
33304,329,3700
33305,277,35600
33306,67,300200
33307,329,3700
33308,332,2200
33309,297,22600
33310,65,305050
33311,181,115300
33312,137,167400
33313,0,2000000
33314,212,85700
33315,271,40000
33316,295,24250
33317,0,1358000
33318,150,150000
33319,1,1051600
33320,0,2000000
33321,29,453400
33322,100,226000
33323,316,11000
33324,334,750
33325,311,14500
33326,213,85000
33327,0,1386600
33328,56,333200
33329,2,923200
33330,336,0
33331,334,1100
33332,291,26500
33333,259,48600
33334,0,1850100
33335,335,300
33336,285,30800
33337,281,33100
33338,319,9700
33339,285,30400
33340,0,2000000
33341,0,2000000
33342,288,28300
33343,332,2000
33344,330,3250
33345,282,32500
33346,328,4600
33347,134,171000
33348,328,4100
33349,314,12650
33350,13,601000
33351,325,6100
33352,201,96000
33353,185,110600
33354,122,188600
33355,334,1050
33356,108,212000
33357,332,2000
33358,200,96700
33359,109,209400
33360,334,950
33361,301,20500
33362,258,49300
33363,329,4000
33364,288,28600
33365,17,553500
33366,2,916000
33367,335,400
33368,285,30700
33369,0,1613500
33370,6,758000
33371,315,11900
33372,148,152000
33373,3,902300
33374,0,2000000
33375,310,14800
33376,277,36150
33377,320,9200
33378,317,10600
33379,306,17100
33380,0,2000000
33381,258,48700
33382,50,353600
33383,158,140300
33384,336,0
33385,106,214500
33386,334,850
33387,186,109700
33388,335,500
33389,308,16300
33390,330,3000
33391,24,491500
33392,6,750600
33393,324,6800
33394,324,6500
33395,1,1008500
33396,73,283400
33397,334,1200
33398,334,950
33399,0,1410300
33400,310,15100
33401,325,5850
33402,157,141200
33403,63,313000
33404,271,40000
33405,74,280600
33406,150,150400
33407,291,26600
33408,78,271600
33409,301,20500
33410,333,1750
33411,297,22600
33412,285,30400
33413,328,4600
33414,8,700300
33415,0,2000000
33416,26,477800
33417,330,3400
33418,325,5800
33419,152,147700
33420,334,700
33421,289,27800
33422,214,83900
33423,243,60000
33424,334,950
33425,334,700
33426,139,163700
33427,320,8650
33428,0,2000000
33429,0,2000000
33430,21,512400
33431,0,2000000
33432,312,13500
33433,312,13600
33434,0,2000000
33435,0,1415100
33436,324,6500
33437,334,750
33438,23,500400
33439,0,1296600
33440,324,6400
33441,335,400
33442,332,2050
33443,278,34900
33444,333,1600
33445,336,100
33446,239,63600
33447,334,750
33448,325,6000
33449,321,8500
33450,292,26050
33451,307,16500
33452,308,16000
33453,336,0
33454,313,13300
33455,218,80500
33456,297,23100
33457,126,182400
33458,0,2000000
33459,333,1500
33460,48,361800
33461,318,10150
33462,331,2800
33463,314,12500
33464,103,220800
33465,333,1300
33466,36,414200
33467,64,308900
33468,331,2700
33469,74,280500
33470,336,100
33471,300,21000
33472,48,362200
33473,213,84750
33474,327,5000
33475,0,1508300
33476,150,150500
33477,125,184300
33478,6,748500
33479,291,26800
33480,319,9300
33481,0,2000000
33482,0,1361250
33483,334,900
33484,328,4250
33485,305,17600
33486,334,700
33487,272,39400
33488,298,22500
33489,78,272700
33490,64,308500
33491,335,650
33492,333,1800
33493,284,31400
33494,1,1205000
33495,0,2000000
33496,332,2250
33497,126,182900
33498,12,618100
33499,216,82200
33500,22,511000
33501,303,18950
33502,185,111150
33503,23,500000
33504,8,700100
33505,4,827400
33506,236,65350
33507,320,9000
33508,25,480800
33509,301,20600
33510,316,11100
33511,1,1008500
33512,0,2000000
33513,1,1052000
33514,3,905000
33515,226,73750
33516,186,110400
33517,274,38000
33518,326,5500
33519,336,0
33520,335,650
33521,237,65000
33522,37,408400
33523,41,390000
33524,0,2000000
33525,36,413600
33526,0,1610600
33527,0,2000000
33528,316,11100
33529,272,39200
33530,39,401300
33531,0,2000000
33532,322,7800
33533,54,341300
33534,72,287100
33535,197,99200
33536,0,2000000
33537,276,36700
33538,1,1050500
33539,269,41200
33540,0,2000000
33541,327,5000
33542,320,8900
33543,224,75000
33544,271,40000
33545,320,9100
33546,333,1300
33547,1,1050000
33548,335,200
33549,283,31500
33550,25,480100
33551,334,750
33552,117,196000
33553,314,12600
33554,3,900400
33555,247,56800
33556,330,3000
33557,0,1246200
33558,147,154100
33559,1,1080100
33560,12,616650
33561,327,4900
33562,314,12500
33563,332,2000
33564,236,65600
33565,0,1498300
33566,0,1400600
33567,320,8900
33568,333,1600
33569,333,1400
33570,326,5200
33571,0,2000000
33572,325,6000
33573,334,800
33574,320,9000
33575,0,1832500
33576,255,50900
33577,284,31000
33578,188,108100
33579,211,86650
33580,303,18800
33581,319,9300
33582,279,34500
33583,334,1050
33584,288,28700
33585,0,2000000
33586,307,16600
33587,308,16050
33588,295,23800
33589,153,145800
33590,5,782000
33591,13,608000
33592,0,2000000
33593,331,2900
33594,0,1403900
33595,319,9600
33596,0,2000000
33597,4,806100
33598,329,3800
33599,289,27700
33600,310,15000
33601,1,1193000
33602,158,140600
33603,281,33300
33604,327,4700
33605,222,77000
33606,62,316000
33607,30,450000
33608,282,32800
33609,319,9300
33610,331,2600
33611,277,36100
33612,334,700
33613,322,7600
33614,307,16800
33615,0,2000000
33616,305,17700
33617,64,310000
33618,291,26650
33619,260,47500
33620,325,6200
33621,230,70650
33622,205,92100
33623,0,2000000
33624,0,2000000
33625,276,36600
33626,327,5100
33627,334,800
33628,47,365300
33629,331,2700
33630,228,71800
33631,263,45150
33632,333,1700
33633,334,900
33634,105,217000
33635,93,238200
33636,49,357300
33637,111,206600
33638,282,32600
33639,0,1850400
33640,12,618800
33641,335,400
33642,1,1066000
33643,109,208900
33644,333,1750
33645,3,905350
33646,241,61750
33647,322,7700
33648,280,33800
33649,51,351600
33650,278,35400
33651,88,249000
33652,285,30700
33653,126,182000
33654,305,17700
33655,295,24100
33656,237,64750
33657,314,12600
33658,313,13150
33659,20,521600
33660,264,45000
33661,67,300900
33662,334,950
33663,0,2000000
33664,335,250
33665,251,54100
33666,297,22900
33667,240,62900
33668,4,833600
33669,238,63800
33670,196,100400
33671,3,904000
33672,294,24750
33673,335,200
33674,335,350
33675,64,308400
33676,29,455900
33677,294,25000
33678,325,6200
33679,53,345500
33680,300,21050
33681,295,23800
33682,311,14550
33683,272,39000
33684,333,1300
33685,0,2000000
33686,0,2000000
33687,176,119800
33688,323,7100
33689,332,1900
33690,7,718300
33691,282,32300
33692,59,323300
33693,304,18200
33694,0,1446000
33695,62,314000
33696,336,0
33697,297,22700
33698,0,2000000
33699,1,1050000
33700,0,2000000
33701,328,4200
33702,277,36000
33703,328,4300
33704,89,246700
33705,333,1450
33706,1,1051200
33707,17,556000
33708,311,14000
33709,314,12500
33710,321,8200
33711,1,1000800
33712,290,27000
33713,145,156500
33714,0,2000000
33715,333,1600
33716,322,8000
33717,312,13600
33718,226,73600
33719,61,318000
33720,324,6800
33721,319,9400
33722,237,65000
33723,325,6000
33724,112,203800
33725,299,21700
33726,283,32000
33727,219,79200
33728,315,12000
33729,82,263200
33730,0,1620000
33731,56,333000
33732,116,198400
33733,328,4600
33734,303,18950
33735,112,203900
33736,51,351800
33737,60,320500
33738,284,31150
33739,285,30800
33740,318,10200
33741,126,182000
33742,332,1900
33743,329,3800
33744,279,34500
33745,320,9000
33746,174,121900
33747,47,367000
33748,0,2000000
33749,180,116200
33750,319,9400
33751,4,811850
33752,228,72400
33753,296,23200
33754,307,16500
33755,297,23100
33756,334,1100
33757,226,73800
33758,39,402400
33759,87,250800
33760,228,72000
33761,173,123450
33762,329,4000
33763,51,350000
33764,271,40000
33765,239,63200
33766,38,405900
33767,335,200
33768,137,167000
33769,302,19600
33770,150,150000
33771,334,1000
33772,5,793900
33773,328,4450
33774,331,2800
33775,324,6500
33776,97,231550
33777,0,2000000
33778,105,215900
33779,283,32100
33780,302,19600
33781,285,30400
33782,0,2000000
33783,285,30400
33784,333,1400
33785,327,4800
33786,293,25200
33787,87,252500
33788,303,19100
33789,329,3700
33790,148,153100
33791,0,2000000
33792,2,938500
33793,324,6500
33794,268,42250
33795,318,10200
33796,298,22200
33797,39,400800
33798,4,827400
33799,1,1007400
33800,333,1800
33801,23,500000
33802,5,802150
33803,231,69900
33804,251,54400
33805,10,651900
33806,137,167200
33807,275,37400
33808,332,2200
33809,299,21800
33810,282,32500
33811,39,399000
33812,329,3750
33813,0,1390000
33814,0,1554100
33815,0,2000000
33816,0,1714000
33817,12,616850
33818,322,8000
33819,172,124100
33820,238,64000
33821,64,309600
33822,322,7900
33823,333,1650
33824,15,581000
33825,8,702500
33826,12,627600
33827,256,50700
33828,280,33700
33829,3,857600
33830,330,3000
33831,324,6600
33832,331,2700
33833,315,12000
33834,335,300
33835,316,11500
33836,0,1355900
33837,194,101850
33838,335,250
33839,25,481200
33840,307,16500
33841,224,75600
33842,1,1178000
33843,286,30000
33844,269,41200
33845,295,24300
33846,238,64300
33847,253,52900
33848,175,121100
33849,88,250200
33850,11,630900
33851,335,400
33852,271,40200
33853,0,2000000
33854,333,1400
33855,283,32100
33856,333,1500
33857,327,5000
33858,331,2400
33859,322,7600
33860,30,452800
33861,335,600
33862,282,32400
33863,314,12700
33864,1,1054600
33865,7,730300
33866,13,609500
33867,1,1066000
33868,78,272200
33869,270,40900
33870,320,8800
33871,39,398800
33872,331,2600
33873,305,17800
33874,99,226600
33875,268,42300
33876,8,700200
33877,320,9000
33878,234,67100
33879,30,450000
33880,297,22900
33881,65,306300
33882,0,1604900
33883,327,5100
33884,39,400900
33885,314,12400
33886,331,2800
33887,107,212300
33888,329,3600
33889,328,4400
33890,302,19750
33891,0,1503200
33892,328,4350
33893,294,24900
33894,90,246000
33895,333,1300
33896,29,454400
33897,8,707500
33898,333,1400
33899,324,6900
33900,0,1412000
33901,175,121200
33902,318,10150
33903,220,78400
33904,328,4200
33905,216,82000
33906,5,801950
33907,336,0
33908,334,1200
33909,1,1204800
33910,304,18300
33911,335,350
33912,13,604000
33913,186,109800
33914,268,41950
33915,217,81700
33916,335,600
33917,279,34400
33918,332,2100
33919,110,207600
33920,308,15900
33921,50,353600
33922,297,23100
33923,65,304400
33924,300,21200
33925,335,300
33926,33,429300
33927,305,17800
33928,311,14200
33929,0,1817950
33930,335,200
33931,323,7250
33932,334,1200
33933,242,60850
33934,0,1418000
33935,0,2000000
33936,1,1039450
33937,253,52400
33938,56,333100
33939,13,604000
33940,0,2000000
33941,1,1205500
33942,126,181800
33943,335,300
33944,335,500
33945,2,1000100
33946,174,121950
33947,108,210800
33948,140,162550
33949,335,200
33950,313,13250
33951,0,2000000
33952,23,501400
33953,311,14300
33954,329,3700
33955,269,41200
33956,195,101600
33957,325,5900
33958,320,9000
33959,234,67200
33960,238,64300
33961,308,16000
33962,22,506300
33963,1,1050000
33964,327,5100
33965,0,2000000
33966,318,9900
33967,333,1300
33968,309,15200
33969,318,10400
33970,216,82100
33971,47,365750
33972,1,1001500
33973,8,705800
33974,335,650
33975,201,95600
33976,24,493900
33977,334,800
33978,301,20600
33979,63,312950
33980,247,57300
33981,334,800
33982,331,2800
33983,334,750
33984,325,6000
33985,334,1200
33986,330,3000
33987,0,2000000
33988,334,700
33989,328,4600
33990,0,2000000
33991,150,150200
33992,336,100
33993,298,22250
33994,336,100
33995,0,2000000
33996,174,122200
33997,51,350000
33998,318,9900
33999,0,1352400
34000,320,9050
34001,257,49600
34002,318,10200
34003,0,2000000
34004,311,14550
34005,310,15000
34006,336,100
34007,22,506800
34008,99,227400
34009,0,2000000
34010,330,3400
34011,206,91300
34012,42,385000
34013,242,60950
34014,282,32400
34015,318,9900
34016,0,1224400
34017,81,264500
34018,334,900
34019,315,11800
34020,1,1001400
34021,5,800900
34022,0,1580000
34023,324,6900
34024,1,1008900
34025,296,23200
34026,196,100100
34027,287,29100
34028,3,852200
34029,330,3300
34030,335,300
34031,310,14900
34032,318,10200
34033,318,10300
34034,232,68900
34035,332,1900
34036,302,19600
34037,311,14200
34038,334,700
34039,0,1213800
34040,259,48000
34041,184,112000
34042,140,163300
34043,273,38800
34044,19,534100
34045,323,7400
34046,326,5200
34047,262,46400
34048,279,34500
34049,0,1360000
34050,0,1225100
34051,4,806100
34052,185,111500
34053,114,200800
34054,332,2200
34055,331,2700
34056,247,56900
34057,35,421800
34058,252,53500
34059,312,13900
34060,304,18600
34061,334,700
34062,322,8000
34063,271,39850
34064,1,1007600
34065,13,600550
34066,93,238200
34067,56,333000
34068,2,918400
34069,335,450
34070,1,1052000
34071,22,507200
34072,239,63200
34073,325,6150
34074,118,194100
34075,323,7050
34076,21,518800
34077,328,4550
34078,1,1207800
34079,8,707200
34080,331,2900
34081,152,148100
34082,335,200
34083,305,18100
34084,0,1623600
34085,335,200
34086,3,900450
34087,316,11500
34088,334,900
34089,61,317000
34090,138,165300
34091,332,2350
34092,21,515400
34093,298,22350
34094,336,0
34095,296,23200
34096,146,154600
34097,330,3350
34098,291,26550
34099,84,258350
34100,326,5600
34101,322,7700
34102,326,5300
34103,13,607900
34104,260,47950
34105,324,6500
34106,324,6800
34107,335,300
34108,324,6400
34109,8,700600
34110,0,1841500
34111,245,58800
34112,55,337400
34113,269,41000
34114,64,310000
34115,84,257400
34116,328,4450
34117,0,2000000
34118,320,8800
34119,308,16100
34120,263,45800
34121,313,13100
34122,322,7500
34123,254,51600
34124,326,5500
34125,141,162000
34126,22,505400
34127,90,246000
34128,280,33600
34129,111,205800
34130,243,60200
34131,0,1358300
34132,325,6300
34133,335,500
34134,297,22600
34135,286,29600
34136,314,12200
34137,60,322200
34138,305,17900
34139,24,488000
34140,317,10900
34141,87,252200
34142,301,20200
34143,312,13400
34144,25,480800
34145,308,16200
34146,197,99600
34147,4,816300
34148,325,6300
34149,322,7500
34150,182,113600
34151,0,1852000
34152,333,1700
34153,7,710700
34154,221,77500
34155,336,0
34156,336,0
34157,150,150000
34158,1,1036400
34159,14,590400
34160,332,2000
34161,319,9800
34162,48,362550
34163,269,41600
34164,329,3600
34165,271,40000
34166,296,23450
34167,150,150600
34168,327,4900
34169,259,48250
34170,13,612200
34171,0,2000000
34172,148,152200
34173,8,705000
34174,300,21000
34175,332,2100
34176,318,9850
34177,7,719800
34178,286,29600
34179,313,13300
34180,0,2000000
34181,303,19150
34182,314,12600
34183,309,15400
34184,0,1224400
34185,195,100800
34186,288,28800
34187,164,134000
34188,255,51250
34189,229,71500
34190,292,26200
34191,331,2500
34192,181,114600
34193,274,38000
34194,0,2000000
34195,329,4000
34196,89,247600
34197,334,700
34198,297,22600
34199,334,1200
34200,0,1853900
34201,9,680800
34202,0,2000000
34203,148,152500
34204,320,9200
34205,13,600000
34206,199,97600
34207,328,4600
34208,323,7200
34209,316,11200
34210,192,104100
34211,334,800
34212,195,100800
34213,327,5100
34214,325,6300
34215,18,544600
34216,302,19900
34217,328,4200
34218,50,353300
34219,307,16400
34220,316,11400
34221,148,152400
34222,1,1206900
34223,239,63450
34224,0,2000000
34225,326,5350
34226,323,7000
34227,229,70900
34228,335,300
34229,143,158800
34230,283,32000
34231,195,101300
34232,303,18900
34233,317,10500
34234,20,521200
34235,320,9200
34236,11,642000
34237,297,22950
34238,328,4300
34239,8,705700
34240,331,2600
34241,322,7600
34242,327,4850
34243,231,70000
34244,23,500900
34245,329,3500
34246,305,18150
34247,217,81400
34248,0,2000000
34249,135,169000
34250,0,2000000
34251,13,603000
34252,250,55000
34253,13,600000
34254,228,72000
34255,3,898550
34256,269,41450
34257,329,3650
34258,325,6300
34259,332,1900
34260,92,240600
34261,0,2000000
34262,305,17900
34263,218,80150
34264,22,508000
34265,271,40150
34266,271,40000
34267,13,600550
34268,306,17000
34269,221,77950
34270,318,10050
34271,331,2900
34272,64,308250
34273,1,1000300
34274,327,5000
34275,138,165700
34276,299,21300
34277,269,41400
34278,176,119900
34279,13,608400
34280,139,164400
34281,4,806400
34282,325,5800
34283,322,7700
34284,319,9300
34285,100,224800
34286,257,50100
34287,306,17400
34288,317,10600
34289,333,1800
34290,300,21200
34291,320,8700
34292,312,13400
34293,319,9250
34294,242,61100
34295,113,202100
34296,142,160900
34297,300,20800
34298,150,150000
34299,0,1354400
34300,225,74900
34301,30,451800
34302,251,54100
34303,331,2600
34304,0,1306700
34305,311,14100
34306,60,322200
34307,0,2000000
34308,23,497600
34309,253,52400
34310,326,5600
34311,236,65600
34312,304,18400
34313,0,1652800
34314,39,400300
34315,318,10400
34316,0,2000000
34317,307,16500
34318,91,242900
34319,208,89500
34320,11,642000
34321,320,8750
34322,144,157800
34323,330,3400
34324,293,25600
34325,310,14700
34326,249,55300
34327,334,950
34328,1,1008650
34329,233,67650
34330,332,1850
34331,327,5100
34332,333,1600
34333,23,501800
34334,284,31400
34335,5,801000
34336,140,162600
34337,328,4500
34338,0,2000000
34339,0,1800850
34340,42,388300
34341,313,13200
34342,335,300
34343,330,3400
34344,1,1059600
34345,315,11600
34346,112,204800
34347,229,71600
34348,329,3600
34349,2,916000
34350,10,650000
34351,25,483000
34352,0,2000000
34353,67,300400
34354,330,3000
34355,328,4600
34356,336,0
34357,288,28600
34358,58,325700
34359,289,27700
34360,329,4000
34361,257,50100
34362,226,73750
34363,263,45300
34364,41,393000
34365,282,32650
34366,278,35300
34367,334,900
34368,0,1950700
34369,38,404300
34370,46,371600
34371,280,33900
34372,47,365800
34373,335,650
34374,109,210000
34375,304,18300
34376,332,2000
34377,0,2000000
34378,18,540000
34379,315,11600
34380,319,9350
34381,0,1832600
34382,326,5200
34383,21,516300
34384,22,510400
34385,287,29500
34386,31,441000
34387,60,319200
34388,69,293600
34389,321,8400
34390,314,12650
34391,312,13500
34392,331,2800
34393,209,88350
34394,292,25700
34395,248,56050
34396,300,21200
34397,162,135800
34398,60,321600
34399,302,19800
34400,1,1028300
34401,0,1383000
34402,334,850
34403,89,247750
34404,318,9900
34405,1,1001500
34406,6,746000
34407,13,602250
34408,294,24600
34409,321,8500
34410,6,754000
34411,243,60200
34412,318,9900
34413,306,17200
34414,217,81400
34415,336,100
34416,331,2500
34417,35,421900
34418,333,1400
34419,334,700
34420,298,21900
34421,0,1590000
34422,335,500
34423,333,1800
34424,252,53200
34425,321,8150
34426,335,450
34427,260,47700
34428,92,240550
34429,225,74550
34430,331,2800
34431,47,366600
34432,3,910000
34433,317,10900
34434,314,12300
34435,324,6400
34436,332,2250
34437,0,1766000
34438,335,600
34439,187,109400
34440,5,800800
34441,335,500
34442,309,15200
34443,283,32050
34444,296,23700
34445,296,23600
34446,113,203600
34447,117,195800
34448,254,52200
34449,45,375000
34450,114,200400
34451,0,2000000
34452,190,106000
34453,335,400
34454,334,850
34455,168,129500
34456,39,400300
34457,1,1001800
34458,269,41600
34459,0,2000000
34460,135,169100
34461,245,58400
34462,323,7400
34463,0,1443300
34464,306,17500
34465,335,600
34466,331,2600
34467,21,514000
34468,232,68600
34469,8,701400
34470,297,22600
34471,66,304000
34472,315,11800
34473,334,1200
34474,331,2800
34475,329,4000
34476,333,1400
34477,330,3400
34478,331,2900
34479,330,3400
34480,334,700
34481,29,456000
34482,332,2100
34483,315,11900
34484,333,1800
34485,335,250
34486,0,1355200
34487,66,302200
34488,279,34700
34489,243,59900
34490,2,920000
34491,30,450000
34492,318,10200
34493,286,29700
34494,199,97200
34495,327,4900
34496,164,133050
34497,168,129200
34498,334,1200
34499,51,352700
34500,330,3000
34501,334,1200
34502,4,836800
34503,325,6200
34504,0,1982000
34505,311,14100
34506,246,58000
34507,325,5900
34508,21,519600
34509,329,4000
34510,304,18200
34511,325,6100
34512,106,215500
34513,290,27000
34514,324,6400
34515,297,22650
34516,332,2000
34517,335,250
34518,318,10200
34519,0,1954000
34520,290,27500
34521,1,1053000
34522,332,2300
34523,324,6500
34524,294,24500
34525,0,2000000
34526,329,3800
34527,0,2000000
34528,328,4600
34529,0,1351400
34530,0,2000000
34531,13,610100
34532,27,469600
34533,0,1816400
34534,304,18200
34535,335,300
34536,0,1607000
34537,334,900
34538,113,203200
34539,0,1278400
34540,0,1800900
34541,325,5800
34542,23,500400
34543,334,800
34544,275,37500
34545,168,129500
34546,50,353700
34547,295,24200
34548,29,453000
34549,0,2000000
34550,149,151400
34551,35,418600
34552,316,11150
34553,329,3500
34554,335,400
34555,164,133300
34556,0,1495000
34557,59,324000
34558,334,700
34559,318,10000
34560,231,70000
34561,246,57600
34562,291,26400
34563,331,2650
34564,74,280950
34565,319,9500
34566,278,35000
34567,335,150
34568,182,113700
34569,114,200400
34570,13,602600
34571,7,711800
34572,306,17100
34573,1,1202200
34574,196,100500
34575,279,34600
34576,334,750
34577,333,1500
34578,84,259000
34579,3,894300
34580,103,220500
34581,335,500
34582,284,31300
34583,232,68500
34584,328,4400
34585,252,53200
34586,155,144100
34587,335,300
34588,0,2000000
34589,300,21000
34590,0,2000000
34591,0,2000000
34592,313,13000
34593,332,1900
34594,117,195800
34595,146,154800
34596,0,2000000
34597,321,8400
34598,114,201050
34599,0,1801050
34600,333,1500
34601,291,26350
34602,0,1506800
34603,318,10400
34604,5,782000
34605,323,7250
34606,307,16800
34607,292,26300
34608,0,2000000
34609,214,83600
34610,335,500
34611,323,7250
34612,331,2700
34613,289,28200
34614,11,635200
34615,318,10000
34616,324,6900
34617,328,4350
34618,329,3600
34619,176,120000
34620,242,61200
34621,9,668800
34622,143,158600
34623,44,380000
34624,1,1050000
34625,330,3000
34626,334,1000
34627,284,31000
34628,334,1000
34629,336,100
34630,176,120000
34631,260,47600
34632,0,1394300
34633,329,3600
34634,30,451000
34635,334,1100
34636,332,2000
34637,0,2000000
34638,30,450000
34639,319,9350
34640,282,32500
34641,327,5100
34642,322,7700
34643,0,2000000
34644,285,30700
34645,13,606800
34646,328,4450
34647,0,2000000
34648,7,719200
34649,209,88100
34650,243,60200
34651,0,2000000
34652,271,40000
34653,282,32200
34654,37,409500
34655,290,27000
34656,330,3200
34657,242,60900
34658,8,705800
34659,305,17600
34660,317,10800
34661,281,33250
34662,30,450000
34663,256,50800
34664,328,4200
34665,335,450
34666,292,25800
34667,286,30100
34668,309,15700
34669,330,3400
34670,325,6000
34671,292,25900
34672,324,6400
34673,165,132200
34674,33,433000
34675,327,5100
34676,305,17600
34677,189,106900
34678,331,2600
34679,309,15700
34680,0,2000000
34681,276,36350
34682,325,6200
34683,183,112800
34684,294,25000
34685,1,1001800
34686,333,1400
34687,280,33600
34688,333,1700
34689,332,2300
34690,298,21900
34691,0,1714000
34692,1,1004300
34693,0,1664950
34694,314,12300
34695,8,703400
34696,154,145600
34697,331,2800
34698,2,922500
34699,0,1963500
34700,283,31800
34701,0,2000000
34702,81,265500
34703,268,42250
34704,155,144500
34705,295,23900
34706,331,2600
34707,241,61700
34708,282,32700
34709,22,510400
34710,232,68700
34711,197,99750
34712,223,75800
34713,147,154000
34714,306,17000
34715,1,1016600
34716,322,7800
34717,310,14800
34718,327,4800
34719,1,1000550
34720,297,22900
34721,293,25050
34722,319,9500
34723,276,36200
34724,0,1604850
34725,311,14350
34726,126,182000
34727,237,64700
34728,335,200
34729,305,17900
34730,258,49200
34731,305,17600
34732,322,7600
34733,211,86400
34734,210,87000
34735,0,2000000
34736,270,40900
34737,274,38000
34738,302,19600
34739,303,18900
34740,129,178000
34741,0,2000000
34742,157,141050
34743,22,505600
34744,307,16700
34745,329,3500
34746,0,1396800
34747,290,27400
34748,201,95250
34749,310,15100
34750,269,41500
34751,309,15300
34752,292,25950
34753,64,310000
34754,236,66000
34755,215,82900
34756,270,40850
34757,334,850
34758,0,2000000
34759,67,300300
34760,318,10100
34761,321,8100
34762,5,788400
34763,0,1400500
34764,135,169800
34765,267,42400
34766,0,2000000
34767,321,8350
34768,308,16050
34769,0,2000000
34770,335,500
34771,240,62200
34772,173,123200
34773,4,803800
34774,327,4700
34775,115,200000
34776,226,74000
34777,30,450600
34778,319,9700
34779,67,300000
34780,38,406600
34781,0,2000000
34782,335,350
34783,297,22800
34784,71,289500
34785,0,1224800
34786,335,300
34787,329,4000
34788,325,6200
34789,275,37500
34790,3,875600
34791,133,172950
34792,317,10800
34793,94,237200
34794,291,26500
34795,321,8450
34796,282,32500
34797,19,539200
34798,233,67700
34799,128,179900
34800,12,616300
34801,133,171800
34802,332,2000
34803,318,10200
34804,166,131000
34805,329,3600
34806,0,2000000
34807,332,2000
34808,333,1800
34809,272,39400
34810,0,1502600
34811,1,1050000
34812,0,2000000
34813,333,1600
34814,237,65000
34815,275,37300
34816,197,99300
34817,326,5600
34818,317,10700
34819,273,38800
34820,0,1332400
34821,328,4600
34822,326,5700
34823,148,152800
34824,326,5700
34825,272,39400
34826,66,302000
34827,308,16000
34828,108,210700
34829,314,12200
34830,317,10800
34831,335,400
34832,301,20300
34833,5,788800
34834,328,4100
34835,301,20500
34836,1,1205400
34837,247,57000
34838,309,15700
34839,0,1714000
34840,0,1362000
34841,313,13200
34842,322,7500
34843,0,1522500
34844,0,2000000
34845,289,28000
34846,331,2800
34847,106,215200
34848,41,390000
34849,72,287300
34850,30,450000
34851,330,3000
34852,19,534200
34853,0,2000000
34854,327,5000
34855,314,12600
34856,331,2500
34857,13,605450
34858,323,7200
34859,35,422200
34860,0,2000000
34861,328,4600
34862,297,22800
34863,321,8150
34864,310,15100
34865,335,400
34866,3,900300
34867,286,30000
34868,0,1711000
34869,335,500
34870,1,1050000
34871,316,11400
34872,1,1035300
34873,323,7000
34874,288,28800
34875,218,80700
34876,276,36400
34877,65,305400
34878,241,62000
34879,330,3400
34880,47,364800
34881,322,7500
34882,333,1450
34883,330,3150
34884,258,48900
34885,322,7650
34886,91,243700
34887,51,350000
34888,293,25300
34889,66,304000
34890,81,264000
34891,59,322500
34892,118,195400
34893,6,754000
34894,102,221900
34895,297,22550
34896,319,9350
34897,1,1007300
34898,5,770200
34899,304,18550
34900,335,400
34901,214,84000
34902,149,151650
34903,332,2300
34904,209,88300
34905,332,2000
34906,0,2000000
34907,329,3850
34908,304,18550
34909,0,2000000
34910,66,302000
34911,64,310000
34912,326,5750
34913,304,18600
34914,52,348400
34915,0,2000000
34916,1,1040800
34917,331,2800
34918,333,1300
34919,335,600
34920,321,8150
34921,313,12950
34922,62,315800
34923,1,1050500
34924,2,928500
34925,318,10200
34926,51,350300
34927,44,380000
34928,335,400
34929,231,69600
34930,196,99800
34931,285,30600
34932,1,1025100
34933,78,271400
34934,279,34400
34935,9,670100
34936,1,1144100
34937,0,2000000
34938,0,1802000
34939,6,750500
34940,11,636000
34941,256,50800
34942,66,302000
34943,62,315000
34944,2,983000
34945,307,16400
34946,169,128200
34947,6,762000
34948,130,177400
34949,221,78200
34950,333,1500
34951,158,140400
34952,335,300
34953,326,5600
34954,333,1550
34955,126,182000
34956,166,131600
34957,204,93200
34958,179,117000
34959,22,510800
34960,335,400
34961,312,13500
34962,314,12650
34963,319,9800
34964,36,418100
34965,335,600
34966,322,7750
34967,299,21400
34968,318,10200
34969,325,6100
34970,6,740950
34971,5,774700
34972,320,8700
34973,327,5100
34974,258,48800
34975,1,1100600
34976,266,43100
34977,0,1635300
34978,315,11700
34979,334,1050
34980,242,60700
34981,6,761600
34982,6,750400
34983,329,3900
34984,316,11500
34985,332,2350
34986,0,1810600
34987,319,9750
34988,0,2000000
34989,161,137000
34990,312,13500
34991,13,605600
34992,229,71400
34993,322,8000
34994,7,708500
34995,314,12300
34996,321,8300
34997,85,255000
34998,328,4400
34999,326,5500
35000,299,21300
35001,289,27800
35002,334,950
35003,331,2900
35004,336,100
35005,212,86000
35006,0,1445800
35007,284,31100
35008,333,1400
35009,285,30600
35010,0,1954000
35011,210,87100
35012,334,1100
35013,189,107000
35014,335,150
35015,314,12200
35016,301,20500
35017,332,1850
35018,326,5700
35019,316,11000
35020,321,8400
35021,335,400
35022,296,23200
35023,331,2700
35024,162,135900
35025,26,473200
35026,225,74700
35027,315,12000
35028,326,5400
35029,30,450000
35030,5,782000
35031,59,325000
35032,332,2200
35033,1,1014000
35034,112,203800
35035,314,12250
35036,138,166200
35037,329,3800
35038,51,350600
35039,309,15700
35040,66,301700
35041,30,450000
35042,279,34500
35043,324,6450
35044,336,0
35045,204,92400
35046,241,62000
35047,224,75300
35048,169,128100
35049,67,300000
35050,1,1030000
35051,148,152200
35052,298,22100
35053,41,390300
35054,66,302700
35055,322,7500
35056,330,3000
35057,234,67600
35058,217,81200
35059,84,257300
35060,330,3200
35061,324,6400
35062,223,76300
35063,297,22800
35064,257,49500
35065,0,2000000
35066,335,300
35067,306,17400
35068,3,856650
35069,329,3700
35070,276,36550
35071,329,3700
35072,272,39500
35073,216,82100
35074,314,12400
35075,225,74600
35076,0,2000000
35077,286,30000
35078,325,6100
35079,127,181700
35080,13,605200
35081,335,500
35082,150,150400
35083,282,32350
35084,242,61100
35085,66,302400
35086,318,10300
35087,147,154000
35088,23,500000
35089,334,1100
35090,322,7800
35091,1,1201900
35092,276,36250
35093,224,75600
35094,324,6400
35095,1,1050000
35096,300,21250
35097,225,74550
35098,13,600600
35099,13,600000
35100,250,54550
35101,75,278000
35102,335,400
35103,329,3500
35104,264,45000
35105,333,1800
35106,323,7000
35107,299,21800
35108,330,2950
35109,320,8950
35110,312,13500
35111,314,12300
35112,300,21250
35113,0,2000000
35114,334,1050
35115,335,400
35116,64,308500
35117,0,2000000
35118,319,9300
35119,229,71300
35120,243,60200
35121,306,17300
35122,0,2000000
35123,258,49400
35124,286,30100
35125,321,8600
35126,0,2000000
35127,23,500400
35128,253,53000
35129,308,16000
35130,207,89700
35131,0,2000000
35132,137,167400
35133,0,2000000
35134,220,78500
35135,320,8700
35136,313,13300
35137,331,2400
35138,271,39700
35139,314,12600
35140,58,328250
35141,0,2000000
35142,54,340300
35143,0,2000000
35144,0,1650000
35145,0,2000000
35146,316,11000
35147,265,44100
35148,0,2000000
35149,312,13500
35150,336,100
35151,334,1200
35152,30,450000
35153,309,15200
35154,323,7000
35155,24,493600
35156,48,363700
35157,305,17900
35158,327,4700
35159,243,60400
35160,262,46500
35161,1,1051600
35162,334,750
35163,324,6600
35164,208,88800
35165,333,1800
35166,4,824400
35167,229,71400
35168,292,26000
35169,0,2000000
35170,320,8700
35171,323,7000
35172,62,316000
35173,20,528150
35174,1,1208900
35175,270,40900
35176,231,70000
35177,330,3000
35178,333,1300
35179,284,31150
35180,251,54100
35181,21,514000
35182,150,150200
35183,328,4600
35184,333,1650
35185,2,952500
35186,243,60450
35187,283,32150
35188,327,5100
35189,1,1006900
35190,325,5850
35191,3,850600
35192,329,4000
35193,59,325000
35194,186,109800
35195,67,300400
35196,334,700
35197,33,433850
35198,324,6900
35199,237,64600
35200,5,767050
35201,0,2000000
35202,6,754000
35203,317,10750
35204,329,3650
35205,106,215200
35206,146,155000
35207,276,36800
35208,134,171400
35209,8,702050
35210,275,37500
35211,248,56300
35212,334,800
35213,336,100
35214,313,12900
35215,336,100
35216,2,916150
35217,325,6100
35218,307,16800
35219,200,96750
35220,334,1100
35221,172,124700
35222,167,130500
35223,113,203200
35224,23,500800
35225,269,41100
35226,136,168000
35227,0,1982000
35228,330,3100
35229,332,2100
35230,331,2850
35231,0,2000000
35232,270,40800
35233,336,100
35234,197,99200
35235,250,55000
35236,322,7700
35237,12,622000
35238,7,729800
35239,311,14100
35240,328,4100
35241,246,57900
35242,150,150600
35243,279,34400
35244,115,200000
35245,12,616800
35246,295,24000
35247,298,22300
35248,309,15500
35249,237,65150
35250,305,17900
35251,167,129700
35252,0,2000000
35253,108,212100
35254,229,71600
35255,296,23600
35256,265,44200
35257,0,2000000
35258,308,15800
35259,315,12100
35260,322,7900
35261,49,356800
35262,299,21700
35263,333,1400
35264,166,131000
35265,325,6000
35266,322,7500
35267,0,1249200
35268,204,93200
35269,297,22900
35270,319,9500
35271,86,252600
35272,303,19150
35273,48,363600
35274,57,328700
35275,307,16600
35276,275,37000
35277,329,3950
35278,285,30500
35279,335,250
35280,0,2000000
35281,312,13900
35282,280,34100
35283,335,500
35284,191,104700
35285,5,782950
35286,0,2000000
35287,329,3900
35288,295,24300
35289,176,120700
35290,66,302300
35291,310,14600
35292,12,620000
35293,141,162000
35294,329,3700
35295,317,10650
35296,203,93500
35297,306,17500
35298,299,21500
35299,326,5600
35300,334,900
35301,287,29100
35302,332,1850
35303,4,804100
35304,243,60400
35305,216,82200
35306,330,3300
35307,329,3700
35308,0,1355700
35309,242,60900
35310,217,81350
35311,6,755600
35312,227,72900
35313,316,11300
35314,239,63300
35315,301,20400
35316,335,450
35317,280,34000
35318,12,620000
35319,241,61400
35320,0,1354800
35321,188,108000
35322,310,14800
35323,269,41000
35324,245,58400
35325,75,279600
35326,325,6100
35327,331,2900
35328,1,1000400
35329,290,27300
35330,333,1700
35331,293,25200
35332,202,94400
35333,125,183400
35334,316,11000
35335,334,950
35336,330,3200
35337,335,500
35338,311,14200
35339,334,900
35340,334,750
35341,254,52300
35342,334,700
35343,317,10800
35344,190,105700
35345,319,9800
35346,0,2000000
35347,335,600
35348,137,166500
35349,2,916400
35350,307,16900
35351,0,1698600
35352,214,83800
35353,0,2000000
35354,285,30400
35355,287,28900
35356,182,114500
35357,308,16300
35358,50,356000
35359,320,8800
35360,142,160800
35361,0,2000000
35362,331,2700
35363,276,36600
35364,266,43200
35365,330,3000
35366,6,750500
35367,321,8300
35368,336,0
35369,8,700950
35370,309,15400
35371,317,10900
35372,0,2000000
35373,275,37050
35374,111,206700
35375,13,604000
35376,334,1100
35377,328,4300
35378,138,165300
35379,333,1450
35380,285,30800
35381,138,165200
35382,0,1805000
35383,0,2000000
35384,314,12600
35385,0,2000000
35386,0,2000000
35387,214,84150
35388,2,1000200
35389,66,302000
35390,221,77600
35391,135,170200
35392,0,2000000
35393,220,78400
35394,1,1163500
35395,326,5400
35396,22,508000
35397,114,201600
35398,333,1400
35399,0,1508000
35400,0,2000000
35401,323,7200
35402,1,1088800
35403,4,806500
35404,0,1803600
35405,290,27150
35406,292,26300
35407,331,2500
35408,12,623600
35409,64,308000
35410,335,450
35411,268,42200
35412,326,5200
35413,318,10400
35414,150,150000
35415,195,101000
35416,3,900300
35417,298,22100
35418,302,20000
35419,319,9600
35420,114,201800
35421,0,2000000
35422,294,24500
35423,138,165600
35424,281,32900
35425,328,4600
35426,313,13100
35427,291,26700
35428,252,53700
35429,332,1900
35430,331,2900
35431,180,116000
35432,162,135550
35433,1,1066000
35434,288,28300
35435,4,810400
35436,321,8200
35437,32,436250
35438,240,62300
35439,295,24400
35440,3,900750
35441,51,352350
35442,303,18900
35443,270,40400
35444,11,640800
35445,1,1081700
35446,320,9200
35447,331,2600
35448,328,4450
35449,335,250
35450,313,13200
35451,307,16500
35452,1,1000400
35453,332,1900
35454,0,2000000
35455,334,1100
35456,194,102000
35457,330,3000
35458,333,1500
35459,315,12100
35460,0,2000000
35461,307,16950
35462,310,14650
35463,2,948450
35464,39,403000
35465,3,878500
35466,283,32000
35467,5,782000
35468,316,11000
35469,305,17600
35470,67,300150
35471,172,124400
35472,281,33400
35473,30,450000
35474,1,1050000
35475,7,720900
35476,308,15900
35477,0,2000000
35478,295,24400
35479,312,13850
35480,318,10350
35481,133,172200
35482,10,651000
35483,161,136900
35484,246,58300
35485,307,16400
35486,144,158000
35487,242,61100
35488,0,1750200
35489,324,6500
35490,268,42000
35491,334,800
35492,0,2000000
35493,0,2000000
35494,13,604000
35495,332,2300
35496,0,1538400
35497,120,191700
35498,335,200
35499,48,361600
35500,314,12400
35501,312,13500
35502,285,30800
35503,331,2900
35504,335,300
35505,1,1209900
35506,333,1600
35507,331,2800
35508,37,410000
35509,0,1462300
35510,0,2000000
35511,330,3200
35512,256,50600
35513,261,47200
35514,284,31300
35515,0,1416400
35516,275,37200
35517,330,3100
35518,0,2000000
35519,65,306600
35520,169,127700
35521,293,25200
35522,218,80450
35523,214,83900
35524,323,7200
35525,11,631200
35526,0,1880700
35527,318,9900
35528,125,184600
35529,228,72400
35530,107,213700
35531,224,75000
35532,260,47800
35533,30,450000
35534,138,166150
35535,12,613200
35536,147,153500
35537,195,101100
35538,31,443200
35539,279,34300
35540,301,20400
35541,309,15200
35542,328,4550
35543,333,1700
35544,192,104000
35545,0,1390000
35546,118,194500
35547,1,1000900
35548,285,30800
35549,66,304250
35550,195,100900
35551,218,80650
35552,282,32400
35553,140,163200
35554,305,17800
35555,56,333200
35556,157,141800
35557,0,1460900
35558,308,16200
35559,271,40000
35560,293,25500
35561,259,48100
35562,218,80600
35563,325,6200
35564,250,54600
35565,0,1422700
35566,39,402000
35567,129,178300
35568,322,7800
35569,62,314950
35570,303,19100
35571,324,6400
35572,335,500
35573,27,467600
35574,0,1214000
35575,0,2000000
35576,323,7000
35577,265,43800
35578,335,650
35579,318,10000
35580,244,59200
35581,95,235600
35582,245,58500
35583,301,20500
35584,335,300
35585,330,3150
35586,317,10600
35587,326,5400
35588,335,200
35589,319,9300
35590,292,25900
35591,329,4000
35592,196,100200
35593,64,308600
35594,21,515200
35595,270,40300
35596,264,44750
35597,0,1466600
35598,0,2000000
35599,319,9400
35600,285,30800
35601,335,500
35602,305,17600
35603,333,1800
35604,276,36500
35605,1,1073200
35606,330,3100
35607,8,700100
35608,10,654600
35609,0,1307200
35610,254,52200
35611,174,121900
35612,297,23000
35613,63,310800
35614,328,4300
35615,315,11600
35616,19,536000
35617,13,600800
35618,336,0
35619,6,754000
35620,13,600200
35621,287,29200
35622,278,35200
35623,310,15050
35624,332,2100
35625,293,25100
35626,326,5200
35627,313,13200
35628,292,25850
35629,335,200
35630,330,3400
35631,0,2000000
35632,56,332800
35633,13,602400
35634,321,8200
35635,3,900300
35636,255,50900
35637,271,40000
35638,301,20500
35639,4,805200
35640,321,8500
35641,321,8250
35642,331,2600
35643,320,9100
35644,0,2000000
35645,167,129900
35646,67,300000
35647,336,0
35648,327,4800
35649,6,752000
35650,29,458000
35651,150,150000
35652,320,9200
35653,91,242200
35654,298,22000
35655,321,8450
35656,334,1000
35657,6,754700
35658,331,2700
35659,293,25400
35660,0,1267500
35661,214,84200
35662,329,4000
35663,0,1467100
35664,334,1200
35665,335,350
35666,331,2400
35667,333,1650
35668,328,4250
35669,309,15350
35670,243,60100
35671,310,14600
35672,290,27200
35673,141,161550
35674,273,38500
35675,182,114550
35676,322,7500
35677,0,1656000
35678,333,1700
35679,321,8300
35680,199,97500
35681,312,13500
35682,291,26650
35683,295,24200
35684,5,803050
35685,178,118600
35686,9,666400
35687,328,4300
35688,325,5900
35689,116,198500
35690,0,1658000
35691,59,322500
35692,5,802900
35693,1,1200700
35694,301,20100
35695,228,72000
35696,308,15800
35697,21,514000
35698,106,214300
35699,0,1902500
35700,4,807500
35701,228,71950
35702,334,1200
35703,174,122600
35704,320,9200
35705,330,3100
35706,50,356000
35707,312,13800
35708,123,187600
35709,0,1633000
35710,88,250000
35711,227,72600
35712,279,34600
35713,318,10100
35714,333,1500
35715,335,500
35716,149,151600
35717,272,39000
35718,316,11500
35719,0,1649500
35720,323,7000
35721,326,5750
35722,242,61000
35723,142,160400
35724,0,1355200
35725,0,1390000
35726,302,19600
35727,238,63900
35728,234,67000
35729,3,883200
35730,319,9300
35731,0,2000000
35732,5,802000
35733,333,1700
35734,334,1050
35735,139,164400
35736,335,650
35737,2,981300
35738,332,2100
35739,0,2000000
35740,329,4050
35741,321,8150
35742,302,19800
35743,126,182000
35744,11,644600
35745,334,700
35746,81,264700
35747,319,9600
35748,38,404400
35749,327,4800
35750,328,4400
35751,328,4300
35752,332,1950
35753,13,602300
35754,326,5200
35755,331,2600
35756,290,27200
35757,1,1208000
35758,285,30700
35759,1,1212200
35760,39,400600
35761,281,33400
35762,10,662650
35763,272,39200
35764,0,1280850
35765,336,100
35766,323,7200
35767,106,214000
35768,1,1054000
35769,202,94500
35770,318,10100
35771,321,8400
35772,23,500000
35773,324,6900
35774,335,300
35775,321,8450
35776,316,11500
35777,260,47300
35778,332,2000
35779,190,105800
35780,327,4700
35781,33,430000
35782,276,36350
35783,289,28200
35784,104,218000
35785,0,2000000
35786,279,34400
35787,325,6100
35788,314,12400
35789,71,288900
35790,0,2000000
35791,256,50500
35792,286,29900
35793,325,5900
35794,335,250
35795,242,60700
35796,286,29800
35797,0,2000000
35798,311,14000
35799,334,1100
35800,334,700
35801,250,55000
35802,333,1800
35803,67,301000
35804,335,250
35805,0,2000000
35806,336,0
35807,301,20200
35808,59,324000
35809,304,18600
35810,304,18300
35811,1,1208700
35812,286,29700
35813,0,1838600
35814,258,49300
35815,288,28600
35816,59,324000
35817,313,12800
35818,281,33200
35819,1,1050000
35820,331,2500
35821,0,1353000
35822,315,11700
35823,2,941300
35824,0,2000000
35825,218,80250
35826,334,1000
35827,22,510400
35828,1,1050000
35829,241,61950
35830,4,803300
35831,45,372750
35832,27,466400
35833,283,31900
35834,48,361000
35835,333,1400
35836,243,60300
35837,249,55400
35838,167,129700
35839,334,700
35840,329,4000
35841,0,1617200
35842,324,6600
35843,297,22850
35844,241,61600
35845,2,977400
35846,313,12800
35847,304,18300
35848,324,6600
35849,98,228600
35850,334,1000
35851,0,2000000
35852,0,1598800
35853,0,1504200
35854,114,201100
35855,42,387200
35856,6,764200
35857,329,3500
35858,0,1351800
35859,238,64300
35860,21,518300
35861,12,620000
35862,188,107600
35863,307,16700
35864,310,15000
35865,275,37000
35866,200,96200
35867,308,15800
35868,306,17450
35869,334,1200
35870,294,24500
35871,317,10600
35872,317,10900
35873,330,3300
35874,200,96550
35875,320,9000
35876,58,326800
35877,334,1050
35878,0,2000000
35879,330,3000
35880,244,59400
35881,255,51200
35882,328,4200
35883,22,506900
35884,161,136600
35885,0,2000000
35886,270,40400
35887,0,2000000
35888,333,1800
35889,5,801000
35890,287,29500
35891,12,615450
35892,333,1550
35893,326,5400
35894,14,586000
35895,0,1593400
35896,143,159500
35897,306,17300
35898,219,79200
35899,239,63300
35900,121,190000
35901,290,27000
35902,169,127500
35903,336,0
35904,281,32900
35905,90,244400
35906,304,18200
35907,0,2000000
35908,335,300
35909,0,1651200
35910,335,500
35911,4,829400
35912,333,1300
35913,121,190000
35914,299,21700
35915,334,700
35916,137,167600
35917,154,145550
35918,325,5850
35919,105,216800
35920,217,81200
35921,211,86550
35922,39,402900
35923,281,33400
35924,311,14350
35925,269,41000
35926,128,180200
35927,328,4100
35928,246,58000
35929,328,4100
35930,321,8100
35931,335,400
35932,7,733900
35933,170,126600
35934,53,342200
35935,199,97350
35936,336,0
35937,252,53600
35938,4,825450
35939,237,64900
35940,224,75600
35941,275,36900
35942,150,150350
35943,30,452600
35944,3,865000
35945,331,2400
35946,83,260200
35947,241,61800
35948,297,23100
35949,330,3250
35950,215,82600
35951,8,702200
35952,313,12800
35953,334,1200
35954,312,13500
35955,67,300200
35956,334,900
35957,208,89150
35958,282,32200
35959,291,26900
35960,293,25200
35961,2,918000
35962,331,2850
35963,0,1992150
35964,266,43200
35965,217,81700
35966,0,1396200
35967,3,902000
35968,331,2400
35969,331,2600
35970,312,13800
35971,0,2000000
35972,147,154400
35973,13,601000
35974,176,119800
35975,332,2000
35976,274,37800
35977,203,93400
35978,334,900
35979,21,514000
35980,325,6000
35981,321,8100
35982,13,606000
35983,22,505000
35984,133,173000
35985,275,37500
35986,335,200
35987,5,802400
35988,321,8400
35989,324,6750
35990,2,918000
35991,243,60400
35992,3,902000
35993,2,916000
35994,285,30400
35995,0,2000000
35996,325,6100
35997,316,11050
35998,328,4500
35999,198,98800
36000,295,24000
36001,0,1710000
36002,12,622500
36003,329,3500
36004,15,580400
36005,317,10900
36006,329,3500
36007,227,72900
36008,283,31600
36009,0,2000000
36010,304,18500
36011,46,371000
36012,23,500000
36013,273,38600
36014,320,9050
36015,261,46800
36016,113,203200
36017,335,600
36018,322,7900
36019,331,2400
36020,125,184200
36021,143,159200
36022,0,1242500
36023,298,22200
36024,145,157000
36025,331,2450
36026,306,17200
36027,322,7500
36028,311,14000
36029,325,6200
36030,311,14400
36031,0,2000000
36032,1,1077450
36033,303,18850
36034,333,1300
36035,144,157200
36036,325,6100
36037,296,23400
36038,6,750300
36039,269,41500
36040,326,5350
36041,334,1200
36042,270,40900
36043,0,2000000
36044,335,150
36045,312,13600
36046,335,600
36047,327,4800
36048,121,190100
36049,311,14200
36050,6,750300
36051,5,801200
36052,264,44800
36053,324,6500
36054,285,30500
36055,259,48500
36056,334,750
36057,332,2000
36058,2,916900
36059,325,5800
36060,315,11700
36061,329,3500
36062,66,301800
36063,284,31000
36064,37,410000
36065,38,405400
36066,29,458000
36067,323,7400
36068,63,313100
36069,0,2000000
36070,333,1350
36071,335,250
36072,327,5000
36073,329,3500
36074,309,15250
36075,285,30750
36076,332,2200
36077,315,12100
36078,329,4050
36079,334,1100
36080,12,619400
36081,154,145700
36082,1,1065500
36083,0,2000000
36084,336,0
36085,101,223300
36086,37,408700
36087,4,805000
36088,131,174750
36089,76,276400
36090,313,12800
36091,157,141000
36092,106,215500
36093,53,344800
36094,311,14150
36095,247,57400
36096,13,603700
36097,0,1241800
36098,120,191200
36099,325,5800
36100,0,1500400
36101,305,17600
36102,21,514000
36103,223,76300
36104,34,424000
36105,198,98600
36106,31,440800
36107,292,26100
36108,318,10150
36109,0,2000000
36110,58,326000
36111,0,2000000
36112,0,1356200
36113,0,2000000
36114,200,96500
36115,309,15600
36116,334,750
36117,0,2000000
36118,335,200
36119,1,1050000
36120,331,2600
36121,241,61500
36122,1,1205100
36123,324,6400
36124,0,1651200
36125,326,5600
36126,0,2000000
36127,30,450000
36128,12,616800
36129,307,16700
36130,301,20600
36131,325,6300
36132,141,161300
36133,164,132900
36134,309,15400
36135,267,42600
36136,122,189200
36137,334,1200
36138,0,2000000
36139,1,1050000
36140,264,45000
36141,246,57800
36142,13,604000
36143,227,72950
36144,238,64000
36145,6,756400
36146,2,972600
36147,243,60400
36148,0,1449600
36149,85,256200
36150,40,396000
36151,323,7000
36152,309,15200
36153,332,2200
36154,330,3400
36155,164,133400
36156,89,248200
36157,328,4600
36158,36,416300
36159,1,1030000
36160,308,16300
36161,0,2000000
36162,253,52600
36163,214,84150
36164,321,8300
36165,2,1000200
36166,22,504200
36167,87,251400
36168,0,1508300
36169,294,25000
36170,3,900150
36171,4,821000
36172,13,603600
36173,328,4350
36174,325,6200
36175,117,196050
36176,106,214500
36177,0,2000000
36178,319,9500
36179,29,454400
36180,291,26800
36181,325,6200
36182,0,2000000
36183,0,1501350
36184,335,300
36185,322,8000
36186,67,300300
36187,319,9300
36188,29,458000
36189,300,21000
36190,146,154600
36191,283,31800
36192,168,128400
36193,328,4200
36194,0,2000000
36195,278,35000
36196,294,24500
36197,12,618400
36198,323,7250
36199,62,315000
36200,239,63500
36201,333,1500
36202,205,91600
36203,302,19850
36204,0,1355200
36205,230,70700
36206,334,750
36207,249,56000
36208,334,1200
36209,66,302000
36210,0,1504100
36211,92,240800
36212,230,70700
36213,327,4900
36214,329,3700
36215,18,550000
36216,334,700
36217,84,258000
36218,331,2650
36219,191,105450
36220,335,350
36221,215,83000
36222,334,900
36223,130,176900
36224,329,3600
36225,19,532600
36226,0,1805800
36227,304,18400
36228,277,36100
36229,9,676000
36230,334,1000
36231,334,950
36232,6,754000
36233,67,300000
36234,334,900
36235,66,302000
36236,299,21300
36237,23,503300
36238,143,158400
36239,20,523900
36240,209,88200
36241,335,200
36242,242,61300
36243,323,7100
36244,306,17300
36245,319,9350
36246,3,857600
36247,329,3500
36248,327,5150
36249,98,229300
36250,333,1700
36251,331,2800
36252,335,500
36253,171,125300
36254,217,81300
36255,320,8800
36256,190,105900
36257,0,1592000
36258,332,2200
36259,300,20800
36260,305,18000
36261,333,1750
36262,248,56300
36263,318,10200
36264,323,7400
36265,309,15500
36266,257,49750
36267,326,5600
36268,5,803000
36269,37,411700
36270,335,400
36271,334,700
36272,329,3700
36273,334,700
36274,153,146300
36275,0,1860000
36276,62,313600
36277,305,17700
36278,71,290000
36279,262,46200
36280,323,7000
36281,208,89100
36282,256,50300
36283,283,32050
36284,12,615600
36285,326,5700
36286,333,1400
36287,320,9000
36288,131,175300
36289,283,31750
36290,252,53500
36291,188,108100
36292,289,27700
36293,335,200
36294,322,8000
36295,316,11400
36296,335,200
36297,302,20000
36298,333,1500
36299,0,2000000
36300,36,417400
36301,326,5300
36302,0,1251400
36303,319,9250
36304,4,843800
36305,334,900
36306,271,40000
36307,0,1800300
36308,331,2500
36309,25,480400
36310,1,1050000
36311,331,2400
36312,303,18800
36313,30,450000
36314,152,147500
36315,321,8300
36316,181,114900
36317,0,2000000
36318,150,150000
36319,242,61350
36320,325,5900
36321,10,660100
36322,335,450
36323,4,849000
36324,157,141200
36325,319,9700
36326,0,2000000
36327,196,100200
36328,136,167650
36329,296,23450
36330,255,51100
36331,0,1510000
36332,303,19300
36333,336,0
36334,265,44200
36335,326,5200
36336,330,3300
36337,281,33200
36338,320,8800
36339,12,617200
36340,316,11200
36341,316,11000
36342,141,161200
36343,334,1200
36344,13,606000
36345,147,154000
36346,285,30200
36347,45,375500
36348,67,300200
36349,282,32300
36350,150,150000
36351,0,1808450
36352,334,850
36353,0,2000000
36354,258,49250
36355,332,2300
36356,299,21600
36357,329,3800
36358,330,3400
36359,334,1100
36360,7,724500
36361,236,65800
36362,15,583100
36363,288,28600
36364,330,3000
36365,181,115400
36366,21,514750
36367,321,8500
36368,5,801100
36369,171,125600
36370,0,2000000
36371,0,1524100
36372,284,30900
36373,308,16000
36374,297,23100
36375,266,43400
36376,273,38300
36377,301,20400
36378,314,12300
36379,322,8000
36380,328,4300
36381,13,602600
36382,318,10100
36383,297,22700
36384,5,767200
36385,180,115850
36386,305,17600
36387,205,92000
36388,1,1208150
36389,124,186100
36390,21,514000
36391,0,1418000
36392,335,550
36393,291,26800
36394,281,33400
36395,6,756000
36396,66,302200
36397,0,2000000
36398,326,5300
36399,5,801200
36400,330,3300
36401,0,2000000
36402,237,65200
36403,280,34100
36404,0,2000000
36405,329,3500
36406,336,0
36407,0,1811900
36408,295,24200
36409,251,54000
36410,324,6700
36411,282,32500
36412,270,40400
36413,289,27900
36414,289,28000
36415,325,6000
36416,216,81800
36417,318,10000
36418,30,450000
36419,211,86450
36420,328,4500
36421,12,627200
36422,277,35600
36423,321,8250
36424,332,2300
36425,1,1204300
36426,336,0
36427,297,23000
36428,258,48950
36429,331,2800
36430,293,25200
36431,12,624000
36432,278,34900
36433,329,3600
36434,336,100
36435,223,75800
36436,235,66800
36437,241,61800
36438,24,487900
36439,334,1200
36440,325,6300
36441,336,0
36442,334,1150
36443,319,9300
36444,324,6400
36445,314,12350
36446,335,500
36447,332,2000
36448,332,1850
36449,88,249200
36450,325,6000
36451,335,400
36452,329,3700
36453,1,1210500
36454,294,24800
36455,326,5500
36456,309,15200
36457,111,206000
36458,314,12700
36459,335,600
36460,29,458000
36461,300,20900
36462,50,355100
36463,48,361000
36464,0,2000000
36465,335,400
36466,296,23700
36467,290,27350
36468,318,10400
36469,1,1030000
36470,309,15750
36471,127,181600
36472,327,4900
36473,335,200
36474,258,49200
36475,13,601200
36476,0,1950500
36477,21,514000
36478,5,766400
36479,2,921200
36480,333,1800
36481,229,71200
36482,298,21900
36483,1,1210000
36484,243,60100
36485,330,3000
36486,69,293600
36487,305,17700
36488,142,160300
36489,1,1209600
36490,261,46900
36491,309,15200
36492,321,8100
36493,145,156600
36494,298,22350
36495,113,203000
36496,307,16800
36497,333,1500
36498,0,2000000
36499,306,17100
36500,323,7100
36501,335,250
36502,35,419500
36503,328,4600
36504,292,25750
36505,3,902000
36506,0,2000000
36507,334,1200
36508,331,2850
36509,0,1610400
36510,275,37000
36511,316,11400
36512,308,16200
36513,312,13500
36514,6,742750
36515,269,41000
36516,141,161000
36517,3,904400
36518,304,18700
36519,21,515350
36520,11,632400
36521,332,2200
36522,321,8100
36523,323,7100
36524,0,1552600
36525,9,680100
36526,121,190600
36527,147,154000
36528,269,41100
36529,3,901450
36530,0,1641750
36531,284,31300
36532,297,23000
36533,330,3300
36534,332,1900
36535,286,29600
36536,10,649000
36537,0,2000000
36538,313,13000
36539,316,11200
36540,156,143100
36541,125,184100
36542,327,4800
36543,333,1800
36544,258,49000
36545,0,2000000
36546,243,60400
36547,226,73700
36548,164,132950
36549,330,3100
36550,277,35600
36551,237,64750
36552,273,38300
36553,199,97200
36554,241,61950
36555,336,0
36556,216,82300
36557,331,2400
36558,65,304550
36559,302,19500
36560,111,206000
36561,336,100
36562,317,10900
36563,334,1200
36564,286,30000
36565,316,11500
36566,51,351550
36567,315,12000
36568,13,602600
36569,1,1052400
36570,320,8650
36571,150,150500
36572,323,7100
36573,1,1050000
36574,334,900
36575,335,150
36576,305,18150
36577,336,0
36578,108,210700
36579,76,276900
36580,334,700
36581,84,258700
36582,32,440000
36583,276,36300
36584,322,8000
36585,231,69800
36586,175,121050
36587,332,2300
36588,162,135200
36589,277,35600
36590,292,26200
36591,333,1300
36592,0,2000000
36593,298,22200
36594,13,600800
36595,29,459200
36596,320,8900
36597,318,10200
36598,322,7500
36599,58,326000
36600,68,296400
36601,317,10500
36602,21,514000
36603,336,100
36604,1,1178800
36605,131,175400
36606,194,102100
36607,310,15000
36608,321,8300
36609,4,818900
36610,0,1927250
36611,218,80300
36612,301,20100
36613,150,150000
36614,312,13400
36615,114,201400
36616,1,1025200
36617,114,200600
36618,332,2000
36619,329,4000
36620,273,38500
36621,2,1000200
36622,195,101000
36623,334,1000
36624,0,1480800
36625,0,2000000
36626,325,6200
36627,299,21600
36628,333,1700
36629,283,31700
36630,256,50550
36631,150,149800
36632,317,10600
36633,0,1523800
36634,322,7800
36635,335,300
36636,259,48000
36637,196,100500
36638,315,11800
36639,259,48100
36640,1,1210600
36641,215,83400
36642,0,1358500
36643,13,602300
36644,65,306500
36645,205,91900
36646,275,37200
36647,30,450000
36648,331,2700
36649,327,5000
36650,317,10500
36651,167,130400
36652,335,250
36653,334,1100
36654,302,19700
36655,252,53600
36656,6,754000
36657,48,361900
36658,317,10900
36659,264,45000
36660,305,17700
36661,163,135000
36662,335,400
36663,332,1900
36664,278,35100
36665,283,31800
36666,6,760700
36667,165,132450
36668,1,1032300
36669,284,31000
36670,2,952500
36671,325,6200
36672,326,5200
36673,334,1200
36674,221,77900
36675,0,1404900
36676,334,1000
36677,158,140500
36678,13,600250
36679,0,1982000
36680,335,250
36681,324,6600
36682,313,13250
36683,310,15100
36684,260,47700
36685,82,262600
36686,322,7900
36687,282,32400
36688,203,93400
36689,0,2000000
36690,314,12600
36691,0,1351500
36692,153,146550
36693,289,27700
36694,305,18000
36695,289,27600
36696,0,2000000
36697,334,800
36698,0,1390000
36699,325,6100
36700,326,5300
36701,282,32200
36702,236,65300
36703,256,50400
36704,298,22000
36705,187,109100
36706,330,3200
36707,181,115000
36708,320,8800
36709,282,32200
36710,209,88600
36711,259,48300
36712,309,15300
36713,276,36250
36714,0,2000000
36715,334,1000
36716,322,7600
36717,67,300250
36718,334,1100
36719,0,1530500
36720,62,316000
36721,13,603500
36722,227,72800
36723,78,272100
36724,327,4700
36725,10,648000
36726,331,2400
36727,200,96900
36728,264,45000
36729,221,78000
36730,0,2000000
36731,8,700600
36732,311,14500
36733,335,300
36734,335,400
36735,150,149500
36736,248,56500
36737,75,279300
36738,161,136600
36739,244,59100
36740,0,1952400
36741,326,5700
36742,306,17500
36743,10,648200
36744,300,21100
36745,0,2000000
36746,333,1800
36747,67,300300
36748,320,9150
36749,313,13200
36750,67,300150
36751,111,206000
36752,118,194650
36753,1,1050000
36754,333,1600
36755,323,7200
36756,311,14200
36757,9,682300
36758,320,9200
36759,0,2000000
36760,277,35950
36761,306,17500
36762,152,147900
36763,0,2000000
36764,21,514000
36765,150,150000
36766,333,1250
36767,294,24900
36768,334,900
36769,304,18700
36770,270,40400
36771,300,20800
36772,327,5100
36773,303,19400
36774,332,2000
36775,324,6700
36776,333,1800
36777,28,462800
36778,332,2200
36779,43,381400
36780,324,6700
36781,192,104300
36782,334,1200
36783,336,0
36784,314,12300
36785,326,5600
36786,6,750500
36787,331,2500
36788,275,37500
36789,280,33600
36790,288,28400
36791,221,78100
36792,303,18900
36793,276,36600
36794,330,3450
36795,334,850
36796,7,709400
36797,260,47550
36798,293,25100
36799,323,7200
36800,301,20500
36801,254,52000
36802,181,114800
36803,244,59200
36804,332,2000
36805,1,1050000
36806,173,123650
36807,304,18350
36808,230,70200
36809,108,210800
36810,268,42200
36811,311,14100
36812,196,99800
36813,327,4850
36814,1,1212300
36815,0,1950400
36816,325,6000
36817,1,1172000
36818,37,410700
36819,335,500
36820,59,323500
36821,146,154800
36822,208,89200
36823,253,52600
36824,261,47100
36825,271,40100
36826,327,4800
36827,323,7150
36828,335,250
36829,168,129400
36830,228,71950
36831,289,27600
36832,238,64200
36833,0,1808100
36834,306,17400
36835,320,8900
36836,315,12000
36837,334,700
36838,228,72300
36839,5,800000
36840,329,4000
36841,47,365800
36842,0,1604000
36843,6,750300
36844,326,5750
36845,264,44800
36846,327,5100
36847,218,80500
36848,204,93000
36849,150,150200
36850,308,16000
36851,196,100300
36852,203,93600
36853,80,268200
36854,19,533500
36855,0,1234000
36856,235,66200
36857,335,550
36858,168,129000
36859,332,2300
36860,320,9100
36861,279,34200
36862,276,36700
36863,36,415000
36864,311,14300
36865,147,154000
36866,334,1000
36867,135,170200
36868,30,450800
36869,316,11200
36870,304,18300
36871,319,9500
36872,268,42000
36873,188,107700
36874,6,760000
36875,268,41800
36876,0,1303200
36877,282,32300
36878,79,268550
36879,8,701500
36880,49,359500
36881,332,1850
36882,58,327500
36883,336,0
36884,62,315700
36885,2,954900
36886,277,35700
36887,321,8350
36888,336,0
36889,288,28350
36890,46,368400
36891,89,246900
36892,3,878600
36893,0,2000000
36894,186,110400
36895,0,2000000
36896,295,24300
36897,300,21200
36898,335,300
36899,29,456600
36900,276,36400
36901,308,16100
36902,0,2000000
36903,162,135800
36904,335,450
36905,5,800000
36906,334,750
36907,67,301000
36908,315,11750
36909,0,1408500
36910,329,3900
36911,306,17200
36912,118,195400
36913,322,7500
36914,333,1500
36915,313,13200
36916,335,400
36917,198,98150
36918,326,5450
36919,327,4700
36920,61,316300
36921,320,8900
36922,274,37600
36923,41,391200
36924,306,17050
36925,203,94150
36926,241,62050
36927,29,458000
36928,335,600
36929,322,7800
36930,51,351600
36931,335,650
36932,0,1298150
36933,328,4600
36934,145,156000
36935,169,127400
36936,23,502550
36937,332,2200
36938,111,206800
36939,331,2600
36940,332,1900
36941,328,4200
36942,217,81000
36943,7,727100
36944,334,750
36945,286,30000
36946,3,900450
36947,334,1200
36948,3,910000
36949,330,3000
36950,153,146400
36951,0,1834000
36952,292,26100
36953,1,1001050
36954,317,10750
36955,283,32100
36956,260,47500
36957,292,25900
36958,332,2100
36959,46,368400
36960,237,65050
36961,308,16300
36962,0,2000000
36963,325,6200
36964,61,318000
36965,332,2350
36966,334,1000
36967,324,6900
36968,227,72700
36969,62,316000
36970,3,902350
36971,270,40300
36972,330,3000
36973,273,38600
36974,322,7600
36975,329,4050
36976,300,20750
36977,336,100
36978,215,82800
36979,0,2000000
36980,303,18950
36981,115,199350
36982,334,1000
36983,236,65600
36984,162,136200
36985,335,300
36986,220,79000
36987,302,19900
36988,321,8100
36989,2,932000
36990,336,100
36991,0,2000000
36992,282,32550
36993,304,18500
36994,319,9600
36995,322,7500
36996,1,1200600
36997,331,2800
36998,319,9700
36999,82,262000
37000,3,889000
37001,1,1000500
37002,233,68000
37003,332,2000
37004,5,800900
37005,37,412200
37006,218,80200
37007,333,1500
37008,209,88000
37009,13,602000
37010,316,11200
37011,194,102000
37012,335,550
37013,297,22900
37014,0,1865000
37015,328,4500
37016,13,604000
37017,3,862150
37018,31,445400
37019,0,2000000
37020,321,8500
37021,66,302400
37022,327,5100
37023,322,7700
37024,331,2500
37025,324,6700
37026,329,3800
37027,329,3800
37028,333,1800
37029,11,630800
37030,335,400
37031,0,2000000
37032,8,705400
37033,0,1836000
37034,192,104100
37035,286,29600
37036,7,715600
37037,303,19100
37038,321,8500
37039,241,61700
37040,13,599000
37041,21,520200
37042,252,53800
37043,324,6600
37044,41,391350
37045,50,353200
37046,336,0
37047,323,7400
37048,333,1300
37049,196,100000
37050,0,2000000
37051,219,79400
37052,116,198700
37053,0,2000000
37054,302,19500
37055,100,225900
37056,0,1615500
37057,59,323200
37058,137,167600
37059,10,656900
37060,0,2000000
37061,57,330800
37062,308,16100
37063,271,40200
37064,0,2000000
37065,0,2000000
37066,227,73000
37067,271,40200
37068,306,17200
37069,302,20000
37070,304,18500
37071,323,7100
37072,217,81350
37073,126,182600
37074,333,1500
37075,314,12600
37076,1,1030000
37077,285,30800
37078,322,8000
37079,0,1802500
37080,0,1806000
37081,294,24600
37082,126,183200
37083,174,122750
37084,312,13700
37085,321,8400
37086,0,1226000
37087,334,900
37088,43,382300
37089,48,364150
37090,263,45200
37091,79,270400
37092,318,10000
37093,238,63700
37094,5,782000
37095,24,492300
37096,311,14400
37097,333,1800
37098,332,2300
37099,39,401200
37100,150,150000
37101,317,10500
37102,334,1100
37103,91,244000
37104,330,3400
37105,329,3950
37106,37,410000
37107,271,39600
37108,329,3600
37109,9,666100
37110,325,5900
37111,1,1002400
37112,0,2000000
37113,43,383600
37114,260,47500
37115,254,51900
37116,277,35800
37117,0,1264000
37118,335,500
37119,96,232900
37120,313,13200
37121,329,3700
37122,1,1006250
37123,165,132000
37124,320,9200
37125,328,4600
37126,336,0
37127,0,2000000
37128,200,96450
37129,11,632300
37130,331,2700
37131,307,16950
37132,272,39500
37133,320,9100
37134,114,201000
37135,98,228400
37136,333,1700
37137,0,1954000
37138,277,35500
37139,335,200
37140,4,819000
37141,282,32400
37142,332,2300
37143,323,7250
37144,0,1610900
37145,306,17200
37146,326,5500
37147,196,100450
37148,319,9700
37149,0,2000000
37150,1,1204550
37151,314,12600
37152,28,460400
37153,329,3850
37154,0,1959400
37155,19,532800
37156,332,2000
37157,331,2600
37158,306,17100
37159,314,12700
37160,250,55200
37161,272,38950
37162,335,250
37163,334,1200
37164,335,400
37165,329,3800
37166,328,4300
37167,335,200
37168,329,3600
37169,336,0
37170,199,97550
37171,5,770000
37172,260,47550
37173,1,1050000
37174,199,97500
37175,132,173200
37176,231,69800
37177,333,1300
37178,8,700100
37179,313,12800
37180,168,129150
37181,263,45400
37182,59,322400
37183,288,28600
37184,307,16900
37185,193,103000
37186,321,8500
37187,281,33300
37188,233,67900
37189,324,6800
37190,333,1400
37191,329,3800
37192,24,493300
37193,51,350200
37194,220,79100
37195,287,29300
37196,331,2600
37197,324,6600
37198,324,6800
37199,315,11700
37200,0,2000000
37201,122,188000
37202,66,304000
37203,30,450000
37204,333,1400
37205,209,88000
37206,335,550
37207,318,10100
37208,67,301500
37209,330,3000
37210,234,67500
37211,330,3150
37212,298,22300
37213,332,1950
37214,325,6000
37215,328,4300
37216,288,28600
37217,126,182000
37218,1,1012350
37219,332,2200
37220,127,180700
37221,0,2000000
37222,326,5600
37223,302,19500
37224,122,189200
37225,321,8200
37226,153,146900
37227,237,64600
37228,270,40400
37229,73,283400
37230,169,127800
37231,0,2000000
37232,235,66050
37233,330,3000
37234,0,2000000
37235,0,2000000
37236,0,1860000
37237,0,2000000
37238,319,9700
37239,294,24800
37240,334,1000
37241,334,1200
37242,278,34900
37243,4,809000
37244,43,381400
37245,0,2000000
37246,327,4900
37247,317,10800
37248,323,7100
37249,1,1066000
37250,335,200
37251,10,658600
37252,0,1673800
37253,241,61800
37254,314,12300
37255,288,28400
37256,93,239400
37257,9,664950
37258,270,40250
37259,330,3400
37260,329,3600
37261,27,470400
37262,113,202200
37263,195,101350
37264,312,13700
37265,331,2900
37266,314,12300
37267,116,197400
37268,330,3100
37269,279,34200
37270,53,345550
37271,39,401200
37272,0,1466800
37273,333,1800
37274,216,82500
37275,331,2900
37276,0,2000000
37277,3,902350
37278,300,21200
37279,313,12950
37280,268,41950
37281,0,2000000
37282,330,3200
37283,309,15650
37284,7,730000
37285,295,24100
37286,0,2000000
37287,67,300400
37288,244,59450
37289,283,31500
37290,6,754000
37291,13,602300
37292,69,294800
37293,334,750
37294,326,5700
37295,0,1408500
37296,156,142700
37297,254,51900
37298,6,745600
37299,0,1341000
37300,0,1352000
37301,205,91800
37302,34,423900
37303,0,2000000
37304,331,2800
37305,309,15700
37306,298,22200
37307,0,1836000
37308,11,634000
37309,288,28800
37310,56,332000
37311,3,862000
37312,291,26400
37313,226,73800
37314,323,7200
37315,0,2000000
37316,327,5000
37317,332,2100
37318,318,10400
37319,121,190300
37320,0,2000000
37321,314,12700
37322,167,130200
37323,251,54400
37324,13,609400
37325,242,61000
37326,308,16000
37327,11,632400
37328,322,7600
37329,327,4900
37330,59,322900
37331,326,5650
37332,332,2300
37333,310,15150
37334,335,200
37335,255,50900
37336,306,17100
37337,83,260100
37338,294,25000
37339,333,1300
37340,301,20350
37341,20,524600
37342,73,285200
37343,322,7900
37344,300,20800
37345,315,11600
37346,333,1300
37347,238,64200
37348,66,303300
37349,304,18200
37350,13,600900
37351,333,1600
37352,335,300
37353,30,450000
37354,0,1565150
37355,212,86000
37356,249,55400
37357,231,69700
37358,335,250
37359,0,2000000
37360,333,1800
37361,0,2000000
37362,21,514000
37363,239,63350
37364,328,4200
37365,0,1232900
37366,333,1700
37367,332,2200
37368,309,15200
37369,323,6950
37370,335,500
37371,0,1410200
37372,328,4400
37373,320,9000
37374,66,304000
37375,155,143600
37376,59,323000
37377,228,72000
37378,1,1010300
37379,240,62200
37380,35,420100
37381,0,2000000
37382,331,2850
37383,318,10000
37384,203,94000
37385,335,550
37386,0,1664400
37387,13,609000
37388,30,450000
37389,265,44000
37390,334,1150
37391,67,301000
37392,44,380150
37393,333,1400
37394,13,603300
37395,335,500
37396,2,922500
37397,196,100100
37398,310,14700
37399,331,2900
37400,310,15100
37401,0,2000000
37402,330,3200
37403,1,1008000
37404,269,41100
37405,301,20500
37406,13,601950
37407,0,2000000
37408,259,48200
37409,0,1464000
37410,272,39550
37411,0,1805500
37412,324,6700
37413,335,300
37414,62,316000
37415,0,1522000
37416,150,150000
37417,329,3800
37418,11,633800
37419,295,23800
37420,320,9100
37421,280,33600
37422,329,3600
37423,115,200200
37424,336,100
37425,293,25200
37426,328,4200
37427,30,450000
37428,307,16500
37429,324,6600
37430,264,44600
37431,30,451000
37432,335,200
37433,273,38200
37434,329,3900
37435,335,600
37436,293,25500
37437,163,134500
37438,10,648300
37439,333,1800
37440,332,2300
37441,335,450
37442,101,223100
37443,218,80300
37444,13,610800
37445,1,1201850
37446,323,7100
37447,0,2000000
37448,279,34700
37449,1,1200600
37450,293,25600
37451,150,150000
37452,321,8600
37453,321,8500
37454,330,3250
37455,5,800400
37456,6,761200
37457,308,16300
37458,314,12300
37459,320,8850
37460,322,8050
37461,326,5200
37462,265,44400
37463,326,5700
37464,320,8900
37465,283,31900
37466,282,32400
37467,224,75700
37468,320,8900
37469,147,154000
37470,319,9250
37471,318,10200
37472,102,221700
37473,311,14000
37474,289,27800
37475,3,902000
37476,335,500
37477,0,2000000
37478,324,6700
37479,0,2000000
37480,302,19600
37481,0,1782200
37482,0,1834500
37483,151,148800
37484,0,2000000
37485,320,9200
37486,176,120500
37487,11,632150
37488,217,81350
37489,23,500300
37490,334,1200
37491,332,2000
37492,325,6000
37493,305,17900
37494,50,355600
37495,0,2000000
37496,331,2800
37497,223,76400
37498,268,41800
37499,307,16600
37500,0,1818000
37501,8,704450
37502,333,1400
37503,300,20850
37504,307,16900
37505,0,1446000
37506,282,32300
37507,333,1400
37508,334,1200
37509,62,315200
37510,302,19550
37511,332,1900
37512,229,71400
37513,66,301600
37514,288,28600
37515,8,704500
37516,320,8900
37517,298,22100
37518,326,5700
37519,319,9300
37520,182,113800
37521,1,1001900
37522,242,61200
37523,284,31200
37524,216,82300
37525,294,24600
37526,3,900450
37527,325,6100
37528,66,302550
37529,0,1695400
37530,0,2000000
37531,0,1288000
37532,334,800
37533,312,13900
37534,306,17200
37535,67,300000
37536,305,17700
37537,137,167000
37538,335,500
37539,287,29200
37540,334,900
37541,25,486250
37542,3,901800
37543,292,26000
37544,93,240000
37545,0,2000000
37546,5,801100
37547,310,15100
37548,189,107000
37549,317,10600
37550,297,22700
37551,321,8500
37552,324,6500
37553,1,1050000
37554,319,9300
37555,332,2200
37556,144,158300
37557,323,7400
37558,78,273000
37559,197,99600
37560,222,77000
37561,334,1000
37562,217,81400
37563,309,15750
37564,114,201300
37565,0,1424700
37566,301,20600
37567,1,1025800
37568,312,13450
37569,322,7500
37570,319,9750
37571,325,6100
37572,289,28200
37573,311,14100
37574,329,3700
37575,297,22800
37576,65,307000
37577,250,54700
37578,306,17200
37579,281,33300
37580,0,2000000
37581,2,916000
37582,241,61500
37583,50,355600
37584,289,27700
37585,334,900
37586,310,14900
37587,317,10900
37588,331,2600
37589,148,152000
37590,336,100
37591,0,2000000
37592,321,8100
37593,0,1467200
37594,306,17400
37595,0,1800600
37596,239,63400
37597,88,250000
37598,28,466000
37599,334,700
37600,0,1850000
37601,335,200
37602,149,151000
37603,10,648000
37604,143,158400
37605,231,69400
37606,335,500
37607,330,3000
37608,289,27700
37609,320,9100
37610,262,46400
37611,333,1800
37612,237,65000
37613,29,458000
37614,212,85400
37615,327,4700
37616,330,3100
37617,262,46500
37618,294,24950
37619,209,88100
37620,334,800
37621,1,1009650
37622,259,48300
37623,47,364600
37624,314,12500
37625,286,29900
37626,149,151100
37627,330,3300
37628,127,180450
37629,321,8300
37630,311,14150
37631,324,6700
37632,0,1845500
37633,1,1010850
37634,334,1150
37635,322,7700
37636,300,20900
37637,4,811700
37638,335,300
37639,329,3900
37640,98,228600
37641,13,604000
37642,230,70400
37643,327,4800
37644,8,704000
37645,11,632250
37646,270,40900
37647,60,319200
37648,0,2000000
37649,331,2400
37650,334,1000
37651,0,2000000
37652,327,4900
37653,23,496000
37654,49,360300
37655,311,14050
37656,241,61700
37657,253,52600
37658,65,306500
37659,191,105400
37660,0,2000000
37661,150,149700
37662,188,107600
37663,330,3400
37664,279,34700
37665,327,4900
37666,309,15700
37667,326,5700
37668,29,456200
37669,282,32800
37670,0,1390000
37671,7,733500
37672,36,413600
37673,79,270600
37674,255,51100
37675,24,488600
37676,175,121300
37677,332,1900
37678,293,25350
37679,299,21500
37680,286,29900
37681,237,64500
37682,71,289000
37683,327,4800
37684,304,18200
37685,294,24750
37686,326,5400
37687,0,2000000
37688,161,136900
37689,307,16800
37690,335,600
37691,283,32100
37692,333,1700
37693,324,6700
37694,0,2000000
37695,329,3600
37696,313,12900
37697,279,34500
37698,336,0
37699,66,303550
37700,318,9850
37701,292,26300
37702,114,200600
37703,232,68500
37704,64,310000
37705,331,2800
37706,66,302600
37707,330,3400
37708,37,409800
37709,196,100200
37710,5,767200
37711,267,42900
37712,49,360000
37713,175,121800
37714,334,1000
37715,276,36800
37716,322,7600
37717,326,5700
37718,85,256000
37719,297,23100
37720,201,95600
37721,325,6000
37722,0,1550000
37723,311,14000
37724,326,5400
37725,321,8300
37726,334,900
37727,0,2000000
37728,0,1480400
37729,330,3200
37730,271,39800
37731,295,24300
37732,105,216000
37733,218,80100
37734,2,922900
37735,235,66600
37736,189,107000
37737,286,29900
37738,326,5400
37739,330,3400
37740,331,2850
37741,336,100
37742,315,12000
37743,330,3200
37744,307,16800
37745,192,103900
37746,300,20800
37747,13,602500
37748,306,17400
37749,330,3300
37750,334,750
37751,320,9000
37752,171,125750
37753,0,2000000
37754,307,16800
37755,234,67100
37756,0,2000000
37757,5,788100
37758,0,1429200
37759,335,200
37760,97,230500
37761,283,31800
37762,30,451200
37763,281,33350
37764,13,604600
37765,315,11800
37766,105,216300
37767,326,5600
37768,223,76600
37769,268,42000
37770,294,24700
37771,330,3200
37772,0,2000000
37773,292,26000
37774,1,1061350
37775,14,590700
37776,0,2000000
37777,0,1235600
37778,0,1215500
37779,332,1850
37780,336,100
37781,268,41900
37782,263,45700
37783,0,1804400
37784,0,1410200
37785,293,25450
37786,336,0
37787,67,300400
37788,21,512800
37789,275,36900
37790,78,271200
37791,323,7300
37792,108,210400
37793,335,300
37794,258,49000
37795,334,1000
37796,3,907900
37797,335,350
37798,309,15500
37799,336,0
37800,317,10800
37801,81,265600
37802,74,282300
37803,235,66100
37804,107,212350
37805,228,72200
37806,324,6600
37807,109,210000
37808,0,1801200
37809,156,142500
37810,314,12250
37811,332,2100
37812,334,900
37813,0,2000000
37814,309,15600
37815,112,204200
37816,334,1000
37817,212,85600
37818,334,900
37819,331,2600
37820,228,72300
37821,0,1982000
37822,1,1019200
37823,293,25200
37824,299,21650
37825,34,428100
37826,296,23350
37827,1,1006700
37828,330,3450
37829,107,212400
37830,313,12800
37831,329,3550
37832,312,13900
37833,168,129400
37834,295,24400
37835,0,1494200
37836,47,367300
37837,302,20000
37838,268,42000
37839,324,6700
37840,200,96850
37841,327,5000
37842,331,2400
37843,64,310000
37844,285,30400
37845,1,1054000
37846,104,218000
37847,300,21200
37848,305,17800
37849,153,146400
37850,335,350
37851,304,18200
37852,10,658400
37853,60,319800
37854,331,2400
37855,112,203800
37856,318,10300
37857,321,8250
37858,261,47200
37859,307,16700
37860,0,2000000
37861,34,423950
37862,308,16300
37863,191,105100
37864,3,902000
37865,150,150000
37866,83,260600
37867,120,190950
37868,284,30900
37869,200,96750
37870,5,780400
37871,283,31600
37872,327,5000
37873,163,134800
37874,278,35100
37875,0,2000000
37876,0,2000000
37877,335,500
37878,284,31400
37879,333,1800
37880,233,67700
37881,255,51400
37882,314,12300
37883,326,5500
37884,51,351200
37885,325,6000
37886,221,78150
37887,229,70900
37888,297,23000
37889,272,39300
37890,237,64600
37891,284,30850
37892,284,31000
37893,328,4200
37894,300,21200
37895,297,22600
37896,323,7000
37897,316,11300
37898,332,2000
37899,321,8300
37900,301,20500
37901,315,11600
37902,237,64950
37903,266,43400
37904,167,130550
37905,332,1850
37906,270,40800
37907,241,61800
37908,232,68700
37909,188,108000
37910,277,36100
37911,324,6500
37912,279,34400
37913,277,36100
37914,105,216400
37915,336,0
37916,268,42300
37917,328,4100
37918,150,150600
37919,0,1470000
37920,333,1300
37921,298,22400
37922,336,0
37923,324,6900
37924,335,600
37925,336,100
37926,265,44400
37927,330,3300
37928,161,137100
37929,19,538550
37930,292,26100
37931,335,200
37932,3,901200
37933,332,1950
37934,334,700
37935,307,16600
37936,331,2850
37937,270,40250
37938,330,3400
37939,8,701100
37940,271,40200
37941,308,15900
37942,123,187300
37943,323,7200
37944,278,35200
37945,269,41600
37946,312,13500
37947,312,13400
37948,332,1900
37949,331,2600
37950,335,600
37951,280,33500
37952,331,2600
37953,19,530400
37954,329,3750
37955,241,61500
37956,331,2500
37957,331,2900
37958,0,2000000
37959,0,1998400
37960,2,934000
37961,296,23600
37962,315,11700
37963,13,604000
37964,200,96400
37965,299,21400
37966,0,2000000
37967,298,22000
37968,334,1200
37969,0,2000000
37970,0,2000000
37971,124,184900
37972,244,59800
37973,150,150000
37974,277,36100
37975,296,23600
37976,335,400
37977,330,3300
37978,314,12500
37979,59,324800
37980,304,18600
37981,0,2000000
37982,290,27250
37983,330,3400
37984,277,36100
37985,256,50300
37986,29,458000
37987,331,2600
37988,292,25800
37989,138,165400
37990,117,197000
37991,55,338400
37992,318,10300
37993,331,2700
37994,0,2000000
37995,0,1791200
37996,150,150000
37997,0,2000000
37998,171,125400
37999,106,215000
38000,218,80600
38001,294,24600
38002,8,688900
38003,332,2300
38004,0,1354100
38005,265,44000
38006,316,11500
38007,191,105400
38008,331,2500
38009,292,26000
38010,241,61700
38011,313,13100
38012,167,130500
38013,240,62200
38014,79,270000
38015,331,2900
38016,269,41400
38017,296,23700
38018,46,368700
38019,326,5350
38020,0,2000000
38021,323,7100
38022,315,12150
38023,293,25600
38024,318,10050
38025,96,232600
38026,0,1848000
38027,328,4400
38028,207,90100
38029,331,2700
38030,125,184250
38031,261,46550
38032,330,3000
38033,335,400
38034,263,45300
38035,0,1255900
38036,43,384200
38037,327,4650
38038,333,1600
38039,306,17250
38040,61,318000
38041,334,1200
38042,198,97900
38043,39,400600
38044,309,15400
38045,13,600900
38046,152,147500
38047,282,32600
38048,23,502400
38049,277,36000
38050,326,5500
38051,0,2000000
38052,322,7850
38053,327,4700
38054,318,9900
38055,2,953000
38056,198,98600
38057,268,42100
38058,8,702100
38059,0,1654600
38060,324,6900
38061,0,2000000
38062,336,100
38063,166,131100
38064,330,3300
38065,334,1050
38066,329,3650
38067,320,9200
38068,0,1800750
38069,22,504100
38070,194,101800
38071,85,255650
38072,218,80350
38073,162,135300
38074,0,1401350
38075,242,60850
38076,127,181600
38077,147,153400
38078,78,271700
38079,314,12600
38080,77,275100
38081,258,49050
38082,0,2000000
38083,10,648700
38084,334,1100
38085,0,1654000
38086,312,13850
38087,321,8200
38088,186,109800
38089,64,309200
38090,0,1440200
38091,293,25400
38092,322,7800
38093,257,50000
38094,333,1600
38095,3,868500
38096,326,5600
38097,228,72150
38098,285,30500
38099,220,78600
38100,325,6200
38101,123,186600
38102,98,228400
38103,13,611500
38104,282,32200
38105,21,514000
38106,135,169300
38107,71,290200
38108,8,707900
38109,202,94600
38110,298,22400
38111,0,1543600
38112,327,5000
38113,314,12500
38114,180,116000
38115,316,11200
38116,12,618300
38117,330,3200
38118,334,800
38119,319,9800
38120,308,16100
38121,5,783950
38122,247,57000
38123,294,24800
38124,325,5800
38125,240,62200
38126,324,6700
38127,328,4250
38128,297,22600
38129,321,8500
38130,1,1088400
38131,321,8200
38132,51,350400
38133,330,2950
38134,8,704500
38135,336,0
38136,311,14300
38137,330,3200
38138,157,142100
38139,206,91100
38140,330,3200
38141,309,15700
38142,22,504400
38143,334,800
38144,307,16850
38145,112,205300
38146,6,762100
38147,304,18300
38148,0,2000000
38149,0,1619700
38150,38,407500
38151,0,1415600
38152,305,17800
38153,317,10600
38154,0,1351800
38155,213,84800
38156,331,2400
38157,266,43100
38158,257,49600
38159,168,128600
38160,0,1854400
38161,75,280300
38162,220,78600
38163,98,229000
38164,236,65900
38165,149,150800
38166,1,1058100
38167,66,301800
38168,30,450000
38169,243,60000
38170,66,302000
38171,315,12100
38172,112,204400
38173,302,19700
38174,207,90500
38175,143,158400
38176,328,4300
38177,321,8200
38178,1,1002800
38179,302,19650
38180,266,43600
38181,245,59000
38182,335,500
38183,100,225600
38184,12,628200
38185,312,13700
38186,213,84600
38187,4,830300
38188,297,23000
38189,143,159000
38190,266,43400
38191,1,1001700
38192,61,317400
38193,334,900
38194,3,900600
38195,331,2800
38196,319,9600
38197,293,25500
38198,271,40200
38199,297,22750
38200,21,515000
38201,12,626500
38202,336,100
38203,280,33600
38204,299,21800
38205,5,767000
38206,285,30400
38207,3,902000
38208,274,38100
38209,50,353400
38210,322,7800
38211,305,17900
38212,286,29800
38213,272,39100
38214,299,21600
38215,248,56500
38216,51,350000
38217,294,24500
38218,0,1754600
38219,259,48300
38220,242,61100
38221,198,98800
38222,281,33100
38223,328,4600
38224,240,62150
38225,324,6400
38226,330,3100
38227,0,1950600
38228,258,49000
38229,332,2200
38230,312,13600
38231,6,751000
38232,13,609750
38233,327,4700
38234,22,503500
38235,30,450000
38236,334,800
38237,118,195100
38238,331,2850
38239,332,2200
38240,9,670000
38241,303,19300
38242,0,2000000
38243,5,774800
38244,280,33700
38245,30,451000
38246,159,139700
38247,39,400400
38248,170,127000
38249,329,3750
38250,333,1800
38251,0,1508250
38252,254,52150
38253,0,2000000
38254,241,61550
38255,328,4400
38256,330,3200
38257,10,660000
38258,290,27500
38259,327,4700
38260,303,19050
38261,206,91200
38262,319,9400
38263,335,500
38264,0,2000000
38265,313,13300
38266,324,6900
38267,332,2150
38268,39,403000
38269,10,660900
38270,329,3700
38271,1,1053200
38272,199,97200
38273,271,40000
38274,331,2900
38275,281,33400
38276,334,1200
38277,0,2000000
38278,314,12500
38279,320,9100
38280,327,5000
38281,0,1405100
38282,320,9200
38283,0,2000000
38284,89,246700
38285,133,172200
38286,290,27050
38287,271,40000
38288,186,110100
38289,142,160600
38290,297,22600
38291,0,2000000
38292,251,53950
38293,303,18800
38294,285,30550
38295,217,81300
38296,0,1366000
38297,261,46700
38298,0,1903200
38299,306,17000
38300,13,604800
38301,262,46250
38302,152,147400
38303,328,4500
38304,0,1603300
38305,0,1954000
38306,0,1400500
38307,143,159600
38308,188,108200
38309,92,241100
38310,226,73600
38311,335,650
38312,0,2000000
38313,77,273700
38314,331,2400
38315,330,3000
38316,312,13400
38317,241,62100
38318,0,2000000
38319,74,281400
38320,0,2000000
38321,267,42600
38322,309,15450
38323,0,2000000
38324,319,9400
38325,244,59100
38326,329,3950
38327,287,29400
38328,319,9500
38329,253,52400
38330,335,400
38331,0,1229600
38332,0,2000000
38333,150,150000
38334,325,6250
38335,38,404000
38336,312,13500
38337,0,2000000
38338,335,600
38339,280,33600
38340,334,1100
38341,324,6700
38342,318,10400
38343,334,900
38344,329,3600
38345,0,1557500
38346,267,42700
38347,106,215400
38348,308,15800
38349,311,14300
38350,0,2000000
38351,64,308150
38352,333,1250
38353,267,42900
38354,289,27950
38355,155,143800
38356,334,800
38357,320,9000
38358,325,6100
38359,13,605500
38360,0,2000000
38361,283,32100
38362,297,22800
38363,334,700
38364,0,1238800
38365,316,11500
38366,12,627300
38367,126,181800
38368,288,28800
38369,250,54700
38370,296,23200
38371,276,36800
38372,1,1045100
38373,88,248500
38374,335,200
38375,334,1050
38376,335,300
38377,182,114500
38378,101,224200
38379,306,17150
38380,254,52250
38381,329,4000
38382,320,8900
38383,11,630600
38384,328,4600
38385,0,1801900
38386,333,1800
38387,333,1300
38388,6,752000
38389,16,562800
38390,328,4600
38391,251,54400
38392,305,17600
38393,326,5300
38394,292,25900
38395,1,1160300
38396,325,6000
38397,334,1000
38398,319,9400
38399,62,316000
38400,0,2000000
38401,302,19600
38402,318,10300
38403,264,44600
38404,147,154400
38405,327,5000
38406,335,500
38407,320,9000
38408,37,409500
38409,289,27750
38410,256,50600
38411,162,135400
38412,309,15500
38413,334,800
38414,324,6700
38415,51,350000
38416,334,700
38417,0,2000000
38418,333,1600
38419,320,8800
38420,263,45200
38421,334,750
38422,336,100
38423,3,902000
38424,203,93700
38425,11,634100
38426,332,2000
38427,278,35100
38428,248,56300
38429,329,3600
38430,115,200000
38431,0,2000000
38432,0,2000000
38433,328,4350
38434,1,1178000
38435,323,7000
38436,312,13600
38437,62,315600
38438,0,1500000
38439,75,280200
38440,304,18400
38441,0,2000000
38442,332,2000
38443,4,825000
38444,318,10200
38445,3,910000
38446,278,34850
38447,0,1909600
38448,235,66400
38449,326,5600
38450,164,133100
38451,335,500
38452,241,61600
38453,333,1300
38454,309,15550
38455,213,84700
38456,310,15100
38457,212,85600
38458,319,9600
38459,8,688400
38460,328,4400
38461,335,350
38462,333,1500
38463,0,2000000
38464,13,599200
38465,298,22300
38466,53,345400
38467,170,127000
38468,85,255000
38469,289,28150
38470,223,75800
38471,313,12950
38472,305,17700
38473,329,3500
38474,333,1500
38475,329,3700
38476,146,154600
38477,296,23600
38478,285,30600
38479,336,100
38480,0,1300950
38481,0,1651200
38482,200,96200
38483,325,6200
38484,240,62250
38485,4,820200
38486,327,5000
38487,330,3400
38488,314,12400
38489,59,323000
38490,271,40100
38491,327,5100
38492,331,2700
38493,171,125950
38494,272,39000
38495,46,370200
38496,1,1202350
38497,62,315200
38498,12,620000
38499,329,4000
38500,276,36300
38501,334,1200
38502,333,1600
38503,295,24400
38504,332,2000
38505,316,11100
38506,332,1900
38507,0,1240400
38508,66,302000
38509,280,33800
38510,307,16600
38511,293,25600
38512,325,5900
38513,329,3500
38514,298,22200
38515,334,1100
38516,334,900
38517,324,6400
38518,280,34100
38519,171,125200
38520,13,607800
38521,13,604300
38522,295,23800
38523,130,176200
38524,0,2000000
38525,13,606000
38526,321,8150
38527,0,2000000
38528,10,650400
38529,282,32400
38530,292,25900
38531,333,1550
38532,30,450000
38533,194,102450
38534,268,42250
38535,307,16900
38536,24,494000
38537,175,121700
38538,330,3100
38539,0,2000000
38540,328,4500
38541,335,400
38542,0,2000000
38543,332,2300
38544,179,117200
38545,158,140750
38546,331,2700
38547,335,600
38548,254,52150
38549,334,1050
38550,13,608400
38551,2,940750
38552,331,2800
38553,331,2400
38554,304,18600
38555,329,3900
38556,328,4200
38557,317,10800
38558,334,1100
38559,326,5500
38560,273,38500
38561,275,37200
38562,329,4000
38563,0,1700000
38564,335,150
38565,329,3500
38566,327,4700
38567,29,458000
38568,336,100
38569,131,175000
38570,253,52800
38571,271,40000
38572,67,301150
38573,316,11400
38574,179,116900
38575,231,70000
38576,29,458000
38577,313,12800
38578,331,2550
38579,51,350800
38580,7,726600
38581,330,3100
38582,321,8300
38583,321,8600
38584,317,10900
38585,332,2000
38586,332,2250
38587,258,49000
38588,334,700
38589,327,5100
38590,118,195100
38591,328,4200
38592,335,150
38593,276,36300
38594,30,450800
38595,67,300300
38596,319,9500
38597,330,3150
38598,315,12150
38599,295,24300
38600,325,5900
38601,335,300
38602,334,700
38603,329,3500
38604,85,256400
38605,306,17500
38606,237,65000
38607,1,1000500
38608,322,7700
38609,294,24600
38610,330,3200
38611,3,900200
38612,250,54900
38613,1,1006550
38614,51,350000
38615,226,74100
38616,34,425500
38617,121,190000
38618,328,4150
38619,1,1116200
38620,329,3800
38621,9,664000
38622,0,2000000
38623,0,2000000
38624,304,18400
38625,19,535100
38626,30,450000
38627,333,1300
38628,333,1800
38629,146,155300
38630,0,1954000
38631,335,200
38632,313,12900
38633,321,8200
38634,0,2000000
38635,8,696200
38636,291,26900
38637,5,768600
38638,255,51300
38639,0,1982000
38640,0,1651000
38641,233,67650
38642,280,33500
38643,322,8000
38644,333,1500
38645,51,350200
38646,237,64750
38647,13,600500
38648,261,46800
38649,0,2000000
38650,147,154000
38651,1,1211000
38652,51,350000
38653,0,1656000
38654,320,8850
38655,0,2000000
38656,294,24800
38657,282,32250
38658,4,807400
38659,322,7700
38660,99,228100
38661,0,2000000
38662,0,1677000
38663,335,300
38664,271,40200
38665,163,134900
38666,162,136000
38667,335,450
38668,269,41500
38669,234,67500
38670,314,12200
38671,299,21400
38672,205,91600
38673,0,2000000
38674,334,800
38675,263,45800
38676,72,285800
38677,305,18100
38678,333,1400
38679,293,25300
38680,291,26700
38681,271,39800
38682,304,18200
38683,251,54000
38684,278,35200
38685,308,16000
38686,150,150000
38687,331,2800
38688,0,2000000
38689,333,1800
38690,198,98500
38691,310,14600
38692,300,20700
38693,0,1720800
38694,230,70400
38695,45,373400
38696,0,2000000
38697,335,600
38698,233,67700
38699,66,301850
38700,150,150600
38701,320,9100
38702,299,21700
38703,282,32300
38704,329,3850
38705,23,500600
38706,23,500400
38707,328,4250
38708,320,8700
38709,56,332600
38710,277,36100
38711,268,42000
38712,335,200
38713,318,10300
38714,333,1550
38715,69,295100
38716,276,36700
38717,331,2700
38718,330,2950
38719,332,2200
38720,150,150000
38721,271,40100
38722,8,696100
38723,322,7600
38724,318,10400
38725,20,521800
38726,334,1000
38727,303,18800
38728,327,4800
38729,334,1000
38730,330,3000
38731,137,166300
38732,0,2000000
38733,304,18700
38734,258,49400
38735,299,21800
38736,332,2250
38737,66,303200
38738,206,90900
38739,333,1500
38740,274,37900
38741,67,301000
38742,0,1772000
38743,85,255000
38744,0,2000000
38745,275,37400
38746,6,758000
38747,154,145400
38748,150,150500
38749,332,2000
38750,270,40400
38751,273,38600
38752,241,61500
38753,0,2000000
38754,330,3000
38755,97,231200
38756,332,2000
38757,16,562000
38758,334,900
38759,333,1400
38760,1,1144650
38761,322,7700
38762,312,13700
38763,4,803500
38764,328,4200
38765,335,650
38766,169,128300
38767,332,2000
38768,21,514000
38769,335,350
38770,181,115000
38771,235,66200
38772,332,2300
38773,58,326400
38774,103,220500
38775,327,5100
38776,233,68400
38777,236,65950
38778,207,90000
38779,335,600
38780,217,81100
38781,315,12150
38782,318,10100
38783,1,1209200
38784,1,1051600
38785,325,5800
38786,100,225000
38787,218,80400
38788,300,20900
38789,322,7600
38790,0,2000000
38791,325,5900
38792,189,107100
38793,66,302650
38794,335,200
38795,6,754000
38796,322,7800
38797,327,4800
38798,66,303200
38799,263,45400
38800,327,4700
38801,0,2000000
38802,314,12500
38803,328,4100
38804,310,14800
38805,313,13150
38806,153,146950
38807,142,160000
38808,49,360000
38809,316,11400
38810,147,154000
38811,336,0
38812,329,3500
38813,297,22600
38814,0,2000000
38815,0,2000000
38816,57,330900
38817,65,307000
38818,0,1607500
38819,133,173000
38820,243,60450
38821,315,12100
38822,304,18400
38823,333,1300
38824,0,2000000
38825,236,65600
38826,320,8750
38827,334,800
38828,282,32400
38829,0,2000000
38830,237,64600
38831,224,75500
38832,320,8800
38833,335,500
38834,155,144500
38835,324,6600
38836,10,660000
38837,321,8400
38838,316,11100
38839,123,187600
38840,330,3100
38841,0,2000000
38842,324,6400
38843,173,124000
38844,24,490600
38845,328,4200
38846,333,1550
38847,57,329500
38848,6,750800
38849,149,151700
38850,307,16450
38851,332,2000
38852,0,2000000
38853,297,22800
38854,328,4300
38855,273,38700
38856,270,40300
38857,281,33300
38858,335,300
38859,335,300
38860,1,1050000
38861,283,32100
38862,311,14200
38863,334,1100
38864,0,2000000
38865,317,10900
38866,0,2000000
38867,153,146900
38868,1,1017600
38869,227,72800
38870,263,45450
38871,0,1951400
38872,1,1050000
38873,224,75400
38874,327,5000
38875,295,24300
38876,275,37300
38877,317,10800
38878,332,2100
38879,324,6500
38880,281,33200
38881,0,2000000
38882,263,45600
38883,152,148200
38884,318,10000
38885,317,10600
38886,67,300000
38887,294,24600
38888,324,6900
38889,330,3400
38890,311,14000
38891,0,1313400
38892,0,1359000
38893,326,5200
38894,314,12600
38895,313,13300
38896,146,155400
38897,333,1700
38898,313,13200
38899,175,121600
38900,6,750400
38901,13,601300
38902,333,1700
38903,249,55550
38904,329,3800
38905,21,514000
38906,324,6400
38907,39,403200
38908,322,7800
38909,314,12700
38910,331,2600
38911,0,2000000
38912,29,458000
38913,292,25700
38914,51,351300
38915,0,2000000
38916,325,6200
38917,326,5400
38918,199,97100
38919,46,370900
38920,277,35650
38921,292,26000
38922,43,381500
38923,328,4500
38924,314,12400
38925,200,96600
38926,284,31000
38927,6,741100
38928,299,21400
38929,241,61600
38930,211,86600
38931,326,5300
38932,302,19800
38933,0,1614000
38934,0,1804300
38935,327,4950
38936,327,4800
38937,13,600000
38938,333,1300
38939,0,1386800
38940,60,320400
38941,96,232400
38942,310,14800
38943,290,27000
38944,320,8800
38945,313,13200
38946,279,34200
38947,314,12500
38948,0,1966600
38949,1,1050000
38950,273,38200
38951,0,1650600
38952,214,84100
38953,331,2600
38954,1,1054800
38955,0,2000000
38956,58,326700
38957,316,11100
38958,301,20400
38959,259,48150
38960,322,7800
38961,303,19000
38962,1,1178000
38963,334,1000
38964,145,155950
38965,295,23900
38966,321,8400
38967,15,579200
38968,333,1600
38969,308,15850
38970,290,27100
38971,1,1202100
38972,335,200
38973,1,1050000
38974,12,616600
38975,59,322500
38976,200,96200
38977,27,470250
38978,311,14100
38979,320,8650
38980,307,16400
38981,332,2100
38982,212,85600
38983,283,31600
38984,326,5400
38985,140,162400
38986,0,2000000
38987,276,36700
38988,13,600800
38989,12,616400
38990,313,12900
38991,141,162000
38992,333,1450
38993,246,58000
38994,292,26000
38995,0,2000000
38996,62,316000
38997,29,458000
38998,307,16450
38999,294,24800
39000,263,45600
39001,32,436400
39002,329,4000
39003,132,173200
39004,0,2000000
39005,332,2100
39006,230,70800
39007,334,700
39008,333,1600
39009,329,3600
39010,329,4050
39011,333,1700
39012,0,1807200
39013,30,450000
39014,0,1353800
39015,334,1100
39016,19,533000
39017,320,8800
39018,112,203800
39019,334,800
39020,335,250
39021,328,4600
39022,239,63000
39023,289,27900
39024,239,63100
39025,6,750300
39026,49,358100
39027,0,1746000
39028,28,460400
39029,117,196300
39030,1,1209100
39031,334,950
39032,5,770800
39033,0,1470000
39034,314,12200
39035,333,1400
39036,0,1367500
39037,18,540600
39038,30,450000
39039,318,10000
39040,5,766200
39041,302,20000
39042,302,19700
39043,67,300200
39044,332,2300
39045,251,54500
39046,326,5300
39047,295,24300
39048,325,6000
39049,305,17900
39050,228,72100
39051,282,32400
39052,33,432650
39053,255,50950
39054,222,77400
39055,335,600
39056,0,2000000
39057,3,902000
39058,137,166300
39059,149,151600
39060,314,12200
39061,9,680000
39062,66,302000
39063,241,61450
39064,226,73500
39065,318,9900
39066,67,300300
39067,150,150000
39068,269,41200
39069,270,40650
39070,304,18700
39071,66,301600
39072,333,1800
39073,335,600
39074,0,1805000
39075,273,38400
39076,0,1450000
39077,329,4000
39078,322,7500
39079,150,150500
39080,11,632300
39081,75,278800
39082,284,31150
39083,218,80600
39084,331,2900
39085,323,7300
39086,322,7700
39087,0,2000000
39088,317,10500
39089,334,1000
39090,335,300
39091,334,750
39092,327,4800
39093,0,2000000
39094,314,12250
39095,0,1950300
39096,328,4500
39097,255,51000
39098,83,260000
39099,247,57000
39100,249,55800
39101,13,606000
39102,175,121400
39103,3,852100
39104,0,2000000
39105,325,6100
39106,325,5900
39107,7,715800
39108,6,754000
39109,298,22400
39110,319,9700
39111,59,323000
39112,320,9100
39113,119,192400
39114,149,151500
39115,322,7900
39116,1,1208500
39117,0,1566000
39118,282,32500
39119,329,3800
39120,59,324400
39121,0,1416600
39122,22,504600
39123,334,1000
39124,111,205800
39125,6,739400
39126,324,6400
39127,272,39150
39128,235,66600
39129,275,37200
39130,332,2000
39131,10,650400
39132,4,825000
39133,147,154000
39134,120,191600
39135,34,424050
39136,8,699800
39137,292,25800
39138,67,301150
39139,0,1806000
39140,30,450800
39141,0,1714000
39142,328,4400
39143,330,3100
39144,332,2150
39145,321,8100
39146,321,8100
39147,67,300000
39148,119,192900
39149,147,153400
39150,118,195100
39151,4,811000
39152,335,450
39153,176,120400
39154,0,1403900
39155,112,203900
39156,281,33100
39157,321,8100
39158,52,347100
39159,335,300
39160,195,100850
39161,302,19800
39162,328,4300
39163,121,190000
39164,334,1200
39165,208,89400
39166,332,2300
39167,325,5800
39168,304,18300
39169,29,456000
39170,1,1050000
39171,0,1500800
39172,335,250
39173,316,11200
39174,245,58800
39175,315,11850
39176,325,6100
39177,256,50200
39178,307,16700
39179,326,5400
39180,229,71400
39181,7,709500
39182,200,96400
39183,253,52700
39184,301,20400
39185,274,38100
39186,285,30700
39187,316,11100
39188,204,92400
39189,0,2000000
39190,0,2000000
39191,171,126100
39192,21,512000
39193,15,580200
39194,313,13200
39195,300,21000
39196,304,18700
39197,318,9900
39198,335,400
39199,4,825000
39200,319,9300
39201,332,1950
39202,312,13600
39203,295,23900
39204,328,4450
39205,335,300
39206,227,72700
39207,113,202500
39208,264,44500
39209,288,28400
39210,334,1100
39211,329,4000
39212,335,250
39213,180,116200
39214,10,663200
39215,305,17600
39216,191,105000
39217,2,961300
39218,334,900
39219,334,900
39220,150,149500
39221,0,1277500
39222,318,10100
39223,2,916000
39224,310,14700
39225,311,14100
39226,333,1750
39227,181,115400
39228,0,1306400
39229,329,4000
39230,21,514000
39231,283,31700
39232,333,1650
39233,0,2000000
39234,316,11200
39235,330,3000
39236,336,100
39237,260,47600
39238,285,30600
39239,57,330200
39240,335,450
39241,327,5150
39242,322,7500
39243,321,8200
39244,315,12100
39245,272,39500
39246,301,20550
39247,334,1000
39248,230,70400
39249,1,1050000
39250,0,2000000
39251,328,4100
39252,1,1158500
39253,1,1050000
39254,304,18350
39255,330,3200
39256,217,81000
39257,310,14700
39258,332,1950
39259,325,6150
39260,218,80300
39261,0,1654600
39262,45,374500
39263,324,6900
39264,335,500
39265,67,300850
39266,331,2400
39267,0,2000000
39268,295,24000
39269,100,225500
39270,309,15300
39271,195,101200
39272,0,2000000
39273,0,2000000
39274,336,0
39275,127,181200
39276,151,148700
39277,239,63300
39278,330,3300
39279,265,44400
39280,314,12300
39281,114,201300
39282,326,5300
39283,115,200200
39284,74,280600
39285,329,4000
39286,6,750300
39287,230,70100
39288,0,1953200
39289,334,1100
39290,300,21200
39291,325,6300
39292,296,23400
39293,1,1050000
39294,285,30500
39295,326,5600
39296,335,300
39297,85,255600
39298,0,2000000
39299,331,2900
39300,308,16200
39301,323,7300
39302,330,3000
39303,300,20900
39304,329,3900
39305,0,2000000
39306,278,34900
39307,283,31800
39308,258,48700
39309,314,12400
39310,0,1252500
39311,1,1050000
39312,314,12700
39313,309,15600
39314,254,51700
39315,280,33500
39316,313,13000
39317,114,201000
39318,334,700
39319,321,8600
39320,316,11300
39321,67,300200
39322,330,3000
39323,320,9100
39324,24,493600
39325,169,127700
39326,242,61000
39327,29,453200
39328,307,16800
39329,330,3200
39330,4,836600
39331,330,3200
39332,312,13850
39333,326,5450
39334,124,184900
39335,329,4000
39336,291,26500
39337,94,237800
39338,0,2000000
39339,221,77700
39340,219,79700
39341,0,1832700
39342,291,26800
39343,67,301400
39344,333,1500
39345,250,54700
39346,5,801000
39347,280,34100
39348,322,7500
39349,317,10650
39350,308,16200
39351,2,933050
39352,0,2000000
39353,34,428900
39354,6,747550
39355,333,1400
39356,1,1002400
39357,223,76000
39358,169,128000
39359,0,1552700
39360,0,1414400
39361,172,125100
39362,83,259600
39363,1,1202500
39364,207,90100
39365,272,39500
39366,4,836300
39367,314,12400
39368,208,88750
39369,316,11000
39370,0,2000000
39371,0,1871800
39372,329,3600
39373,4,825000
39374,65,306400
39375,317,10800
39376,88,249400
39377,0,2000000
39378,304,18600
39379,335,650
39380,333,1700
39381,329,3900
39382,334,800
39383,53,342100
39384,325,6000
39385,1,1120400
39386,331,2400
39387,1,1098000
39388,66,302000
39389,294,25000
39390,226,73850
39391,1,1050000
39392,6,762000
39393,335,500
39394,279,34250
39395,314,12550
39396,5,766500
39397,1,1006400
39398,39,401400
39399,21,516000
39400,21,513000
39401,248,56700
39402,248,56200
39403,45,374300
39404,0,2000000
39405,137,167200
39406,89,248000
39407,13,600000
39408,280,33800
39409,327,5000
39410,206,91250
39411,23,502000
39412,273,38500
39413,231,70000
39414,284,31200
39415,333,1600
39416,5,788400
39417,13,603200
39418,268,41800
39419,295,24350
39420,5,787500
39421,0,2000000
39422,326,5600
39423,332,1950
39424,0,2000000
39425,320,9200
39426,48,363200
39427,325,5900
39428,222,77400
39429,1,1050000
39430,225,74800
39431,0,2000000
39432,277,35800
39433,329,3700
39434,7,713400
39435,299,21300
39436,218,80800
39437,133,172200
39438,212,85600
39439,322,7700
39440,323,7200
39441,169,128000
39442,334,900
39443,314,12300
39444,328,4400
39445,271,40200
39446,310,15000
39447,118,195000
39448,268,42100
39449,323,7200
39450,328,4550
39451,312,13600
39452,333,1600
39453,134,170700
39454,321,8350
39455,317,10900
39456,333,1800
39457,325,6200
39458,205,91950
39459,0,2000000
39460,282,32400
39461,308,16200
39462,1,1205500
39463,66,302000
39464,149,150800
39465,333,1600
39466,0,2000000
39467,150,150600
39468,328,4100
39469,66,302000
39470,1,1179600
39471,330,3000
39472,290,27200
39473,323,7050
39474,300,20700
39475,0,2000000
39476,218,80300
39477,335,600
39478,284,31100
39479,1,1000600
39480,271,40150
39481,334,1050
39482,0,2000000
39483,317,10800
39484,279,34150
39485,325,6000
39486,259,48000
39487,322,7800
39488,126,182200
39489,278,35450
39490,1,1020000
39491,0,1714000
39492,333,1500
39493,333,1700
39494,8,700800
39495,0,2000000
39496,330,3000
39497,203,94000
39498,0,2000000
39499,245,58600
39500,334,1000
39501,0,2000000
39502,0,2000000
39503,318,10200
39504,332,2100
39505,295,24400
39506,320,8800
39507,331,2550
39508,334,1200
39509,110,207000
39510,296,23200
39511,292,26300
39512,286,29800
39513,331,2850
39514,0,2000000
39515,92,241800
39516,285,30800
39517,256,50500
39518,319,9800
39519,101,223600
39520,51,349500
39521,280,34000
39522,280,34000
39523,175,121200
39524,23,500000
39525,325,5800
39526,45,375600
39527,30,451200
39528,109,209600
39529,149,151600
39530,336,100
39531,64,308400
39532,0,1450350
39533,194,102400
39534,259,48000
39535,287,29100
39536,197,99600
39537,50,355800
39538,335,200
39539,335,250
39540,334,800
39541,335,600
39542,330,3200
39543,335,500
39544,8,701900
39545,7,714900
39546,147,154000
39547,273,38850
39548,198,98150
39549,1,1050000
39550,326,5450
39551,200,96200
39552,314,12700
39553,327,4800
39554,336,0
39555,335,400
39556,335,150
39557,28,465400
39558,333,1300
39559,7,728000
39560,325,6200
39561,275,37400
39562,256,50800
39563,33,431600
39564,312,13800
39565,333,1600
39566,12,621000
39567,0,2000000
39568,294,24800
39569,324,6600
39570,327,5150
39571,323,7350
39572,334,900
39573,335,600
39574,23,500000
39575,263,45600
39576,318,9900
39577,0,1764800
39578,149,151100
39579,200,96150
39580,306,17300
39581,334,800
39582,0,2000000
39583,333,1500
39584,336,100
39585,326,5600
39586,286,30000
39587,320,9200
39588,335,500
39589,320,8900
39590,313,13350
39591,302,19700
39592,325,6150
39593,309,15600
39594,336,0
39595,329,4000
39596,259,48000
39597,1,1050000
39598,326,5500
39599,104,218400
39600,20,526900
39601,312,13600
39602,0,2000000
39603,332,2100
39604,230,70400
39605,88,248400
39606,1,1054000
39607,0,1400400
39608,304,18400
39609,33,430000
39610,229,71200
39611,321,8200
39612,298,22000
39613,332,2100
39614,333,1700
39615,0,1651200
39616,150,150000
39617,1,1050000
39618,294,24600
39619,330,3400
39620,315,11800
39621,332,2000
39622,325,6300
39623,7,733400
39624,312,13600
39625,189,107000
39626,279,34600
39627,326,5700
39628,32,437400
39629,198,98800
39630,46,369200
39631,293,25500
39632,306,17500
39633,2,1000250
39634,295,24000
39635,307,16400
39636,320,8950
39637,289,27900
39638,1,1087700
39639,281,33100
39640,118,195400
39641,306,17000
39642,334,1100
39643,59,322400
39644,133,172400
39645,336,0
39646,320,9000
39647,108,210800
39648,0,2000000
39649,315,11700
39650,229,71000
39651,299,21800
39652,269,41100
39653,279,34200
39654,297,22600
39655,301,20300
39656,61,317200
39657,326,5300
39658,335,200
39659,1,1052400
39660,13,604300
39661,23,502000
39662,260,47600
39663,270,40300
39664,65,305800
39665,104,218000
39666,11,640500
39667,23,500600
39668,14,594100
39669,257,49750
39670,0,2000000
39671,331,2800
39672,187,109000
39673,1,1023150
39674,171,125400
39675,198,97900
39676,328,4100
39677,319,9500
39678,328,4400
39679,287,28950
39680,13,607200
39681,187,108700
39682,335,300
39683,0,1501200
39684,332,1900
39685,302,19500
39686,7,731800
39687,6,751200
39688,331,2900
39689,277,36100
39690,213,84600
39691,0,1392550
39692,268,42100
39693,13,606900
39694,328,4300
39695,326,5200
39696,191,105200
39697,0,2000000
39698,0,2000000
39699,268,42100
39700,30,452000
39701,290,27000
39702,335,250
39703,335,450
39704,332,2050
39705,319,9500
39706,323,7050
39707,173,123800
39708,101,223500
39709,330,3300
39710,161,137300
39711,335,500
39712,7,725000
39713,6,758850
39714,2,983000
39715,265,44300
39716,282,32300
39717,0,1511000
39718,333,1600
39719,220,78750
39720,315,12000
39721,326,5200
39722,196,100400
39723,11,637600
39724,285,30400
39725,202,94200
39726,145,156500
39727,297,22600
39728,1,1109300
39729,333,1750
39730,234,67000
39731,308,15800
39732,237,65000
39733,0,1512900
39734,132,174300
39735,241,61600
39736,321,8150
39737,334,800
39738,189,106600
39739,336,0
39740,289,27800
39741,271,39800
39742,3,860500
39743,5,794900
39744,5,786000
39745,334,1200
39746,322,7600
39747,63,311600
39748,323,7200
39749,1,1026000
39750,270,40600
39751,322,7900
39752,269,41150
39753,327,5000
39754,308,16300
39755,147,154000
39756,307,16400
39757,299,21350
39758,326,5600
39759,301,20500
39760,328,4100
39761,334,1150
39762,173,123500
39763,307,16500
39764,329,3650
39765,0,2000000
39766,330,3400
39767,15,574200
39768,335,500
39769,240,62700
39770,331,2700
39771,288,28800
39772,333,1350
39773,218,80500
39774,287,29000
39775,0,2000000
39776,319,9500
39777,303,19200
39778,326,5400
39779,312,13900
39780,331,2550
39781,296,23400
39782,330,3050
39783,196,100200
39784,0,1417000
39785,334,900
39786,59,322500
39787,306,17400
39788,8,702700
39789,334,1000
39790,8,700300
39791,327,4900
39792,304,18700
39793,328,4600
39794,58,327700
39795,113,202400
39796,290,27000
39797,2,916000
39798,254,52200
39799,145,156300
39800,6,754000
39801,142,160250
39802,0,1950500
39803,0,2000000
39804,67,299400
39805,140,162400
39806,190,106300
39807,198,98500
39808,335,600
39809,312,13750
39810,57,330600
39811,143,158400
39812,336,100
39813,332,2200
39814,278,35200
39815,327,4800
39816,0,2000000
39817,28,460200
39818,23,500150
39819,0,1297250
39820,323,7100
39821,0,1516800
39822,0,2000000
39823,318,10050
39824,5,766800
39825,174,122200
39826,138,165100
39827,214,84300
39828,122,188000
39829,206,91100
39830,334,700
39831,8,685800
39832,121,190000
39833,0,1658000
39834,102,222400
39835,291,26900
39836,231,69800
39837,183,113100
39838,4,825100
39839,333,1800
39840,322,7500
39841,291,26700
39842,0,2000000
39843,3,867000
39844,270,40600
39845,333,1700
39846,0,1219000
39847,302,20000
39848,129,178200
39849,275,37000
39850,50,356000
39851,281,33450
39852,301,20300
39853,237,64800
39854,11,636800
39855,67,300000
39856,293,25500
39857,0,1510000
39858,0,2000000
39859,332,2100
39860,302,19950
39861,1,1082800
39862,334,800
39863,0,2000000
39864,145,156000
39865,115,198950
39866,334,800
39867,117,196400
39868,0,2000000
39869,232,69100
39870,331,2400
39871,332,1900
39872,307,16600
39873,13,602400
39874,327,5000
39875,10,656500
39876,140,162900
39877,335,300
39878,5,784000
39879,63,310200
39880,335,300
39881,334,700
39882,234,67600
39883,300,21000
39884,260,47800
39885,334,800
39886,285,30400
39887,123,186500
39888,3,902000
39889,263,45350
39890,0,2000000
39891,10,663000
39892,19,530700
39893,1,1206500
39894,295,24100
39895,207,90100
39896,175,121000
39897,330,3300
39898,304,18700
39899,327,5100
39900,2,916000
39901,219,79900
39902,329,3700
39903,326,5550
39904,0,1418300
39905,211,86300
39906,10,652500
39907,298,22300
39908,333,1350
39909,30,452000
39910,297,22950
39911,3,900000
39912,324,6500
39913,13,602150
39914,267,42600
39915,326,5200
39916,298,22100
39917,0,2000000
39918,115,200000
39919,333,1600
39920,16,567400
39921,111,205500
39922,117,195750
39923,203,93700
39924,0,2000000
39925,167,130000
39926,296,23500
39927,211,86800
39928,296,23400
39929,0,1355200
39930,333,1650
39931,324,6550
39932,243,60100
39933,256,50400
39934,253,52900
39935,281,33400
39936,88,249000
39937,328,4400
39938,1,1202200
39939,328,4600
39940,296,23700
39941,291,26400
39942,243,60300
39943,8,704000
39944,320,9000
39945,321,8200
39946,70,290800
39947,310,15100
39948,328,4400
39949,0,2000000
39950,13,603200
39951,66,302000
39952,298,22000
39953,208,88900
39954,261,46700
39955,112,203900
39956,60,320000
39957,39,402300
39958,212,85550
39959,263,45500
39960,306,17000
39961,3,900150
39962,306,17300
39963,336,100
39964,0,2000000
39965,332,2000
39966,106,214300
39967,316,11400
39968,6,754000
39969,0,1384200
39970,333,1800
39971,21,516000
39972,1,1110000
39973,331,2400
39974,174,122100
39975,18,545400
39976,250,54800
39977,317,10950
39978,306,17300
39979,13,601500
39980,131,175300
39981,0,1383200
39982,329,3950
39983,27,466500
39984,11,640000
39985,9,669800
39986,157,141600
39987,0,1352600
39988,299,21600
39989,35,420000
39990,309,15300
39991,324,6800
39992,17,560500
39993,6,750500
39994,320,8700
39995,30,450000
39996,332,2250
39997,59,324850
39998,325,6300
39999,6,744500
40000,294,24900
40001,6,751000
40002,67,300500
40003,0,2000000
40004,328,4300
40005,334,900
40006,310,14800
40007,0,1420600
40008,11,644300
40009,296,23300
40010,295,24400
40011,12,617300
40012,253,52700
40013,279,34300
40014,333,1800
40015,3,901000
40016,123,187000
40017,313,12800
40018,271,40200
40019,329,3600
40020,330,3100
40021,319,9700
40022,330,3100
40023,1,1052400
40024,0,1360400
40025,0,2000000
40026,98,229000
40027,334,900
40028,0,1384800
40029,0,2000000
40030,0,1457000
40031,299,21600
40032,303,18900
40033,242,61200
40034,213,84800
40035,219,79200
40036,94,236900
40037,0,1982000
40038,281,33200
40039,124,185100
40040,203,93700
40041,195,101000
40042,66,303600
40043,180,116500
40044,150,150500
40045,248,56600
40046,326,5200
40047,296,23500
40048,321,8200
40049,284,31000
40050,334,1200
40051,150,150100
40052,322,7900
40053,145,156500
40054,6,760200
40055,208,88800
40056,0,2000000
40057,336,100
40058,0,1954800
40059,0,1508150
40060,60,320400
40061,268,42150
40062,1,1202400
40063,275,37300
40064,0,1613700
40065,63,310850
40066,226,73600
40067,249,55900
40068,322,7900
40069,295,24300
40070,286,30000
40071,285,30200
40072,1,1038900
40073,333,1700
40074,335,200
40075,200,96300
40076,67,301250
40077,92,240300
40078,62,314100
40079,335,250
40080,322,7800
40081,0,1614400
40082,280,33600
40083,329,3750
40084,0,2000000
40085,226,73900
40086,294,24500
40087,328,4500
40088,326,5300
40089,61,317500
40090,331,2600
40091,14,591600
40092,309,15300
40093,221,77600
40094,277,35700
40095,6,752800
40096,270,40400
40097,335,600
40098,325,6300
40099,6,755600
40100,280,33900
40101,293,25200
40102,327,5100
40103,295,24200
40104,264,45100
40105,0,1950500
40106,280,33750
40107,0,1504800
40108,334,900
40109,250,55000
40110,236,65500
40111,0,1290900
40112,334,1000
40113,1,1161800
40114,0,1891200
40115,213,84400
40116,92,240400
40117,1,1062100
40118,334,700
40119,322,7900
40120,332,2200
40121,1,1050000
40122,0,2000000
40123,1,1201050
40124,324,6600
40125,333,1400
40126,318,10200
40127,324,6500
40128,277,35800
40129,0,1832400
40130,324,6400
40131,0,2000000
40132,253,52800
40133,147,153700
40134,331,2900
40135,1,1160100
40136,1,1059200
40137,13,600000
40138,0,1730600
40139,322,8000
40140,300,21100
40141,3,853400
40142,0,1414600
40143,233,68100
40144,111,206000
40145,15,583800
40146,334,1100
40147,265,44300
40148,0,2000000
40149,296,23500
40150,327,4800
40151,293,25200
40152,328,4500
40153,320,8900
40154,316,11100
40155,6,750500
40156,155,144300
40157,315,12000
40158,0,2000000
40159,0,2000000
40160,334,800
40161,302,20000
40162,311,14000
40163,325,6000
40164,0,1322900
40165,244,59650
40166,243,60500
40167,321,8100
40168,23,502000
40169,306,17000
40170,160,138350
40171,10,648000
40172,13,604300
40173,313,12850
40174,309,15400
40175,227,73000
40176,105,217200
40177,16,564400
40178,210,87000
40179,259,48500
40180,328,4200
40181,46,369200
40182,252,53100
40183,234,67000
40184,104,218000
40185,321,8250
40186,335,400
40187,325,6000
40188,329,3900
40189,333,1300
40190,306,17200
40191,0,1501500
40192,327,4900
40193,332,2100
40194,8,705600
40195,241,61500
40196,325,6000
40197,300,21000
40198,131,175200
40199,224,75000
40200,205,92000
40201,134,170950
40202,334,700
40203,300,20700
40204,254,52000
40205,324,6600
40206,328,4200
40207,150,150000
40208,332,2000
40209,6,750300
40210,329,3750
40211,331,2400
40212,44,378100
40213,318,10100
40214,1,1050000
40215,301,20300
40216,320,9050
40217,327,5000
40218,329,4000
40219,292,26000
40220,0,1484600
40221,335,350
40222,293,25100
40223,144,157600
40224,334,800
40225,329,4000
40226,32,438600
40227,305,17800
40228,275,37400
40229,336,0
40230,149,151500
40231,314,12200
40232,231,69950
40233,329,3800
40234,333,1350
40235,334,800
40236,290,27300
40237,325,5800
40238,304,18450
40239,158,139900
40240,13,612100
40241,3,851400
40242,260,47600
40243,262,46100
40244,3,861000
40245,332,2100
40246,335,550
40247,204,93200
40248,225,74900
40249,334,900
40250,85,256600
40251,331,2500
40252,39,401350
40253,335,650
40254,191,104800
40255,30,450000
40256,329,3600
40257,320,8900
40258,282,32800
40259,1,1050000
40260,282,32700
40261,317,10550
40262,0,2000000
40263,302,20000
40264,268,41900
40265,0,2000000
40266,139,164800
40267,80,267800
40268,330,2950
40269,335,300
40270,320,8900
40271,308,16250
40272,3,902000
40273,0,2000000
40274,285,30500
40275,0,2000000
40276,336,0
40277,0,2000000
40278,332,2300
40279,299,21450
40280,332,2300
40281,286,29600
40282,324,6400
40283,293,25300
40284,319,9600
40285,249,56000
40286,278,35100
40287,244,59300
40288,316,11000
40289,70,291800
40290,336,100
40291,136,168800
40292,270,40400
40293,325,6100
40294,185,111100
40295,299,21400
40296,0,1820250
40297,309,15400
40298,336,100
40299,335,600
40300,130,176900
40301,142,160800
40302,1,1066000
40303,249,55900
40304,316,11500
40305,174,122100
40306,335,600
40307,330,3000
40308,319,9800
40309,0,1501850
40310,13,600750
40311,329,3900
40312,332,2100
40313,332,1900
40314,187,109100
40315,142,160000
40316,88,249000
40317,287,28900
40318,311,14000
40319,300,21200
40320,309,15400
40321,139,164800
40322,316,11000
40323,333,1300
40324,331,2900
40325,0,2000000
40326,324,6600
40327,197,98900
40328,269,41100
40329,320,8800
40330,13,604300
40331,280,33650
40332,250,55200
40333,329,3700
40334,334,1100
40335,246,58050
40336,312,13900
40337,23,501700
40338,289,27900
40339,331,2800
40340,0,2000000
40341,277,35800
40342,0,2000000
40343,0,1402400
40344,282,32500
40345,93,240000
40346,310,14700
40347,334,700
40348,316,11400
40349,0,2000000
40350,1,1178000
40351,331,2600
40352,44,378400
40353,283,31700
40354,335,400
40355,295,24000
40356,303,18800
40357,310,15000
40358,191,105200
40359,150,150000
40360,249,55400
40361,0,2000000
40362,288,28600
40363,66,303600
40364,331,2800
40365,255,50900
40366,216,81800
40367,334,750
40368,333,1500
40369,322,7700
40370,187,109400
40371,320,8700
40372,271,39600
40373,0,1650800
40374,0,1407000
40375,241,61500
40376,22,504300
40377,0,1714000
40378,5,803000
40379,306,17000
40380,172,124400
40381,334,1200
40382,328,4300
40383,334,700
40384,282,32600
40385,335,300
40386,0,1514500
40387,330,3200
40388,0,2000000
40389,23,500300
40390,295,23800
40391,295,23800
40392,312,13600
40393,310,15100
40394,0,2000000
40395,166,130900
40396,315,11650
40397,117,197100
40398,0,1691600
40399,87,252000
40400,321,8500
40401,313,12850
40402,304,18400
40403,53,343200
40404,328,4500
40405,331,2550
40406,0,1255500
40407,327,4800
40408,0,2000000
40409,0,1221000
40410,179,117450
40411,301,20200
40412,332,2000
40413,0,2000000
40414,334,1000
40415,0,2000000
40416,306,17400
40417,0,2000000
40418,282,32300
40419,10,659500
40420,104,218000
40421,1,1050000
40422,0,1950300
40423,334,1000
40424,239,62950
40425,132,173900
40426,334,1000
40427,267,43000
40428,0,2000000
40429,0,1684000
40430,109,210200
40431,306,17300
40432,306,17500
40433,30,450000
40434,23,502500
40435,0,1720400
40436,206,90900
40437,331,2400
40438,13,603850
40439,14,586000
40440,316,11200
40441,235,66100
40442,334,1200
40443,114,201700
40444,0,2000000
40445,0,1479150
40446,268,42000
40447,0,1612650
40448,295,24000
40449,333,1500
40450,0,2000000
40451,169,127900
40452,319,9300
40453,316,11400
40454,10,650000
40455,315,11600
40456,0,1356800
40457,50,355800
40458,331,2700
40459,335,600
40460,335,400
40461,319,9300
40462,187,108800
40463,3,902000
40464,288,28400
40465,72,286600
40466,0,2000000
40467,302,20000
40468,2,993600
40469,5,770000
40470,3,902000
40471,318,10400
40472,145,156900
40473,328,4400
40474,172,124800
40475,59,323000
40476,335,450
40477,1,1050000
40478,167,130200
40479,197,98900
40480,0,1634300
40481,271,40200
40482,320,8850
40483,0,2000000
40484,64,309200
40485,235,66700
40486,7,733200
40487,0,2000000
40488,303,19300
40489,5,766600
40490,325,6200
40491,335,300
40492,104,218400
40493,0,1805800
40494,284,30900
40495,39,401500
40496,277,36000
40497,330,3100
40498,325,6000
40499,66,303700
40500,321,8600
40501,13,600900
40502,4,806200
40503,334,800
40504,311,14000
40505,206,91400
40506,328,4200
40507,111,206400
40508,320,9000
40509,288,28800
40510,303,19100
40511,207,90400
40512,335,500
40513,335,500
40514,18,542600
40515,195,100900
40516,45,374000
40517,325,6200
40518,6,750300
40519,103,219600
40520,10,654000
40521,335,300
40522,259,48000
40523,196,100200
40524,75,278800
40525,304,18250
40526,286,30100
40527,305,17800
40528,0,2000000
40529,21,516400
40530,293,25200
40531,285,30400
40532,300,21000
40533,335,500
40534,335,600
40535,271,39800
40536,268,42100
40537,0,1950600
40538,1,1202700
40539,142,160700
40540,305,17900
40541,266,43150
40542,333,1800
40543,7,721600
40544,264,44600
40545,64,309600
40546,298,22200
40547,45,374000
40548,328,4600
40549,332,2100
40550,315,12000
40551,114,201200
40552,154,145000
40553,29,456600
40554,39,400250
40555,5,782000
40556,0,2000000
40557,199,97150
40558,74,282900
40559,280,33800
40560,319,9600
40561,73,283200
40562,308,16050
40563,285,30800
40564,228,72200
40565,51,351800
40566,332,2300
40567,239,63400
40568,264,44900
40569,325,6100
40570,292,26000
40571,213,84800
40572,0,1510000
40573,47,364900
40574,1,1050000
40575,317,10500
40576,291,26500
40577,319,9700
40578,129,177500
40579,333,1750
40580,275,37100
40581,216,81950
40582,64,308500
40583,328,4450
40584,133,172800
40585,282,32400
40586,309,15500
40587,329,3700
40588,67,300600
40589,0,1418000
40590,197,98950
40591,112,205300
40592,0,1404900
40593,4,812800
40594,315,12150
40595,10,660000
40596,312,13800
40597,217,81600
40598,125,183800
40599,330,3300
40600,328,4500
40601,89,247400
40602,320,9000
40603,239,63400
40604,322,7750
40605,314,12400
40606,0,2000000
40607,322,7500
40608,300,20900
40609,336,0
40610,333,1750
40611,0,1956400
40612,215,82650
40613,332,1900
40614,324,6600
40615,144,158000
40616,325,6100
40617,105,215800
40618,334,750
40619,299,21400
40620,326,5200
40621,335,500
40622,303,19000
40623,258,49300
40624,0,2000000
40625,29,458600
40626,330,3000
40627,330,3400
40628,268,42000
40629,324,6700
40630,326,5500
40631,0,1242000
40632,1,1043300
40633,143,159600
40634,204,92600
40635,330,3300
40636,64,308600
40637,321,8600
40638,336,0
40639,238,64400
40640,307,16400
40641,336,0
40642,96,234000
40643,238,64350
40644,269,41300
40645,329,3850
40646,323,7400
40647,6,755600
40648,300,20900
40649,216,81800
40650,1,1000900
40651,1,1050000
40652,0,1891000
40653,41,391900
40654,118,195000
40655,291,26400
40656,64,310000
40657,1,1050000
40658,0,2000000
40659,334,1100
40660,0,2000000
40661,0,2000000
40662,143,158600
40663,332,2300
40664,308,15800
40665,315,12000
40666,144,157300
40667,31,444600
40668,282,32650
40669,269,41100
40670,0,2000000
40671,30,452000
40672,333,1800
40673,314,12700
40674,279,34600
40675,297,22800
40676,0,2000000
40677,217,80900
40678,320,9050
40679,0,2000000
40680,228,71800
40681,0,1249600
40682,30,451400
40683,333,1800
40684,170,127100
40685,0,2000000
40686,255,51000
40687,283,31800
40688,325,6000
40689,2,986900
40690,331,2800
40691,318,10200
40692,324,6400
40693,307,16550
40694,70,292400
40695,107,213700
40696,325,6300
40697,0,1806000
40698,0,1816300
40699,307,16800
40700,334,1100
40701,331,2700
40702,123,187500
40703,0,2000000
40704,0,2000000
40705,248,56300
40706,271,40000
40707,322,7800
40708,321,8200
40709,330,3300
40710,0,2000000
40711,333,1400
40712,307,16850
40713,0,2000000
40714,0,1300400
40715,332,2350
40716,0,2000000
40717,3,900250
40718,86,254500
40719,217,80900
40720,252,53400
40721,280,33800
40722,59,324000
40723,0,2000000
40724,0,1624000
40725,333,1300
40726,250,55000
40727,0,1822400
40728,265,44200
40729,243,60000
40730,89,247100
40731,241,61600
40732,336,100
40733,298,22200
40734,263,45700
40735,297,22800
40736,330,3000
40737,120,192000
40738,43,381250
40739,329,3600
40740,331,2500
40741,289,28200
40742,326,5600
40743,66,301950
40744,309,15200
40745,333,1700
40746,333,1600
40747,335,600
40748,335,650
40749,86,253200
40750,90,246000
40751,168,129500
40752,328,4100
40753,307,16500
40754,317,10900
40755,302,20000
40756,150,150000
40757,326,5600
40758,314,12400
40759,303,19000
40760,51,350800
40761,58,327800
40762,46,370000
40763,297,23100
40764,302,20000
40765,272,38900
40766,13,601000
40767,325,6200
40768,333,1600
40769,333,1600
40770,326,5600
40771,0,1524600
40772,248,56400
40773,316,11200
40774,129,177900
40775,204,93000
40776,331,2500
40777,241,62000
40778,332,2000
40779,58,325600
40780,103,220300
40781,107,213000
40782,281,33300
40783,2,922500
40784,95,235000
40785,0,1230000
40786,335,200
40787,0,1430100
40788,319,9800
40789,126,182000
40790,305,17900
40791,274,37600
40792,326,5200
40793,334,800
40794,327,5100
40795,291,26700
40796,285,30300
40797,92,241500
40798,160,138200
40799,211,86500
40800,1,1050000
40801,30,450000
40802,30,450000
40803,328,4500
40804,0,2000000
40805,334,1200
40806,313,13300
40807,12,625300
40808,3,887400
40809,211,86650
40810,274,37700
40811,206,90750
40812,331,2600
40813,298,22200
40814,230,70200
40815,280,33600
40816,309,15650
40817,334,1200
40818,255,51200
40819,136,168700
40820,63,312000
40821,295,24300
40822,34,425950
40823,170,127100
40824,275,37300
40825,44,377600
40826,2,924900
40827,210,87200
40828,242,61300
40829,325,6200
40830,302,19800
40831,5,770000
40832,327,4700
40833,0,1812600
40834,256,50200
40835,0,1746000
40836,7,709300
40837,173,123500
40838,335,500
40839,146,155600
40840,25,482800
40841,215,82950
40842,100,225000
40843,0,1853100
40844,242,60600
40845,333,1300
40846,1,1004100
40847,332,1950
40848,0,1678250
40849,5,800100
40850,260,47600
40851,187,109000
40852,336,0
40853,233,68050
40854,335,250
40855,217,81300
40856,308,15800
40857,154,144950
40858,193,102700
40859,316,11300
40860,330,3100
40861,335,500
40862,47,367500
40863,137,167500
40864,13,606000
40865,102,222200
40866,244,59400
40867,297,22900
40868,299,21400
40869,84,257600
40870,332,2100
40871,326,5200
40872,327,5150
40873,35,420600
40874,1,1050000
40875,295,24000
40876,4,804800
40877,0,2000000
40878,21,514000
40879,100,226200
40880,258,48750
40881,319,9400
40882,327,4800
40883,0,2000000
40884,324,6800
40885,218,80400
40886,335,150
40887,6,752000
40888,335,300
40889,322,7500
40890,29,454600
40891,245,58400
40892,321,8300
40893,303,19200
40894,282,32250
40895,63,310300
40896,334,1200
40897,0,2000000
40898,263,45700
40899,64,309800
40900,312,13900
40901,315,12050
40902,299,21350
40903,105,216300
40904,2,972800
40905,5,782000
40906,30,450000
40907,14,595400
40908,259,48100
40909,335,250
40910,23,500200
40911,170,126300
40912,11,640300
40913,1,1178000
40914,320,8800
40915,150,150150
40916,270,40300
40917,10,659200
40918,308,16000
40919,0,2000000
40920,334,900
40921,21,512000
40922,0,2000000
40923,6,754000
40924,312,13600
40925,0,1566000
40926,262,46100
40927,0,1218800
40928,330,3400
40929,334,800
40930,0,1801400
40931,0,2000000
40932,306,17300
40933,67,301200
40934,327,4900
40935,23,500000
40936,0,2000000
40937,268,42000
40938,59,323100
40939,277,35600
40940,312,13650
40941,335,500
40942,159,139100
40943,290,27400
40944,288,28800
40945,205,92200
40946,257,50000
40947,11,631300
40948,0,2000000
40949,201,95900
40950,6,748400
40951,328,4400
40952,79,270500
40953,285,30800
40954,231,69800
40955,89,246300
40956,334,1100
40957,333,1800
40958,216,81800
40959,246,58150
40960,39,400200
40961,0,2000000
40962,261,46900
40963,4,834000
40964,269,41200
40965,190,105900
40966,198,98550
40967,0,2000000
40968,0,2000000
40969,0,2000000
40970,275,37400
40971,14,586000
40972,319,9800
40973,336,0
40974,284,31300
40975,316,11400
40976,314,12400
40977,0,2000000
40978,285,30400
40979,267,42500
40980,247,56800
40981,265,44300
40982,319,9700
40983,2,914000
40984,307,16400
40985,185,110800
40986,4,825000
40987,1,1050000
40988,331,2600
40989,225,74800
40990,334,1000
40991,0,1821400
40992,270,40300
40993,274,37600
40994,23,500600
40995,214,84000
40996,261,46900
40997,283,31900
40998,231,69550
40999,8,688300
41000,28,465200
41001,305,17900
41002,327,5100
41003,8,700100
41004,333,1600
41005,0,2000000
41006,45,375000
41007,83,260800
41008,289,27700
41009,307,16600
41010,47,367600
41011,289,28100
41012,333,1400
41013,0,2000000
41014,316,11400
41015,22,503800
41016,5,802900
41017,278,35100
41018,199,97050
41019,320,8700
41020,1,1045400
41021,246,57800
41022,28,460150
41023,0,1404300
41024,332,2000
41025,249,56000
41026,322,7700
41027,9,666000
41028,0,2000000
41029,47,367500
41030,135,169100
41031,228,72000
41032,185,110600
41033,324,6600
41034,198,98100
41035,0,2000000
41036,20,526300
41037,0,1465300
41038,311,14100
41039,10,648000
41040,0,2000000
41041,331,2500
41042,1,1050000
41043,335,300
41044,5,782000
41045,321,8300
41046,158,140800
41047,334,900
41048,328,4600
41049,325,5800
41050,244,59400
41051,332,2200
41052,270,40400
41053,112,204700
41054,281,33200
41055,335,600
41056,6,762600
41057,173,124000
41058,312,13800
41059,0,1248400
41060,187,108850
41061,325,6000
41062,325,6000
41063,13,603100
41064,334,700
41065,0,2000000
41066,90,246000
41067,325,6000
41068,139,163900
41069,333,1400
41070,320,9000
41071,126,182000
41072,186,109700
41073,335,150
41074,328,4100
41075,260,47800
41076,306,17000
41077,110,207000
41078,79,270600
41079,0,1307250
41080,0,1716400
41081,320,8700
41082,304,18700
41083,333,1700
41084,23,500200
41085,326,5300
41086,221,77600
41087,295,24200
41088,335,200
41089,0,1426000
41090,317,10600
41091,0,1602300
41092,0,1508000
41093,285,30300
41094,0,2000000
41095,335,300
41096,336,100
41097,328,4200
41098,318,10100
41099,330,3400
41100,322,8050
41101,331,2550
41102,0,2000000
41103,78,272500
41104,320,8700
41105,147,154000
41106,0,2000000
41107,332,1900
41108,100,225800
41109,273,38400
41110,323,7000
41111,326,5500
41112,323,7000
41113,268,42000
41114,276,36600
41115,266,43300
41116,334,1200
41117,0,1601800
41118,271,40000
41119,12,616250
41120,281,33350
41121,264,45000
41122,333,1600
41123,324,6500
41124,330,3400
41125,290,27000
41126,218,80500
41127,217,81000
41128,332,2050
41129,312,13400
41130,318,10250
41131,0,2000000
41132,335,600
41133,329,3550
41134,307,16800
41135,0,1249600
41136,253,52600
41137,270,40250
41138,90,245750
41139,329,3900
41140,3,890000
41141,331,2800
41142,330,3400
41143,175,121000
41144,331,2900
41145,0,1801050
41146,275,37500
41147,56,333700
41148,300,20800
41149,283,31700
41150,0,2000000
41151,334,800
41152,13,604300
41153,320,8900
41154,55,336300
41155,313,13000
41156,335,600
41157,0,2000000
41158,324,6550
41159,1,1072800
41160,335,450
41161,301,20500
41162,265,44400
41163,28,464000
41164,211,86800
41165,212,86000
41166,229,71300
41167,308,15850
41168,39,401600
41169,13,601100
41170,321,8300
41171,33,431400
41172,320,8650
41173,282,32650
41174,280,34100
41175,323,7250
41176,0,2000000
41177,0,1216600
41178,311,14400
41179,29,454500
41180,105,216900
41181,256,50800
41182,307,16800
41183,336,100
41184,293,25600
41185,276,36200
41186,329,3700
41187,231,69600
41188,277,35800
41189,1,1120400
41190,0,1702000
41191,335,400
41192,334,1100
41193,315,11800
41194,0,2000000
41195,334,1200
41196,0,2000000
41197,333,1300
41198,4,806300
41199,336,0
41200,0,2000000
41201,308,15800
41202,285,30500
41203,3,910600
41204,327,4800
41205,142,160550
41206,319,9800
41207,0,2000000
41208,324,6500
41209,229,71200
41210,221,78000
41211,22,508700
41212,114,200700
41213,12,616400
41214,1,1050000
41215,147,154000
41216,321,8100
41217,334,1000
41218,249,55700
41219,317,10600
41220,30,450000
41221,0,2000000
41222,332,1850
41223,38,406200
41224,312,13700
41225,11,632600
41226,313,13200
41227,171,125200
41228,291,26700
41229,314,12400
41230,0,2000000
41231,15,585150
41232,0,1660400
41233,286,29600
41234,182,114500
41235,37,413200
41236,316,11000
41237,0,2000000
41238,330,3300
41239,329,3600
41240,335,600
41241,322,7500
41242,335,400
41243,322,7800
41244,13,602700
41245,0,1270000
41246,331,2900
41247,1,1030200
41248,26,474000
41249,332,2200
41250,332,2300
41251,29,458000
41252,0,2000000
41253,13,604000
41254,256,50400
41255,131,174800
41256,304,18450
41257,232,68700
41258,1,1050000
41259,269,41200
41260,293,25400
41261,298,22500
41262,1,1050000
41263,254,52000
41264,333,1800
41265,219,79800
41266,137,167500
41267,331,2400
41268,288,28400
41269,18,540400
41270,0,1645200
41271,332,1900
41272,8,696600
41273,253,52400
41274,330,3400
41275,335,500
41276,31,445800
41277,334,950
41278,22,510000
41279,330,3000
41280,0,1845450
41281,129,178500
41282,12,617200
41283,0,2000000
41284,18,546800
41285,1,1200200
41286,18,547400
41287,315,11800
41288,253,52900
41289,335,250
41290,119,193600
41291,253,52500
41292,139,164650
41293,334,1050
41294,1,1044000
41295,317,10600
41296,153,146700
41297,3,902000
41298,5,780000
41299,13,600100
41300,51,350700
41301,323,7100
41302,0,1405400
41303,0,2000000
41304,53,345200
41305,265,44400
41306,183,113150
41307,247,57400
41308,1,1185800
41309,142,160400
41310,333,1650
41311,335,400
41312,238,63700
41313,329,3700
41314,328,4200
41315,60,319750
41316,327,5000
41317,283,32150
41318,335,400
41319,67,300200
41320,66,302000
41321,263,45300
41322,23,502600
41323,108,211500
41324,112,204350
41325,203,93400
41326,129,178700
41327,336,100
41328,0,2000000
41329,332,2000
41330,277,36100
41331,0,1501150
41332,334,1000
41333,243,60500
41334,303,19100
41335,319,9300
41336,227,73300
41337,131,174700
41338,230,70300
41339,335,500
41340,13,608400
41341,0,1983800
41342,325,6000
41343,196,100600
41344,284,31200
41345,280,33800
41346,21,519500
41347,12,620400
41348,0,1801200
41349,23,500300
41350,327,4700
41351,328,4300
41352,331,2900
41353,320,9200
41354,120,192200
41355,29,458000
41356,267,42900
41357,106,215450
41358,25,484800
41359,331,2700
41360,1,1208850
41361,0,1674000
41362,336,0
41363,0,2000000
41364,109,210250
41365,1,1066000
41366,325,5900
41367,326,5200
41368,327,4850
41369,279,34700
41370,0,2000000
41371,318,10400
41372,126,182000
41373,78,272900
41374,0,1458000
41375,0,1800600
41376,255,50950
41377,248,56600
41378,320,9000
41379,0,1285650
41380,311,14000
41381,321,8500
41382,330,3250
41383,333,1400
41384,336,100
41385,327,5000
41386,2,916150
41387,334,750
41388,319,9600
41389,324,6600
41390,115,200000
41391,30,452400
41392,243,60250
41393,132,174000
41394,31,444600
41395,325,5800
41396,282,32300
41397,2,932000
41398,0,2000000
41399,125,184200
41400,278,34950
41401,324,6700
41402,308,16300
41403,275,37100
41404,217,81200
41405,303,19200
41406,104,218300
41407,310,14800
41408,3,902000
41409,0,1986000
41410,316,11400
41411,329,4000
41412,315,12050
41413,0,1362000
41414,311,14000
41415,314,12300
41416,0,1832600
41417,229,71200
41418,251,53900
41419,294,24850
41420,0,2000000
41421,208,88900
41422,219,79600
41423,14,586000
41424,324,6400
41425,20,527200
41426,2,916000
41427,333,1500
41428,312,13800
41429,1,1050000
41430,334,950
41431,22,505200
41432,6,754000
41433,63,311600
41434,328,4300
41435,0,1802800
41436,228,72100
41437,335,250
41438,0,2000000
41439,336,0
41440,297,23000
41441,291,26400
41442,336,0
41443,23,501800
41444,1,1066000
41445,304,18200
41446,285,30400
41447,103,220400
41448,310,14950
41449,269,41200
41450,0,2000000
41451,293,25300
41452,76,277200
41453,317,10600
41454,322,7700
41455,294,24800
41456,320,8750
41457,304,18300
41458,275,37350
41459,321,8400
41460,194,102600
41461,334,1000
41462,29,458000
41463,301,20600
41464,312,13600
41465,0,1433400
41466,297,23000
41467,256,50500
41468,282,32400
41469,322,7600
41470,328,4200
41471,5,784400
41472,334,850
41473,319,9800
41474,114,200500
41475,0,2000000
41476,303,19200
41477,335,550
41478,0,1800000
41479,326,5200
41480,264,44800
41481,317,10900
41482,0,2000000
41483,312,13800
41484,312,13500
41485,333,1700
41486,329,3800
41487,147,153200
41488,2,953000
41489,110,207000
41490,330,3200
41491,328,4150
41492,304,18400
41493,2,917600
41494,326,5600
41495,180,115800
41496,64,309750
41497,335,350
41498,144,157500
41499,0,1813550
41500,0,2000000
41501,12,616150
41502,336,0
41503,321,8200
41504,260,47700
41505,329,3700
41506,308,16000
41507,282,32600
41508,22,508000
41509,0,2000000
41510,0,2000000
41511,286,30000
41512,331,2600
41513,17,561050
41514,304,18400
41515,308,16300
41516,273,38800
41517,139,164400
41518,328,4200
41519,158,140500
41520,327,4900
41521,3,900550
41522,48,363950
41523,303,19400
41524,285,30400
41525,279,34600
41526,0,2000000
41527,332,1900
41528,208,89600
41529,334,900
41530,238,64000
41531,289,28000
41532,262,46500
41533,239,63400
41534,274,37900
41535,325,6100
41536,199,97500
41537,0,1804000
41538,256,50400
41539,303,19200
41540,320,9150
41541,332,2000
41542,117,196900
41543,320,9000
41544,254,52000
41545,332,1900
41546,336,100
41547,0,1508500
41548,329,3500
41549,321,8200
41550,293,25600
41551,335,400
41552,322,8000
41553,266,43500
41554,54,340200
41555,0,2000000
41556,318,10400
41557,330,3200
41558,321,8600
41559,0,1971900
41560,131,174800
41561,0,2000000
41562,89,247200
41563,271,40200
41564,329,3600
41565,330,3400
41566,310,15050
41567,69,295700
41568,291,26600
41569,245,59000
41570,314,12700
41571,0,1280600
41572,67,300400
41573,332,2200
41574,0,2000000
41575,334,750
41576,292,25800
41577,315,11700
41578,6,750600
41579,0,1228000
41580,333,1600
41581,37,408900
41582,327,5150
41583,30,450000
41584,318,10000
41585,0,1806300
41586,6,750400
41587,327,5000
41588,333,1500
41589,4,845900
41590,329,3600
41591,276,36700
41592,182,114000
41593,331,2850
41594,335,400
41595,10,646300
41596,335,300
41597,317,10600
41598,110,208400
41599,291,26600
41600,331,2800
41601,0,2000000
41602,331,2500
41603,283,32150
41604,143,159450
41605,284,30900
41606,6,734800
41607,301,20200
41608,195,100800
41609,4,831650
41610,162,136000
41611,295,24000
41612,1,1210000
41613,242,61150
41614,13,607700
41615,0,2000000
41616,0,1540500
41617,30,450000
41618,30,452800
41619,191,105000
41620,331,2900
41621,116,197300
41622,67,300150
41623,336,100
41624,330,3100
41625,325,5900
41626,0,2000000
41627,30,450800
41628,335,550
41629,0,1934800
41630,103,219200
41631,335,600
41632,194,102600
41633,334,1200
41634,314,12450
41635,316,11200
41636,336,0
41637,3,888000
41638,150,150000
41639,326,5500
41640,109,210000
41641,6,750400
41642,84,258550
41643,306,17500
41644,307,16400
41645,291,26400
41646,267,42600
41647,0,1310000
41648,256,50200
41649,328,4200
41650,319,9500
41651,334,800
41652,335,600
41653,0,1216200
41654,290,27000
41655,331,2850
41656,332,2050
41657,282,32300
41658,0,2000000
41659,2,918000
41660,1,1210300
41661,30,451200
41662,101,223400
41663,317,10500
41664,334,850
41665,334,1200
41666,11,640400
41667,329,3600
41668,219,79400
41669,312,13600
41670,55,335800
41671,141,161050
41672,255,51300
41673,317,10650
41674,292,26050
41675,308,16200
41676,329,3750
41677,334,1000
41678,310,14700
41679,239,63300
41680,1,1050000
41681,0,1230000
41682,205,91700
41683,333,1700
41684,67,300300
41685,1,1050000
41686,335,200
41687,39,400500
41688,292,26000
41689,320,9200
41690,336,0
41691,335,650
41692,335,400
41693,235,66800
41694,300,20700
41695,188,108050
41696,2,916000
41697,3,900250
41698,308,16200
41699,1,1203700
41700,305,18050
41701,282,32500
41702,319,9400
41703,254,52200
41704,8,686900
41705,328,4150
41706,314,12450
41707,29,458000
41708,315,11700
41709,275,37300
41710,321,8100
41711,229,71300
41712,335,400
41713,331,2600
41714,0,2000000
41715,297,22800
41716,303,19000
41717,100,225800
41718,65,306850
41719,322,7500
41720,152,148200
41721,187,108500
41722,197,99150
41723,334,800
41724,326,5300
41725,323,7300
41726,41,392000
41727,329,3500
41728,308,16000
41729,120,192050
41730,332,2050
41731,30,450300
41732,299,21600
41733,336,0
41734,0,2000000
41735,325,6000
41736,303,19000
41737,64,309600
41738,5,787400
41739,318,10100
41740,153,146050
41741,321,8400
41742,335,450
41743,332,2100
41744,303,19100
41745,1,1030000
41746,328,4100
41747,1,1202150
41748,0,2000000
41749,199,97500
41750,308,16100
41751,174,122050
41752,271,40100
41753,191,105500
41754,0,2000000
41755,115,200000
41756,309,15700
41757,53,342800
41758,331,2600
41759,288,28500
41760,250,55200
41761,335,550
41762,1,1006750
41763,330,3100
41764,316,11500
41765,1,1204050
41766,0,1470000
41767,271,40200
41768,219,79700
41769,45,376350
41770,3,904000
41771,333,1800
41772,12,623000
41773,28,461200
41774,0,2000000
41775,59,324900
41776,0,1801100
41777,329,3800
41778,278,35400
41779,246,57550
41780,334,1100
41781,141,161800
41782,1,1066000
41783,319,9400
41784,165,132100
41785,320,9000
41786,7,725700
41787,335,400
41788,181,115200
41789,331,2600
41790,265,43900
41791,224,75400
41792,305,17700
41793,196,100200
41794,13,600000
41795,168,128600
41796,218,80800
41797,5,770000
41798,334,1000
41799,315,11600
41800,44,380300
41801,331,2400
41802,321,8500
41803,309,15300
41804,326,5600
41805,333,1750
41806,0,2000000
41807,304,18450
41808,0,2000000
41809,331,2700
41810,267,43000
41811,176,120200
41812,336,0
41813,283,31600
41814,319,9600
41815,188,107800
41816,224,75300
41817,307,16400
41818,304,18200
41819,27,467200
41820,318,10100
41821,150,150000
41822,265,43900
41823,254,51900
41824,197,99600
41825,324,6800
41826,59,323400
41827,223,76000
41828,329,3500
41829,0,2000000
41830,9,670300
41831,336,0
41832,92,240200
41833,66,302000
41834,204,92450
41835,196,99900
41836,285,30400
41837,276,36700
41838,0,1357200
41839,3,902000
41840,233,68100
41841,333,1500
41842,328,4400
41843,331,2900
41844,313,13100
41845,259,48200
41846,333,1400
41847,330,3300
41848,327,4900
41849,50,354200
41850,327,4700
41851,335,250
41852,138,165150
41853,208,88800
41854,0,1714000
41855,233,68200
41856,288,28600
41857,159,138900
41858,305,18100
41859,330,3200
41860,106,214800
41861,66,303300
41862,218,80500
41863,332,1900
41864,199,97500
41865,336,0
41866,306,17500
41867,20,524400
41868,0,1767600
41869,335,600
41870,0,1491900
41871,334,800
41872,233,68400
41873,176,120800
41874,316,11500
41875,268,42000
41876,313,13200
41877,0,2000000
41878,0,1446000
41879,249,55300
41880,277,35700
41881,234,67200
41882,117,195800
41883,171,125200
41884,302,19500
41885,310,15000
41886,219,79300
41887,262,46100
41888,268,42000
41889,0,1241000
41890,335,200
41891,335,300
41892,336,0
41893,245,58400
41894,1,1201900
41895,329,3600
41896,0,2000000
41897,302,19600
41898,259,48150
41899,56,334100
41900,2,918000
41901,309,15350
41902,0,1233250
41903,304,18400
41904,326,5400
41905,28,460400
41906,237,64800
41907,64,308800
41908,197,99400
41909,321,8300
41910,317,10800
41911,0,1800900
41912,298,22250
41913,109,209600
41914,335,400
41915,335,200
41916,326,5400
41917,23,500000
41918,307,16800
41919,326,5200
41920,168,128700
41921,281,33400
41922,289,27700
41923,280,34000
41924,162,135900
41925,3,901500
41926,305,17600
41927,175,121100
41928,46,368900
41929,288,28500
41930,318,10300
41931,276,36400
41932,1,1206600
41933,268,42000
41934,300,20800
41935,217,81500
41936,234,67500
41937,0,1820300
41938,229,71200
41939,321,8150
41940,322,7700
41941,0,1872000
41942,6,750300
41943,285,30600
41944,0,1820000
41945,3,900200
41946,305,18000
41947,73,284350
41948,34,429250
41949,332,2000
41950,329,3600
41951,0,1362300
41952,333,1700
41953,234,67300
41954,13,602500
41955,320,9000
41956,284,30900
41957,335,600
41958,0,1954200
41959,217,81250
41960,150,150600
41961,227,72800
41962,0,2000000
41963,280,34100
41964,235,66400
41965,145,156500
41966,278,34900
41967,314,12500
41968,331,2500
41969,323,7300
41970,86,253200
41971,279,34200
41972,28,463000
41973,60,321150
41974,322,8000
41975,294,24800
41976,0,2000000
41977,1,1030300
41978,227,73100
41979,331,2400
41980,310,15000
41981,320,9100
41982,1,1050000
41983,321,8350
41984,144,157600
41985,320,8900
41986,289,27900
41987,1,1050000
41988,251,54000
41989,0,1954000
41990,39,400900
41991,218,80200
41992,322,7600
41993,330,3000
41994,290,27400
41995,328,4500
41996,333,1800
41997,51,351200
41998,13,601500
41999,2,948300
42000,143,158700
42001,323,7400
42002,124,184900
42003,109,209150
42004,316,11200
42005,230,70200
42006,331,2800
42007,334,1000
42008,0,2000000
42009,13,600900
42010,332,2200
42011,335,300
42012,326,5200
42013,67,300300
42014,8,706200
42015,0,2000000
42016,329,3900
42017,2,918000
42018,308,16000
42019,280,33700
42020,327,4750
42021,0,1390600
42022,335,600
42023,313,13000
42024,172,124100
42025,0,2000000
42026,1,1050000
42027,320,9200
42028,13,600250
42029,332,2000
42030,231,69300
42031,310,15100
42032,54,340000
42033,276,36400
42034,125,184200
42035,240,62500
42036,22,505800
42037,1,1001300
42038,59,323100
42039,80,267300
42040,326,5650
42041,4,814100
42042,4,828200
42043,303,18800
42044,214,84100
42045,329,3500
42046,333,1550
42047,0,1296300
42048,225,74600
42049,319,9800
42050,315,12150
42051,269,41500
42052,327,4800
42053,247,57300
42054,295,24400
42055,300,20750
42056,217,81700
42057,325,6200
42058,1,1052000
42059,321,8200
42060,309,15200
42061,13,606000
42062,208,88800
42063,0,2000000
42064,281,33200
42065,256,50300
42066,256,50700
42067,187,108800
42068,271,39800
42069,318,10300
42070,323,7100
42071,0,1403050
42072,282,32500
42073,312,13900
42074,290,27500
42075,335,250
42076,332,1900
42077,279,34200
42078,209,88100
42079,64,309000
42080,92,242000
42081,326,5300
42082,129,178000
42083,70,291000
42084,101,223100
42085,282,32400
42086,280,34000
42087,56,333200
42088,282,32500
42089,213,85150
42090,335,400
42091,331,2450
42092,323,7200
42093,284,31000
42094,250,54600
42095,15,578800
42096,36,413600
42097,230,70500
42098,310,15000
42099,300,20800
42100,133,172100
42101,276,36600
42102,305,17850
42103,44,380000
42104,335,600
42105,319,9450
42106,297,22800
42107,142,160600
42108,186,109750
42109,336,100
42110,322,7600
42111,319,9800
42112,0,2000000
42113,334,1200
42114,327,4800
42115,301,20600
42116,3,902400
42117,267,42550
42118,277,36100
42119,0,2000000
42120,320,8900
42121,313,12800
42122,336,0
42123,321,8100
42124,0,2000000
42125,258,49200
42126,278,35200
42127,1,1006000
42128,333,1500
42129,84,258400
42130,257,49800
42131,328,4100
42132,335,300
42133,215,83300
42134,0,2000000
42135,19,534400
42136,243,60100
42137,67,301100
42138,201,95600
42139,303,19300
42140,8,700500
42141,333,1300
42142,326,5600
42143,302,19750
42144,132,174000
42145,272,38950
42146,335,150
42147,306,17300
42148,335,300
42149,331,2700
42150,303,19350
42151,271,40200
42152,324,6400
42153,29,455900
42154,317,10800
42155,296,23400
42156,313,13000
42157,313,12900
42158,30,450000
42159,323,7000
42160,67,300150
42161,329,3600
42162,275,37200
42163,8,703000
42164,0,2000000
42165,199,97700
42166,335,250
42167,13,601150
42168,13,601600
42169,0,1340000
42170,218,80100
42171,42,386900
42172,0,1802400
42173,0,2000000
42174,189,107200
42175,217,80900
42176,54,342000
42177,335,500
42178,308,16200
42179,132,174100
42180,315,12100
42181,13,604150
42182,1,1050000
42183,141,161000
42184,294,24700
42185,206,90700
42186,292,25800
42187,13,600800
42188,134,170700
42189,60,321750
42190,6,755200
42191,150,150000
42192,333,1600
42193,336,0
42194,212,86000
42195,311,14100
42196,329,3500
42197,66,302000
42198,316,11000
42199,10,646200
42200,326,5700
42201,264,44600
42202,321,8100
42203,335,400
42204,326,5500
42205,0,1423600
42206,325,6200
42207,55,338300
42208,271,40000
42209,193,103050
42210,30,450000
42211,316,11300
42212,327,5000
42213,217,80950
42214,232,69050
42215,328,4400
42216,326,5650
42217,13,608700
42218,321,8100
42219,279,34200
42220,253,52800
42221,334,1100
42222,279,34800
42223,274,37700
42224,334,700
42225,328,4500
42226,143,158600
42227,336,100
42228,324,6750
42229,274,38000
42230,0,1650800
42231,32,436900
42232,180,116500
42233,292,26200
42234,231,70000
42235,20,526400
42236,335,500
42237,0,1269800
42238,318,10400
42239,87,251200
42240,13,604300
42241,21,514000
42242,6,761200
42243,134,170550
42244,334,950
42245,1,1050000
42246,299,21500
42247,328,4100
42248,320,9150
42249,304,18350
42250,243,60000
42251,276,36700
42252,329,3900
42253,334,1150
42254,181,115400
42255,334,800
42256,40,394700
42257,323,7100
42258,331,2800
42259,323,7400
42260,334,1100
42261,45,372600
42262,334,900
42263,74,281850
42264,319,9800
42265,332,2200
42266,334,800
42267,333,1600
42268,75,279200
42269,310,15000
42270,150,150000
42271,333,1600
42272,0,2000000
42273,330,3100
42274,278,34900
42275,331,2500
42276,300,20900
42277,0,2000000
42278,20,526100
42279,327,5000
42280,335,300
42281,64,308250
42282,64,308150
42283,282,32400
42284,317,10950
42285,296,23300
42286,64,310000
42287,39,401300
42288,332,2150
42289,179,117300
42290,3,901750
42291,254,52000
42292,259,48150
42293,327,4900
42294,23,501100
42295,218,80300
42296,210,87700
42297,259,48100
42298,330,3200
42299,226,73850
42300,176,120000
42301,219,79500
42302,0,2000000
42303,171,125300
42304,334,750
42305,292,25700
42306,88,250400
42307,0,1395200
42308,325,5900
42309,240,62400
42310,239,63150
42311,271,39600
42312,88,248500
42313,312,13400
42314,34,426800
42315,186,110000
42316,285,30400
42317,251,54400
42318,306,17450
42319,4,828200
42320,0,1293100
42321,168,128800
42322,3,898500
42323,0,2000000
42324,1,1206450
42325,284,31000
42326,291,26800
42327,188,107700
42328,301,20600
42329,0,1281400
42330,307,16600
42331,336,100
42332,331,2600
42333,3,902000
42334,0,2000000
42335,0,1249500
42336,0,2000000
42337,334,700
42338,102,221400
42339,321,8500
42340,126,182000
42341,297,22900
42342,65,306250
42343,239,63000
42344,23,500700
42345,27,468500
42346,320,9100
42347,314,12200
42348,308,16200
42349,37,410300
42350,298,22100
42351,73,284800
42352,317,10500
42353,0,1431800
42354,1,1116100
42355,326,5400
42356,322,7700
42357,321,8300
42358,7,733200
42359,0,1580000
42360,42,387600
42361,208,89500
42362,122,189000
42363,23,500000
42364,240,62400
42365,283,32000
42366,283,31800
42367,0,1714000
42368,58,325600
42369,308,15800
42370,288,28400
42371,334,1200
42372,0,1636300
42373,143,159500
42374,328,4400
42375,195,101100
42376,4,827400
42377,196,100400
42378,330,3100
42379,285,30700
42380,104,218000
42381,271,39900
42382,329,3600
42383,322,7800
42384,329,4000
42385,301,20400
42386,282,32450
42387,280,33600
42388,327,5150
42389,259,48000
42390,320,8700
42391,333,1250
42392,3,903000
42393,0,1702900
42394,243,60000
42395,334,800
42396,275,37500
42397,335,400
42398,331,2500
42399,0,1270000
42400,0,1281400
42401,5,771600
42402,47,364600
42403,257,49900
42404,49,359100
42405,305,18000
42406,320,8700
42407,27,471600
42408,332,1900
42409,239,63000
42410,64,308500
42411,61,316600
42412,4,814200
42413,335,250
42414,332,2200
42415,333,1800
42416,259,48200
42417,1,1201500
42418,284,31150
42419,232,69150
42420,333,1600
42421,252,53600
42422,321,8300
42423,219,80000
42424,26,477000
42425,314,12500
42426,7,727800
42427,90,245600
42428,321,8250
42429,174,122200
42430,327,4900
42431,36,416500
42432,4,840800
42433,201,95200
42434,251,54400
42435,12,618300
42436,306,17400
42437,0,2000000
42438,0,1616000
42439,200,96700
42440,113,202300
42441,0,1234300
42442,12,624500
42443,6,755300
42444,335,500
42445,25,480800
42446,16,562000
42447,254,51700
42448,322,8000
42449,304,18400
42450,37,410400
42451,334,700
42452,82,261600
42453,30,450000
42454,332,2100
42455,313,12900
42456,39,398800
42457,335,400
42458,0,2000000
42459,294,25000
42460,268,41800
42461,320,8700
42462,147,154000
42463,281,33400
42464,279,34300
42465,320,8700
42466,205,91900
42467,335,400
42468,287,29400
42469,5,801000
42470,329,3850
42471,289,28000
42472,66,303000
42473,66,302700
42474,0,1423100
42475,256,50300
42476,282,32500
42477,7,728000
42478,330,3300
42479,318,9900
42480,271,39900
42481,282,32200
42482,0,1804500
42483,0,2000000
42484,269,41450
42485,0,2000000
42486,229,71000
42487,325,5800
42488,4,825000
42489,333,1800
42490,325,6300
42491,335,550
42492,331,2400
42493,307,16400
42494,335,400
42495,325,6000
42496,6,750300
42497,317,10700
42498,286,29650
42499,0,2000000
42500,328,4600
42501,145,156800
42502,330,3100
42503,152,147700
42504,38,406600
42505,306,17250
42506,298,22000
42507,48,362000
42508,328,4500
42509,334,1000
42510,263,45300
42511,66,302600
42512,259,48000
42513,302,19600
42514,0,2000000
42515,332,2200
42516,314,12400
42517,298,22400
42518,335,300
42519,287,28900
42520,0,2000000
42521,239,63200
42522,301,20300
42523,0,1602600
42524,240,62900
42525,6,750400
42526,30,451800
42527,333,1400
42528,13,600700
42529,309,15550
42530,140,162850
42531,335,600
42532,14,593200
42533,116,198000
42534,233,68000
42535,60,319400
42536,1,1075400
42537,1,1003100
42538,233,68100
42539,336,100
42540,35,423600
42541,186,110000
42542,327,5100
42543,66,302550
42544,279,34200
42545,334,1000
42546,324,6750
42547,273,38700
42548,121,190000
42549,121,189700
42550,330,3000
42551,268,42200
42552,322,7600
42553,106,214250
42554,333,1600
42555,55,337600
42556,336,100
42557,330,3200
42558,7,721800
42559,295,23900
42560,196,100000
42561,2,920200
42562,0,2000000
42563,239,63200
42564,328,4250
42565,328,4100
42566,286,30100
42567,133,172800
42568,314,12700
42569,127,180400
42570,335,400
42571,91,242200
42572,87,251700
42573,1,1032800
42574,277,36000
42575,23,501000
42576,269,41100
42577,53,343000
42578,331,2900
42579,0,1848000
42580,300,20800
42581,335,500
42582,332,2100
42583,259,48500
42584,316,11350
42585,303,19400
42586,106,214600
42587,318,10000
42588,283,31600
42589,150,150000
42590,12,621700
42591,0,2000000
42592,0,1801500
42593,335,650
42594,241,61950
42595,5,778700
42596,0,2000000
42597,263,45800
42598,63,310600
42599,167,130300
42600,59,323200
42601,30,450000
42602,270,40900
42603,124,186100
42604,330,3200
42605,1,1050000
42606,314,12700
42607,282,32200
42608,66,301600
42609,104,217400
42610,88,249600
42611,0,1652000
42612,323,7450
42613,332,2300
42614,329,3600
42615,335,200
42616,326,5700
42617,37,408300
42618,315,12100
42619,322,7500
42620,328,4100
42621,147,153200
42622,289,27700
42623,335,400
42624,264,44800
42625,333,1300
42626,314,12700
42627,292,26000
42628,0,1334400
42629,1,1075600
42630,321,8150
42631,212,85900
42632,316,11300
42633,228,71750
42634,254,52200
42635,261,47250
42636,303,18900
42637,326,5300
42638,35,421300
42639,1,1050000
42640,302,19900
42641,323,7300
42642,327,5050
42643,335,300
42644,331,2400
42645,334,800
42646,1,1206150
42647,0,1905750
42648,0,1860000
42649,314,12200
42650,332,2100
42651,0,1772800
42652,305,18000
42653,334,1200
42654,68,296600
42655,320,8800
42656,0,1586500
42657,318,10300
42658,23,500200
42659,335,450
42660,1,1002800
42661,251,54400
42662,302,20000
42663,48,361200
42664,0,2000000
42665,330,3100
42666,0,1651600
42667,297,22850
42668,30,450000
42669,10,654400
42670,279,34400
42671,7,724100
42672,318,10300
42673,1,1058800
42674,16,564800
42675,12,627000
42676,66,304000
42677,330,3000
42678,113,202800
42679,61,318400
42680,285,30400
42681,127,180700
42682,306,17000
42683,287,28950
42684,324,6700
42685,55,337500
42686,329,3800
42687,0,1236400
42688,331,2700
42689,248,56650
42690,308,15800
42691,32,436200
42692,329,3800
42693,30,450000
42694,128,178900
42695,295,24300
42696,327,4700
42697,309,15600
42698,305,18000
42699,329,3800
42700,13,600650
42701,254,52050
42702,0,2000000
42703,309,15500
42704,334,900
42705,238,63950
42706,50,353650
42707,15,580800
42708,332,2000
42709,51,350200
42710,280,34000
42711,1,1206300
42712,0,2000000
42713,59,323400
42714,293,25500
42715,331,2700
42716,283,31550
42717,13,604500
42718,299,21700
42719,244,59400
42720,318,10000
42721,51,350500
42722,80,266800
42723,324,6800
42724,3,904250
42725,113,203200
42726,280,33800
42727,32,440700
42728,273,38600
42729,0,2000000
42730,281,33200
42731,319,9300
42732,307,16800
42733,1,1178000
42734,0,1649850
42735,140,163150
42736,290,27050
42737,319,9300
42738,314,12500
42739,36,418100
42740,328,4200
42741,150,150000
42742,9,675000
42743,330,3000
42744,0,2000000
42745,265,44200
42746,328,4550
42747,305,17700
42748,288,28600
42749,307,16800
42750,263,45800
42751,299,21700
42752,329,3500
42753,227,72600
42754,279,34200
42755,318,10100
42756,113,203550
42757,315,11900
42758,1,1025400
42759,257,50000
42760,325,5800
42761,308,16100
42762,3,882000
42763,1,1050000
42764,23,503000
42765,333,1800
42766,322,7700
42767,309,15650
42768,334,1200
42769,0,2000000
42770,335,400
42771,299,21800
42772,211,86600
42773,236,65700
42774,283,32150
42775,0,1253800
42776,1,1004300
42777,0,1415000
42778,1,1052400
42779,335,250
42780,314,12600
42781,314,12600
42782,61,317700
42783,259,48100
42784,311,14100
42785,15,582000
42786,147,154000
42787,284,30900
42788,305,17800
42789,0,1249800
42790,88,249000
42791,74,281800
42792,187,109000
42793,306,17400
42794,332,2000
42795,316,11500
42796,335,200
42797,5,801700
42798,164,133500
42799,66,301700
42800,150,150300
42801,0,2000000
42802,3,872000
42803,336,100
42804,335,300
42805,272,39500
42806,0,2000000
42807,336,0
42808,224,75500
42809,183,112650
42810,8,701500
42811,335,150
42812,272,39000
42813,246,57800
42814,308,15850
42815,322,7600
42816,3,902000
42817,252,53150
42818,0,1580000
42819,284,31300
42820,285,30450
42821,335,600
42822,324,6800
42823,335,600
42824,318,10100
42825,30,450000
42826,3,900300
42827,0,2000000
42828,173,123800
42829,335,500
42830,311,14000
42831,257,49700
42832,321,8100
42833,332,2150
42834,131,175700
42835,192,104100
42836,37,411500
42837,23,497400
42838,333,1300
42839,268,42250
42840,335,200
42841,82,263000
42842,334,800
42843,9,675400
42844,0,1218700
42845,333,1600
42846,0,1950600
42847,271,40150
42848,318,10400
42849,311,14300
42850,3,902000
42851,320,8700
42852,329,3600
42853,328,4300
42854,215,82800
42855,333,1700
42856,0,2000000
42857,39,400200
42858,1,1181200
42859,334,800
42860,0,2000000
42861,262,46100
42862,0,2000000
42863,0,1651200
42864,233,68400
42865,297,23000
42866,319,9400
42867,299,21600
42868,1,1001550
42869,29,453000
42870,321,8200
42871,0,2000000
42872,279,34150
42873,147,154000
42874,287,29300
42875,13,604200
42876,323,7400
42877,335,300
42878,0,2000000
42879,29,455000
42880,289,27850
42881,0,1489600
42882,326,5700
42883,1,1060000
42884,66,301800
42885,327,4700
42886,130,176000
42887,334,800
42888,292,26200
42889,34,423800
42890,0,2000000
42891,327,4750
42892,140,162550
42893,309,15400
42894,0,1685600
42895,147,154000
42896,92,241450
42897,307,16700
42898,330,3000
42899,333,1600
42900,327,5050
42901,65,304900
42902,273,38500
42903,141,162000
42904,13,600300
42905,332,2000
42906,0,2000000
42907,301,20300
42908,66,302000
42909,147,154400
42910,14,596000
42911,0,2000000
42912,303,18850
42913,335,300
42914,0,2000000
42915,64,308300
42916,29,457050
42917,312,13600
42918,4,827900
42919,293,25600
42920,330,3400
42921,59,324750
42922,8,701300
42923,200,96800
42924,64,308000
42925,335,300
42926,66,302000
42927,274,37600
42928,325,6000
42929,334,750
42930,98,229500
42931,264,45000
42932,335,150
42933,0,1403150
42934,279,34750
42935,3,878500
42936,67,300500
42937,30,450000
42938,0,2000000
42939,0,2000000
42940,206,90600
42941,0,1502600
42942,53,344000
42943,0,2000000
42944,331,2600
42945,137,166400
42946,22,504200
42947,0,2000000
42948,4,849000
42949,309,15600
42950,279,34400
42951,154,145500
42952,328,4400
42953,335,250
42954,318,10050
42955,318,10000
42956,328,4200
42957,335,200
42958,293,25100
42959,301,20550
42960,329,4000
42961,255,51400
42962,183,112700
42963,172,125000
42964,336,0
42965,7,726200
42966,106,214000
42967,237,65100
42968,333,1700
42969,0,1652400
42970,305,17600
42971,335,350
42972,333,1500
42973,147,153200
42974,335,300
42975,135,169250
42976,8,707650
42977,62,316000
42978,332,1900
42979,308,16300
42980,115,200000
42981,313,12800
42982,4,825000
42983,301,20250
42984,223,76500
42985,302,19450
42986,275,37150
42987,323,7200
42988,333,1800
42989,0,1604350
42990,319,9600
42991,294,24800
42992,1,1050000
42993,296,23750
42994,325,6000
42995,313,12900
42996,275,37500
42997,0,2000000
42998,328,4400
42999,334,800
43000,240,62600
43001,47,364300
43002,0,1696400
43003,5,782000
43004,6,751000
43005,304,18600
43006,334,1000
43007,293,25200
43008,0,1603650
43009,278,35250
43010,307,16750
43011,295,24250
43012,289,27600
43013,314,12700
43014,329,3500
43015,134,171000
43016,230,70700
43017,30,451200
43018,219,79600
43019,136,168300
43020,323,7200
43021,328,4400
43022,46,371600
43023,44,380000
43024,253,52800
43025,64,310000
43026,333,1700
43027,258,49300
43028,205,92300
43029,304,18500
43030,328,4500
43031,331,2600
43032,331,2800
43033,230,70400
43034,334,950
43035,322,7500
43036,330,3100
43037,232,68900
43038,105,216200
43039,0,1607400
43040,318,9900
43041,5,767700
43042,30,452400
43043,276,36500
43044,13,602700
43045,331,2700
43046,321,8100
43047,268,42300
43048,285,30200
43049,49,358000
43050,0,1982000
43051,39,400200
43052,335,400
43053,270,40800
43054,316,11000
43055,260,47800
43056,240,62450
43057,20,527200
43058,336,100
43059,0,2000000
43060,143,158500
43061,219,79600
43062,41,390200
43063,31,441500
43064,266,43400
43065,13,605750
43066,318,10200
43067,335,200
43068,277,36000
43069,285,30400
43070,306,17300
43071,0,2000000
43072,0,1836150
43073,28,464000
43074,0,2000000
43075,262,45900
43076,336,0
43077,307,16400
43078,318,10200
43079,59,324000
43080,175,121450
43081,80,267900
43082,58,326000
43083,309,15700
43084,96,232600
43085,312,13800
43086,303,19200
43087,333,1400
43088,321,8500
43089,331,2600
43090,277,36100
43091,67,300000
43092,285,30550
43093,320,9050
43094,69,296000
43095,301,20500
43096,147,154200
43097,324,6800
43098,328,4600
43099,333,1700
43100,260,47700
43101,269,41050
43102,324,6500
43103,1,1005150
43104,330,3300
43105,261,47150
43106,277,35700
43107,222,76700
43108,293,25200
43109,66,303900
43110,294,24500
43111,335,200
43112,330,3100
43113,8,701800
43114,322,7800
43115,261,46600
43116,0,2000000
43117,310,14700
43118,10,648300
43119,200,96300
43120,306,17200
43121,333,1500
43122,0,1554500
43123,325,6000
43124,325,6200
43125,332,2000
43126,332,2300
43127,334,1000
43128,332,2000
43129,87,250900
43130,335,250
43131,1,1208600
43132,239,63600
43133,0,1824000
43134,236,65700
43135,10,660000
43136,335,200
43137,91,243600
43138,258,48700
43139,268,42200
43140,266,43500
43141,304,18400
43142,226,73600
43143,335,150
43144,335,300
43145,21,516400
43146,178,118400
43147,321,8300
43148,203,93350
43149,221,77900
43150,280,33650
43151,328,4300
43152,13,600950
43153,259,48250
43154,0,1411150
43155,335,300
43156,2,990000
43157,61,317200
43158,302,19600
43159,333,1400
43160,0,2000000
43161,331,2650
43162,101,224200
43163,28,466000
43164,320,9100
43165,318,10300
43166,15,582800
43167,301,20100
43168,314,12750
43169,301,20600
43170,309,15200
43171,324,6600
43172,319,9550
43173,1,1201500
43174,153,146200
43175,224,75650
43176,146,154800
43177,332,2200
43178,125,184500
43179,126,182000
43180,1,1000800
43181,6,754000
43182,329,4000
43183,168,128700
43184,215,83300
43185,336,100
43186,138,165400
43187,0,1242000
43188,323,7200
43189,335,300
43190,39,403000
43191,0,2000000
43192,335,500
43193,334,900
43194,47,364800
43195,317,10900
43196,335,300
43197,319,9300
43198,0,2000000
43199,271,40200
43200,2,1000150
43201,316,11300
43202,0,2000000
43203,1,1069200
43204,318,10400
43205,311,14000
43206,21,514000
43207,173,123950
43208,259,48400
43209,225,74600
43210,209,88000
43211,330,3100
43212,303,19100
43213,335,300
43214,212,85500
43215,0,2000000
43216,298,22250
43217,335,500
43218,334,850
43219,0,1802600
43220,6,754300
43221,320,8800
43222,333,1400
43223,0,2000000
43224,0,1808300
43225,153,146400
43226,325,5900
43227,65,306200
43228,201,96000
43229,303,19100
43230,334,800
43231,323,7050
43232,334,1200
43233,328,4550
43234,0,2000000
43235,299,21350
43236,265,44400
43237,288,28300
43238,329,4000
43239,316,11000
43240,332,1900
43241,333,1700
43242,13,605200
43243,335,400
43244,336,0
43245,0,2000000
43246,237,65200
43247,1,1050000
43248,58,327300
43249,229,71200
43250,320,9100
43251,3,900300
43252,316,11500
43253,21,513500
43254,21,518400
43255,0,1406400
43256,276,36800
43257,3,903000
43258,309,15700
43259,0,2000000
43260,313,13200
43261,174,122500
43262,282,32400
43263,272,38900
43264,51,350400
43265,292,25950
43266,271,40200
43267,331,2500
43268,0,2000000
43269,331,2500
43270,242,61050
43271,10,648000
43272,324,6600
43273,3,900500
43274,66,302000
43275,288,28400
43276,11,644700
43277,302,20000
43278,0,2000000
43279,334,800
43280,276,36300
43281,112,205000
43282,5,784000
43283,317,10850
43284,114,201400
43285,290,27550
43286,311,14300
43287,38,408200
43288,209,88600
43289,334,900
43290,335,400
43291,323,7000
43292,124,185700
43293,293,25050
43294,0,2000000
43295,325,6200
43296,286,30000
43297,67,300900
43298,213,84850
43299,284,31100
43300,179,117050
43301,325,6000
43302,330,3300
43303,182,113900
43304,288,28300
43305,332,2300
43306,67,300000
43307,246,58000
43308,150,150600
43309,245,58500
43310,323,7400
43311,319,9300
43312,317,10800
43313,5,795000
43314,164,133500
43315,43,380800
43316,324,6800
43317,0,2000000
43318,150,150600
43319,311,14500
43320,30,450000
43321,191,104600
43322,242,60800
43323,313,13300
43324,0,2000000
43325,289,28000
43326,280,34100
43327,319,9300
43328,333,1700
43329,333,1500
43330,316,11100
43331,49,357350
43332,269,41100
43333,321,8250
43334,307,16900
43335,30,450000
43336,327,5100
43337,303,19300
43338,188,108200
43339,37,410000
43340,10,653000
43341,293,25050
43342,291,26700
43343,225,74700
43344,227,73300
43345,85,255900
43346,0,2000000
43347,323,7000
43348,290,27100
43349,1,1211800
43350,332,2300
43351,200,96550
43352,269,41300
43353,308,16200
43354,287,29400
43355,0,2000000
43356,186,109700
43357,332,1900
43358,334,1200
43359,333,1400
43360,268,41650
43361,302,20000
43362,202,94600
43363,174,122100
43364,6,760800
43365,329,3500
43366,200,96400
43367,309,15300
43368,335,250
43369,305,18100
43370,62,315000
43371,335,500
43372,316,11350
43373,313,13200
43374,1,1050000
43375,328,4600
43376,1,1004000
43377,13,602600
43378,224,75050
43379,305,17600
43380,258,49000
43381,0,1365200
43382,287,28900
43383,191,105100
43384,333,1400
43385,67,300300
43386,334,700
43387,293,25100
43388,304,18400
43389,329,3700
43390,305,18000
43391,13,606000
43392,53,344200
43393,142,160800
43394,4,845200
43395,251,54050
43396,207,90200
43397,1,1053600
43398,333,1300
43399,0,2000000
43400,333,1250
43401,333,1300
43402,8,685800
43403,38,403400
43404,332,2250
43405,334,700
43406,266,43200
43407,328,4400
43408,263,45200
43409,326,5650
43410,205,91900
43411,253,52400
43412,0,1459950
43413,333,1400
43414,17,557000
43415,23,500200
43416,117,196800
43417,334,1200
43418,293,25100
43419,3,902000
43420,30,451200
43421,186,109600
43422,263,45200
43423,258,49200
43424,334,900
43425,305,17600
43426,0,2000000
43427,322,7900
43428,28,462500
43429,0,1982000
43430,271,39600
43431,275,37000
43432,295,24000
43433,336,0
43434,330,3200
43435,316,11100
43436,1,1011300
43437,255,51100
43438,322,7600
43439,0,2000000
43440,194,102100
43441,67,300250
43442,250,54800
43443,314,12300
43444,176,120500
43445,304,18400
43446,138,166100
43447,0,2000000
43448,97,231800
43449,245,59000
43450,307,16500
43451,191,105300
43452,155,143400
43453,23,503200
43454,320,8900
43455,1,1201900
43456,0,2000000
43457,334,900
43458,145,156300
43459,259,48100
43460,296,23500
43461,0,1475600
43462,290,27400
43463,332,1950
43464,45,375100
43465,331,2900
43466,324,6650
43467,332,1900
43468,255,51050
43469,292,26000
43470,44,380300
43471,336,0
43472,313,12800
43473,335,300
43474,308,16100
43475,307,16600
43476,4,843000
43477,51,349800
43478,333,1600
43479,0,2000000
43480,161,136700
43481,323,7000
43482,0,1949600
43483,241,62000
43484,329,4000
43485,295,23800
43486,234,66900
43487,66,302800
43488,0,2000000
43489,335,500
43490,336,0
43491,21,514000
43492,7,720100
43493,314,12700
43494,231,69900
43495,296,23500
43496,304,18500
43497,67,300200
43498,329,3650
43499,232,68900
43500,326,5350
43501,316,11400
43502,204,92600
43503,3,905000
43504,333,1600
43505,293,25400
43506,1,1050000
43507,284,31400
43508,325,6000
43509,0,1351500
43510,15,581800
43511,282,32300
43512,319,9600
43513,170,127000
43514,87,250800
43515,241,61500
43516,333,1400
43517,251,54450
43518,335,350
43519,0,2000000
43520,1,1066000
43521,326,5600
43522,1,1061050
43523,320,9150
43524,326,5200
43525,324,6400
43526,175,121500
43527,315,11800
43528,325,6000
43529,13,606000
43530,334,900
43531,290,27500
43532,336,0
43533,335,300
43534,0,1482000
43535,30,450000
43536,63,311900
43537,47,367300
43538,0,2000000
43539,38,406200
43540,314,12500
43541,0,1635500
43542,334,900
43543,1,1030000
43544,1,1018400
43545,150,150000
43546,320,9200
43547,1,1018000
43548,333,1550
43549,334,1000
43550,331,2750
43551,276,36400
43552,297,22700
43553,18,543600
43554,331,2700
43555,307,16600
43556,332,1950
43557,46,369800
43558,323,7400
43559,271,40200
43560,266,43400
43561,0,2000000
43562,294,25000
43563,298,22100
43564,1,1050300
43565,0,2000000
43566,299,21400
43567,147,154000
43568,307,16950
43569,0,1650600
43570,322,7600
43571,328,4400
43572,282,32750
43573,245,58550
43574,312,13400
43575,20,525500
43576,176,120400
43577,256,50250
43578,0,1848000
43579,310,14800
43580,0,1280700
43581,1,1046400
43582,67,300200
43583,306,17200
43584,127,180500
43585,333,1800
43586,329,3900
43587,1,1050000
43588,298,21900
43589,0,2000000
43590,334,700
43591,210,86950
43592,5,782000
43593,114,200900
43594,174,122900
43595,268,41800
43596,0,2000000
43597,47,364700
43598,267,42600
43599,331,2400
43600,329,3600
43601,320,8700
43602,99,227000
43603,280,33700
43604,38,404350
43605,1,1050000
43606,295,24300
43607,321,8350
43608,177,119600
43609,293,25400
43610,329,4000
43611,329,3500
43612,34,426200
43613,106,214500
43614,250,55000
43615,319,9400
43616,325,5800
43617,284,30900
43618,235,66500
43619,28,461800
43620,301,20500
43621,276,36700
43622,300,21200
43623,335,200
43624,332,2050
43625,299,21650
43626,308,15800
43627,0,1407200
43628,28,460000
43629,316,11350
43630,322,7900
43631,291,26500
43632,8,691600
43633,317,10700
43634,0,1641800
43635,123,186400
43636,59,323800
43637,0,2000000
43638,0,2000000
43639,259,48550
43640,325,6000
43641,78,271600
43642,333,1300
43643,284,31400
43644,118,194000
43645,82,262800
43646,319,9550
43647,271,40000
43648,303,19300
43649,2,916000
43650,49,356600
43651,335,650
43652,278,35100
43653,14,586000
43654,290,27100
43655,323,7100
43656,328,4200
43657,313,13300
43658,328,4200
43659,16,563000
43660,326,5300
43661,331,2500
43662,332,2100
43663,164,133550
43664,176,120200
43665,326,5300
43666,13,600500
43667,333,1600
43668,59,324200
43669,333,1450
43670,316,11450
43671,321,8400
43672,211,86800
43673,299,21700
43674,332,2150
43675,310,15000
43676,326,5200
43677,0,2000000
43678,335,500
43679,317,10900
43680,328,4400
43681,335,600
43682,0,1248450
43683,0,1355600
43684,171,125600
43685,205,91700
43686,7,709600
43687,258,48900
43688,91,243100
43689,268,41700
43690,0,2000000
43691,29,458000
43692,333,1750
43693,0,2000000
43694,125,184200
43695,332,2350
43696,9,667700
43697,335,500
43698,0,1275000
43699,0,1284000
43700,1,1200800
43701,5,802000
43702,46,368600
43703,322,7800
43704,284,31200
43705,0,1914400
43706,53,342600
43707,0,1651000
43708,74,280500
43709,0,1848000
43710,190,106200
43711,12,616600
43712,329,3950
43713,313,13350
43714,234,67100
43715,269,41600
43716,254,51700
43717,37,409300
43718,119,193200
43719,0,2000000
43720,331,2800
43721,335,300
43722,257,49600
43723,295,24000
43724,13,602600
43725,253,52600
43726,311,14500
43727,324,6900
43728,128,180200
43729,332,2100
43730,330,3200
43731,321,8400
43732,51,350300
43733,57,330200
43734,334,1000
43735,313,12800
43736,0,1354300
43737,295,24400
43738,1,1078550
43739,92,240100
43740,1,1050000
43741,64,308700
43742,13,600800
43743,271,40100
43744,334,1100
43745,324,6500
43746,332,2200
43747,277,35600
43748,51,350000
43749,0,2000000
43750,334,900
43751,0,1452000
43752,327,5000
43753,33,429350
43754,0,2000000
43755,22,509400
43756,10,648000
43757,335,200
43758,308,15800
43759,326,5400
43760,48,361050
43761,0,1772000
43762,0,2000000
43763,255,51500
43764,329,4000
43765,317,10600
43766,332,2000
43767,334,1200
43768,333,1500
43769,334,1200
43770,39,401400
43771,191,105200
43772,297,22900
43773,308,15800
43774,0,2000000
43775,29,458000
43776,43,383400
43777,334,700
43778,309,15300
43779,321,8500
43780,314,12400
43781,0,2000000
43782,289,27700
43783,322,7800
43784,1,1002700
43785,330,3300
43786,330,3000
43787,324,6650
43788,333,1800
43789,325,6000
43790,335,400
43791,30,450000
43792,333,1500
43793,311,14000
43794,0,1801850
43795,335,450
43796,314,12250
43797,334,1200
43798,306,17300
43799,313,13050
43800,324,6350
43801,326,5300
43802,334,1100
43803,241,61600
43804,131,175000
43805,262,46300
43806,0,1764700
43807,47,366400
43808,335,300
43809,0,1712000
43810,150,150600
43811,298,22400
43812,318,10300
43813,334,1200
43814,301,20400
43815,336,100
43816,126,182000
43817,70,292000
43818,151,149300
43819,103,220300
43820,0,2000000
43821,331,2700
43822,315,11700
43823,335,300
43824,0,1256300
43825,13,600800
43826,331,2400
43827,6,758800
43828,335,600
43829,0,2000000
43830,250,55100
43831,334,700
43832,0,2000000
43833,0,1354600
43834,335,200
43835,322,7500
43836,292,25700
43837,1,1204600
43838,331,2400
43839,198,98100
43840,5,800300
43841,9,665700
43842,261,46850
43843,326,5400
43844,0,2000000
43845,308,16100
43846,0,1354400
43847,191,105000
43848,270,40900
43849,2,932000
43850,0,1288400
43851,268,42000
43852,299,21350
43853,286,30000
43854,13,601300
43855,325,6000
43856,0,1329000
43857,0,2000000
43858,270,40900
43859,292,26000
43860,328,4500
43861,0,1414400
43862,333,1400
43863,317,10800
43864,322,7800
43865,330,3100
43866,20,524700
43867,329,4000
43868,328,4300
43869,331,2900
43870,312,13500
43871,321,8100
43872,303,18900
43873,331,2400
43874,303,19400
43875,332,2200
43876,250,54600
43877,335,300
43878,0,2000000
43879,301,20400
43880,57,329300
43881,303,18800
43882,1,1175400
43883,336,100
43884,333,1600
43885,333,1450
43886,209,88300
43887,311,14300
43888,6,750300
43889,333,1700
43890,335,500
43891,105,216400
43892,329,4000
43893,4,825000
43894,336,0
43895,0,1410100
43896,281,32900
43897,300,20900
43898,4,820100
43899,2,920000
43900,13,604300
43901,11,640400
43902,59,324000
43903,113,203300
43904,231,69900
43905,64,309200
43906,145,155800
43907,297,23100
43908,320,8850
43909,294,24900
43910,333,1750
43911,59,325200
43912,304,18400
43913,52,346300
43914,298,22000
43915,117,195800
43916,330,3300
43917,3,900500
43918,231,70000
43919,328,4400
43920,0,1714000
43921,259,48000
43922,334,800
43923,26,478050
43924,256,50600
43925,41,392200
43926,18,550000
43927,11,629200
43928,269,41000
43929,13,602600
43930,153,145800
43931,301,20500
43932,313,13100
43933,280,33600
43934,327,4700
43935,143,158900
43936,111,206500
43937,317,10550
43938,322,8000
43939,1,1056100
43940,163,134900
43941,273,38800
43942,146,155000
43943,229,71350
43944,265,43850
43945,0,2000000
43946,20,526650
43947,299,21800
43948,41,390000
43949,317,10550
43950,9,672600
43951,329,3800
43952,335,600
43953,332,1900
43954,121,189700
43955,5,766400
43956,315,11800
43957,309,15500
43958,322,7500
43959,335,450
43960,33,430400
43961,311,14500
43962,335,300
43963,171,125300
43964,298,22000
43965,334,900
43966,20,526400
43967,330,3000
43968,0,2000000
43969,8,700200
43970,319,9600
43971,330,3400
43972,304,18600
43973,336,0
43974,335,600
43975,1,1028300
43976,249,56000
43977,325,6300
43978,315,11700
43979,331,2800
43980,327,4950
43981,0,1606000
43982,303,19000
43983,299,21600
43984,0,1212400
43985,231,69500
43986,269,41600
43987,326,5600
43988,301,20500
43989,0,1530000
43990,0,2000000
43991,1,1050000
43992,334,900
43993,308,15900
43994,333,1250
43995,329,3850
43996,1,1050000
43997,275,37300
43998,243,60500
43999,334,1100
44000,0,2000000
44001,291,26800
44002,1,1188000
44003,47,368000
44004,282,32500
44005,99,227950
44006,0,2000000
44007,0,1483900
44008,330,3200
44009,257,49850
44010,332,2200
44011,10,650100
44012,3,902600
44013,0,2000000
44014,312,13500
44015,331,2500
44016,186,110000
44017,322,7850
44018,66,302350
44019,136,168600
44020,2,948250
44021,232,68750
44022,302,20000
44023,0,1562400
44024,326,5200
44025,11,633700
44026,62,316000
44027,0,1405200
44028,331,2700
44029,3,900000
44030,1,1002000
44031,7,709650
44032,0,2000000
44033,49,358700
44034,329,3600
44035,0,1242000
44036,120,191800
44037,332,2200
44038,0,2000000
44039,295,24200
44040,299,21400
44041,333,1300
44042,282,32600
44043,10,650500
44044,328,4400
44045,308,15800
44046,38,407600
44047,327,4850
44048,322,7500
44049,312,13600
44050,330,3200
44051,0,2000000
44052,320,8900
44053,273,38750
44054,309,15600
44055,13,611600
44056,0,1236400
44057,334,700
44058,47,366600
44059,115,200200
44060,21,512400
44061,319,9700
44062,308,16300
44063,321,8250
44064,50,355600
44065,205,92050
44066,45,375200
44067,308,16000
44068,157,141800
44069,0,1982000
44070,235,66700
44071,233,67700
44072,276,36800
44073,152,147000
44074,135,169200
44075,279,34600
44076,13,600550
44077,296,23600
44078,333,1600
44079,329,3600
44080,0,2000000
44081,61,317100
44082,0,2000000
44083,38,404400
44084,336,100
44085,320,8700
44086,333,1700
44087,214,83650
44088,335,200
44089,197,99300
44090,37,410250
44091,1,1022500
44092,3,902000
44093,149,151300
44094,328,4100
44095,0,1592000
44096,323,7400
44097,0,2000000
44098,318,10050
44099,252,53800
44100,0,2000000
44101,56,334000
44102,306,17400
44103,325,6000
44104,1,1050000
44105,334,800
44106,115,199400
44107,333,1650
44108,4,809800
44109,320,9100
44110,284,31100
44111,323,7350
44112,318,10300
44113,0,2000000
44114,295,24000
44115,295,24200
44116,313,12800
44117,206,91100
44118,312,13700
44119,11,632300
44120,315,12100
44121,275,37200
44122,111,206000
44123,285,30600
44124,0,2000000
44125,330,3100
44126,0,1362000
44127,312,13500
44128,335,600
44129,48,364150
44130,266,43250
44131,329,4000
44132,320,9000
44133,277,35600
44134,30,450000
44135,333,1300
44136,234,67150
44137,309,15400
44138,291,26600
44139,335,500
44140,306,17250
44141,13,604000
44142,228,71700
44143,302,20000
44144,313,12900
44145,0,1965100
44146,325,5800
44147,334,1150
44148,0,2000000
44149,0,1351700
44150,43,381500
44151,0,2000000
44152,43,381600
44153,326,5200
44154,318,10200
44155,0,2000000
44156,315,12000
44157,12,628200
44158,328,4600
44159,314,12600
44160,326,5200
44161,4,826400
44162,325,6200
44163,0,1806000
44164,31,442600
44165,2,916000
44166,307,16800
44167,238,64150
44168,286,29700
44169,4,824000
44170,51,351800
44171,324,6450
44172,335,300
44173,211,86900
44174,322,8000
44175,16,570600
44176,279,34400
44177,302,20000
44178,331,2700
44179,61,318700
44180,324,6500
44181,241,62100
44182,328,4150
44183,335,200
44184,13,609100
44185,307,16500
44186,225,74450
44187,330,3200
44188,330,3300
44189,0,1652000
44190,0,2000000
44191,331,2550
44192,2,924500
44193,289,27700
44194,327,4800
44195,307,16950
44196,13,608000
44197,329,4000
44198,1,1066000
44199,0,1519900
44200,308,16200
44201,311,14100
44202,114,201600
44203,5,802650
44204,255,50900
44205,243,60200
44206,1,1205800
44207,0,2000000
44208,270,40500
44209,4,832600
44210,322,8050
44211,220,78700
44212,217,80950
44213,0,1227500
44214,167,130250
44215,171,125400
44216,0,1990000
44217,300,21000
44218,251,54400
44219,200,96200
44220,314,12600
44221,0,1803500
44222,1,1146600
44223,300,21200
44224,180,116600
44225,272,38900
44226,331,2700
44227,4,807400
44228,150,150000
44229,248,56500
44230,99,227050
44231,321,8150
44232,328,4400
44233,334,1100
44234,278,35100
44235,295,24100
44236,333,1300
44237,12,616900
44238,324,6400
44239,333,1750
44240,1,1052400
44241,0,1491200
44242,303,18800
44243,1,1208500
44244,304,18600
44245,286,29800
44246,0,1373200
44247,324,6600
44248,145,156000
44249,269,41200
44250,326,5600
44251,126,182000
44252,59,324800
44253,325,6100
44254,332,1950
44255,333,1650
44256,155,143600
44257,324,6400
44258,310,15100
44259,30,450000
44260,6,750600
44261,329,3700
44262,38,405000
44263,308,15900
44264,198,98150
44265,328,4500
44266,224,75700
44267,328,4500
44268,0,2000000
44269,314,12400
44270,93,239600
44271,99,226700
44272,329,4000
44273,273,38400
44274,301,20400
44275,304,18400
44276,21,514000
44277,332,2000
44278,279,34700
44279,329,3900
44280,236,66000
44281,313,13200
44282,336,0
44283,328,4200
44284,22,510200
44285,326,5500
44286,270,40400
44287,319,9250
44288,0,1384000
44289,336,0
44290,261,46800
44291,0,1328500
44292,4,837400
44293,0,1459200
44294,312,13800
44295,0,1813500
44296,329,4000
44297,270,40500
44298,245,58400
44299,330,3000
44300,235,66400
44301,9,675300
44302,295,24000
44303,333,1700
44304,0,1381800
44305,280,33900
44306,291,26900
44307,290,27000
44308,332,2000
44309,335,250
44310,327,4750
44311,235,66800
44312,250,54700
44313,276,36500
44314,0,2000000
44315,215,83100
44316,323,7200
44317,327,4700
44318,313,12800
44319,263,45200
44320,12,616600
44321,29,456000
44322,238,63700
44323,304,18400
44324,335,400
44325,322,7900
44326,0,1405400
44327,280,33500
44328,0,2000000
44329,331,2650
44330,67,300750
44331,6,754000
44332,317,10900
44333,0,1298000
44334,334,1200
44335,2,925000
44336,2,934000
44337,70,292700
44338,116,197400
44339,320,9000
44340,0,1816600
44341,116,198400
44342,326,5300
44343,125,183600
44344,147,154000
44345,306,17000
44346,275,37100
44347,180,116300
44348,333,1700
44349,22,508000
44350,278,35400
44351,246,58200
44352,12,617200
44353,306,17200
44354,335,200
44355,1,1200100
44356,6,752400
44357,122,188100
44358,251,54500
44359,259,48000
44360,0,2000000
44361,294,24700
44362,6,750300
44363,331,2400
44364,318,10300
44365,333,1600
44366,324,6800
44367,0,1610500
44368,51,350600
44369,42,385500
44370,0,1867800
44371,0,2000000
44372,336,0
44373,323,7100
44374,126,183100
44375,325,5800
44376,277,36100
44377,3,900500
44378,255,51300
44379,0,2000000
44380,276,36600
44381,51,350400
44382,291,26900
44383,327,4900
44384,281,33200
44385,333,1700
44386,313,13000
44387,57,329900
44388,300,21200
44389,67,300300
44390,1,1142100
44391,314,12700
44392,1,1163100
44393,10,653500
44394,0,1714000
44395,278,35000
44396,333,1800
44397,307,16600
44398,334,850
44399,22,505100
44400,67,300000
44401,172,124200
44402,208,88800
44403,0,1387200
44404,252,53250
44405,240,62300
44406,222,77400
44407,333,1700
44408,55,337500
44409,12,626800
44410,335,600
44411,319,9800
44412,21,512400
44413,229,71000
44414,317,10800
44415,293,25050
44416,1,1040000
44417,279,34800
44418,303,19200
44419,334,1100
44420,198,98000
44421,284,31200
44422,330,3000
44423,147,154000
44424,311,14400
44425,2,948200
44426,66,303450
44427,325,6000
44428,259,48000
44429,125,184200
44430,314,12500
44431,48,361200
44432,323,7200
44433,0,1848000
44434,10,647200
44435,325,6100
44436,148,152800
44437,299,21850
44438,247,57000
44439,0,1508150
44440,13,604500
44441,329,4000
44442,248,56550
44443,206,90600
44444,28,466000
44445,330,3100
44446,270,40800
44447,246,57800
44448,0,1308800
44449,75,278900
44450,1,1013600
44451,331,2500
44452,304,18400
44453,315,11750
44454,221,77600
44455,324,6400
44456,333,1500
44457,0,2000000
44458,5,796400
44459,321,8200
44460,327,5000
44461,268,42200
44462,37,412650
44463,237,64800
44464,333,1800
44465,0,2000000
44466,1,1114400
44467,30,450000
44468,310,15000
44469,0,2000000
44470,316,11050
44471,208,89600
44472,318,10100
44473,333,1500
44474,114,201600
44475,178,118500
44476,62,316000
44477,6,753000
44478,256,50450
44479,334,1200
44480,11,635200
44481,333,1600
44482,53,345100
44483,332,1900
44484,28,466000
44485,302,20000
44486,10,660900
44487,226,73800
44488,232,69000
44489,317,10750
44490,332,2050
44491,33,432800
44492,325,6200
44493,333,1550
44494,39,402300
44495,8,700800
44496,283,32000
44497,2,937500
44498,106,214000
44499,326,5200
44500,335,200
44501,0,2000000
44502,308,15800
44503,150,150000
44504,0,2000000
44505,300,20800
44506,37,412250
44507,259,48600
44508,268,42000
44509,0,2000000
44510,333,1800
44511,329,4050
44512,272,39200
44513,328,4200
44514,21,512000
44515,284,30900
44516,331,2600
44517,321,8300
44518,135,170000
44519,134,171200
44520,335,300
44521,335,250
44522,38,403400
44523,147,154000
44524,62,316000
44525,0,1400400
44526,335,600
44527,63,310800
44528,258,49100
44529,27,470200
44530,266,43400
44531,296,23600
44532,130,176000
44533,328,4200
44534,285,30200
44535,285,30750
44536,311,14500
44537,331,2600
44538,332,2050
44539,1,1050000
44540,253,52800
44541,5,797000
44542,321,8450
44543,306,17300
44544,6,752500
44545,0,2000000
44546,286,29600
44547,0,2000000
44548,51,350200
44549,155,143750
44550,243,60100
44551,167,130500
44552,318,10400
44553,27,471800
44554,310,15000
44555,228,72400
44556,235,66400
44557,274,37700
44558,23,502800
44559,327,5100
44560,253,53000
44561,227,73200
44562,332,1900
44563,39,402100
44564,325,6200
44565,330,3150
44566,329,3500
44567,323,7000
44568,18,540800
44569,187,109000
44570,0,1316800
44571,332,2350
44572,201,96000
44573,0,1218100
44574,236,65400
44575,298,22200
44576,277,35500
44577,225,74800
44578,0,2000000
44579,22,508150
44580,325,5900
44581,1,1200200
44582,2,916400
44583,19,534000
44584,269,41000
44585,334,900
44586,29,458000
44587,322,7600
44588,23,500000
44589,295,24400
44590,13,606000
44591,5,769500
44592,2,934000
44593,233,68400
44594,315,12000
44595,328,4400
44596,227,72650
44597,308,16000
44598,311,14500
44599,0,1402900
44600,304,18400
44601,285,30400
44602,137,166900
44603,330,3300
44604,250,54800
44605,305,18100
44606,0,2000000
44607,18,541800
44608,172,124450
44609,147,153700
44610,236,65600
44611,274,37900
44612,0,1400500
44613,300,20900
44614,13,611800
44615,329,3700
44616,322,7550
44617,177,118800
44618,0,1323000
44619,133,172400
44620,2,930300
44621,0,2000000
44622,13,600700
44623,13,601500
44624,0,2000000
44625,0,1504600
44626,309,15550
44627,0,2000000
44628,223,76500
44629,308,16300
44630,311,14500
44631,302,19700
44632,301,20250
44633,317,10800
44634,252,53600
44635,1,1208000
44636,0,2000000
44637,334,1000
44638,1,1051800
44639,328,4300
44640,148,152600
44641,275,37500
44642,285,30500
44643,285,30400
44644,321,8100
44645,259,48550
44646,212,86000
44647,16,564200
44648,241,61500
44649,5,766600
44650,0,1356400
44651,150,150000
44652,8,700500
44653,248,56200
44654,2,932700
44655,323,7000
44656,329,3650
44657,267,43000
44658,5,794400
44659,249,55400
44660,269,41600
44661,147,154000
44662,146,155400
44663,292,26000
44664,280,34000
44665,325,6200
44666,331,2900
44667,304,18400
44668,262,46400
44669,1,1050000
44670,280,34000
44671,304,18600
44672,230,70800
44673,325,6100
44674,12,617600
44675,1,1070800
44676,317,10900
44677,267,42500
44678,236,66000
44679,0,1874000
44680,155,144400
44681,5,801000
44682,0,1406500
44683,323,7400
44684,7,720200
44685,335,200
44686,1,1050000
44687,321,8100
44688,305,18000
44689,321,8200
44690,334,1200
44691,13,612100
44692,299,21700
44693,253,52900
44694,315,11900
44695,309,15600
44696,331,2500
44697,334,900
44698,16,572000
44699,333,1700
44700,333,1500
44701,329,4000
44702,0,1804300
44703,334,900
44704,301,20200
44705,144,158300
44706,327,5000
44707,334,850
44708,6,750500
44709,289,28000
44710,66,303200
44711,161,136400
44712,114,200800
44713,0,2000000
44714,324,6900
44715,318,10100
44716,326,5400
44717,332,2200
44718,87,251600
44719,0,2000000
44720,266,43600
44721,324,6500
44722,334,900
44723,0,2000000
44724,12,613200
44725,335,300
44726,328,4200
44727,247,57200
44728,77,274900
44729,314,12200
44730,208,88900
44731,323,7100
44732,66,302100
44733,65,305600
44734,313,13000
44735,266,43500
44736,336,100
44737,300,21100
44738,313,12900
44739,266,43400
44740,66,302000
44741,325,6000
44742,4,833000
44743,326,5300
44744,309,15700
44745,24,488600
44746,45,373800
44747,55,337500
44748,29,453000
44749,221,78000
44750,333,1600
44751,175,121350
44752,0,1304300
44753,327,5000
44754,330,3400
44755,313,13150
44756,3,900150
44757,283,31500
44758,325,6000
44759,8,700100
44760,335,400
44761,12,626850
44762,333,1700
44763,323,7300
44764,194,101800
44765,330,3400
44766,313,13300
44767,320,8900
44768,1,1200300
44769,164,133350
44770,0,2000000
44771,211,86200
44772,216,82000
44773,233,68200
44774,233,68000
44775,322,7600
44776,293,25250
44777,327,5000
44778,300,21100
44779,335,500
44780,335,600
44781,3,856500
44782,328,4400
44783,8,702400
44784,257,49600
44785,111,206400
44786,335,500
44787,326,5700
44788,222,77200
44789,333,1300
44790,0,2000000
44791,100,226400
44792,295,24200
44793,335,600
44794,13,600100
44795,2,918000
44796,3,902000
44797,282,32800
44798,177,119200
44799,334,1100
44800,214,84000
44801,330,3400
44802,333,1450
44803,298,22200
44804,261,47200
44805,260,47600
44806,279,34650
44807,258,48900
44808,0,2000000
44809,0,2000000
44810,229,71400
44811,251,54100
44812,2,916500
44813,271,39700
44814,67,300800
44815,315,12000
44816,281,33000
44817,308,15900
44818,13,610000
44819,0,1912000
44820,3,904200
44821,116,198600
44822,322,7500
44823,206,91400
44824,173,123900
44825,320,9050
44826,305,17600
44827,323,7100
44828,173,123350
44829,93,238900
44830,7,732900
44831,302,20000
44832,28,461200
44833,13,600600
44834,126,182000
44835,10,656500
44836,336,100
44837,335,500
44838,167,129900
44839,22,503400
44840,271,40000
44841,290,27500
44842,314,12400
44843,283,32100
44844,91,242600
44845,75,279300
44846,0,1603200
44847,296,23700
44848,169,128200
44849,102,222750
44850,0,2000000
44851,313,13200
44852,303,19200
44853,0,1415700
44854,28,461800
44855,328,4600
44856,1,1066000
44857,0,1950800
44858,328,4200
44859,39,403200
44860,66,302450
44861,59,322750
44862,310,14900
44863,67,300250
44864,26,474000
44865,305,17800
44866,334,1000
44867,6,740800
44868,67,300500
44869,49,356600
44870,13,604700
44871,0,2000000
44872,111,205600
44873,127,181600
44874,261,47200
44875,326,5200
44876,291,26500
44877,207,90100
44878,270,40750
44879,298,22200
44880,30,451200
44881,204,93200
44882,65,306700
44883,13,600000
44884,107,213000
44885,110,207800
44886,315,11600
44887,263,45600
44888,198,98000
44889,312,13650
44890,30,450600
44891,1,1203700
44892,299,21600
44893,322,7700
44894,5,770000
44895,252,53800
44896,47,366000
44897,335,500
44898,333,1700
44899,335,200
44900,332,2200
44901,271,40200
44902,293,25300
44903,249,55800
44904,1,1050000
44905,128,179200
44906,326,5300
44907,287,29100
44908,38,405600
44909,220,78400
44910,333,1300
44911,0,1369200
44912,291,26600
44913,318,9900
44914,60,321400
44915,309,15200
44916,260,47500
44917,12,626500
44918,333,1250
44919,1,1006000
44920,335,450
44921,0,1848000
44922,81,265600
44923,299,21300
44924,67,301500
44925,108,212000
44926,256,50400
44927,13,603400
44928,274,38000
44929,106,214700
44930,335,400
44931,2,916000
44932,301,20600
44933,303,19200
44934,229,71000
44935,12,616500
44936,166,130700
44937,334,1150
44938,139,164800
44939,239,63100
44940,313,12900
44941,213,84800
44942,37,410000
44943,336,100
44944,233,68400
44945,66,302000
44946,0,2000000
44947,66,301800
44948,318,10100
44949,243,60000
44950,0,2000000
44951,306,17100
44952,331,2900
44953,320,9000
44954,63,312800
44955,141,162000
44956,222,77250
44957,188,108000
44958,198,98000
44959,331,2800
44960,235,66600
44961,74,281400
44962,322,7500
44963,121,190000
44964,66,302000
44965,5,782000
44966,0,1804500
44967,333,1750
44968,14,590800
44969,0,2000000
44970,0,2000000
44971,267,42500
44972,307,16400
44973,310,14900
44974,334,1200
44975,254,52000
44976,66,303000
44977,39,400600
44978,198,98800
44979,0,2000000
44980,0,2000000
44981,334,1200
44982,331,2400
44983,328,4300
44984,59,325400
44985,312,13800
44986,37,411200
44987,250,55000
44988,313,13300
44989,331,2400
44990,133,172450
44991,124,186000
44992,316,11000
44993,1,1050000
44994,261,46600
44995,41,393750
44996,292,26100
44997,330,3000
44998,285,30200
44999,326,5500
45000,0,1402100
45001,325,6000
45002,250,55100
45003,13,611600
45004,299,21400
45005,319,9500
45006,13,600000
45007,0,2000000
45008,328,4300
45009,255,51000
45010,300,21000
45011,330,3000
45012,62,316000
45013,299,21600
45014,64,308000
45015,259,48500
45016,322,7500
45017,43,384800
45018,333,1500
45019,0,1670100
45020,295,23900
45021,326,5500
45022,0,2000000
45023,299,21550
45024,0,1527900
45025,319,9400
45026,237,65100
45027,322,7500
45028,329,3500
45029,326,5600
45030,0,2000000
45031,326,5450
45032,6,750800
45033,1,1052000
45034,264,45000
45035,336,0
45036,334,700
45037,334,800
45038,11,637500
45039,27,470800
45040,64,308300
45041,312,13400
45042,0,2000000
45043,333,1400
45044,268,41800
45045,318,10400
45046,1,1066000
45047,256,50600
45048,167,129600
45049,306,17200
45050,51,349500
45051,332,1850
45052,66,303000
45053,326,5500
45054,305,18100
45055,314,12300
45056,0,1513000
45057,5,776400
45058,334,700
45059,265,44300
45060,12,626500
45061,334,1000
45062,333,1500
45063,305,17600
45064,293,25400
45065,268,42200
45066,8,700800
45067,277,36100
45068,0,1267000
45069,298,22300
45070,1,1178000
45071,2,980600
45072,7,732000
45073,51,350200
45074,308,16200
45075,307,16450
45076,248,56700
45077,269,41600
45078,51,350150
45079,261,47100
45080,329,4000
45081,301,20450
45082,243,60250
45083,307,16800
45084,320,8700
45085,1,1050000
45086,298,22000
45087,334,800
45088,319,9500
45089,295,23800
45090,328,4600
45091,60,320300
45092,195,101050
45093,329,3700
45094,254,51900
45095,225,74750
45096,188,108300
45097,0,1434000
45098,299,21500
45099,331,2500
45100,328,4100
45101,185,110500
45102,168,128600
45103,333,1600
45104,329,3800
45105,56,334500
45106,313,13100
45107,53,345500
45108,300,21000
45109,325,6300
45110,209,88700
45111,320,8900
45112,271,39700
45113,334,1100
45114,0,2000000
45115,322,7800
45116,47,365200
45117,20,530000
45118,100,226150
45119,159,138750
45120,140,162250
45121,273,38500
45122,30,451800
45123,259,48650
45124,61,316800
45125,7,714800
45126,5,793700
45127,99,227400
45128,0,2000000
45129,0,2000000
45130,308,16200
45131,214,84000
45132,1,1000300
45133,2,918000
45134,328,4400
45135,305,17600
45136,316,11400
45137,316,11300
45138,109,209600
45139,170,126800
45140,276,36800
45141,188,107900
45142,297,22900
45143,307,16650
45144,326,5500
45145,303,19300
45146,321,8500
45147,297,22600
45148,317,10700
45149,329,3900
45150,141,161200
45151,326,5700
45152,332,2300
45153,187,108800
45154,325,5950
45155,329,3850
45156,201,95800
45157,324,6800
45158,242,61150
45159,236,65500
45160,90,245850
45161,283,31500
45162,0,1804300
45163,228,72000
45164,237,65100
45165,334,800
45166,0,1564450
45167,326,5400
45168,311,14100
45169,178,117700
45170,318,10100
45171,0,2000000
45172,0,2000000
45173,283,31500
45174,10,648000
45175,322,7600
45176,50,355500
45177,276,36250
45178,331,2500
45179,110,207600
45180,302,20000
45181,0,2000000
45182,280,33600
45183,294,25000
45184,150,150000
45185,105,216400
45186,63,313000
45187,333,1400
45188,314,12200
45189,1,1052400
45190,226,73600
45191,281,33000
45192,333,1500
45193,147,154000
45194,234,67250
45195,242,61000
45196,74,281600
45197,325,6000
45198,308,15800
45199,311,14300
45200,30,450000
45201,232,68700
45202,233,67950
45203,5,792100
45204,295,23900
45205,10,651000
45206,328,4450
45207,0,2000000
45208,6,735000
45209,24,492300
45210,276,36800
45211,64,308000
45212,311,14400
45213,334,1100
45214,237,64750
45215,66,302000
45216,326,5300
45217,61,317200
45218,0,2000000
45219,214,83900
45220,315,12100
45221,0,1509600
45222,6,754000
45223,336,100
45224,333,1500
45225,0,1800550
45226,8,691000
45227,320,9200
45228,232,68450
45229,277,35800
45230,0,2000000
45231,278,35200
45232,148,153000
45233,308,16000
45234,322,7600
45235,214,83600
45236,62,316000
45237,335,400
45238,141,162000
45239,333,1750
45240,62,314000
45241,331,2700
45242,0,2000000
45243,1,1208800
45244,299,21600
45245,71,288900
45246,332,1900
45247,284,31200
45248,249,55900
45249,64,310000
45250,150,150000
45251,265,43900
45252,0,1804150
45253,240,62900
45254,285,30400
45255,303,19000
45256,67,301500
45257,335,250
45258,13,602500
45259,316,11000
45260,30,450000
45261,184,111600
45262,23,500300
45263,297,22800
45264,335,250
45265,0,2000000
45266,72,286300
45267,332,1900
45268,1,1156200
45269,326,5650
45270,326,5200
45271,0,1714000
45272,212,86000
45273,292,26200
45274,278,35200
45275,275,37100
45276,328,4500
45277,249,56000
45278,324,6600
45279,0,2000000
45280,2,947600
45281,141,162000
45282,0,1517200
45283,0,2000000
45284,315,12000
45285,218,80200
45286,206,91200
45287,91,242400
45288,197,99600
45289,284,31000
45290,280,34000
45291,251,54300
45292,64,308000
45293,324,6650
45294,329,4000
45295,227,72800
45296,307,16600
45297,0,1503400
45298,328,4400
45299,5,784400
45300,322,7500
45301,320,9100
45302,325,5950
45303,222,77400
45304,316,11200
45305,288,28400
45306,0,2000000
45307,281,33300
45308,0,2000000
45309,13,603000
45310,335,400
45311,321,8500
45312,295,24400
45313,278,35250
45314,226,73350
45315,252,53800
45316,141,161550
45317,127,180800
45318,131,175800
45319,66,302000
45320,2,968200
45321,334,800
45322,288,28300
45323,12,617200
45324,332,2100
45325,50,356000
45326,247,57000
45327,0,1506000
45328,295,24200
45329,230,70600
45330,331,2500
45331,192,104400
45332,318,10400
45333,218,80600
45334,326,5300
45335,1,1011100
45336,3,900000
45337,320,9200
45338,300,21000
45339,2,916200
45340,30,450600
45341,0,2000000
45342,267,42800
45343,255,50900
45344,1,1201450
45345,333,1400
45346,327,5100
45347,332,2000
45348,24,488400
45349,0,1647800
45350,67,300500
45351,30,450000
45352,331,2600
45353,258,48800
45354,6,754600
45355,298,21950
45356,334,1100
45357,298,22100
45358,320,8900
45359,114,201300
45360,267,42500
45361,329,3500
45362,66,303000
45363,32,438000
45364,321,8150
45365,319,9400
45366,168,128900
45367,0,2000000
45368,122,188200
45369,332,1850
45370,0,2000000
45371,48,361800
45372,164,133600
45373,334,750
45374,318,10300
45375,333,1600
45376,251,54400
45377,335,400
45378,0,2000000
45379,32,440000
45380,150,150600
45381,66,303800
45382,279,34150
45383,104,218000
45384,149,151000
45385,1,1050000
45386,330,3400
45387,317,10800
45388,62,315700
45389,331,2800
45390,199,97500
45391,140,163400
45392,10,656200
45393,335,200
45394,197,98850
45395,301,20200
45396,58,325600
45397,332,2000
45398,24,493200
45399,0,1652000
45400,322,7700
45401,330,3300
45402,0,1651000
45403,100,225400
45404,309,15700
45405,231,69650
45406,218,80200
45407,266,43050
45408,292,26000
45409,308,16200
45410,308,15800
45411,0,2000000
45412,191,105200
45413,0,2000000
45414,0,1950900
45415,312,13600
45416,146,155500
45417,9,679400
45418,333,1700
45419,0,2000000
45420,0,2000000
45421,257,50100
45422,283,31900
45423,324,6400
45424,0,2000000
45425,65,304500
45426,330,3350
45427,3,903200
45428,281,33050
45429,315,12100
45430,327,4900
45431,332,2200
45432,168,129000
45433,307,16900
45434,132,173500
45435,335,500
45436,0,1526200
45437,334,800
45438,335,400
45439,2,942100
45440,0,2000000
45441,321,8300
45442,326,5600
45443,303,19100
45444,0,2000000
45445,336,0
45446,1,1002900
45447,47,367700
45448,12,616300
45449,321,8500
45450,300,20700
45451,268,42000
45452,100,226000
45453,297,22700
45454,332,1900
45455,9,670900
45456,53,344800
45457,333,1300
45458,305,17800
45459,304,18600
45460,274,37700
45461,112,204400
45462,97,232100
45463,13,604200
45464,334,900
45465,332,2300
45466,319,9800
45467,333,1600
45468,251,54300
45469,305,17750
45470,216,82150
45471,0,2000000
45472,24,490700
45473,39,401500
45474,304,18700
45475,333,1600
45476,29,458000
45477,13,602300
45478,292,26100
45479,232,68700
45480,313,12900
45481,329,3650
45482,332,2000
45483,265,44400
45484,334,800
45485,67,300300
45486,319,9600
45487,277,36100
45488,302,19700
45489,246,58000
45490,330,3000
45491,333,1800
45492,320,8900
45493,59,325200
45494,303,19200
45495,293,25550
45496,327,4700
45497,150,150000
45498,2,953800
45499,143,158800
45500,336,0
45501,327,4800
45502,336,0
45503,0,1510000
45504,300,21050
45505,328,4300
45506,265,44200
45507,167,129800
45508,0,1982000
45509,260,47600
45510,276,36800
45511,52,349100
45512,184,112200
45513,2,1000200
45514,242,61200
45515,12,619050
45516,0,2000000
45517,9,664250
45518,329,3500
45519,0,1214100
45520,113,203000
45521,334,800
45522,334,1000
45523,317,10500
45524,329,3700
45525,137,167000
45526,62,316000
45527,78,271200
45528,57,329500
45529,239,63200
45530,282,32300
45531,28,464000
45532,321,8400
45533,274,37550
45534,38,406600
45535,133,172000
45536,6,754000
45537,0,2000000
45538,331,2400
45539,327,4700
45540,318,10000
45541,315,11800
45542,335,600
45543,332,2300
45544,284,31400
45545,169,128200
45546,0,1414400
45547,322,7900
45548,314,12200
45549,66,302000
45550,45,374000
45551,247,57300
45552,276,36600
45553,280,33600
45554,335,500
45555,135,170200
45556,100,226300
45557,295,24000
45558,305,18000
45559,8,707500
45560,228,72300
45561,63,310600
45562,205,91700
45563,267,42700
45564,295,23900
45565,5,801200
45566,330,3300
45567,294,24600
45568,295,24200
45569,211,86600
45570,333,1600
45571,307,16600
45572,150,150000
45573,27,470000
45574,4,827400
45575,104,218000
45576,331,2700
45577,334,1200
45578,332,2350
45579,98,229200
45580,0,1409700
45581,67,301350
45582,298,22500
45583,58,328400
45584,319,9300
45585,23,501000
45586,39,400200
45587,325,6200
45588,65,306700
45589,269,41600
45590,13,605600
45591,0,2000000
45592,299,21300
45593,64,309950
45594,308,16300
45595,34,426200
45596,280,34000
45597,30,450000
45598,303,19200
45599,155,143500
45600,192,104500
45601,111,206000
45602,307,16800
45603,140,162600
45604,0,1526800
45605,0,2000000
45606,309,15250
45607,0,2000000
45608,335,400
45609,2,932000
45610,189,106800
45611,28,465700
45612,334,800
45613,290,27300
45614,13,604850
45615,168,129400
45616,331,2850
45617,30,450000
45618,0,1252400
45619,321,8300
45620,288,28600
45621,235,66200
45622,13,609300
45623,322,7700
45624,36,417300
45625,1,1050000
45626,273,38400
45627,7,720000
45628,4,820500
45629,0,1651000
45630,332,2300
45631,330,3050
45632,2,916000
45633,4,825200
45634,334,1050
45635,12,618600
45636,335,300
45637,74,282800
45638,317,10900
45639,23,500300
45640,267,42350
45641,67,300000
45642,3,900000
45643,83,261000
45644,313,13000
45645,269,41000
45646,106,214100
45647,240,62700
45648,292,26000
45649,1,1026000
45650,275,37200
45651,19,536000
45652,333,1600
45653,237,65000
45654,276,36600
45655,335,400
45656,317,10600
45657,0,1475000
45658,303,19200
45659,12,620000
45660,216,81850
45661,84,257600
45662,83,261200
45663,304,18400
45664,147,154000
45665,106,213900
45666,334,750
45667,335,300
45668,0,1751600
45669,334,750
45670,305,17600
45671,293,25300
45672,329,3500
45673,214,84100
45674,0,1632500
45675,267,42750
45676,0,1921000
45677,59,324500
45678,323,7200
45679,247,57000
45680,281,33200
45681,206,90600
45682,334,900
45683,118,194200
45684,0,2000000
45685,305,17750
45686,325,6100
45687,329,3600
45688,333,1800
45689,4,818100
45690,213,84500
45691,23,501400
45692,0,1690800
45693,327,5000
45694,301,20100
45695,201,95500
45696,284,30850
45697,304,18650
45698,297,22600
45699,0,1517800
45700,64,310000
45701,299,21700
45702,334,800
45703,12,620300
45704,329,3900
45705,334,900
45706,322,7900
45707,335,300
45708,301,20150
45709,334,800
45710,235,66200
45711,45,373350
45712,323,6950
45713,232,68850
45714,0,1409000
45715,8,701250
45716,141,162050
45717,331,2800
45718,304,18700
45719,315,11600
45720,276,36300
45721,278,35200
45722,145,156000
45723,308,15800
45724,221,78200
45725,261,47200
45726,306,17200
45727,43,380800
45728,1,1000700
45729,189,107400
45730,300,20700
45731,276,36700
45732,205,92100
45733,262,46200
45734,49,357000
45735,309,15500
45736,290,27000
45737,65,305000
45738,215,82900
45739,223,76300
45740,223,75900
45741,323,7200
45742,174,122900
45743,312,13700
45744,67,300300
45745,334,1150
45746,0,1230000
45747,0,1325500
45748,253,52900
45749,333,1800
45750,0,2000000
45751,246,57600
45752,164,133400
45753,328,4200
45754,232,69200
45755,329,3700
45756,1,1209450
45757,332,2000
45758,44,380100
45759,327,4900
45760,0,1564300
45761,13,604500
45762,333,1400
45763,11,633700
45764,48,360600
45765,23,498200
45766,329,3700
45767,322,7800
45768,0,1351400
45769,334,800
45770,0,2000000
45771,259,48000
45772,99,228200
45773,335,500
45774,18,540000
45775,142,160800
45776,331,2600
45777,292,26200
45778,335,400
45779,306,17450
45780,317,10600
45781,251,54300
45782,334,1000
45783,261,47200
45784,77,274100
45785,0,1362000
45786,284,31000
45787,0,1221100
45788,244,59800
45789,184,111700
45790,150,150000
45791,332,2100
45792,325,5800
45793,316,11100
45794,45,375800
45795,0,2000000
45796,228,71900
45797,294,24800
45798,6,754000
45799,329,3600
45800,0,2000000
45801,179,116700
45802,333,1800
45803,1,1200500
45804,333,1300
45805,5,771200
45806,227,72500
45807,302,19800
45808,195,101000
45809,333,1650
45810,191,105250
45811,280,33700
45812,318,10200
45813,58,326900
45814,0,1390000
45815,292,25700
45816,289,28000
45817,1,1178850
45818,2,916000
45819,13,605400
45820,3,902000
45821,323,7000
45822,13,600850
45823,0,2000000
45824,29,455000
45825,332,1900
45826,281,32900
45827,321,8200
45828,4,812800
45829,0,1249800
45830,313,12800
45831,168,129000
45832,0,2000000
45833,0,2000000
45834,212,85200
45835,322,7800
45836,260,47300
45837,0,2000000
45838,1,1202700
45839,309,15200
45840,0,1331600
45841,329,3700
45842,18,540900
45843,325,6000
45844,67,301250
45845,296,23300
45846,275,37400
45847,133,172600
45848,33,432800
45849,192,104300
45850,150,150600
45851,285,30200
45852,323,7400
45853,0,2000000
45854,249,55850
45855,251,54500
45856,324,6800
45857,177,118800
45858,66,303400
45859,181,115500
45860,325,5800
45861,7,723200
45862,306,17500
45863,157,141900
45864,4,806700
45865,1,1212250
45866,0,2000000
45867,336,100
45868,335,600
45869,316,11200
45870,321,8600
45871,128,179050
45872,335,600
45873,321,8400
45874,263,45700
45875,318,10400
45876,2,916000
45877,5,782000
45878,123,187500
45879,30,450600
45880,189,106950
45881,116,198500
45882,6,760000
45883,316,11500
45884,322,7500
45885,316,11300
45886,91,243200
45887,146,155200
45888,294,24800
45889,324,6350
45890,259,48000
45891,237,64700
45892,126,182000
45893,327,4900
45894,327,4900
45895,212,85200
45896,1,1005100
45897,334,700
45898,276,36400
45899,33,430350
45900,217,81000
45901,334,800
45902,326,5350
45903,320,9200
45904,315,11800
45905,278,35200
45906,278,34900
45907,4,822600
45908,2,932100
45909,284,31200
45910,149,151000
45911,0,2000000
45912,16,569000
45913,329,3900
45914,333,1600
45915,21,512000
45916,328,4450
45917,255,51400
45918,0,2000000
45919,39,401700
45920,133,172800
45921,150,150500
45922,334,750
45923,108,211300
45924,331,2800
45925,328,4500
45926,10,650000
45927,335,200
45928,335,600
45929,250,54800
45930,326,5500
45931,4,841600
45932,60,320800
45933,331,2400
45934,7,712000
45935,331,2500
45936,102,221000
45937,31,442700
45938,13,600900
45939,184,112200
45940,10,650100
45941,311,14100
45942,319,9700
45943,110,208400
45944,325,6000
45945,275,37400
45946,323,7100
45947,332,1900
45948,45,373700
45949,316,11300
45950,3,871800
45951,5,766300
45952,0,2000000
45953,283,32100
45954,2,984500
45955,4,820000
45956,336,100
45957,223,76300
45958,336,100
45959,274,37950
45960,297,22900
45961,335,500
45962,216,82100
45963,229,71300
45964,197,98900
45965,334,1100
45966,335,450
45967,0,2000000
45968,237,65000
45969,334,900
45970,296,23500
45971,205,91750
45972,246,57800
45973,232,69000
45974,327,5050
45975,0,1419500
45976,33,431400
45977,0,2000000
45978,313,13000
45979,333,1300
45980,326,5400
45981,311,14200
45982,0,1574000
45983,296,23600
45984,45,375800
45985,0,2000000
45986,320,9100
45987,51,352400
45988,322,7900
45989,20,524200
45990,158,140500
45991,276,36200
45992,313,12900
45993,316,11400
45994,0,2000000
45995,0,2000000
45996,1,1013400
45997,327,5000
45998,4,849000
45999,34,424200
46000,285,30600
46001,74,282300
46002,332,1900
46003,257,50000
46004,124,185600
46005,132,174400
46006,335,500
46007,316,11000
46008,0,1503000
46009,334,700
46010,9,680000
46011,334,1200
46012,334,700
46013,263,45800
46014,218,80200
46015,295,23900
46016,0,1612000
46017,13,606000
46018,327,5000
46019,303,19200
46020,321,8400
46021,307,16500
46022,335,550
46023,325,5800
46024,21,512800
46025,320,8750
46026,310,15000
46027,0,1950300
46028,336,0
46029,335,400
46030,285,30700
46031,281,33100
46032,301,20200
46033,6,750000
46034,295,24300
46035,309,15250
46036,331,2800
46037,318,10000
46038,334,1100
46039,0,2000000
46040,307,16600
46041,272,39400
46042,5,801500
46043,247,57400
46044,39,400200
46045,324,6700
46046,0,2000000
46047,315,11800
46048,257,50100
46049,5,766000
46050,280,33700
46051,296,23200
46052,302,19600
46053,0,2000000
46054,186,110000
46055,307,16400
46056,7,708600
46057,329,3500
46058,335,600
46059,16,570000
46060,331,2800
46061,214,84100
46062,70,292900
46063,318,10300
46064,332,2200
46065,270,40450
46066,0,2000000
46067,0,2000000
46068,307,16600
46069,316,11200
46070,290,27400
46071,302,19600
46072,311,14100
46073,318,9850
46074,325,6000
46075,0,1233500
46076,299,21650
46077,332,1950
46078,10,655000
46079,282,32400
46080,321,8250
46081,225,74800
46082,327,4700
46083,195,100900
46084,1,1050000
46085,112,204000
46086,281,32900
46087,336,0
46088,262,46200
46089,158,139900
46090,322,7600
46091,261,46700
46092,13,601400
46093,295,24300
46094,330,3100
46095,1,1001600
46096,306,17000
46097,306,17200
46098,284,30900
46099,168,129200
46100,25,481000
46101,334,900
46102,5,782000
46103,13,601000
46104,119,192400
46105,332,2100
46106,300,20700
46107,336,100
46108,321,8400
46109,207,90300
46110,328,4200
46111,284,31100
46112,335,500
46113,335,450
46114,0,2000000
46115,260,47800
46116,5,782000
46117,23,501000
46118,241,61400
46119,0,1228000
46120,0,2000000
46121,28,461900
46122,135,169400
46123,335,400
46124,0,2000000
46125,297,22800
46126,310,14900
46127,323,7100
46128,336,0
46129,13,600800
46130,294,24800
46131,22,503400
46132,251,53900
46133,239,63600
46134,243,60200
46135,305,18000
46136,333,1500
46137,7,730600
46138,326,5300
46139,335,600
46140,314,12600
46141,303,18800
46142,52,348400
46143,328,4100
46144,331,2800
46145,2,934000
46146,13,601500
46147,2,948000
46148,0,1820000
46149,287,29000
46150,308,16200
46151,322,7700
46152,178,118050
46153,229,71400
46154,121,190200
46155,115,200000
46156,315,11600
46157,305,17700
46158,248,56050
46159,250,55150
46160,3,854000
46161,0,2000000
46162,303,19100
46163,313,13000
46164,302,20000
46165,306,17100
46166,196,100400
46167,320,8800
46168,335,200
46169,0,2000000
46170,0,2000000
46171,54,341150
46172,0,1714000
46173,61,317200
46174,329,3800
46175,190,106000
46176,34,429150
46177,259,48600
46178,96,232500
46179,324,6800
46180,315,11750
46181,269,40950
46182,328,4100
46183,150,150000
46184,306,17400
46185,292,26000
46186,236,65700
46187,3,855600
46188,320,9200
46189,197,99400
46190,306,17150
46191,335,300
46192,335,200
46193,282,32700
46194,216,82200
46195,212,86000
46196,332,1900
46197,38,407200
46198,308,16200
46199,149,151800
46200,0,1249000
46201,0,2000000
46202,314,12200
46203,335,200
46204,335,600
46205,136,168800
46206,13,600200
46207,66,301700
46208,0,1298000
46209,333,1400
46210,321,8500
46211,318,10000
46212,306,17400
46213,307,16850
46214,334,800
46215,325,6300
46216,109,209600
46217,271,40100
46218,0,1332800
46219,286,29600
46220,319,9400
46221,329,3500
46222,1,1206400
46223,315,11800
46224,324,6500
46225,0,2000000
46226,336,0
46227,321,8500
46228,285,30500
46229,268,42000
46230,282,32700
46231,184,112200
46232,106,214500
46233,178,118700
46234,0,1651500
46235,106,214300
46236,66,304000
46237,336,0
46238,13,608000
46239,323,7000
46240,317,10700
46241,332,2150
46242,336,100
46243,6,754000
46244,325,5800
46245,0,1714000
46246,102,222600
46247,331,2800
46248,316,11100
46249,188,108100
46250,310,14900
46251,241,61600
46252,9,678600
46253,222,76700
46254,126,183000
46255,325,6100
46256,56,333000
46257,32,439400
46258,1,1001300
46259,304,18450
46260,186,110000
46261,19,530800
46262,37,413200
46263,326,5600
46264,0,2000000
46265,211,86250
46266,89,246900
46267,61,317850
46268,218,80300
46269,323,7400
46270,1,1066000
46271,30,452400
46272,21,519100
46273,1,1066000
46274,0,2000000
46275,227,72800
46276,93,239800
46277,327,4800
46278,324,6500
46279,327,5000
46280,335,300
46281,243,60200
46282,6,750800
46283,316,11500
46284,51,350200
46285,166,131600
46286,36,415000
46287,46,370800
46288,285,30800
46289,325,6100
46290,311,14500
46291,312,13400
46292,307,16600
46293,265,44300
46294,308,16100
46295,1,1032400
46296,326,5350
46297,231,69500
46298,0,1605000
46299,0,1510000
46300,150,150000
46301,331,2800
46302,335,400
46303,2,1000200
46304,0,1427400
46305,310,14650
46306,332,2300
46307,1,1002800
46308,329,4000
46309,282,32500
46310,335,250
46311,258,49200
46312,251,54400
46313,333,1300
46314,309,15700
46315,24,493000
46316,195,101000
46317,4,829800
46318,0,2000000
46319,335,400
46320,316,11000
46321,0,2000000
46322,294,24900
46323,6,751400
46324,319,9600
46325,319,9250
46326,334,750
46327,304,18200
46328,246,57700
46329,67,301200
46330,318,9900
46331,6,748500
46332,144,157600
46333,304,18200
46334,21,513400
46335,334,900
46336,308,16100
46337,298,22100
46338,315,11800
46339,193,103500
46340,300,20800
46341,299,21600
46342,113,203000
46343,332,2000
46344,240,62700
46345,0,2000000
46346,210,87000
46347,263,45800
46348,0,2000000
46349,141,162000
46350,315,12150
46351,336,0
46352,0,2000000
46353,0,2000000
46354,1,1050000
46355,0,1386000
46356,8,705450
46357,280,33500
46358,308,16150
46359,326,5400
46360,0,1251600
46361,0,2000000
46362,321,8450
46363,148,152400
46364,180,116600
46365,334,700
46366,0,1485800
46367,336,0
46368,159,139300
46369,242,61050
46370,8,700600
46371,293,25600
46372,328,4450
46373,309,15500
46374,69,295200
46375,39,400800
46376,271,39700
46377,281,33100
46378,0,1823200
46379,316,11200
46380,335,400
46381,309,15500
46382,16,571200
46383,263,45700
46384,120,191800
46385,331,2700
46386,93,239800
46387,308,16150
46388,0,2000000
46389,7,730100
46390,303,18800
46391,294,24500
46392,150,150000
46393,333,1300
46394,108,211000
46395,283,31800
46396,2,921600
46397,1,1200700
46398,335,300
46399,12,624500
46400,218,80550
46401,324,6800
46402,0,2000000
46403,333,1300
46404,315,11700
46405,329,3500
46406,328,4100
46407,275,37200
46408,156,143100
46409,332,2050
46410,322,7950
46411,0,2000000
46412,240,62550
46413,330,3450
46414,320,8700
46415,0,1320200
46416,0,1269050
46417,42,387650
46418,306,17300
46419,163,134500
46420,242,61300
46421,0,2000000
46422,0,1524000
46423,334,1200
46424,0,1415800
46425,0,1362000
46426,309,15500
46427,328,4400
46428,334,1200
46429,298,21900
46430,145,156800
46431,0,1412000
46432,270,40400
46433,28,460900
46434,0,1645200
46435,0,2000000
46436,0,1485700
46437,5,802900
46438,51,350200
46439,0,2000000
46440,6,755600
46441,18,546600
46442,328,4600
46443,333,1500
46444,66,302200
46445,175,121600
46446,237,64900
46447,269,41200
46448,0,2000000
46449,0,2000000
46450,256,50400
46451,298,22200
46452,0,1323000
46453,4,845300
46454,0,2000000
46455,324,6400
46456,321,8600
46457,299,21700
46458,25,484200
46459,322,7800
46460,331,2700
46461,300,20800
46462,319,9800
46463,331,2800
46464,114,200500
46465,296,23600
46466,324,6400
46467,1,1178000
46468,325,6250
46469,319,9400
46470,0,2000000
46471,330,3250
46472,265,44300
46473,335,250
46474,273,38800
46475,20,524400
46476,1,1181800
46477,288,28750
46478,296,23200
46479,321,8300
46480,294,24800
46481,218,80500
46482,46,371600
46483,84,257100
46484,2,916000
46485,51,351100
46486,0,1658000
46487,67,301000
46488,325,6200
46489,187,109300
46490,331,2900
46491,333,1700
46492,326,5700
46493,297,22700
46494,330,3100
46495,335,650
46496,7,720400
46497,305,17900
46498,131,175000
46499,333,1600
46500,272,39000
46501,35,420700
46502,211,86400
46503,304,18200
46504,31,442050
46505,22,505000
46506,30,450000
46507,0,2000000
46508,333,1800
46509,326,5200
46510,335,250
46511,1,1050000
46512,323,7200
46513,304,18200
46514,327,5000
46515,136,167800
46516,296,23600
46517,300,21200
46518,0,2000000
46519,4,832000
46520,224,75400
46521,46,370200
46522,325,6200
46523,249,56000
46524,311,14100
46525,320,8750
46526,298,22400
46527,272,38950
46528,332,2000
46529,284,31000
46530,56,332600
46531,279,34400
46532,4,836900
46533,30,451000
46534,330,3000
46535,291,26800
46536,328,4600
46537,328,4550
46538,211,86800
46539,30,450600
46540,7,723000
46541,214,84100
46542,173,123000
46543,329,3650
46544,249,55700
46545,0,1746800
46546,29,458800
46547,332,2200
46548,0,2000000
46549,162,135800
46550,297,23000
46551,334,1050
46552,332,2150
46553,326,5450
46554,330,3300
46555,144,158200
46556,218,80700
46557,0,2000000
46558,301,20200
46559,2,919200
46560,1,1145500
46561,0,2000000
46562,0,1714000
46563,334,900
46564,92,241600
46565,308,16300
46566,332,2000
46567,0,2000000
46568,270,40400
46569,0,1280000
46570,4,833800
46571,229,71100
46572,297,22600
46573,266,43600
46574,0,2000000
46575,304,18700
46576,106,215000
46577,300,21100
46578,265,44200
46579,39,401000
46580,0,1845300
46581,309,15700
46582,235,66800
46583,0,2000000
46584,283,31800
46585,163,134600
46586,322,7600
46587,0,2000000
46588,66,304000
46589,331,2700
46590,20,522000
46591,316,11000
46592,251,54300
46593,0,1861000
46594,0,2000000
46595,196,100500
46596,0,1352200
46597,326,5400
46598,335,300
46599,82,262700
46600,332,2200
46601,331,2650
46602,304,18700
46603,307,16600
46604,1,1050000
46605,245,58700
46606,1,1210400
46607,13,604400
46608,0,1407900
46609,10,660500
46610,30,450000
46611,56,334400
46612,312,13900
46613,320,9100
46614,43,383400
46615,0,1660400
46616,335,300
46617,222,76700
46618,331,2600
46619,336,100
46620,334,700
46621,232,69100
46622,61,317500
46623,329,3500
46624,318,10100
46625,255,51400
46626,325,6100
46627,126,182000
46628,334,900
46629,334,900
46630,112,203900
46631,1,1010500
46632,0,2000000
46633,334,800
46634,144,157800
46635,320,8650
46636,330,3400
46637,205,92200
46638,227,72550
46639,316,11100
46640,13,603100
46641,320,9000
46642,13,602550
46643,39,401600
46644,10,651000
46645,150,150300
46646,1,1050000
46647,74,280850
46648,309,15650
46649,127,180800
46650,1,1050000
46651,290,27200
46652,0,1554400
46653,212,85500
46654,2,955500
46655,138,165200
46656,0,2000000
46657,0,2000000
46658,320,8750
46659,30,450000
46660,1,1050000
46661,321,8600
46662,295,24000
46663,0,1284800
46664,302,20000
46665,209,88300
46666,302,20000
46667,303,19400
46668,331,2400
46669,1,1050000
46670,22,504200
46671,185,110800
46672,335,450
46673,322,8050
46674,48,360400
46675,334,750
46676,304,18400
46677,330,3000
46678,335,150
46679,202,94700
46680,131,175400
46681,319,9700
46682,300,20800
46683,176,120600
46684,0,2000000
46685,335,300
46686,173,123000
46687,2,916000
46688,266,43100
46689,232,68600
46690,333,1550
46691,333,1800
46692,0,2000000
46693,284,31400
46694,287,29400
46695,263,45200
46696,293,25600
46697,305,18000
46698,181,115400
46699,335,650
46700,3,863400
46701,0,1402300
46702,307,16700
46703,169,128000
46704,84,257600
46705,318,9850
46706,128,178900
46707,38,406100
46708,320,9000
46709,298,22400
46710,318,10300
46711,315,12100
46712,2,916000
46713,0,1232800
46714,174,122200
46715,237,64900
46716,318,10400
46717,311,14500
46718,299,21600
46719,1,1002300
46720,226,73800
46721,326,5400
46722,72,288000
46723,13,602500
46724,6,740800
46725,335,200
46726,3,869100
46727,170,126200
46728,1,1000400
46729,209,88400
46730,196,100500
46731,150,150000
46732,0,2000000
46733,141,161850
46734,324,6700
46735,331,2400
46736,331,2700
46737,66,302000
46738,188,108000
46739,329,3850
46740,320,8700
46741,328,4600
46742,330,3200
46743,65,306400
46744,266,43300
46745,64,310000
46746,64,309200
46747,214,83950
46748,3,900500
46749,334,850
46750,324,6800
46751,320,9000
46752,150,149800
46753,200,96200
46754,331,2700
46755,143,159500
46756,218,80300
46757,251,54000
46758,0,2000000
46759,334,900
46760,327,4800
46761,0,1998400
46762,0,2000000
46763,334,1100
46764,335,300
46765,332,2100
46766,322,7800
46767,329,4000
46768,13,605700
46769,335,200
46770,330,3400
46771,287,29200
46772,235,66600
46773,0,2000000
46774,334,900
46775,0,1951000
46776,6,754000
46777,126,182200
46778,332,2100
46779,0,2000000
46780,23,502400
46781,253,53000
46782,37,412200
46783,295,24300
46784,334,750
46785,148,152800
46786,279,34200
46787,276,36200
46788,306,17300
46789,126,182000
46790,322,7800
46791,331,2900
46792,1,1201200
46793,335,600
46794,0,2000000
46795,318,10100
46796,307,16400
46797,47,365400
46798,333,1400
46799,235,66600
46800,328,4400
46801,236,65800
46802,318,9900
46803,335,400
46804,0,2000000
46805,0,2000000
46806,21,515200
46807,325,6300
46808,0,2000000
46809,326,5500
46810,303,19300
46811,309,15400
46812,319,9300
46813,305,18000
46814,287,29350
46815,329,3500
46816,332,2350
46817,300,21100
46818,320,8750
46819,73,284500
46820,123,187600
46821,308,15900
46822,276,36300
46823,2,988900
46824,84,259000
46825,0,2000000
46826,140,162900
46827,57,331000
46828,288,28400
46829,13,601400
46830,315,11650
46831,334,1000
46832,332,2000
46833,324,6550
46834,106,214600
46835,159,139750
46836,329,3900
46837,0,1253300
46838,295,24000
46839,262,46400
46840,335,350
46841,275,37500
46842,329,3900
46843,288,28650
46844,307,16400
46845,332,2150
46846,330,3300
46847,217,81300
46848,0,1615300
46849,0,2000000
46850,267,42700
46851,313,12800
46852,19,539800
46853,251,54200
46854,220,78900
46855,154,145200
46856,335,500
46857,334,1000
46858,0,1586500
46859,250,55200
46860,119,193500
46861,231,69700
46862,315,12000
46863,333,1300
46864,210,87500
46865,335,300
46866,182,113800
46867,297,23100
46868,330,2950
46869,265,44400
46870,329,3900
46871,206,90800
46872,327,4900
46873,223,76600
46874,311,14500
46875,29,456800
46876,36,413900
46877,185,111400
46878,305,18000
46879,329,3900
46880,309,15400
46881,2,954300
46882,128,179700
46883,327,4850
46884,312,13700
46885,1,1001500
46886,148,152400
46887,3,900750
46888,215,82700
46889,1,1020550
46890,237,65200
46891,238,64200
46892,203,93400
46893,325,6000
46894,123,187000
46895,13,604250
46896,333,1300
46897,141,161000
46898,0,2000000
46899,297,22900
46900,333,1700
46901,334,750
46902,0,2000000
46903,2,924800
46904,331,2400
46905,94,237200
46906,311,14400
46907,0,2000000
46908,4,840350
46909,47,366000
46910,0,2000000
46911,323,7000
46912,284,31300
46913,282,32600
46914,336,100
46915,10,660000
46916,0,2000000
46917,304,18700
46918,322,7900
46919,335,200
46920,293,25300
46921,6,750300
46922,98,229500
46923,335,300
46924,294,24600
46925,333,1700
46926,300,20750
46927,126,183000
46928,329,3800
46929,44,380000
46930,241,61600
46931,300,20800
46932,317,10900
46933,67,301200
46934,301,20300
46935,318,10000
46936,20,523200
46937,322,8000
46938,323,7250
46939,37,409200
46940,331,2800
46941,277,36100
46942,332,2350
46943,12,622000
46944,39,402250
46945,312,13650
46946,281,33400
46947,4,805100
46948,282,32400
46949,326,5200
46950,135,169200
46951,1,1007500
46952,83,259600
46953,261,46900
46954,217,81250
46955,284,30950
46956,276,36800
46957,329,3600
46958,30,450000
46959,331,2800
46960,333,1400
46961,166,131600
46962,10,647400
46963,4,825000
46964,284,31000
46965,319,9800
46966,82,262500
46967,250,55000
46968,321,8600
46969,237,64700
46970,62,313200
46971,1,1050000
46972,279,34800
46973,267,43000
46974,334,1200
46975,0,2000000
46976,267,42700
46977,250,55200
46978,310,14750
46979,39,401700
46980,243,60000
46981,100,225300
46982,64,310000
46983,82,261500
46984,208,89100
46985,7,710400
46986,310,14900
46987,13,601650
46988,230,70200
46989,7,709250
46990,334,1000
46991,329,4000
46992,0,2000000
46993,314,12300
46994,11,629400
46995,317,10900
46996,331,2600
46997,331,2900
46998,4,811600
46999,335,600
47000,76,277800
47001,100,225400
47002,328,4500
47003,67,300300
47004,25,483000
47005,333,1500
47006,6,754000
47007,335,200
47008,334,1200
47009,0,1362000
47010,283,31800
47011,335,400
47012,4,843500
47013,1,1001000
47014,326,5400
47015,322,7900
47016,293,25600
47017,11,633700
47018,296,23400
47019,234,67200
47020,335,200
47021,329,4000
47022,218,80250
47023,334,800
47024,284,31000
47025,326,5600
47026,265,44300
47027,230,70500
47028,325,6300
47029,322,7700
47030,313,12800
47031,324,6800
47032,241,61600
47033,332,2150
47034,117,197000
47035,0,2000000
47036,292,25800
47037,104,218400
47038,249,55600
47039,334,1000
47040,312,13500
47041,67,300500
47042,248,56300
47043,0,2000000
47044,331,2400
47045,255,51200
47046,335,250
47047,312,13600
47048,279,34500
47049,305,18100
47050,308,16000
47051,336,0
47052,208,88800
47053,318,10200
47054,0,2000000
47055,5,800000
47056,292,26300
47057,0,2000000
47058,4,829000
47059,13,604500
47060,30,450000
47061,298,22400
47062,6,753000
47063,19,534400
47064,0,2000000
47065,48,364000
47066,331,2650
47067,307,16400
47068,0,2000000
47069,103,220400
47070,1,1211500
47071,316,11300
47072,335,600
47073,279,34200
47074,293,25100
47075,319,9300
47076,150,150500
47077,319,9800
47078,295,24250
47079,332,2000
47080,332,2000
47081,271,40200
47082,315,11850
47083,312,13400
47084,330,3300
47085,0,2000000
47086,301,20500
47087,334,700
47088,329,3700
47089,330,3400
47090,176,120000
47091,327,5100
47092,332,2000
47093,329,4000
47094,255,50900
47095,4,803700
47096,196,100000
47097,322,7600
47098,332,2100
47099,329,4000
47100,136,168600
47101,312,13900
47102,336,0
47103,82,263200
47104,29,459200
47105,307,16900
47106,116,198600
47107,327,4800
47108,0,2000000
47109,98,230100
47110,240,62300
47111,277,35700
47112,252,53200
47113,1,1075600
47114,330,3400
47115,330,3000
47116,331,2500
47117,0,2000000
47118,294,24900
47119,11,634000
47120,12,618400
47121,1,1098000
47122,126,182000
47123,67,300300
47124,333,1600
47125,0,1950500
47126,282,32600
47127,204,93000
47128,300,21200
47129,332,2200
47130,321,8300
47131,51,350300
47132,335,600
47133,324,6600
47134,146,155500
47135,0,2000000
47136,310,14600
47137,1,1007200
47138,242,60600
47139,325,6250
47140,144,157800
47141,326,5200
47142,119,193500
47143,165,131900
47144,300,20700
47145,234,67300
47146,115,198800
47147,143,158500
47148,335,550
47149,220,78400
47150,203,93800
47151,0,2000000
47152,304,18400
47153,48,364000
47154,316,11400
47155,0,2000000
47156,0,1669200
47157,0,1606200
47158,320,8700
47159,334,700
47160,4,815700
47161,301,20400
47162,326,5500
47163,329,4000
47164,334,900
47165,310,15000
47166,322,7700
47167,320,8800
47168,279,34500
47169,160,138300
47170,322,7800
47171,303,19100
47172,334,1000
47173,0,2000000
47174,51,351600
47175,295,24000
47176,239,63400
47177,329,3700
47178,322,7550
47179,333,1300
47180,0,1782400
47181,286,29700
47182,332,2100
47183,307,16700
47184,334,1200
47185,255,50900
47186,297,22900
47187,226,74000
47188,283,31600
47189,0,2000000
47190,6,754000
47191,257,49800
47192,87,252200
47193,269,41400
47194,271,40000
47195,306,17100
47196,335,600
47197,1,1027200
47198,0,2000000
47199,301,20500
47200,61,317100
47201,1,1178000
47202,322,7600
47203,333,1400
47204,0,2000000
47205,306,17500
47206,27,468250
47207,327,4850
47208,306,17300
47209,0,1848000
47210,333,1400
47211,301,20100
47212,309,15200
47213,2,938500
47214,0,1740000
47215,212,85500
47216,0,2000000
47217,328,4200
47218,314,12400
47219,22,509200
47220,298,22200
47221,30,450000
47222,26,476400
47223,0,1864000
47224,334,1000
47225,67,300000
47226,300,20700
47227,37,412200
47228,12,616100
47229,248,56500
47230,153,146500
47231,220,78600
47232,332,2200
47233,45,375200
47234,332,2300
47235,270,40300
47236,231,69700
47237,0,2000000
47238,260,47900
47239,285,30300
47240,144,158200
47241,327,4700
47242,317,10800
47243,320,8800
47244,173,124000
47245,22,503800
47246,335,400
47247,242,61350
47248,1,1065900
47249,29,458000
47250,292,26000
47251,299,21700
47252,8,707600
47253,149,151500
47254,319,9600
47255,333,1600
47256,257,49800
47257,333,1300
47258,50,353200
47259,222,76850
47260,298,22250
47261,33,430000
47262,1,1069200
47263,13,600400
47264,92,241500
47265,309,15300
47266,265,44100
47267,262,46000
47268,144,157400
47269,105,216000
47270,334,800
47271,1,1055000
47272,12,617400
47273,98,228400
47274,199,97500
47275,151,148300
47276,6,762200
47277,332,2000
47278,12,613600
47279,334,800
47280,308,16000
47281,261,47000
47282,314,12200
47283,328,4200
47284,131,175800
47285,229,71500
47286,0,1645300
47287,326,5500
47288,317,10800
47289,305,18000
47290,298,21900
47291,46,368400
47292,245,58800
47293,331,2400
47294,27,468400
47295,0,1418750
47296,48,364000
47297,306,17000
47298,330,3400
47299,326,5700
47300,268,41800
47301,318,10100
47302,6,754000
47303,299,21600
47304,335,600
47305,138,165550
47306,318,10100
47307,62,316000
47308,308,16050
47309,294,24950
47310,217,81500
47311,180,115600
47312,327,4650
47313,331,2400
47314,313,12850
47315,253,53000
47316,333,1600
47317,23,500200
47318,198,98000
47319,322,7900
47320,11,632300
47321,40,394100
47322,3,865100
47323,319,9800
47324,0,2000000
47325,50,353400
47326,152,147700
47327,129,178000
47328,81,265200
47329,175,121100
47330,161,136650
47331,0,1436000
47332,336,100
47333,232,68600
47334,314,12300
47335,322,7900
47336,259,48400
47337,335,200
47338,0,1620300
47339,42,389000
47340,254,51700
47341,331,2700
47342,317,10800
47343,270,40700
47344,284,31400
47345,233,68300
47346,64,309500
47347,0,2000000
47348,0,2000000
47349,271,39600
47350,36,413900
47351,0,1806000
47352,8,706100
47353,216,81850
47354,329,3600
47355,30,450000
47356,269,40950
47357,0,1816400
47358,186,110000
47359,295,23850
47360,295,24000
47361,1,1080000
47362,217,81000
47363,7,714350
47364,0,2000000
47365,131,175400
47366,228,72350
47367,218,80250
47368,305,18000
47369,0,2000000
47370,119,193100
47371,283,31900
47372,322,7500
47373,335,300
47374,331,2800
47375,138,166100
47376,243,59900
47377,0,1658000
47378,0,1354600
47379,282,32400
47380,0,2000000
47381,326,5750
47382,279,34700
47383,301,20400
47384,0,2000000
47385,294,24800
47386,0,1750200
47387,220,79100
47388,57,330400
47389,185,110750
47390,0,2000000
47391,0,2000000
47392,312,13400
47393,333,1700
47394,331,2400
47395,330,3400
47396,113,202000
47397,212,85600
47398,314,12250
47399,325,6200
47400,330,3200
47401,141,162000
47402,191,105200
47403,318,10100
47404,277,35950
47405,0,2000000
47406,334,700
47407,30,450000
47408,330,3400
47409,300,21000
47410,186,109600
47411,150,150600
47412,6,750600
47413,316,11100
47414,0,2000000
47415,128,179050
47416,327,5150
47417,3,900300
47418,64,308150
47419,320,9200
47420,243,60100
47421,320,9100
47422,308,16000
47423,334,1100
47424,0,1729200
47425,292,25900
47426,306,17350
47427,0,1472400
47428,301,20200
47429,0,2000000
47430,1,1050000
47431,242,61200
47432,326,5300
47433,295,24200
47434,317,10900
47435,1,1000300
47436,334,900
47437,261,46700
47438,333,1450
47439,2,950000
47440,14,588000
47441,205,91800
47442,320,8750
47443,325,6200
47444,136,168400
47445,335,600
47446,253,52700
47447,0,1446000
47448,314,12650
47449,0,1419200
47450,47,364500
47451,199,97800
47452,269,41500
47453,15,581200
47454,333,1500
47455,56,333500
47456,295,24100
47457,158,140400
47458,288,28700
47459,295,24300
47460,295,23800
47461,299,21800
47462,9,665100
47463,276,36800
47464,335,300
47465,324,6850
47466,0,1643000
47467,11,632150
47468,281,33100
47469,0,1405300
47470,258,49300
47471,254,52200
47472,324,6800
47473,295,24100
47474,0,1604350
47475,0,2000000
47476,253,52600
47477,218,80600
47478,316,11200
47479,329,3900
47480,335,400
47481,297,22600
47482,0,1217800
47483,320,8800
47484,326,5350
47485,102,222100
47486,101,222900
47487,275,37150
47488,0,1212400
47489,0,2000000
47490,314,12700
47491,320,9150
47492,3,909850
47493,324,6400
47494,257,49800
47495,333,1500
47496,23,500500
47497,13,601000
47498,328,4450
47499,0,2000000
47500,40,395800
47501,327,4750
47502,218,80100
47503,332,1850
47504,0,2000000
47505,315,11900
47506,310,15150
47507,309,15300
47508,331,2850
47509,289,27800
47510,185,111350
47511,333,1500
47512,325,6300
47513,334,900
47514,41,393600
47515,304,18450
47516,107,212200
47517,0,1532200
47518,168,129400
47519,16,570350
47520,101,223450
47521,214,84100
47522,334,850
47523,60,321100
47524,0,2000000
47525,7,725200
47526,132,173600
47527,26,474000
47528,6,750450
47529,186,110400
47530,135,169000
47531,13,601100
47532,318,10400
47533,335,350
47534,66,302000
47535,112,204200
47536,334,1200
47537,162,135800
47538,323,7200
47539,333,1500
47540,292,26300
47541,6,754000
47542,325,6100
47543,333,1250
47544,235,66500
47545,270,40300
47546,327,5000
47547,10,652000
47548,0,2000000
47549,325,6000
47550,233,68400
47551,302,19500
47552,0,1714000
47553,6,750000
47554,334,850
47555,315,11700
47556,242,61300
47557,335,600
47558,0,2000000
47559,331,2700
47560,242,60600
47561,59,324200
47562,304,18300
47563,266,43400
47564,325,6000
47565,328,4400
47566,285,30400
47567,1,1053900
47568,336,0
47569,65,304800
47570,333,1400
47571,332,1900
47572,276,36300
47573,187,109200
47574,333,1300
47575,0,1305900
47576,101,224000
47577,328,4350
47578,9,684500
47579,323,7450
47580,320,8900
47581,7,708400
47582,323,7200
47583,332,2300
47584,176,120000
47585,332,1900
47586,318,10100
47587,329,3600
47588,110,208400
47589,66,302000
47590,213,85000
47591,282,32300
47592,0,2000000
47593,222,76900
47594,289,27800
47595,85,256000
47596,304,18300
47597,332,2000
47598,133,172100
47599,59,324800
47600,44,380200
47601,320,9150
47602,239,63600
47603,242,60800
47604,334,1100
47605,336,0
47606,303,19300
47607,333,1450
47608,0,2000000
47609,222,77400
47610,51,351600
47611,335,200
47612,312,13700
47613,0,1415200
47614,328,4300
47615,0,1400600
47616,230,70400
47617,1,1050000
47618,333,1300
47619,232,68850
47620,5,768000
47621,336,100
47622,47,368000
47623,111,206600
47624,285,30400
47625,318,10300
47626,1,1052000
47627,1,1011600
47628,114,201650
47629,1,1052400
47630,62,314700
47631,150,150150
47632,2,916000
47633,335,600
47634,326,5500
47635,248,56500
47636,319,9400
47637,240,62900
47638,103,220150
47639,19,535800
47640,335,300
47641,0,1560000
47642,318,10200
47643,252,53600
47644,13,602200
47645,323,7250
47646,316,11400
47647,0,1475800
47648,80,267000
47649,0,2000000
47650,0,2000000
47651,333,1400
47652,5,782000
47653,335,150
47654,295,24100
47655,59,323300
47656,13,600500
47657,0,2000000
47658,324,6750
47659,0,2000000
47660,0,2000000
47661,314,12600
47662,89,247800
47663,67,300300
47664,8,707200
47665,309,15200
47666,233,68400
47667,3,865000
47668,0,2000000
47669,0,1612500
47670,13,602500
47671,325,5800
47672,66,302000
47673,84,257900
47674,6,757000
47675,7,725000
47676,0,2000000
47677,13,602500
47678,335,350
47679,328,4400
47680,26,477400
47681,330,3300
47682,328,4300
47683,322,7900
47684,308,15900
47685,271,39800
47686,199,97700
47687,316,11100
47688,284,30900
47689,0,2000000
47690,312,13950
47691,313,13150
47692,4,849000
47693,0,2000000
47694,300,21200
47695,335,400
47696,235,66300
47697,3,881300
47698,308,16300
47699,224,75600
47700,306,17200
47701,280,34000
47702,11,643150
47703,258,48800
47704,34,424400
47705,13,602700
47706,318,10400
47707,184,112150
47708,66,302600
47709,309,15400
47710,11,632200
47711,126,182000
47712,0,1951500
47713,264,44600
47714,2,916000
47715,85,255000
47716,271,39600
47717,5,784600
47718,169,128200
47719,13,600450
47720,1,1050000
47721,318,10400
47722,135,170000
47723,300,20900
47724,273,38300
47725,0,1502700
47726,40,396350
47727,328,4300
47728,283,31600
47729,312,13550
47730,227,73100
47731,0,2000000
47732,113,202400
47733,296,23500
47734,316,11100
47735,13,606200
47736,321,8300
47737,310,14800
47738,227,72900
47739,101,222900
47740,295,23800
47741,325,5950
47742,45,372800
47743,0,2000000
47744,330,3350
47745,4,840200
47746,157,141200
47747,302,19900
47748,8,705400
47749,334,1150
47750,29,458000
47751,289,27900
47752,324,6800
47753,0,1417100
47754,67,301500
47755,0,1658000
47756,126,182600
47757,313,13300
47758,27,472400
47759,306,17200
47760,249,55800
47761,314,12400
47762,255,51000
47763,324,6400
47764,271,40100
47765,273,38800
47766,333,1400
47767,296,23300
47768,325,6000
47769,0,2000000
47770,29,454800
47771,38,404550
47772,335,150
47773,334,700
47774,298,22000
47775,320,8700
47776,11,629000
47777,328,4400
47778,0,2000000
47779,1,1017000
47780,195,101100
47781,1,1207200
47782,21,515200
47783,51,352450
47784,48,363600
47785,0,1507800
47786,302,19700
47787,279,34200
47788,317,10600
47789,298,22400
47790,331,2900
47791,261,46600
47792,207,90000
47793,334,1000
47794,320,8800
47795,324,6400
47796,272,39500
47797,320,8700
47798,335,250
47799,0,1409600
47800,281,32850
47801,208,89000
47802,280,33700
47803,84,258200
47804,324,6500
47805,296,23600
47806,3,900500
47807,0,1351200
47808,50,354800
47809,108,210800
47810,190,106250
47811,191,105500
47812,315,12000
47813,333,1400
47814,72,286100
47815,13,610700
47816,334,700
47817,328,4500
47818,323,7200
47819,333,1700
47820,0,1280500
47821,333,1700
47822,150,150450
47823,187,109100
47824,271,40000
47825,0,2000000
47826,6,761200
47827,124,186250
47828,144,157550
47829,0,2000000
47830,195,101600
47831,51,352200
47832,236,65350
47833,0,2000000
47834,320,9000
47835,321,8300
47836,297,22600
47837,0,2000000
47838,3,902500
47839,293,25600
47840,298,22000
47841,0,2000000
47842,3,897000
47843,309,15600
47844,221,77700
47845,229,71200
47846,326,5300
47847,334,900
47848,328,4600
47849,213,85000
47850,335,300
47851,251,54350
47852,262,46300
47853,331,2400
47854,335,350
47855,329,3500
47856,305,17900
47857,270,40800
47858,47,364600
47859,95,234800
47860,0,1954000
47861,317,10700
47862,333,1350
47863,333,1600
47864,310,15000
47865,318,10150
47866,271,40100
47867,284,31200
47868,1,1208300
47869,332,2000
47870,268,42000
47871,304,18300
47872,335,300
47873,0,1568000
47874,269,41500
47875,2,950000
47876,335,450
47877,1,1203300
47878,286,30100
47879,172,124300
47880,201,96000
47881,333,1300
47882,0,1651200
47883,318,10000
47884,334,1200
47885,1,1054800
47886,333,1400
47887,0,1954000
47888,0,2000000
47889,319,9600
47890,0,1636600
47891,331,2750
47892,331,2700
47893,190,106000
47894,309,15600
47895,311,14100
47896,271,39900
47897,304,18500
47898,250,55100
47899,13,602200
47900,334,700
47901,1,1034700
47902,333,1500
47903,328,4100
47904,314,12300
47905,0,2000000
47906,202,94600
47907,335,500
47908,286,30100
47909,0,2000000
47910,331,2550
47911,331,2400
47912,330,3100
47913,149,151200
47914,329,4000
47915,48,362000
47916,307,16650
47917,309,15400
47918,305,17700
47919,335,500
47920,6,750400
47921,92,241200
47922,1,1208600
47923,228,72400
47924,209,87850
47925,278,35400
47926,302,20000
47927,334,800
47928,0,2000000
47929,7,723800
47930,302,19650
47931,324,6800
47932,325,6000
47933,0,2000000
47934,55,336400
47935,327,4900
47936,236,65600
47937,333,1400
47938,12,615800
47939,12,627200
47940,318,9900
47941,332,1900
47942,314,12400
47943,303,18800
47944,0,1242000
47945,51,352700
47946,62,316000
47947,307,16800
47948,0,1750800
47949,300,20900
47950,333,1250
47951,335,300
47952,0,1783000
47953,326,5300
47954,307,16700
47955,308,15900
47956,224,75400
47957,10,654500
47958,74,280700
47959,295,23800
47960,319,9250
47961,0,2000000
47962,53,342200
47963,230,70600
47964,295,23950
47965,0,2000000
47966,23,500000
47967,213,84400
47968,326,5600
47969,0,2000000
47970,312,13600
47971,219,79550
47972,333,1650
47973,26,473800
47974,335,600
47975,5,766300
47976,266,43400
47977,271,39800
47978,57,330400
47979,335,150
47980,318,10400
47981,314,12500
47982,279,34500
47983,304,18600
47984,50,353600
47985,27,466600
47986,9,671500
47987,325,6000
47988,302,20000
47989,29,455600
47990,311,14400
47991,0,1453800
47992,336,0
47993,335,200
47994,334,900
47995,323,7300
47996,276,36800
47997,264,45000
47998,6,735450
47999,258,49000
48000,331,2900
48001,1,1006650
48002,330,3150
48003,196,100000
48004,328,4200
48005,295,24200
48006,275,37050
48007,264,44800
48008,274,38000
48009,140,162800
48010,1,1001100
48011,334,1050
48012,290,27550
48013,241,61500
48014,20,525000
48015,333,1700
48016,1,1203500
48017,141,161500
48018,329,4000
48019,317,10800
48020,331,2800
48021,336,0
48022,10,658200
48023,127,180650
48024,331,2600
48025,0,1718800
48026,209,88000
48027,276,36500
48028,64,309200
48029,224,75500
48030,277,35600
48031,326,5550
48032,294,24800
48033,238,64300
48034,173,123200
48035,242,60950
48036,335,600
48037,298,22000
48038,270,40600
48039,313,13200
48040,335,400
48041,270,40400
48042,18,548400
48043,319,9700
48044,333,1300
48045,7,712000
48046,0,1326100
48047,265,44400
48048,333,1700
48049,294,25000
48050,301,20250
48051,204,93200
48052,282,32500
48053,306,17550
48054,286,29700
48055,114,201200
48056,299,21600
48057,185,110600
48058,175,121400
48059,141,161800
48060,327,4900
48061,326,5400
48062,63,310700
48063,280,33950
48064,114,201400
48065,333,1300
48066,0,2000000
48067,90,246000
48068,262,46000
48069,140,162750
48070,42,387500
48071,259,48400
48072,312,13600
48073,331,2400
48074,335,400
48075,326,5400
48076,3,901350
48077,270,40700
48078,306,17350
48079,129,178600
48080,330,3000
48081,330,3100
48082,330,3200
48083,320,9000
48084,8,701400
48085,304,18450
48086,325,5800
48087,302,20000
48088,329,3500
48089,320,8700
48090,333,1600
48091,146,154600
48092,329,3600
48093,51,350200
48094,6,751700
48095,164,133000
48096,331,2900
48097,0,1580000
48098,64,310000
48099,93,238800
48100,3,900800
48101,194,102200
48102,1,1205800
48103,1,1050000
48104,332,1950
48105,242,61200
48106,227,73200
48107,1,1062000
48108,0,1605200
48109,150,150300
48110,62,316000
48111,241,61800
48112,328,4350
48113,107,213400
48114,333,1600
48115,308,15900
48116,12,626000
48117,51,352500
48118,218,80850
48119,274,38150
48120,243,60100
48121,325,6000
48122,8,685800
48123,0,2000000
48124,333,1700
48125,302,19700
48126,276,36600
48127,111,205400
48128,30,451200
48129,303,18800
48130,319,9500
48131,0,2000000
48132,309,15500
48133,325,6300
48134,278,35400
48135,322,7600
48136,12,619000
48137,195,101500
48138,0,2000000
48139,267,42500
48140,77,273600
48141,52,347400
48142,334,900
48143,250,54700
48144,171,125200
48145,0,2000000
48146,10,648000
48147,319,9400
48148,330,3050
48149,210,87400
48150,331,2600
48151,294,24500
48152,328,4400
48153,225,74200
48154,1,1024200
48155,1,1006000
48156,326,5600
48157,312,13500
48158,336,0
48159,13,604350
48160,332,1850
48161,316,11200
48162,130,177200
48163,323,7000
48164,2,920800
48165,0,1234100
48166,285,30800
48167,28,463600
48168,315,12000
48169,318,10400
48170,0,1691000
48171,328,4150
48172,5,802300
48173,332,2100
48174,0,2000000
48175,241,61600
48176,283,31800
48177,66,302800
48178,329,3600
48179,258,48900
48180,139,164000
48181,288,28300
48182,0,2000000
48183,210,87400
48184,300,20900
48185,215,83000
48186,243,60200
48187,268,41800
48188,0,2000000
48189,292,25700
48190,0,2000000
48191,22,508400
48192,332,1900
48193,144,157800
48194,150,150300
48195,268,42100
48196,238,63800
48197,325,6000
48198,12,619000
48199,308,16300
48200,3,908700
48201,335,500
48202,25,481000
48203,12,619200
48204,295,24000
48205,319,9300
48206,0,2000000
48207,321,8500
48208,13,600950
48209,267,42400
48210,325,6200
48211,22,504000
48212,272,38950
48213,323,7300
48214,0,1982000
48215,334,750
48216,277,36000
48217,301,20100
48218,332,2300
48219,282,32600
48220,2,924200
48221,107,212400
48222,114,200500
48223,11,645000
48224,202,94200
48225,254,52100
48226,335,600
48227,36,415400
48228,50,355500
48229,335,250
48230,333,1600
48231,114,201800
48232,0,1501250
48233,282,32500
48234,336,100
48235,166,131200
48236,23,496200
48237,202,94800
48238,3,900450
48239,320,9000
48240,230,70300
48241,335,300
48242,301,20250
48243,64,309400
48244,203,94100
48245,2,916000
48246,328,4100
48247,328,4550
48248,299,21400
48249,0,2000000
48250,191,104900
48251,285,30600
48252,312,13450
48253,238,64000
48254,37,410000
48255,335,350
48256,329,4000
48257,0,2000000
48258,329,3550
48259,13,604600
48260,330,3000
48261,50,355600
48262,332,2250
48263,310,14800
48264,150,150200
48265,10,650650
48266,44,380000
48267,182,113600
48268,49,357600
48269,65,306000
48270,334,950
48271,0,2000000
48272,334,900
48273,328,4300
48274,236,66000
48275,333,1500
48276,206,90700
48277,2,916000
48278,322,7800
48279,6,753000
48280,313,13200
48281,91,242800
48282,332,2050
48283,0,2000000
48284,329,4000
48285,336,100
48286,22,504800
48287,315,11700
48288,228,71900
48289,0,1245800
48290,0,2000000
48291,264,44700
48292,4,834900
48293,331,2700
48294,174,122200
48295,310,14900
48296,82,263000
48297,326,5300
48298,323,7100
48299,0,2000000
48300,66,302000
48301,270,40400
48302,0,1490000
48303,336,0
48304,333,1800
48305,196,100450
48306,314,12400
48307,0,2000000
48308,304,18300
48309,298,22400
48310,309,15500
48311,272,38900
48312,249,55400
48313,322,7600
48314,0,1406600
48315,215,82900
48316,29,459200
48317,296,23700
48318,331,2800
48319,169,128100
48320,313,13300
48321,0,2000000
48322,328,4600
48323,0,2000000
48324,303,19300
48325,1,1057200
48326,123,186400
48327,150,150500
48328,297,23100
48329,281,33450
48330,5,780100
48331,24,492400
48332,0,2000000
48333,73,283400
48334,316,11500
48335,66,302000
48336,64,308200
48337,318,10100
48338,304,18400
48339,0,2000000
48340,294,24700
48341,25,480400
48342,0,2000000
48343,227,73100
48344,335,600
48345,30,452500
48346,335,300
48347,0,1272300
48348,330,3000
48349,327,5000
48350,322,7800
48351,2,1000200
48352,297,22600
48353,86,253550
48354,328,4500
48355,164,133600
48356,305,17900
48357,304,18300
48358,321,8300
48359,0,1954000
48360,0,1618100
48361,333,1800
48362,329,3650
48363,23,500600
48364,329,3600
48365,309,15350
48366,334,800
48367,181,114800
48368,254,51600
48369,137,167300
48370,274,37600
48371,313,13200
48372,269,41500
48373,0,1806000
48374,126,182000
48375,237,65100
48376,105,216600
48377,309,15200
48378,26,474000
48379,331,2400
48380,331,2900
48381,11,638050
48382,0,1953000
48383,4,826000
48384,28,463050
48385,289,28150
48386,0,1820000
48387,286,30000
48388,324,6700
48389,294,24900
48390,329,3500
48391,39,403000
48392,333,1250
48393,334,1100
48394,328,4400
48395,201,95200
48396,126,182900
48397,0,1860000
48398,209,88000
48399,0,1816600
48400,303,19000
48401,335,400
48402,0,2000000
48403,0,2000000
48404,5,788600
48405,176,120250
48406,270,40500
48407,331,2650
48408,259,48350
48409,1,1201600
48410,195,100950
48411,206,90950
48412,307,16500
48413,114,201200
48414,30,451000
48415,42,387900
48416,0,2000000
48417,336,0
48418,330,3300
48419,195,101000
48420,230,70100
48421,39,399600
48422,329,4000
48423,0,2000000
48424,326,5200
48425,306,17400
48426,334,900
48427,279,34500
48428,323,7300
48429,104,218100
48430,310,14600
48431,0,2000000
48432,330,3200
48433,314,12500
48434,333,1600
48435,324,6900
48436,319,9700
48437,0,1382600
48438,67,300800
48439,147,153600
48440,22,508400
48441,64,310000
48442,13,606800
48443,319,9700
48444,335,300
48445,90,246000
48446,267,42700
48447,270,40600
48448,278,35200
48449,142,160600
48450,269,41000
48451,305,17750
48452,246,57600
48453,266,43100
48454,0,1383800
48455,1,1110000
48456,107,213500
48457,61,316800
48458,289,27900
48459,89,246600
48460,334,800
48461,332,2000
48462,210,87000
48463,321,8200
48464,5,782000
48465,189,107400
48466,311,14500
48467,6,750400
48468,327,5000
48469,276,36600
48470,320,9100
48471,327,4900
48472,174,122900
48473,334,1100
48474,335,150
48475,13,604150
48476,221,78200
48477,330,2950
48478,1,1206700
48479,200,96800
48480,273,38700
48481,191,105500
48482,0,2000000
48483,332,2050
48484,319,9600
48485,59,324200
48486,86,252700
48487,334,1000
48488,335,350
48489,4,823800
48490,324,6900
48491,0,2000000
48492,335,650
48493,95,235200
48494,335,600
48495,0,2000000
48496,336,0
48497,42,387300
48498,234,67600
48499,12,618800
48500,0,2000000
48501,296,23350
48502,4,832400
48503,335,600
48504,0,2000000
48505,324,6800
48506,22,503600
48507,66,301800
48508,166,130700
48509,302,20000
48510,47,364400
48511,295,24000
48512,0,1455600
48513,0,2000000
48514,6,758800
48515,325,6100
48516,318,10000
48517,295,24000
48518,334,800
48519,52,346800
48520,335,500
48521,236,65800
48522,12,618950
48523,6,748000
48524,18,540000
48525,318,10400
48526,274,38150
48527,219,79400
48528,0,2000000
48529,222,77000
48530,156,143100
48531,280,34000
48532,239,63400
48533,280,33800
48534,280,34000
48535,295,24000
48536,280,33700
48537,0,2000000
48538,92,242000
48539,1,1056000
48540,132,173400
48541,12,622400
48542,307,16800
48543,185,110800
48544,0,2000000
48545,329,3600
48546,331,2900
48547,113,202900
48548,47,366000
48549,207,89900
48550,268,41900
48551,334,700
48552,313,13000
48553,173,123500
48554,0,2000000
48555,0,1802300
48556,276,36500
48557,8,688300
48558,293,25300
48559,330,3300
48560,84,257200
48561,286,29800
48562,330,3300
48563,293,25150
48564,317,10800
48565,0,1623350
48566,335,250
48567,0,1545500
48568,265,44200
48569,329,3900
48570,325,5850
48571,333,1600
48572,148,153000
48573,325,6250
48574,334,1000
48575,0,1682600
48576,334,700
48577,98,229200
48578,170,127000
48579,252,53100
48580,262,46000
48581,62,316000
48582,121,190000
48583,0,1557500
48584,336,0
48585,262,46200
48586,305,17950
48587,326,5300
48588,110,208500
48589,22,504200
48590,311,14200
48591,216,81800
48592,186,109900
48593,64,310000
48594,183,113200
48595,332,2050
48596,223,76600
48597,248,56700
48598,228,72250
48599,145,156400
48600,195,101000
48601,336,0
48602,331,2600
48603,314,12200
48604,237,64800
48605,303,18900
48606,30,452000
48607,202,94900
48608,333,1300
48609,127,180600
48610,131,175200
48611,4,841750
48612,143,159300
48613,47,364600
48614,0,2000000
48615,299,21400
48616,165,132400
48617,58,327600
48618,6,754000
48619,283,31900
48620,315,12000
48621,304,18200
48622,296,23700
48623,334,800
48624,19,538400
48625,308,16000
48626,320,9100
48627,333,1700
48628,318,10300
48629,250,54550
48630,0,1610000
48631,118,194700
48632,332,1900
48633,0,2000000
48634,274,37600
48635,0,1807600
48636,303,19000
48637,297,22800
48638,232,68600
48639,326,5750
48640,322,7750
48641,334,1000
48642,325,6000
48643,336,0
48644,203,94100
48645,0,2000000
48646,138,165800
48647,140,163300
48648,0,2000000
48649,221,77600
48650,331,2700
48651,0,2000000
48652,66,301600
48653,319,9600
48654,21,514000
48655,185,110900
48656,336,100
48657,192,103750
48658,270,40250
48659,218,80700
48660,136,168800
48661,336,0
48662,188,107700
48663,30,450000
48664,237,65200
48665,331,2900
48666,48,362000
48667,333,1250
48668,270,40750
48669,329,3950
48670,0,1806000
48671,324,6900
48672,327,4700
48673,0,1564600
48674,273,38400
48675,62,314400
48676,332,2000
48677,326,5700
48678,320,9200
48679,1,1032400
48680,293,25450
48681,172,124700
48682,332,2200
48683,328,4600
48684,223,76200
48685,313,13200
48686,34,428600
48687,333,1800
48688,15,584000
48689,152,148200
48690,325,6000
48691,0,1414300
48692,242,61000
48693,335,400
48694,332,2200
48695,13,600450
48696,336,0
48697,240,62650
48698,326,5600
48699,327,5000
48700,13,604200
48701,0,1276200
48702,336,0
48703,317,10700
48704,331,2400
48705,208,89250
48706,331,2900
48707,9,672300
48708,335,300
48709,116,197400
48710,1,1072100
48711,332,2200
48712,289,28200
48713,276,36500
48714,330,3000
48715,304,18300
48716,41,389400
48717,231,69950
48718,0,2000000
48719,7,731800
48720,321,8300
48721,44,377250
48722,43,382300
48723,282,32700
48724,301,20300
48725,279,34500
48726,0,2000000
48727,66,302900
48728,334,950
48729,335,600
48730,330,3200
48731,0,1643500
48732,72,287800
48733,330,3000
48734,296,23600
48735,286,30000
48736,335,300
48737,118,194300
48738,301,20600
48739,213,84500
48740,0,2000000
48741,333,1500
48742,58,326450
48743,0,2000000
48744,267,42800
48745,0,2000000
48746,334,1200
48747,12,616300
48748,45,373750
48749,0,2000000
48750,317,10700
48751,147,154000
48752,316,11300
48753,324,6700
48754,176,120400
48755,19,531800
48756,283,31500
48757,27,466600
48758,312,13750
48759,104,218000
48760,331,2800
48761,308,16100
48762,201,96000
48763,332,1900
48764,41,390400
48765,0,2000000
48766,89,246400
48767,175,121400
48768,324,6800
48769,177,119200
48770,30,451200
48771,155,144000
48772,137,167400
48773,0,2000000
48774,150,150000
48775,0,2000000
48776,23,502300
48777,331,2450
48778,232,69100
48779,150,150000
48780,1,1050000
48781,244,59600
48782,18,543100
48783,309,15600
48784,6,750600
48785,0,2000000
48786,303,19200
48787,138,165200
48788,334,900
48789,1,1050000
48790,334,1050
48791,61,317250
48792,325,6200
48793,59,323400
48794,265,43800
48795,51,352500
48796,330,3000
48797,327,4750
48798,0,2000000
48799,329,3500
48800,328,4200
48801,13,603800
48802,124,184800
48803,306,17200
48804,3,902000
48805,256,50500
48806,331,2900
48807,330,3000
48808,0,2000000
48809,269,41100
48810,252,53100
48811,0,1517000
48812,263,45800
48813,225,74800
48814,55,335900
48815,317,10800
48816,103,219400
48817,105,216700
48818,333,1600
48819,131,175600
48820,300,21000
48821,336,0
48822,271,40000
48823,287,29500
48824,3,863300
48825,269,41250
48826,336,100
48827,334,1100
48828,0,2000000
48829,334,800
48830,301,20400
48831,150,150600
48832,320,8900
48833,326,5300
48834,102,222000
48835,302,19600
48836,282,32600
48837,12,621200
48838,156,143050
48839,335,500
48840,47,364300
48841,247,57000
48842,328,4600
48843,191,105200
48844,307,16400
48845,334,1000
48846,28,460400
48847,319,9500
48848,176,120400
48849,14,593850
48850,309,15300
48851,185,111200
48852,330,3050
48853,127,181300
48854,0,2000000
48855,335,200
48856,327,5100
48857,310,15100
48858,333,1450
48859,283,32100
48860,0,2000000
48861,5,798000
48862,293,25600
48863,199,97800
48864,310,14750
48865,322,7600
48866,334,1150
48867,335,300
48868,108,211700
48869,0,1256000
48870,329,3800
48871,114,200500
48872,243,60300
48873,319,9600
48874,315,12100
48875,7,730000
48876,284,31100
48877,334,750
48878,47,364300
48879,336,100
48880,13,600900
48881,319,9600
48882,247,56900
48883,333,1750
48884,117,196400
48885,328,4200
48886,329,3700
48887,232,69200
48888,275,37500
48889,186,110200
48890,224,75400
48891,335,500
48892,335,450
48893,0,1358300
48894,12,623650
48895,331,2900
48896,193,102650
48897,334,900
48898,318,10000
48899,328,4300
48900,140,162700
48901,271,40100
48902,331,2600
48903,182,114400
48904,148,152000
48905,78,272000
48906,298,22300
48907,320,8950
48908,66,303200
48909,253,53000
48910,0,1607600
48911,325,6000
48912,13,600000
48913,112,204800
48914,152,147900
48915,294,24500
48916,25,487000
48917,10,648000
48918,307,16700
48919,307,16400
48920,285,30800
48921,0,1383200
48922,325,5900
48923,324,6900
48924,214,83450
48925,294,24800
48926,328,4200
48927,249,55300
48928,147,153700
48929,299,21600
48930,187,109300
48931,58,327000
48932,188,107600
48933,0,1394000
48934,15,578800
48935,328,4500
48936,327,4900
48937,302,19700
48938,1,1092000
48939,67,301500
48940,149,151000
48941,329,3650
48942,51,350800
48943,142,160800
48944,111,206000
48945,322,7900
48946,153,146200
48947,9,666100
48948,334,750
48949,14,590800
48950,294,24800
48951,6,754000
48952,328,4600
48953,335,300
48954,0,1566000
48955,0,1410500
48956,302,20000
48957,334,1000
48958,307,16700
48959,0,2000000
48960,243,60400
48961,308,16000
48962,318,10000
48963,248,56500
48964,229,71450
48965,336,100
48966,330,3400
48967,53,343200
48968,330,3200
48969,329,3500
48970,304,18200
48971,39,401200
48972,126,182000
48973,6,754600
48974,283,32100
48975,231,69600
48976,0,2000000
48977,334,900
48978,150,150000
48979,334,900
48980,333,1800
48981,0,2000000
48982,292,25800
48983,91,243300
48984,0,2000000
48985,17,552800
48986,114,201000
48987,12,620250
48988,62,315300
48989,30,450000
48990,22,507000
48991,157,141000
48992,276,36400
48993,0,1384200
48994,329,3500
48995,319,9800
48996,13,601400
48997,106,214000
48998,0,2000000
48999,200,96400
49000,2,951100
49001,335,500
49002,332,1850
49003,193,103500
49004,288,28750
49005,335,150
49006,322,7950
49007,278,35400
49008,331,2550
49009,201,95850
49010,240,62800
49011,184,112000
49012,334,1000
49013,320,8800
49014,30,450000
49015,284,30950
49016,325,5800
49017,304,18200
49018,303,19200
49019,85,256400
49020,61,317400
49021,0,2000000
49022,0,1351000
49023,67,300250
49024,281,33400
49025,5,782000
49026,321,8600
49027,334,1200
49028,97,232000
49029,322,7600
49030,328,4200
49031,322,7900
49032,333,1800
49033,327,4900
49034,5,794600
49035,300,20900
49036,331,2450
49037,159,139150
49038,81,264200
49039,335,200
49040,279,34600
49041,314,12200
49042,1,1001150
49043,328,4250
49044,328,4100
49045,254,51900
49046,318,10300
49047,14,586000
49048,331,2600
49049,133,173150
49050,0,2000000
49051,313,13200
49052,0,1249000
49053,177,119400
49054,291,26800
49055,275,37300
49056,0,2000000
49057,27,469000
49058,319,9600
49059,127,180600
49060,305,18000
49061,0,1222650
49062,236,65300
49063,0,2000000
49064,333,1800
49065,0,2000000
49066,29,459200
49067,329,3800
49068,49,360000
49069,10,660000
49070,0,1400400
49071,335,200
49072,232,68800
49073,322,7900
49074,298,21900
49075,295,24200
49076,322,7500
49077,312,13800
49078,0,2000000
49079,332,2000
49080,278,35000
49081,255,50900
49082,308,16100
49083,311,14500
49084,329,3700
49085,336,100
49086,221,78000
49087,155,144200
49088,146,154600
49089,0,1353000
49090,311,14500
49091,192,103800
49092,280,33500
49093,333,1650
49094,0,2000000
49095,231,70000
49096,334,1100
49097,8,704200
49098,0,1255300
49099,66,301800
49100,291,26400
49101,39,403200
49102,301,20300
49103,232,68700
49104,334,1100
49105,194,102000
49106,299,21600
49107,197,99200
49108,333,1600
49109,4,833300
49110,333,1400
49111,328,4300
49112,260,47800
49113,334,900
49114,213,84700
49115,303,18800
49116,327,5000
49117,293,25200
49118,317,10600
49119,306,17400
49120,294,25000
49121,335,450
49122,289,27600
49123,171,125300
49124,314,12200
49125,208,89300
49126,162,135400
49127,181,115200
49128,170,127100
49129,335,200
49130,67,301400
49131,331,2400
49132,299,21300
49133,293,25200
49134,2,987800
49135,281,33400
49136,13,608200
49137,321,8500
49138,232,68600
49139,279,34600
49140,150,150000
49141,308,16000
49142,210,87800
49143,258,48800
49144,325,6000
49145,138,165000
49146,323,7100
49147,322,7800
49148,336,100
49149,0,2000000
49150,333,1750
49151,0,1296200
49152,242,60700
49153,317,10800
49154,300,21000
49155,70,290850
49156,307,16500
49157,242,60900
49158,4,821900
49159,3,851350
49160,31,442100
49161,279,34500
49162,147,154000
49163,327,4800
49164,326,5500
49165,23,502000
49166,335,300
49167,87,251800
49168,82,262500
49169,22,506200
49170,201,95300
49171,308,16000
49172,332,1850
49173,326,5200
49174,244,59400
49175,0,1954000
49176,282,32200
49177,0,1848500
49178,206,91100
49179,314,12300
49180,328,4600
49181,327,5000
49182,322,7850
49183,331,2800
49184,335,400
49185,1,1172400
49186,321,8200
49187,304,18400
49188,327,4800
49189,330,3200
49190,297,22600
49191,328,4400
49192,334,900
49193,334,800
49194,0,2000000
49195,0,2000000
49196,305,18100
49197,302,20000
49198,332,2300
49199,0,1950300
49200,329,3600
49201,324,6600
49202,331,2900
49203,198,98800
49204,0,2000000
49205,336,100
49206,3,902700
49207,114,201600
49208,198,98100
49209,29,458000
49210,333,1800
49211,67,300200
49212,0,2000000
49213,59,323200
49214,325,6000
49215,329,3600
49216,3,905850
49217,333,1600
49218,30,450000
49219,66,302800
49220,319,9300
49221,335,650
49222,304,18200
49223,331,2800
49224,165,132500
49225,334,900
49226,325,5800
49227,273,38500
49228,289,27800
49229,137,167200
49230,311,14000
49231,302,20000
49232,298,21900
49233,229,71200
49234,0,1970000
49235,335,650
49236,207,90100
49237,240,62900
49238,328,4550
49239,285,30300
49240,0,1475200
49241,157,142000
49242,308,15900
49243,19,531800
49244,272,39450
49245,325,6200
49246,334,800
49247,301,20200
49248,258,49200
49249,0,2000000
49250,318,10200
49251,142,160000
49252,143,158600
49253,310,14700
49254,331,2500
49255,329,4000
49256,336,0
49257,323,7400
49258,274,37700
49259,336,100
49260,296,23700
49261,315,12000
49262,0,2000000
49263,333,1400
49264,125,183600
49265,220,79100
49266,325,6300
49267,13,606000
49268,330,3200
49269,333,1800
49270,0,2000000
49271,334,900
49272,0,2000000
49273,0,2000000
49274,298,21900
49275,187,108700
49276,284,31300
49277,336,100
49278,207,90400
49279,333,1550
49280,316,11300
49281,0,2000000
49282,154,145300
49283,330,3200
49284,335,500
49285,317,10600
49286,1,1203200
49287,334,700
49288,3,858400
49289,298,22300
49290,202,94200
49291,0,2000000
49292,333,1450
49293,249,55450
49294,315,11600
49295,0,2000000
49296,39,401600
49297,331,2400
49298,1,1051600
49299,0,2000000
49300,10,645500
49301,3,853350
49302,8,698700
49303,336,100
49304,332,2300
49305,318,10300
49306,261,46900
49307,63,311200
49308,67,300000
49309,28,462000
49310,283,31600
49311,83,260050
49312,292,26100
49313,320,8800
49314,283,31700
49315,247,56950
49316,223,75900
49317,0,2000000
49318,0,2000000
49319,334,1000
49320,333,1800
49321,331,2750
49322,274,37700
49323,307,16400
49324,333,1400
49325,333,1800
49326,206,91400
49327,328,4500
49328,227,73000
49329,226,73750
49330,247,57300
49331,64,307600
49332,317,10700
49333,12,623200
49334,304,18200
49335,333,1550
49336,0,1952400
49337,67,300600
49338,67,300500
49339,323,7200
49340,324,6800
49341,0,2000000
49342,336,0
49343,0,1401000
49344,331,2700
49345,320,9100
49346,0,1561500
49347,0,1898200
49348,1,1178000
49349,274,37750
49350,30,450250
49351,1,1050000
49352,292,26000
49353,240,62750
49354,6,754000
49355,297,23000
49356,6,738000
49357,30,451000
49358,21,514000
49359,178,118400
49360,61,316600
49361,332,2250
49362,329,3950
49363,237,64650
49364,0,1651000
49365,314,12400
49366,335,200
49367,0,1576550
49368,59,323100
49369,206,91200
49370,329,3600
49371,84,257600
49372,0,1557500
49373,323,7400
49374,332,2000
49375,308,16200
49376,309,15700
49377,325,5900
49378,51,352600
49379,45,375700
49380,331,2600
49381,307,16900
49382,332,2200
49383,119,193600
49384,289,27900
49385,253,52700
49386,316,11200
49387,327,4700
49388,4,820200
49389,313,13200
49390,66,302600
49391,324,6600
49392,64,310000
49393,139,163600
49394,332,2200
49395,333,1300
49396,0,2000000
49397,311,14250
49398,319,9400
49399,284,31300
49400,303,19000
49401,0,1954000
49402,0,1373400
49403,6,755400
49404,328,4600
49405,320,9000
49406,325,6200
49407,310,14600
49408,0,1236000
49409,188,108000
49410,13,609600
49411,4,814200
49412,0,1415400
49413,325,6000
49414,333,1300
49415,85,255800
49416,310,14600
49417,75,278300
49418,298,22200
49419,332,2000
49420,109,208900
49421,265,44200
49422,0,1803500
49423,332,2300
49424,191,104800
49425,331,2650
49426,3,890000
49427,313,13300
49428,133,172250
49429,290,27500
49430,0,1406500
49431,0,2000000
49432,0,2000000
49433,51,351000
49434,9,668000
49435,241,61900
49436,215,83200
49437,301,20350
49438,330,3300
49439,4,811900
49440,286,30000
49441,275,37200
49442,331,2800
49443,308,16300
49444,315,12000
49445,120,191500
49446,7,722000
49447,0,2000000
49448,23,502400
49449,0,2000000
49450,39,403200
49451,138,165000
49452,291,26950
49453,37,412300
49454,66,302500
49455,333,1750
49456,30,450000
49457,324,6600
49458,334,900
49459,333,1550
49460,114,200400
49461,252,53700
49462,330,3300
49463,327,4700
49464,292,25900
49465,0,1533500
49466,0,2000000
49467,245,58600
49468,303,18800
49469,285,30500
49470,217,81350
49471,321,8300
49472,313,13000
49473,6,754000
49474,111,206900
49475,0,2000000
49476,291,26350
49477,84,258500
49478,300,21000
49479,137,166400
49480,310,14800
49481,307,16850
49482,56,334200
49483,221,77900
49484,0,2000000
49485,0,1658000
49486,87,250700
49487,319,9300
49488,323,7200
49489,225,74600
49490,318,10250
49491,1,1006400
49492,13,605200
49493,0,1404200
49494,336,0
49495,1,1180700
49496,106,215000
49497,313,12950
49498,334,1200
49499,273,38800
49500,67,300000
49501,190,106400
49502,0,1672400
49503,325,5800
49504,278,34900
49505,327,4700
49506,67,300300
49507,283,31600
49508,334,1200
49509,242,61250
49510,10,649800
49511,336,0
49512,12,616700
49513,1,1200400
49514,181,114700
49515,315,12000
49516,333,1450
49517,50,353900
49518,116,198400
49519,239,63400
49520,243,60350
49521,243,59900
49522,332,2200
49523,334,1200
49524,336,0
49525,0,1603700
49526,302,19600
49527,234,67000
49528,326,5300
49529,20,530000
49530,212,86000
49531,0,2000000
49532,246,58200
49533,265,44050
49534,335,300
49535,204,92400
49536,314,12300
49537,283,31850
49538,148,152400
49539,328,4450
49540,335,600
49541,306,17200
49542,55,337500
49543,290,27000
49544,196,100600
49545,230,70800
49546,323,7400
49547,293,25400
49548,334,1100
49549,39,400100
49550,259,48300
49551,250,55200
49552,331,2900
49553,184,112200
49554,0,1597000
49555,249,55400
49556,326,5200
49557,26,479150
49558,305,17800
49559,175,120950
49560,0,2000000
49561,305,17800
49562,5,783600
49563,0,2000000
49564,239,63600
49565,149,151200
49566,307,16800
49567,75,280400
49568,7,715200
49569,301,20100
49570,333,1400
49571,305,18000
49572,280,33600
49573,275,37000
49574,30,450000
49575,294,25000
49576,181,114600
49577,1,1001400
49578,236,65500
49579,326,5500
49580,308,16200
49581,0,2000000
49582,200,96100
49583,328,4400
49584,0,2000000
49585,3,882000
49586,217,81450
49587,261,46600
49588,23,500800
49589,0,2000000
49590,0,1950300
49591,333,1400
49592,149,151050
49593,240,62550
49594,229,71000
49595,216,82500
49596,1,1066800
49597,312,13600
49598,314,12300
49599,335,200
49600,1,1066000
49601,335,500
49602,325,5800
49603,327,5000
49604,331,2800
49605,23,500400
49606,336,100
49607,45,375800
49608,90,245750
49609,250,54800
49610,233,68400
49611,327,4700
49612,334,1000
49613,334,1150
49614,320,8900
49615,321,8150
49616,233,67800
49617,201,95600
49618,1,1203500
49619,141,161200
49620,287,29000
49621,334,1100
49622,302,19900
49623,237,65200
49624,326,5200
49625,5,801600
49626,328,4200
49627,255,51000
49628,316,11200
49629,314,12500
49630,1,1000800
49631,312,13400
49632,285,30300
49633,57,329100
49634,21,516600
49635,318,10300
49636,0,2000000
49637,295,24000
49638,305,17850
49639,44,380000
49640,325,6000
49641,3,905100
49642,317,10600
49643,0,2000000
49644,335,450
49645,209,88400
49646,326,5550
49647,322,7500
49648,259,48400
49649,55,337500
49650,336,100
49651,335,150
49652,0,2000000
49653,232,68500
49654,119,192900
49655,280,33950
49656,314,12200
49657,301,20050
49658,333,1500
49659,5,798000
49660,332,2300
49661,323,7400
49662,12,615200
49663,334,1000
49664,116,198100
49665,30,451200
49666,173,123300
49667,6,753200
49668,145,157000
49669,20,529850
49670,217,81300
49671,318,10400
49672,102,222500
49673,60,320000
49674,1,1049700
49675,198,98200
49676,0,1603500
49677,283,31800
49678,333,1400
49679,10,651600
49680,195,101400
49681,216,81900
49682,0,1503600
49683,7,720200
49684,330,3300
49685,49,357900
49686,88,249200
49687,243,60500
49688,325,5800
49689,64,310000
49690,283,31700
49691,309,15300
49692,1,1010800
49693,285,30400
49694,114,200800
49695,310,15050
49696,319,9400
49697,0,1523150
49698,210,87200
49699,23,499300
49700,332,2000
49701,0,2000000
49702,329,3800
49703,6,750400
49704,23,500600
49705,336,100
49706,1,1001400
49707,33,432800
49708,285,30800
49709,106,214600
49710,332,2000
49711,215,82800
49712,295,24400
49713,171,125750
49714,329,4050
49715,0,2000000
49716,30,452200
49717,300,20700
49718,179,117000
49719,330,3000
49720,293,25100
49721,327,4700
49722,2,916500
49723,30,450000
49724,5,779000
49725,67,300800
49726,314,12300
49727,38,404650
49728,330,3200
49729,309,15600
49730,150,150300
49731,1,1050000
49732,263,45300
49733,234,67500
49734,266,43500
49735,252,53100
49736,331,2650
49737,328,4400
49738,16,561200
49739,37,409750
49740,321,8400
49741,279,34400
49742,297,22800
49743,299,21400
49744,2,948000
49745,62,315200
49746,0,2000000
49747,332,1900
49748,317,10800
49749,1,1178000
49750,0,2000000
49751,334,1100
49752,0,2000000
49753,8,705400
49754,334,1200
49755,3,900150
49756,189,107100
49757,0,2000000
49758,334,700
49759,287,29300
49760,303,19400
49761,334,900
49762,331,2700
49763,333,1500
49764,106,214600
49765,298,22400
49766,333,1300
49767,329,3900
49768,182,113600
49769,335,400
49770,313,13200
49771,332,2100
49772,212,85200
49773,277,35850
49774,27,466400
49775,335,400
49776,78,271500
49777,325,6300
49778,248,56200
49779,329,3900
49780,166,131700
49781,280,33700
49782,261,46900
49783,19,539400
49784,219,79800
49785,226,73600
49786,323,7400
49787,314,12700
49788,276,36400
49789,285,30550
49790,168,128950
49791,329,3550
49792,306,17300
49793,98,229600
49794,301,20600
49795,335,600
49796,329,4000
49797,10,650000
49798,302,20000
49799,330,3400
49800,108,210600
49801,320,9000
49802,67,301200
49803,0,2000000
49804,321,8600
49805,315,12050
49806,335,150
49807,1,1208600
49808,335,300
49809,331,2600
49810,318,10100
49811,290,27100
49812,254,52250
49813,29,456800
49814,23,500000
49815,176,120500
49816,119,192400
49817,310,15100
49818,37,408500
49819,321,8200
49820,335,300
49821,298,22300
49822,0,2000000
49823,308,16200
49824,326,5500
49825,290,27400
49826,4,808250
49827,0,1816500
49828,51,351000
49829,211,86900
49830,261,47200
49831,335,500
49832,318,10200
49833,40,396200
49834,332,2000
49835,334,1000
49836,299,21300
49837,215,83300
49838,155,144200
49839,0,2000000
49840,113,203600
49841,251,53900
49842,266,43100
49843,294,25000
49844,241,61500
49845,247,56800
49846,283,31900
49847,287,29500
49848,211,86500
49849,6,754000
49850,176,120800
49851,170,126500
49852,22,506800
49853,267,43000
49854,0,1212400
49855,324,6800
49856,319,9300
49857,294,24500
49858,306,17400
49859,13,603950
49860,334,900
49861,285,30600
49862,0,1978200
49863,171,125300
49864,43,383850
49865,5,800500
49866,327,4900
49867,214,83900
49868,322,8000
49869,63,310600
49870,320,8900
49871,0,1700500
49872,221,77600
49873,298,22100
49874,329,3600
49875,276,36400
49876,335,300
49877,331,2800
49878,332,2300
49879,322,7650
49880,111,206100
49881,0,2000000
49882,3,877400
49883,302,19900
49884,335,300
49885,3,903200
49886,232,68950
49887,188,107950
49888,325,6000
49889,0,1502600
49890,262,46000
49891,330,3300
49892,192,104000
49893,275,36850
49894,0,2000000
49895,314,12200
49896,215,83100
49897,317,10800
49898,67,300300
49899,0,1231400
49900,298,22200
49901,328,4400
49902,315,12000
49903,12,616000
49904,46,370800
49905,296,23750
49906,329,3650
49907,163,134800
49908,296,23700
49909,333,1800
49910,229,71000
49911,336,100
49912,320,8800
49913,39,400600
49914,303,19250
49915,11,641000
49916,327,4700
49917,0,1505900
49918,0,1651200
49919,304,18300
