0,241,0
1,228,1800
2,238,450
3,107,24000
4,242,0
5,236,750
6,1,2000000
7,144,15300
8,161,12000
9,242,0
10,242,0
11,146,15000
12,237,600
13,242,0
14,211,4100
15,228,1700
16,234,1000
17,238,500
18,1,150000
19,233,1100
20,240,200
21,240,200
22,242,0
23,7,105000
24,242,0
25,242,0
26,228,1800
27,242,0
28,242,0
29,242,0
30,234,1000
31,187,7600
32,240,200
33,240,200
34,0,350000
35,242,0
36,1,150000
37,242,0
38,172,10000
39,242,0
40,242,0
41,124,19800
42,228,1800
43,242,0
44,188,7500
45,238,500
46,242,0
47,242,0
48,128,18800
49,242,0
50,1,150000
51,197,6000
52,239,300
53,232,1200
54,242,0
55,109,23500
56,0,2000000
57,242,0
58,188,7500
59,211,4000
60,242,0
61,16,80100
62,0,400000
63,242,0
64,240,200
65,240,250
66,242,0
67,226,2000
68,240,200
69,242,0
70,1,150000
71,240,200
72,242,0
73,237,600
74,239,300
75,219,3000
76,240,200
77,241,100
78,242,0
79,242,0
80,239,300
81,242,0
82,242,0
83,241,100
84,45,49500
85,0,320000
86,242,0
87,242,0
88,1,150000
89,0,500000
90,141,16000
91,242,0
92,239,300
93,234,1000
94,242,0
95,242,0
96,242,0
97,1,150000
98,242,0
99,0,200000
100,1,150000
101,1,150000
102,239,300
103,242,0
104,1,150000
105,197,6000
106,242,0
107,242,0
108,241,150
109,242,0
110,240,200
111,226,2000
112,242,0
113,141,16000
114,242,0
115,242,0
116,240,200
117,230,1500
118,242,0
119,87,30200
120,229,1600
121,141,16000
122,241,100
123,226,2000
124,242,0
125,141,16000
126,1,150000
127,219,3000
128,242,0
129,242,0
130,242,0
131,242,0
132,242,0
133,1,150000
134,242,0
135,1,150000
136,240,200
137,242,0
138,141,16000
139,241,100
140,1,150000
141,13,87500
142,197,6000
143,242,0
144,242,0
145,239,300
146,242,0
147,242,0
148,242,0
149,242,0
150,242,0
151,242,0
152,242,0
153,237,600
154,239,300
155,238,500
156,242,0
157,208,4500
158,239,300
159,242,0
160,230,1500
161,88,30000
162,242,0
163,237,550
164,241,100
165,242,0
166,217,3200
167,97,27000
168,226,2000
169,1,150000
170,242,0
171,30,61750
172,230,1500
173,242,0
174,242,0
175,62,40000
176,241,150
177,1,150000
178,242,0
179,242,0
180,240,200
181,240,250
182,242,0
183,241,100
184,241,100
185,242,0
186,229,1600
187,226,2000
188,242,0
189,242,0
190,241,100
191,241,100
192,241,100
193,0,2000000
194,228,1750
195,241,100
196,240,200
197,1,150000
198,242,0
199,204,5000
200,0,1500000
201,242,0
202,242,0
203,242,0
204,237,550
205,197,6000
206,0,220000
207,16,80000
208,231,1400
209,232,1300
210,242,0
211,226,2000
212,242,0
213,241,100
214,188,7500
215,232,1200
216,182,8400
217,242,0
218,226,2000
219,204,5000
220,0,600000
221,242,0
222,232,1250
223,0,300000
224,238,500
225,239,300
226,240,200
227,0,1500000
228,242,0
229,242,0
230,233,1100
231,242,0
232,1,150000
233,192,6800
234,236,700
235,242,0
236,242,0
237,242,0
238,242,0
239,0,500000
240,242,0
241,19,75000
242,197,6000
243,242,0
244,242,0
245,242,0
246,19,75000
247,62,40000
248,1,150000
249,240,250
250,239,300
251,107,24000
252,240,250
253,238,450
254,239,400
255,242,0
256,186,7800
257,242,0
258,242,0
259,242,0
260,242,0
261,1,150000
262,242,0
263,1,150000
264,219,3000
265,141,16000
266,242,0
267,242,0
268,242,0
269,107,24000
270,107,24000
271,237,600
272,141,16000
273,240,200
274,242,0
275,242,0
276,242,0
277,241,100
278,222,2500
279,242,0
280,240,200
281,240,200
282,242,0
283,219,3000
284,240,200
285,239,300
286,242,0
287,197,6000
288,242,0
289,241,100
290,141,16000
291,242,0
292,241,100
293,240,200
294,241,100
295,239,300
296,229,1600
297,141,16000
298,1,150000
299,218,3100
300,223,2400
301,242,0
302,240,200
303,240,200
304,242,0
305,1,150000
306,241,100
307,242,0
308,242,0
309,242,0
310,240,200
311,27,65000
312,242,0
313,0,200000
314,242,0
315,0,1000000
316,62,40000
317,236,750
318,217,3200
319,1,150000
320,240,200
321,236,750
322,240,200
323,235,900
324,242,0
325,242,0
326,240,250
327,238,500
328,185,8000
329,232,1200
330,137,16900
331,235,900
332,48,48000
333,1,150000
334,197,6000
335,41,52500
336,219,3000
337,242,0
338,242,0
339,242,0
340,211,4100
341,239,300
342,239,300
343,242,0
344,197,6000
345,242,0
346,230,1500
347,242,0
348,242,0
349,242,0
350,230,1500
351,120,20600
352,240,250
353,242,0
354,139,16300
355,242,0
356,238,450
357,236,750
358,242,0
359,238,500
360,239,300
361,238,450
362,239,350
363,197,6000
364,242,0
365,242,0
366,226,2000
367,242,0
368,242,0
369,211,4000
370,239,300
371,211,4000
372,242,0
373,185,8000
374,240,250
375,240,200
376,241,150
377,228,1800
378,88,30000
379,242,0
380,232,1200
381,242,0
382,242,0
383,188,7500
384,241,100
385,240,200
386,240,200
387,230,1500
388,242,0
389,242,0
390,242,0
391,240,200
392,241,150
393,204,5000
394,0,300000
395,242,0
396,229,1600
397,235,800
398,234,1000
399,242,0
400,242,0
401,237,600
402,0,1500000
403,242,0
404,242,0
405,234,1000
406,235,850
407,239,300
408,239,300
409,239,300
410,242,0
411,242,0
412,237,600
413,21,72000
414,237,600
415,242,0
416,242,0
417,242,0
418,242,0
419,242,0
420,228,1800
421,242,0
422,238,500
423,0,350000
424,240,200
425,242,0
426,1,150000
427,241,100
428,241,100
429,239,300
430,197,6000
431,197,6000
432,239,400
433,242,0
434,1,150000
435,235,800
436,188,7500
437,1,150000
438,107,24200
439,242,0
440,219,3000
441,242,0
442,240,200
443,242,0
444,204,5000
445,242,0
446,1,150000
447,242,0
448,237,600
449,232,1200
450,211,4000
451,226,2000
452,238,500
453,242,0
454,237,600
455,242,0
456,242,0
457,107,24200
458,234,1000
459,240,250
460,62,40000
461,203,5200
462,241,100
463,242,0
464,188,7500
465,0,500000
466,0,200000
467,123,20000
468,217,3200
469,242,0
470,242,0
471,242,0
472,242,0
473,242,0
474,0,500000
475,1,150000
476,238,500
477,204,5000
478,141,16000
479,53,45000
480,123,20000
481,0,200000
482,141,16000
483,242,0
484,204,5000
485,188,7500
486,181,8550
487,1,150000
488,41,52500
489,230,1500
490,239,300
491,235,800
492,242,0
493,225,2150
494,242,0
495,242,0
496,234,1000
497,197,6000
498,242,0
499,240,250
500,239,350
501,88,30000
502,242,0
503,41,52500
504,242,0
505,235,900
506,0,300000
507,242,0
508,240,200
509,225,2100
510,219,3000
511,242,0
512,242,0
513,237,600
514,197,6000
515,68,37500
516,123,20000
517,211,4000
518,240,200
519,242,0
520,235,800
521,235,800
522,240,250
523,242,0
524,219,3000
525,242,0
526,241,150
527,1,150000
528,239,300
529,242,0
530,225,2100
531,1,150000
532,239,400
533,1,150000
534,242,0
535,226,2000
536,242,0
537,242,0
538,241,100
539,242,0
540,234,1000
541,239,300
542,185,8000
543,67,38000
544,236,750
545,242,0
546,239,400
547,239,350
548,240,250
549,242,0
550,242,0
551,242,0
552,238,500
553,232,1250
554,239,300
555,239,300
556,242,0
557,230,1500
558,242,0
559,239,400
560,239,300
561,242,0
562,235,800
563,242,0
564,222,2600
565,239,300
566,239,300
567,0,200000
568,242,0
569,242,0
570,232,1200
571,219,3000
572,204,5000
573,239,400
574,80,32600
575,242,0
576,241,100
577,242,0
578,241,100
579,240,200
580,242,0
581,235,900
582,238,450
583,242,0
584,242,0
585,32,60000
586,237,600
587,242,0
588,146,15000
589,242,0
590,242,0
591,242,0
592,240,250
593,241,100
594,242,0
595,97,27000
596,242,0
597,242,0
598,239,300
599,241,100
600,1,150000
601,235,800
602,1,150000
603,204,5000
604,0,300000
605,234,1000
606,240,200
607,242,0
608,197,6000
609,242,0
610,217,3200
611,234,1000
612,235,800
613,240,200
614,242,0
615,188,7500
616,235,800
617,242,0
618,242,0
619,242,0
620,1,150000
621,242,0
622,237,600
623,242,0
624,242,0
625,242,0
626,242,0
627,242,0
628,239,400
629,241,150
630,242,0
631,238,450
632,231,1400
633,242,0
634,242,0
635,241,150
636,239,300
637,235,900
638,242,0
639,197,6000
640,242,0
641,146,15000
642,242,0
643,229,1650
644,48,48000
645,240,250
646,242,0
647,1,150000
648,239,300
649,242,0
650,1,150000
651,1,150000
652,0,300000
653,242,0
654,242,0
655,239,300
656,242,0
657,211,4000
658,242,0
659,242,0
660,219,3000
661,0,500000
662,23,70000
663,238,500
664,1,150000
665,242,0
666,242,0
667,240,200
668,0,2000000
669,239,300
670,219,3000
671,187,7600
672,232,1200
673,211,4000
674,228,1800
675,226,2000
676,239,400
677,242,0
678,0,300000
679,0,300000
680,242,0
681,242,0
682,241,100
683,1,150000
684,242,0
685,241,150
686,88,30000
687,185,8000
688,230,1500
689,110,23400
690,229,1600
691,242,0
692,238,500
693,240,250
694,242,0
695,237,600
696,45,49500
697,242,0
698,204,5000
699,241,100
700,242,0
701,242,0
702,242,0
703,242,0
704,242,0
705,226,2000
706,0,300000
707,211,4000
708,240,250
709,242,0
710,104,25000
711,226,2000
712,240,200
713,0,500000
714,204,5000
715,0,200000
716,186,7700
717,181,8500
718,242,0
719,242,0
720,242,0
721,242,0
722,225,2100
723,242,0
724,239,400
725,242,0
726,242,0
727,122,20200
728,195,6300
729,239,350
730,242,0
731,242,0
732,242,0
733,191,7000
734,242,0
735,145,15200
736,1,150000
737,145,15100
738,0,300000
739,240,200
740,226,2000
741,241,150
742,226,2000
743,0,1500000
744,242,0
745,211,4000
746,242,0
747,204,5000
748,103,25100
749,242,0
750,229,1600
751,185,8000
752,241,100
753,242,0
754,226,2000
755,231,1400
756,1,150000
757,197,6000
758,226,2000
759,241,100
760,242,0
761,242,0
762,123,20000
763,172,10000
764,223,2400
765,242,0
766,240,200
767,223,2400
768,242,0
769,32,60000
770,119,21000
771,141,16000
772,241,100
773,220,2800
774,242,0
775,242,0
776,242,0
777,241,100
778,242,0
779,242,0
780,6,110000
781,240,200
782,242,0
783,240,200
784,88,30000
785,241,100
786,242,0
787,181,8500
788,242,0
789,238,450
790,236,750
791,226,2000
792,0,500000
793,235,900
794,242,0
795,242,0
796,242,0
797,0,300000
798,242,0
799,1,150000
800,242,0
801,1,150000
802,242,0
803,242,0
804,144,15300
805,181,8600
806,239,350
807,215,3450
808,204,5000
809,232,1200
810,240,200
811,242,0
812,242,0
813,152,13750
814,240,200
815,242,0
816,242,0
817,242,0
818,242,0
819,107,24000
820,242,0
821,219,3000
822,1,150000
823,172,10000
824,242,0
825,241,100
826,239,300
827,204,5000
828,241,100
829,239,400
830,234,950
831,1,150000
832,211,4000
833,0,350000
834,107,24000
835,242,0
836,237,600
837,240,250
838,240,250
839,240,200
840,238,500
841,219,3000
842,241,100
843,242,0
844,242,0
845,235,800
846,242,0
847,219,3000
848,241,100
849,242,0
850,239,300
851,228,1700
852,232,1200
853,242,0
854,242,0
855,240,200
856,185,7900
857,186,7700
858,231,1400
859,242,0
860,191,7000
861,25,67500
862,0,300000
863,241,100
864,242,0
865,242,0
866,219,3000
867,242,0
868,219,3000
869,241,100
870,0,1500000
871,0,245000
872,242,0
873,239,300
874,107,24000
875,242,0
876,239,400
877,239,300
878,219,3000
879,242,0
880,185,8000
881,242,0
882,204,5000
883,242,0
884,242,0
885,242,0
886,240,200
887,240,200
888,1,150000
889,107,24000
890,242,0
891,235,800
892,242,0
893,241,100
894,236,700
895,242,0
896,234,1000
897,242,0
898,242,0
899,239,400
900,242,0
901,242,0
902,240,250
903,141,16000
904,242,0
905,240,250
906,242,0
907,137,16800
908,233,1050
909,234,1000
910,225,2100
911,242,0
912,183,8300
913,235,800
914,7,105000
915,197,6000
916,200,5600
917,242,0
918,197,6000
919,242,0
920,234,1000
921,242,0
922,188,7500
923,242,0
924,241,100
925,197,6000
926,236,750
927,219,3000
928,1,150000
929,179,8950
930,241,100
931,1,150000
932,226,2000
933,222,2600
934,239,300
935,226,2000
936,4,125000
937,235,800
938,223,2400
939,241,150
940,237,600
941,242,0
942,1,150000
943,242,0
944,211,4000
945,211,4000
946,240,200
947,224,2300
948,242,0
949,242,0
950,241,100
951,180,8750
952,232,1200
953,141,16000
954,242,0
955,241,100
956,242,0
957,53,45000
958,88,30000
959,242,0
960,242,0
961,68,37500
962,0,350000
963,141,16000
964,242,0
965,209,4300
966,240,200
967,0,300000
968,242,0
969,241,100
970,204,5000
971,1,150000
972,239,300
973,228,1700
974,226,2000
975,0,350000
976,242,0
977,197,6000
978,204,5000
979,242,0
980,18,76000
981,240,200
982,1,150000
983,240,200
984,240,200
985,197,6000
986,242,0
987,242,0
988,204,5000
989,241,150
990,242,0
991,237,600
992,242,0
993,1,150000
994,235,800
995,228,1800
996,119,20950
997,241,100
998,107,24200
999,0,500000
1000,242,0
1001,32,60000
1002,242,0
1003,239,400
1004,0,200000
1005,236,700
1006,1,150000
1007,0,300000
1008,113,22500
1009,242,0
1010,107,24000
1011,237,600
1012,240,200
1013,242,0
1014,242,0
1015,242,0
1016,218,3100
1017,239,300
1018,231,1400
1019,62,40000
1020,242,0
1021,82,31800
1022,242,0
1023,240,200
1024,0,500000
1025,237,600
1026,242,0
1027,226,2000
1028,242,0
1029,197,6000
1030,235,800
1031,1,150000
1032,239,300
1033,242,0
1034,241,100
1035,214,3600
1036,195,6400
1037,239,400
1038,241,100
1039,223,2400
1040,229,1600
1041,204,5000
1042,228,1700
1043,234,1000
1044,242,0
1045,1,150000
1046,0,300000
1047,242,0
1048,197,6000
1049,240,250
1050,242,0
1051,241,100
1052,48,48000
1053,1,150000
1054,235,900
1055,240,200
1056,242,0
1057,242,0
1058,100,26200
1059,242,0
1060,233,1150
1061,45,50000
1062,235,800
1063,240,250
1064,242,0
1065,1,150000
1066,242,0
1067,242,0
1068,242,0
1069,242,0
1070,242,0
1071,239,300
1072,240,200
1073,242,0
1074,239,400
1075,214,3600
1076,204,5000
1077,242,0
1078,228,1800
1079,1,150000
1080,235,800
1081,226,2000
1082,242,0
1083,97,26950
1084,226,2000
1085,107,24000
1086,242,0
1087,239,300
1088,197,6000
1089,242,0
1090,235,800
1091,242,0
1092,242,0
1093,226,2000
1094,13,87500
1095,197,6000
1096,242,0
1097,242,0
1098,231,1400
1099,142,15800
1100,206,4800
1101,240,200
1102,238,450
1103,242,0
1104,242,0
1105,240,200
1106,216,3300
1107,0,450000
1108,242,0
1109,239,300
1110,242,0
1111,16,80000
1112,234,1000
1113,241,100
1114,241,100
1115,242,0
1116,1,150000
1117,242,0
1118,240,200
1119,242,0
1120,1,150000
1121,141,16000
1122,161,12000
1123,242,0
1124,242,0
1125,242,0
1126,226,2000
1127,242,0
1128,242,0
1129,239,300
1130,1,150000
1131,235,800
1132,219,3000
1133,239,300
1134,204,5000
1135,242,0
1136,242,0
1137,242,0
1138,219,3000
1139,239,300
1140,239,300
1141,242,0
1142,242,0
1143,242,0
1144,1,150000
1145,0,400000
1146,242,0
1147,242,0
1148,107,24000
1149,219,3000
1150,226,2000
1151,211,4000
1152,241,100
1153,231,1400
1154,226,2000
1155,238,500
1156,242,0
1157,223,2400
1158,123,20000
1159,241,100
1160,1,150000
1161,242,0
1162,204,5000
1163,235,800
1164,211,4000
1165,226,2000
1166,242,0
1167,1,150000
1168,1,150000
1169,11,90000
1170,219,3000
1171,239,300
1172,242,0
1173,242,0
1174,242,0
1175,242,0
1176,242,0
1177,242,0
1178,235,900
1179,242,0
1180,242,0
1181,242,0
1182,16,80000
1183,242,0
1184,187,7650
1185,188,7500
1186,241,100
1187,219,3000
1188,242,0
1189,242,0
1190,1,166000
1191,211,4000
1192,226,2000
1193,242,0
1194,242,0
1195,186,7800
1196,242,0
1197,242,0
1198,242,0
1199,238,500
1200,242,0
1201,123,20000
1202,242,0
1203,230,1500
1204,239,400
1205,228,1800
1206,0,500000
1207,242,0
1208,226,2000
1209,242,0
1210,242,0
1211,242,0
1212,141,16000
1213,242,0
1214,82,32000
1215,242,0
1216,1,161400
1217,242,0
1218,241,150
1219,242,0
1220,237,600
1221,242,0
1222,172,10000
1223,242,0
1224,242,0
1225,241,100
1226,242,0
1227,242,0
1228,211,4000
1229,242,0
1230,242,0
1231,242,0
1232,240,250
1233,0,1000000
1234,242,0
1235,242,0
1236,0,200000
1237,242,0
1238,6,107600
1239,107,24000
1240,235,800
1241,219,3000
1242,1,150000
1243,211,4000
1244,239,300
1245,242,0
1246,242,0
1247,230,1500
1248,228,1750
1249,242,0
1250,242,0
1251,242,0
1252,233,1100
1253,242,0
1254,239,300
1255,235,800
1256,188,7500
1257,242,0
1258,241,100
1259,242,0
1260,242,0
1261,241,100
1262,242,0
1263,219,3000
1264,242,0
1265,238,450
1266,226,2000
1267,242,0
1268,242,0
1269,103,25300
1270,62,40000
1271,141,16000
1272,241,100
1273,185,7900
1274,242,0
1275,242,0
1276,217,3200
1277,242,0
1278,0,450000
1279,240,250
1280,211,4100
1281,204,5000
1282,0,500000
1283,232,1250
1284,232,1200
1285,241,100
1286,242,0
1287,242,0
1288,241,100
1289,211,4000
1290,172,10000
1291,226,2000
1292,241,100
1293,113,22500
1294,238,500
1295,7,105000
1296,239,300
1297,231,1400
1298,242,0
1299,235,800
1300,144,15300
1301,219,3000
1302,239,300
1303,239,300
1304,216,3400
1305,1,150000
1306,216,3400
1307,1,150000
1308,242,0
1309,1,150000
1310,241,150
1311,242,0
1312,242,0
1313,185,8000
1314,237,600
1315,235,900
1316,211,4000
1317,219,3000
1318,242,0
1319,238,500
1320,175,9500
1321,239,300
1322,237,600
1323,239,300
1324,239,350
1325,242,0
1326,242,0
1327,1,150000
1328,242,0
1329,170,10500
1330,242,0
1331,242,0
1332,242,0
1333,228,1700
1334,232,1250
1335,71,36400
1336,242,0
1337,241,150
1338,229,1600
1339,123,20000
1340,242,0
1341,242,0
1342,240,250
1343,219,3000
1344,219,3000
1345,235,800
1346,241,150
1347,240,200
1348,242,0
1349,241,100
1350,242,0
1351,236,750
1352,0,300000
1353,239,350
1354,239,300
1355,242,0
1356,235,800
1357,242,0
1358,232,1250
1359,242,0
1360,211,4000
1361,242,0
1362,206,4800
1363,229,1600
1364,237,600
1365,68,37500
1366,237,600
1367,230,1500
1368,142,15800
1369,16,80000
1370,239,300
1371,197,6000
1372,242,0
1373,242,0
1374,242,0
1375,230,1500
1376,0,500000
1377,237,600
1378,107,24200
1379,239,400
1380,242,0
1381,242,0
1382,239,300
1383,242,0
1384,232,1200
1385,0,300000
1386,242,0
1387,242,0
1388,226,2000
1389,235,800
1390,239,400
1391,241,100
1392,242,0
1393,242,0
1394,88,30000
1395,241,100
1396,242,0
1397,241,150
1398,146,15000
1399,0,300000
1400,197,6000
1401,242,0
1402,145,15200
1403,242,0
1404,242,0
1405,1,150000
1406,242,0
1407,242,0
1408,222,2500
1409,241,100
1410,241,150
1411,230,1500
1412,242,0
1413,242,0
1414,1,150000
1415,226,2000
1416,62,40000
1417,242,0
1418,242,0
1419,242,0
1420,1,150000
1421,113,22500
1422,188,7500
1423,235,800
1424,242,0
1425,239,400
1426,88,30000
1427,242,0
1428,0,300000
1429,1,150000
1430,211,4000
1431,242,0
1432,186,7800
1433,239,400
1434,239,400
1435,239,300
1436,1,150000
1437,242,0
1438,242,0
1439,0,300000
1440,241,100
1441,242,0
1442,242,0
1443,235,850
1444,242,0
1445,215,3500
1446,241,100
1447,241,100
1448,230,1500
1449,239,300
1450,239,300
1451,239,400
1452,223,2400
1453,232,1200
1454,239,400
1455,242,0
1456,240,200
1457,241,100
1458,240,250
1459,232,1250
1460,240,200
1461,242,0
1462,237,550
1463,197,6000
1464,241,100
1465,235,800
1466,242,0
1467,242,0
1468,242,0
1469,242,0
1470,236,750
1471,238,500
1472,1,150000
1473,242,0
1474,242,0
1475,242,0
1476,239,400
1477,204,5000
1478,242,0
1479,236,750
1480,146,15000
1481,240,250
1482,1,150000
1483,242,0
1484,242,0
1485,226,2000
1486,242,0
1487,242,0
1488,240,200
1489,238,500
1490,242,0
1491,178,9000
1492,225,2100
1493,0,500000
1494,1,150000
1495,242,0
1496,0,500000
1497,229,1600
1498,242,0
1499,239,400
1500,146,15000
1501,0,300000
1502,238,500
1503,141,16000
1504,229,1600
1505,123,20000
1506,235,800
1507,242,0
1508,88,30000
1509,242,0
1510,242,0
1511,226,2000
1512,241,150
1513,242,0
1514,241,100
1515,186,7800
1516,239,400
1517,123,20000
1518,211,4000
1519,242,0
1520,242,0
1521,241,150
1522,238,500
1523,211,4000
1524,226,2000
1525,242,0
1526,242,0
1527,188,7500
1528,227,1850
1529,230,1500
1530,0,350000
1531,241,150
1532,236,750
1533,242,0
1534,0,450000
1535,242,0
1536,241,150
1537,242,0
1538,47,48400
1539,223,2400
1540,232,1300
1541,242,0
1542,134,17500
1543,1,150000
1544,242,0
1545,228,1800
1546,240,200
1547,0,300000
1548,241,100
1549,134,17500
1550,113,22500
1551,240,200
1552,1,150000
1553,240,200
1554,242,0
1555,0,450000
1556,226,2000
1557,242,0
1558,237,600
1559,242,0
1560,242,0
1561,172,10000
1562,242,0
1563,242,0
1564,242,0
1565,236,750
1566,242,0
1567,242,0
1568,239,300
1569,235,900
1570,229,1600
1571,88,30000
1572,210,4200
1573,240,200
1574,239,400
1575,242,0
1576,242,0
1577,241,150
1578,235,800
1579,235,900
1580,242,0
1581,242,0
1582,0,350000
1583,233,1100
1584,239,350
1585,242,0
1586,234,1000
1587,219,3000
1588,1,150000
1589,239,300
1590,242,0
1591,239,400
1592,241,100
1593,240,250
1594,62,40000
1595,242,0
1596,242,0
1597,242,0
1598,242,0
1599,242,0
1600,229,1600
1601,211,4000
1602,242,0
1603,0,600000
1604,240,200
1605,0,250000
1606,113,22500
1607,242,0
1608,227,1900
1609,242,0
1610,1,150000
1611,242,0
1612,242,0
1613,226,2000
1614,242,0
1615,242,0
1616,235,800
1617,242,0
1618,239,400
1619,242,0
1620,238,500
1621,128,18800
1622,242,0
1623,214,3600
1624,239,300
1625,235,900
1626,241,100
1627,242,0
1628,1,150000
1629,239,300
1630,239,300
1631,192,6900
1632,219,3000
1633,238,500
1634,216,3400
1635,242,0
1636,242,0
1637,211,4000
1638,235,800
1639,242,0
1640,239,300
1641,204,5000
1642,242,0
1643,240,250
1644,41,52500
1645,242,0
1646,239,300
1647,219,3000
1648,21,72000
1649,229,1600
1650,242,0
1651,237,600
1652,227,1900
1653,186,7800
1654,187,7600
1655,242,0
1656,240,200
1657,241,150
1658,242,0
1659,242,0
1660,242,0
1661,242,0
1662,43,50900
1663,211,4000
1664,242,0
1665,235,800
1666,228,1700
1667,1,150000
1668,41,52500
1669,242,0
1670,242,0
1671,241,100
1672,238,500
1673,185,8000
1674,242,0
1675,235,800
1676,242,0
1677,113,22500
1678,242,0
1679,242,0
1680,229,1600
1681,242,0
1682,242,0
1683,241,150
1684,144,15400
1685,132,18000
1686,232,1300
1687,234,1000
1688,1,150000
1689,226,2000
1690,146,15000
1691,242,0
1692,242,0
1693,172,10000
1694,242,0
1695,240,200
1696,235,800
1697,242,0
1698,219,3000
1699,242,0
1700,242,0
1701,208,4400
1702,5,112500
1703,226,2000
1704,226,2000
1705,242,0
1706,242,0
1707,242,0
1708,113,22500
1709,1,150000
1710,242,0
1711,240,200
1712,240,200
1713,232,1200
1714,242,0
1715,242,0
1716,88,30000
1717,1,150000
1718,161,12000
1719,242,0
1720,232,1250
1721,242,0
1722,239,300
1723,242,0
1724,0,500000
1725,239,300
1726,240,200
1727,239,300
1728,235,800
1729,239,300
1730,234,1000
1731,146,15000
1732,242,0
1733,219,3000
1734,240,200
1735,242,0
1736,242,0
1737,242,0
1738,240,200
1739,190,7200
1740,226,2000
1741,241,100
1742,0,500000
1743,242,0
1744,242,0
1745,242,0
1746,211,4000
1747,238,500
1748,1,150000
1749,241,150
1750,229,1600
1751,242,0
1752,0,300000
1753,204,5000
1754,242,0
1755,242,0
1756,239,300
1757,211,4000
1758,227,1900
1759,242,0
1760,229,1600
1761,0,300000
1762,239,300
1763,111,23100
1764,228,1750
1765,0,900000
1766,241,100
1767,242,0
1768,240,200
1769,242,0
1770,240,200
1771,242,0
1772,240,200
1773,241,150
1774,123,20000
1775,239,300
1776,204,5000
1777,240,200
1778,242,0
1779,239,300
1780,242,0
1781,242,0
1782,242,0
1783,230,1500
1784,188,7500
1785,45,49500
1786,239,300
1787,242,0
1788,237,600
1789,1,150000
1790,242,0
1791,242,0
1792,242,0
1793,239,300
1794,197,6000
1795,242,0
1796,229,1600
1797,1,150000
1798,242,0
1799,241,150
1800,242,0
1801,123,20000
1802,230,1500
1803,242,0
1804,1,150000
1805,239,300
1806,232,1200
1807,238,500
1808,242,0
1809,242,0
1810,1,150000
1811,237,600
1812,235,900
1813,237,600
1814,242,0
1815,235,800
1816,242,0
1817,241,100
1818,235,800
1819,242,0
1820,141,16000
1821,242,0
1822,242,0
1823,1,175000
1824,242,0
1825,104,25000
1826,1,150000
1827,242,0
1828,235,900
1829,123,20000
1830,197,6000
1831,240,250
1832,242,0
1833,241,100
1834,0,300000
1835,68,37500
1836,233,1050
1837,242,0
1838,242,0
1839,197,6000
1840,186,7800
1841,88,30000
1842,241,100
1843,242,0
1844,226,2000
1845,242,0
1846,219,3000
1847,0,500000
1848,239,300
1849,237,600
1850,234,1000
1851,242,0
1852,242,0
1853,237,600
1854,239,400
1855,239,300
1856,241,100
1857,123,20000
1858,242,0
1859,239,400
1860,141,16000
1861,238,500
1862,242,0
1863,242,0
1864,239,300
1865,0,1000000
1866,206,4800
1867,210,4200
1868,239,400
1869,144,15400
1870,235,800
1871,211,4000
1872,240,200
1873,197,6000
1874,242,0
1875,242,0
1876,242,0
1877,62,40000
1878,229,1600
1879,1,150000
1880,241,100
1881,240,200
1882,239,300
1883,242,0
1884,240,250
1885,1,150000
1886,240,250
1887,241,150
1888,242,0
1889,242,0
1890,132,17900
1891,62,40000
1892,141,16000
1893,240,200
1894,123,20000
1895,241,100
1896,242,0
1897,242,0
1898,240,200
1899,222,2500
1900,239,300
1901,239,300
1902,235,800
1903,235,800
1904,226,2000
1905,242,0
1906,242,0
1907,219,3000
1908,239,400
1909,235,900
1910,238,500
1911,242,0
1912,242,0
1913,204,5000
1914,242,0
1915,141,16000
1916,242,0
1917,242,0
1918,242,0
1919,235,800
1920,82,32000
1921,242,0
1922,172,10000
1923,241,150
1924,242,0
1925,242,0
1926,242,0
1927,242,0
1928,242,0
1929,219,3000
1930,242,0
1931,239,400
1932,6,107600
1933,88,30000
1934,0,300000
1935,239,300
1936,231,1350
1937,0,750000
1938,242,0
1939,204,5000
1940,242,0
1941,242,0
1942,242,0
1943,141,15900
1944,186,7700
1945,239,300
1946,1,150000
1947,242,0
1948,226,2000
1949,240,250
1950,239,300
1951,242,0
1952,6,107600
1953,107,24000
1954,238,500
1955,242,0
1956,235,800
1957,226,2000
1958,0,500000
1959,242,0
1960,240,200
1961,242,0
1962,231,1400
1963,242,0
1964,88,30000
1965,240,200
1966,235,800
1967,242,0
1968,223,2400
1969,235,800
1970,134,17500
1971,238,500
1972,242,0
1973,242,0
1974,240,200
1975,242,0
1976,242,0
1977,242,0
1978,1,150000
1979,242,0
1980,242,0
1981,240,200
1982,242,0
1983,186,7800
1984,214,3600
1985,1,150000
1986,239,300
1987,141,16000
1988,211,4000
1989,242,0
1990,161,12000
1991,242,0
1992,48,48000
1993,219,3000
1994,242,0
1995,235,800
1996,240,250
1997,172,10000
1998,242,0
1999,239,300
2000,229,1600
2001,1,150000
2002,1,150000
2003,1,150000
2004,188,7500
2005,235,800
2006,242,0
2007,1,150000
2008,242,0
2009,242,0
2010,242,0
2011,242,0
2012,240,200
2013,242,0
2014,239,400
2015,141,16000
2016,242,0
2017,242,0
2018,242,0
2019,239,400
2020,242,0
2021,242,0
2022,235,800
2023,239,400
2024,239,400
2025,242,0
2026,242,0
2027,242,0
2028,143,15500
2029,240,200
2030,241,100
2031,239,300
2032,226,2000
2033,235,800
2034,242,0
2035,224,2300
2036,242,0
2037,242,0
2038,242,0
2039,219,2900
2040,242,0
2041,0,300000
2042,242,0
2043,234,1000
2044,197,6000
2045,242,0
2046,219,2900
2047,86,30400
2048,242,0
2049,242,0
2050,238,500
2051,211,4000
2052,1,150000
2053,0,300000
2054,241,100
2055,242,0
2056,238,500
2057,242,0
2058,225,2150
2059,239,300
2060,242,0
2061,1,150000
2062,188,7500
2063,238,450
2064,146,15000
2065,242,0
2066,242,0
2067,241,100
2068,237,550
2069,242,0
2070,242,0
2071,172,10000
2072,0,300000
2073,242,0
2074,239,300
2075,242,0
2076,211,4000
2077,188,7500
2078,237,600
2079,242,0
2080,0,700000
2081,242,0
2082,45,49500
2083,215,3500
2084,241,100
2085,240,250
2086,235,900
2087,0,350000
2088,217,3200
2089,1,150000
2090,242,0
2091,236,750
2092,0,300000
2093,240,200
2094,242,0
2095,242,0
2096,242,0
2097,242,0
2098,41,52500
2099,226,2000
2100,242,0
2101,113,22500
2102,242,0
2103,241,150
2104,1,150000
2105,141,16000
2106,242,0
2107,239,300
2108,242,0
2109,242,0
2110,240,200
2111,241,100
2112,0,300000
2113,241,100
2114,242,0
2115,241,100
2116,219,3000
2117,234,1000
2118,239,300
2119,242,0
2120,229,1600
2121,240,200
2122,240,200
2123,230,1500
2124,242,0
2125,197,6000
2126,141,16000
2127,242,0
2128,23,70000
2129,239,300
2130,242,0
2131,241,150
2132,167,11000
2133,242,0
2134,113,22500
2135,229,1600
2136,242,0
2137,240,200
2138,88,30000
2139,211,4000
2140,240,200
2141,188,7500
2142,197,6000
2143,241,100
2144,39,53800
2145,235,800
2146,240,200
2147,242,0
2148,240,200
2149,242,0
2150,242,0
2151,225,2100
2152,237,600
2153,242,0
2154,227,1900
2155,235,800
2156,228,1700
2157,241,100
2158,242,0
2159,206,4800
2160,239,300
2161,241,100
2162,241,150
2163,230,1500
2164,1,150000
2165,226,2000
2166,235,800
2167,141,16000
2168,239,300
2169,182,8400
2170,141,16000
2171,142,15800
2172,242,0
2173,242,0
2174,0,350000
2175,141,16000
2176,187,7600
2177,219,3000
2178,239,400
2179,82,32000
2180,1,150000
2181,1,150000
2182,242,0
2183,242,0
2184,240,250
2185,197,6000
2186,16,80000
2187,242,0
2188,240,250
2189,241,150
2190,240,250
2191,242,0
2192,242,0
2193,242,0
2194,242,0
2195,242,0
2196,240,200
2197,239,300
2198,241,100
2199,151,14000
2200,129,18500
2201,242,0
2202,226,2000
2203,239,300
2204,242,0
2205,242,0
2206,234,1000
2207,242,0
2208,241,100
2209,237,600
2210,107,24000
2211,172,10000
2212,242,0
2213,242,0
2214,226,2000
2215,188,7500
2216,0,300000
2217,188,7500
2218,237,600
2219,239,400
2220,242,0
2221,242,0
2222,197,6000
2223,185,8000
2224,240,200
2225,1,150000
2226,228,1700
2227,242,0
2228,242,0
2229,242,0
2230,235,800
2231,242,0
2232,62,40000
2233,4,120000
2234,211,4000
2235,1,150000
2236,242,0
2237,166,11100
2238,222,2500
2239,239,400
2240,226,2000
2241,239,400
2242,240,200
2243,242,0
2244,242,0
2245,211,4000
2246,242,0
2247,242,0
2248,204,5000
2249,123,20000
2250,242,0
2251,107,24000
2252,242,0
2253,242,0
2254,239,300
2255,237,600
2256,242,0
2257,242,0
2258,235,800
2259,234,1000
2260,242,0
2261,242,0
2262,240,250
2263,241,100
2264,235,900
2265,229,1600
2266,241,100
2267,242,0
2268,188,7500
2269,242,0
2270,240,200
2271,234,1000
2272,242,0
2273,242,0
2274,242,0
2275,242,0
2276,113,22500
2277,242,0
2278,1,150000
2279,242,0
2280,237,600
2281,197,6000
2282,239,300
2283,235,800
2284,161,12000
2285,128,18700
2286,242,0
2287,0,350000
2288,232,1200
2289,242,0
2290,240,250
2291,0,300000
2292,0,300000
2293,188,7500
2294,240,200
2295,238,500
2296,204,5000
2297,237,600
2298,242,0
2299,242,0
2300,188,7500
2301,113,22500
2302,242,0
2303,242,0
2304,237,600
2305,235,800
2306,136,17000
2307,79,33200
2308,211,4000
2309,1,150000
2310,242,0
2311,242,0
2312,242,0
2313,240,250
2314,237,600
2315,242,0
2316,240,200
2317,236,700
2318,239,300
2319,242,0
2320,242,0
2321,233,1100
2322,242,0
2323,231,1400
2324,223,2400
2325,234,1000
2326,1,155000
2327,0,300000
2328,197,6000
2329,242,0
2330,219,3000
2331,239,400
2332,242,0
2333,219,3000
2334,239,400
2335,238,500
2336,242,0
2337,242,0
2338,211,4100
2339,242,0
2340,242,0
2341,242,0
2342,240,250
2343,107,24000
2344,241,150
2345,241,150
2346,1,150000
2347,45,49500
2348,1,150000
2349,188,7500
2350,242,0
2351,226,2000
2352,230,1500
2353,242,0
2354,242,0
2355,242,0
2356,18,77500
2357,242,0
2358,242,0
2359,239,300
2360,197,6000
2361,241,100
2362,88,30000
2363,242,0
2364,242,0
2365,242,0
2366,211,4000
2367,242,0
2368,234,950
2369,242,0
2370,141,16000
2371,242,0
2372,242,0
2373,242,0
2374,211,4000
2375,211,4000
2376,240,250
2377,242,0
2378,240,200
2379,242,0
2380,241,150
2381,241,150
2382,242,0
2383,204,5000
2384,242,0
2385,239,350
2386,183,8300
2387,239,300
2388,242,0
2389,242,0
2390,112,22800
2391,146,15000
2392,242,0
2393,242,0
2394,242,0
2395,241,100
2396,235,800
2397,240,200
2398,239,300
2399,234,1000
2400,88,30000
2401,211,4000
2402,239,400
2403,222,2600
2404,239,300
2405,241,150
2406,0,200000
2407,241,100
2408,241,100
2409,1,150000
2410,1,150000
2411,197,6000
2412,241,100
2413,1,150000
2414,239,300
2415,235,900
2416,242,0
2417,45,50000
2418,228,1750
2419,242,0
2420,241,100
2421,1,150000
2422,240,250
2423,141,16000
2424,242,0
2425,242,0
2426,13,87500
2427,239,300
2428,242,0
2429,240,200
2430,242,0
2431,242,0
2432,188,7500
2433,219,3000
2434,242,0
2435,241,100
2436,235,800
2437,242,0
2438,242,0
2439,141,16000
2440,242,0
2441,239,400
2442,242,0
2443,242,0
2444,242,0
2445,107,24000
2446,241,100
2447,242,0
2448,0,480000
2449,242,0
2450,242,0
2451,241,100
2452,1,150000
2453,242,0
2454,0,350000
2455,242,0
2456,220,2800
2457,1,150000
2458,242,0
2459,242,0
2460,242,0
2461,242,0
2462,242,0
2463,0,600000
2464,204,5000
2465,211,4000
2466,242,0
2467,146,15000
2468,234,1000
2469,242,0
2470,0,350000
2471,240,200
2472,242,0
2473,239,400
2474,204,5000
2475,232,1200
2476,239,400
2477,0,300000
2478,239,300
2479,242,0
2480,242,0
2481,167,11000
2482,242,0
2483,242,0
2484,232,1200
2485,211,4000
2486,235,900
2487,204,5000
2488,223,2400
2489,237,600
2490,234,1000
2491,242,0
2492,239,300
2493,228,1750
2494,242,0
2495,242,0
2496,241,150
2497,237,600
2498,239,400
2499,240,200
2500,242,0
2501,1,150000
2502,1,150000
2503,1,150000
2504,242,0
2505,242,0
2506,242,0
2507,235,800
2508,240,200
2509,241,150
2510,141,16000
2511,181,8500
2512,134,17400
2513,1,150000
2514,242,0
2515,231,1400
2516,221,2700
2517,242,0
2518,235,800
2519,239,300
2520,242,0
2521,242,0
2522,242,0
2523,242,0
2524,242,0
2525,241,100
2526,0,300000
2527,242,0
2528,242,0
2529,0,750000
2530,241,100
2531,242,0
2532,232,1300
2533,242,0
2534,226,2000
2535,145,15200
2536,242,0
2537,186,7700
2538,226,2000
2539,242,0
2540,242,0
2541,161,12000
2542,242,0
2543,240,200
2544,240,250
2545,241,100
2546,241,150
2547,235,900
2548,242,0
2549,146,15000
2550,0,300000
2551,186,7700
2552,239,300
2553,242,0
2554,104,25050
2555,242,0
2556,197,6000
2557,241,100
2558,242,0
2559,133,17700
2560,242,0
2561,242,0
2562,242,0
2563,242,0
2564,0,300000
2565,219,3000
2566,242,0
2567,192,6900
2568,239,300
2569,238,450
2570,242,0
2571,230,1500
2572,226,2000
2573,242,0
2574,240,200
2575,242,0
2576,0,200000
2577,241,100
2578,242,0
2579,229,1600
2580,242,0
2581,223,2400
2582,239,300
2583,112,22800
2584,242,0
2585,239,300
2586,242,0
2587,241,100
2588,1,150000
2589,145,15100
2590,185,8000
2591,208,4500
2592,233,1150
2593,242,0
2594,242,0
2595,211,4000
2596,242,0
2597,211,4000
2598,0,300000
2599,242,0
2600,239,400
2601,242,0
2602,230,1500
2603,242,0
2604,211,4000
2605,229,1600
2606,190,7200
2607,239,300
2608,242,0
2609,228,1700
2610,242,0
2611,242,0
2612,242,0
2613,242,0
2614,240,200
2615,241,100
2616,242,0
2617,204,5000
2618,242,0
2619,0,500000
2620,242,0
2621,241,100
2622,241,100
2623,242,0
2624,242,0
2625,186,7700
2626,240,200
2627,241,100
2628,242,0
2629,123,20000
2630,242,0
2631,146,15000
2632,1,150000
2633,197,6000
2634,240,200
2635,242,0
2636,238,500
2637,242,0
2638,241,100
2639,242,0
2640,1,150000
2641,241,100
2642,234,1000
2643,235,800
2644,240,200
2645,1,150000
2646,204,5000
2647,229,1600
2648,242,0
2649,242,0
2650,242,0
2651,242,0
2652,187,7600
2653,242,0
2654,0,1500000
2655,239,300
2656,0,300000
2657,240,200
2658,242,0
2659,240,200
2660,242,0
2661,240,200
2662,242,0
2663,242,0
2664,222,2600
2665,242,0
2666,228,1800
2667,239,300
2668,237,600
2669,241,100
2670,242,0
2671,219,2950
2672,240,250
2673,242,0
2674,242,0
2675,237,600
2676,240,200
2677,226,2000
2678,211,4000
2679,10,93000
2680,226,2000
2681,211,4000
2682,229,1600
2683,242,0
2684,242,0
2685,1,150000
2686,241,100
2687,240,200
2688,242,0
2689,240,200
2690,242,0
2691,0,200000
2692,0,300000
2693,242,0
2694,242,0
2695,242,0
2696,238,500
2697,1,150000
2698,242,0
2699,88,30000
2700,229,1600
2701,242,0
2702,242,0
2703,242,0
2704,187,7600
2705,229,1600
2706,242,0
2707,242,0
2708,226,2000
2709,242,0
2710,185,8000
2711,234,1000
2712,35,56750
2713,242,0
2714,170,10500
2715,186,7700
2716,0,350000
2717,230,1500
2718,242,0
2719,242,0
2720,241,150
2721,226,2000
2722,0,300000
2723,242,0
2724,229,1600
2725,242,0
2726,242,0
2727,132,18000
2728,19,75000
2729,242,0
2730,242,0
2731,239,300
2732,204,5000
2733,0,700000
2734,242,0
2735,242,0
2736,240,200
2737,238,500
2738,242,0
2739,62,40000
2740,239,300
2741,237,550
2742,242,0
2743,1,150000
2744,0,306000
2745,236,700
2746,242,0
2747,242,0
2748,242,0
2749,239,300
2750,240,200
2751,242,0
2752,242,0
2753,238,500
2754,0,300000
2755,239,300
2756,239,400
2757,142,15800
2758,231,1400
2759,226,2000
2760,242,0
2761,188,7500
2762,211,4000
2763,242,0
2764,242,0
2765,242,0
2766,242,0
2767,238,500
2768,239,400
2769,242,0
2770,242,0
2771,235,800
2772,68,37500
2773,226,2000
2774,1,150000
2775,242,0
2776,242,0
2777,242,0
2778,227,1900
2779,211,4000
2780,242,0
2781,242,0
2782,1,150000
2783,239,300
2784,242,0
2785,242,0
2786,242,0
2787,242,0
2788,146,15000
2789,242,0
2790,185,8000
2791,233,1100
2792,226,2000
2793,240,250
2794,238,500
2795,242,0
2796,107,24000
2797,141,16000
2798,242,0
2799,146,15000
2800,0,500000
2801,211,4000
2802,242,0
2803,188,7500
2804,242,0
2805,237,600
2806,241,150
2807,242,0
2808,241,150
2809,88,30000
2810,240,200
2811,242,0
2812,218,3100
2813,1,150000
2814,242,0
2815,242,0
2816,107,24000
2817,242,0
2818,211,4000
2819,238,500
2820,6,110000
2821,240,250
2822,0,300000
2823,1,150000
2824,236,750
2825,242,0
2826,0,200000
2827,241,100
2828,239,300
2829,242,0
2830,242,0
2831,242,0
2832,211,4000
2833,242,0
2834,242,0
2835,143,15500
2836,242,0
2837,226,2000
2838,104,25000
2839,113,22500
2840,4,120000
2841,186,7750
2842,240,200
2843,240,200
2844,242,0
2845,239,300
2846,1,150000
2847,1,150000
2848,242,0
2849,141,16000
2850,242,0
2851,241,100
2852,240,200
2853,242,0
2854,242,0
2855,242,0
2856,211,4000
2857,1,150000
2858,191,7000
2859,0,1000000
2860,1,150000
2861,233,1100
2862,239,300
2863,239,300
2864,234,1000
2865,241,100
2866,242,0
2867,242,0
2868,183,8300
2869,1,150000
2870,242,0
2871,180,8750
2872,241,100
2873,242,0
2874,242,0
2875,227,1850
2876,178,9100
2877,242,0
2878,232,1200
2879,235,800
2880,237,600
2881,229,1600
2882,242,0
2883,242,0
2884,238,500
2885,140,16100
2886,241,100
2887,240,250
2888,241,150
2889,242,0
2890,240,200
2891,242,0
2892,0,300000
2893,123,20000
2894,239,400
2895,239,300
2896,211,4000
2897,172,10000
2898,240,200
2899,235,900
2900,242,0
2901,240,200
2902,1,150000
2903,242,0
2904,231,1400
2905,242,0
2906,197,6000
2907,235,850
2908,1,150000
2909,238,500
2910,242,0
2911,241,100
2912,242,0
2913,242,0
2914,219,3000
2915,237,600
2916,240,200
2917,242,0
2918,242,0
2919,239,300
2920,242,0
2921,242,0
2922,240,250
2923,242,0
2924,240,200
2925,242,0
2926,241,100
2927,234,1000
2928,242,0
2929,240,250
2930,1,150000
2931,241,100
2932,242,0
2933,234,1000
2934,242,0
2935,238,500
2936,107,24200
2937,0,300000
2938,235,900
2939,230,1500
2940,233,1050
2941,0,600000
2942,235,800
2943,239,300
2944,0,350000
2945,242,0
2946,1,150000
2947,161,12000
2948,107,24000
2949,238,500
2950,235,800
2951,242,0
2952,141,16000
2953,241,150
2954,211,4000
2955,222,2600
2956,240,200
2957,238,500
2958,234,1000
2959,226,2000
2960,241,100
2961,237,600
2962,242,0
2963,242,0
2964,240,200
2965,197,6000
2966,204,5000
2967,219,3000
2968,221,2700
2969,104,25000
2970,242,0
2971,242,0
2972,141,16000
2973,214,3600
2974,0,300000
2975,134,17500
2976,242,0
2977,240,200
2978,242,0
2979,242,0
2980,239,300
2981,242,0
2982,143,15500
2983,242,0
2984,242,0
2985,242,0
2986,242,0
2987,242,0
2988,228,1750
2989,242,0
2990,242,0
2991,0,300000
2992,242,0
2993,242,0
2994,242,0
2995,0,1500000
2996,242,0
2997,241,100
2998,107,24000
2999,86,30400
3000,240,200
3001,242,0
3002,242,0
3003,242,0
3004,239,300
3005,242,0
3006,242,0
3007,242,0
3008,1,150000
3009,53,45000
3010,141,16000
3011,242,0
3012,216,3300
3013,240,200
3014,242,0
3015,242,0
3016,241,100
3017,13,87500
3018,70,36600
3019,242,0
3020,16,80000
3021,242,0
3022,242,0
3023,240,200
3024,141,16000
3025,219,3000
3026,226,2000
3027,242,0
3028,237,600
3029,0,300000
3030,235,800
3031,239,300
3032,242,0
3033,242,0
3034,242,0
3035,222,2600
3036,242,0
3037,242,0
3038,242,0
3039,242,0
3040,62,40000
3041,223,2400
3042,180,8800
3043,242,0
3044,221,2700
3045,241,100
3046,211,4000
3047,241,150
3048,1,150000
3049,141,16000
3050,242,0
3051,241,100
3052,242,0
3053,234,1000
3054,239,300
3055,226,2000
3056,242,0
3057,238,500
3058,239,300
3059,241,150
3060,242,0
3061,237,600
3062,241,100
3063,188,7500
3064,242,0
3065,238,500
3066,234,1000
3067,240,200
3068,230,1500
3069,242,0
3070,242,0
3071,242,0
3072,204,5000
3073,242,0
3074,242,0
3075,229,1600
3076,242,0
3077,0,200000
3078,242,0
3079,1,150000
3080,242,0
3081,238,500
3082,242,0
3083,234,1000
3084,241,100
3085,242,0
3086,240,200
3087,188,7500
3088,242,0
3089,88,30000
3090,242,0
3091,242,0
3092,242,0
3093,220,2800
3094,240,250
3095,242,0
3096,239,300
3097,230,1500
3098,242,0
3099,88,30000
3100,242,0
3101,242,0
3102,242,0
3103,242,0
3104,232,1300
3105,16,80000
3106,88,30000
3107,240,200
3108,237,600
3109,242,0
3110,16,80100
3111,238,500
3112,242,0
3113,240,250
3114,239,400
3115,235,800
3116,234,1000
3117,229,1600
3118,240,200
3119,239,350
3120,211,4000
3121,239,300
3122,242,0
3123,242,0
3124,242,0
3125,228,1800
3126,242,0
3127,242,0
3128,241,150
3129,242,0
3130,1,150000
3131,135,17300
3132,241,100
3133,223,2400
3134,240,200
3135,242,0
3136,241,100
3137,242,0
3138,242,0
3139,236,750
3140,146,15000
3141,239,300
3142,242,0
3143,88,30000
3144,0,1500000
3145,219,3000
3146,226,2000
3147,0,300000
3148,216,3300
3149,185,7850
3150,242,0
3151,197,6000
3152,242,0
3153,242,0
3154,242,0
3155,188,7500
3156,226,2000
3157,242,0
3158,239,300
3159,242,0
3160,230,1500
3161,240,200
3162,242,0
3163,1,160000
3164,242,0
3165,0,1550000
3166,7,105000
3167,1,150000
3168,88,30000
3169,239,300
3170,16,80000
3171,228,1800
3172,241,100
3173,239,300
3174,232,1250
3175,239,300
3176,242,0
3177,238,450
3178,226,2000
3179,242,0
3180,239,300
3181,242,0
3182,239,300
3183,142,15800
3184,242,0
3185,0,350000
3186,241,100
3187,239,400
3188,1,150000
3189,242,0
3190,239,400
3191,242,0
3192,238,500
3193,0,300000
3194,240,200
3195,211,4000
3196,241,150
3197,242,0
3198,242,0
3199,242,0
3200,178,9000
3201,240,200
3202,1,150000
3203,242,0
3204,241,100
3205,239,400
3206,1,150000
3207,242,0
3208,107,24000
3209,1,150000
3210,240,200
3211,204,5000
3212,242,0
3213,239,300
3214,242,0
3215,236,750
3216,188,7500
3217,240,200
3218,242,0
3219,242,0
3220,242,0
3221,241,150
3222,219,3000
3223,242,0
3224,240,250
3225,242,0
3226,188,7500
3227,242,0
3228,213,3800
3229,242,0
3230,239,300
3231,197,6000
3232,242,0
3233,242,0
3234,232,1200
3235,241,150
3236,239,300
3237,242,0
3238,235,900
3239,241,100
3240,235,800
3241,45,50000
3242,242,0
3243,204,5000
3244,241,100
3245,239,350
3246,242,0
3247,226,2000
3248,141,16000
3249,242,0
3250,0,400000
3251,240,200
3252,242,0
3253,240,250
3254,240,200
3255,1,150000
3256,242,0
3257,242,0
3258,145,15200
3259,229,1600
3260,242,0
3261,236,700
3262,239,300
3263,242,0
3264,242,0
3265,35,56750
3266,238,500
3267,242,0
3268,197,6000
3269,242,0
3270,241,100
3271,226,2000
3272,240,200
3273,242,0
3274,242,0
3275,237,600
3276,242,0
3277,242,0
3278,242,0
3279,242,0
3280,241,100
3281,0,300000
3282,161,12000
3283,242,0
3284,242,0
3285,0,300000
3286,197,6000
3287,242,0
3288,241,100
3289,242,0
3290,240,200
3291,242,0
3292,240,250
3293,217,3200
3294,242,0
3295,242,0
3296,242,0
3297,241,100
3298,242,0
3299,204,5000
3300,152,13750
3301,226,2000
3302,239,300
3303,1,150000
3304,242,0
3305,242,0
3306,242,0
3307,242,0
3308,1,150000
3309,240,200
3310,234,950
3311,242,0
3312,32,60000
3313,242,0
3314,240,200
3315,242,0
3316,241,100
3317,226,2000
3318,239,400
3319,197,6000
3320,235,800
3321,242,0
3322,0,269000
3323,242,0
3324,242,0
3325,217,3250
3326,242,0
3327,242,0
3328,242,0
3329,242,0
3330,242,0
3331,241,100
3332,242,0
3333,242,0
3334,241,100
3335,217,3200
3336,241,150
3337,242,0
3338,242,0
3339,242,0
3340,233,1100
3341,242,0
3342,242,0
3343,1,150000
3344,1,150000
3345,228,1800
3346,211,4000
3347,242,0
3348,1,150000
3349,239,400
3350,239,400
3351,239,300
3352,242,0
3353,242,0
3354,171,10300
3355,238,450
3356,242,0
3357,227,1850
3358,236,750
3359,242,0
3360,242,0
3361,242,0
3362,197,6000
3363,1,150000
3364,240,200
3365,242,0
3366,241,150
3367,1,150000
3368,140,16200
3369,68,37500
3370,242,0
3371,1,150000
3372,242,0
3373,241,100
3374,231,1400
3375,226,2000
3376,0,200000
3377,228,1800
3378,242,0
3379,223,2400
3380,242,0
3381,242,0
3382,233,1100
3383,242,0
3384,236,700
3385,240,200
3386,238,500
3387,242,0
3388,241,150
3389,242,0
3390,23,70000
3391,242,0
3392,0,750000
3393,239,350
3394,242,0
3395,242,0
3396,240,200
3397,235,800
3398,217,3200
3399,242,0
3400,241,150
3401,242,0
3402,141,16000
3403,85,31000
3404,234,1000
3405,232,1250
3406,241,100
3407,219,3000
3408,141,16000
3409,240,200
3410,241,100
3411,239,300
3412,242,0
3413,228,1800
3414,211,4000
3415,242,0
3416,219,3000
3417,241,100
3418,242,0
3419,242,0
3420,211,4000
3421,242,0
3422,226,2000
3423,241,100
3424,208,4500
3425,242,0
3426,188,7500
3427,242,0
3428,242,0
3429,0,2000000
3430,242,0
3431,180,8750
3432,235,800
3433,242,0
3434,146,15000
3435,232,1250
3436,204,5000
3437,239,300
3438,242,0
3439,231,1400
3440,187,7600
3441,242,0
3442,242,0
3443,228,1750
3444,168,10800
3445,241,150
3446,241,100
3447,240,250
3448,242,0
3449,239,300
3450,219,3000
3451,238,500
3452,242,0
3453,235,900
3454,231,1400
3455,242,0
3456,146,15000
3457,240,250
3458,235,800
3459,242,0
3460,226,2000
3461,242,0
3462,1,150000
3463,227,1900
3464,242,0
3465,242,0
3466,239,300
3467,242,0
3468,242,0
3469,242,0
3470,197,6000
3471,242,0
3472,241,100
3473,242,0
3474,235,900
3475,242,0
3476,242,0
3477,242,0
3478,0,450000
3479,242,0
3480,238,500
3481,226,2000
3482,235,800
3483,236,700
3484,242,0
3485,1,150000
3486,242,0
3487,242,0
3488,219,3000
3489,235,800
3490,238,500
3491,68,37500
3492,242,0
3493,240,200
3494,240,200
3495,234,1000
3496,242,0
3497,241,100
3498,0,200000
3499,1,150000
3500,240,200
3501,138,16600
3502,242,0
3503,242,0
3504,236,750
3505,88,30000
3506,104,25000
3507,242,0
3508,241,100
3509,242,0
3510,241,100
3511,45,49500
3512,242,0
3513,208,4500
3514,242,0
3515,223,2400
3516,219,3000
3517,231,1400
3518,219,3000
3519,239,300
3520,0,300000
3521,0,300000
3522,241,100
3523,239,400
3524,237,600
3525,68,37500
3526,241,100
3527,242,0
3528,226,2000
3529,211,4000
3530,242,0
3531,242,0
3532,242,0
3533,242,0
3534,242,0
3535,239,300
3536,219,3000
3537,32,60000
3538,239,400
3539,242,0
3540,1,150000
3541,215,3500
3542,236,750
3543,239,400
3544,242,0
3545,242,0
3546,240,200
3547,242,0
3548,241,100
3549,0,500000
3550,235,900
3551,241,100
3552,239,300
3553,62,40000
3554,242,0
3555,237,600
3556,235,900
3557,242,0
3558,45,50000
3559,226,2000
3560,242,0
3561,241,150
3562,242,0
3563,242,0
3564,185,8000
3565,242,0
3566,242,0
3567,242,0
3568,1,150000
3569,239,300
3570,141,16000
3571,241,100
3572,242,0
3573,242,0
3574,241,150
3575,240,200
3576,242,0
3577,188,7500
3578,235,900
3579,172,10000
3580,234,1000
3581,242,0
3582,226,2000
3583,146,15000
3584,237,600
3585,242,0
3586,197,6000
3587,242,0
3588,239,400
3589,242,0
3590,146,15000
3591,211,4000
3592,240,200
3593,229,1600
3594,242,0
3595,237,550
3596,235,800
3597,226,2000
3598,242,0
3599,141,16000
3600,141,16000
3601,239,400
3602,242,0
3603,242,0
3604,237,550
3605,242,0
3606,242,0
3607,233,1050
3608,228,1750
3609,88,30000
3610,0,600000
3611,186,7700
3612,242,0
3613,0,500000
3614,182,8400
3615,0,200000
3616,242,0
3617,242,0
3618,241,100
3619,242,0
3620,242,0
3621,197,6000
3622,235,800
3623,1,175000
3624,187,7600
3625,242,0
3626,232,1200
3627,88,30000
3628,226,2000
3629,242,0
3630,242,0
3631,241,100
3632,241,150
3633,242,0
3634,241,100
3635,242,0
3636,242,0
3637,241,100
3638,226,2000
3639,242,0
3640,237,600
3641,123,20000
3642,241,150
3643,242,0
3644,1,150000
3645,238,500
3646,24,68500
3647,219,3000
3648,226,2000
3649,242,0
3650,1,150000
3651,235,800
3652,242,0
3653,242,0
3654,234,1000
3655,226,2000
3656,242,0
3657,240,200
3658,228,1800
3659,239,300
3660,242,0
3661,239,300
3662,242,0
3663,236,750
3664,0,1000000
3665,239,300
3666,235,900
3667,223,2400
3668,47,48400
3669,88,30000
3670,1,150000
3671,242,0
3672,88,30000
3673,242,0
3674,241,150
3675,242,0
3676,0,450000
3677,242,0
3678,242,0
3679,1,150000
3680,229,1600
3681,242,0
3682,242,0
3683,240,200
3684,235,800
3685,242,0
3686,240,200
3687,185,8000
3688,242,0
3689,242,0
3690,240,200
3691,242,0
3692,230,1500
3693,242,0
3694,242,0
3695,241,100
3696,242,0
3697,222,2600
3698,204,5000
3699,0,600000
3700,242,0
3701,242,0
3702,242,0
3703,242,0
3704,234,1000
3705,239,400
3706,240,200
3707,229,1600
3708,1,150000
3709,214,3600
3710,242,0
3711,0,200000
3712,242,0
3713,226,2000
3714,242,0
3715,242,0
3716,235,900
3717,242,0
3718,204,5000
3719,242,0
3720,62,40000
3721,240,200
3722,0,300000
3723,239,300
3724,233,1100
3725,211,4000
3726,242,0
3727,217,3200
3728,242,0
3729,242,0
3730,240,200
3731,241,100
3732,235,800
3733,211,4000
3734,242,0
3735,0,300000
3736,229,1600
3737,211,4000
3738,242,0
3739,242,0
3740,242,0
3741,161,12000
3742,242,0
3743,240,200
3744,182,8400
3745,242,0
3746,1,150000
3747,242,0
3748,1,150000
3749,0,500000
3750,242,0
3751,0,400000
3752,226,2000
3753,240,250
3754,237,600
3755,239,400
3756,1,150000
3757,241,100
3758,229,1600
3759,235,800
3760,239,300
3761,239,300
3762,241,100
3763,0,500000
3764,229,1600
3765,242,0
3766,188,7500
3767,232,1200
3768,0,200000
3769,19,75000
3770,242,0
3771,242,0
3772,242,0
3773,233,1050
3774,239,300
3775,240,250
3776,230,1500
3777,142,15800
3778,1,150000
3779,242,0
3780,242,0
3781,172,10100
3782,146,15000
3783,239,400
3784,242,0
3785,242,0
3786,242,0
3787,204,5000
3788,242,0
3789,123,20000
3790,211,4000
3791,240,200
3792,242,0
3793,242,0
3794,235,800
3795,0,200000
3796,242,0
3797,242,0
3798,242,0
3799,234,1000
3800,242,0
3801,242,0
3802,188,7500
3803,242,0
3804,204,5000
3805,242,0
3806,240,200
3807,239,300
3808,225,2100
3809,239,400
3810,239,400
3811,242,0
3812,239,300
3813,242,0
3814,242,0
3815,32,60000
3816,45,49800
3817,197,6000
3818,242,0
3819,239,300
3820,242,0
3821,204,5100
3822,234,1000
3823,172,10100
3824,188,7500
3825,239,300
3826,188,7500
3827,242,0
3828,236,750
3829,186,7800
3830,242,0
3831,226,2000
3832,242,0
3833,235,900
3834,208,4500
3835,1,150000
3836,240,200
3837,93,28200
3838,197,6000
3839,229,1600
3840,242,0
3841,231,1400
3842,242,0
3843,242,0
3844,204,5000
3845,240,200
3846,242,0
3847,238,450
3848,242,0
3849,1,150000
3850,1,150000
3851,7,105000
3852,242,0
3853,0,200000
3854,242,0
3855,240,200
3856,242,0
3857,242,0
3858,242,0
3859,225,2100
3860,242,0
3861,235,800
3862,0,300000
3863,242,0
3864,242,0
3865,242,0
3866,211,4000
3867,141,16000
3868,242,0
3869,0,200000
3870,242,0
3871,242,0
3872,242,0
3873,223,2400
3874,234,1000
3875,242,0
3876,239,400
3877,239,300
3878,235,900
3879,242,0
3880,240,200
3881,141,16000
3882,138,16650
3883,44,50400
3884,242,0
3885,242,0
3886,242,0
3887,240,200
3888,242,0
3889,242,0
3890,239,400
3891,242,0
3892,242,0
3893,141,16000
3894,240,200
3895,239,300
3896,238,450
3897,1,150000
3898,183,8300
3899,185,8000
3900,242,0
3901,242,0
3902,0,300000
3903,229,1600
3904,242,0
3905,242,0
3906,1,150000
3907,242,0
3908,172,10000
3909,209,4300
3910,1,150000
3911,219,3000
3912,240,200
3913,239,300
3914,0,525000
3915,123,20000
3916,242,0
3917,236,700
3918,235,800
3919,242,0
3920,242,0
3921,242,0
3922,186,7700
3923,241,150
3924,188,7500
3925,237,600
3926,237,600
3927,204,5000
3928,242,0
3929,242,0
3930,242,0
3931,239,400
3932,219,3000
3933,242,0
3934,235,800
3935,241,100
3936,219,3000
3937,242,0
3938,239,300
3939,241,100
3940,242,0
3941,242,0
3942,242,0
3943,187,7600
3944,242,0
3945,145,15200
3946,242,0
3947,242,0
3948,67,37900
3949,242,0
3950,232,1200
3951,242,0
3952,242,0
3953,239,300
3954,186,7700
3955,242,0
3956,238,450
3957,242,0
3958,146,15000
3959,242,0
3960,241,150
3961,242,0
3962,239,300
3963,107,24000
3964,197,6000
3965,242,0
3966,223,2450
3967,19,75000
3968,242,0
3969,238,500
3970,242,0
3971,242,0
3972,197,6000
3973,242,0
3974,242,0
3975,0,350000
3976,197,6000
3977,226,2000
3978,242,0
3979,235,800
3980,242,0
3981,241,100
3982,242,0
3983,229,1600
3984,211,4000
3985,240,200
3986,227,1900
3987,142,15800
3988,242,0
3989,0,900000
3990,239,300
3991,235,800
3992,226,2000
3993,0,367500
3994,158,12600
3995,240,200
3996,239,400
3997,242,0
3998,188,7500
3999,239,300
4000,242,0
4001,242,0
4002,240,200
4003,237,600
4004,226,2000
4005,241,100
4006,107,24000
4007,242,0
4008,239,400
4009,242,0
4010,241,100
4011,226,2000
4012,239,400
4013,242,0
4014,241,100
4015,131,18200
4016,242,0
4017,242,0
4018,242,0
4019,239,400
4020,240,250
4021,242,0
4022,242,0
4023,242,0
4024,240,200
4025,229,1600
4026,242,0
4027,188,7500
4028,242,0
4029,242,0
4030,1,150000
4031,238,500
4032,237,550
4033,242,0
4034,242,0
4035,242,0
4036,225,2200
4037,211,4000
4038,242,0
4039,239,400
4040,242,0
4041,1,150000
4042,0,300000
4043,242,0
4044,128,18800
4045,242,0
4046,230,1500
4047,242,0
4048,242,0
4049,242,0
4050,235,800
4051,242,0
4052,123,20000
4053,242,0
4054,239,300
4055,242,0
4056,239,300
4057,211,4000
4058,242,0
4059,0,350000
4060,204,5000
4061,183,8300
4062,242,0
4063,242,0
4064,239,400
4065,1,150000
4066,112,22700
4067,239,300
4068,224,2300
4069,185,8000
4070,242,0
4071,219,3000
4072,242,0
4073,235,800
4074,1,150000
4075,242,0
4076,241,100
4077,242,0
4078,180,8750
4079,133,17600
4080,242,0
4081,201,5500
4082,172,10000
4083,242,0
4084,241,150
4085,0,1500000
4086,242,0
4087,136,17000
4088,138,16600
4089,238,500
4090,227,1900
4091,238,500
4092,241,100
4093,241,100
4094,242,0
4095,211,4000
4096,0,200000
4097,242,0
4098,235,800
4099,240,200
4100,242,0
4101,0,900000
4102,242,0
4103,242,0
4104,238,500
4105,242,0
4106,242,0
4107,239,300
4108,240,200
4109,237,600
4110,0,300000
4111,242,0
4112,242,0
4113,1,150000
4114,241,150
4115,241,100
4116,242,0
4117,242,0
4118,242,0
4119,242,0
4120,242,0
4121,1,150000
4122,242,0
4123,242,0
4124,242,0
4125,227,1850
4126,211,4000
4127,107,24000
4128,242,0
4129,232,1200
4130,61,40500
4131,242,0
4132,106,24300
4133,0,200000
4134,228,1700
4135,242,0
4136,229,1600
4137,226,2000
4138,68,37500
4139,0,200000
4140,241,100
4141,240,200
4142,208,4400
4143,237,600
4144,88,30000
4145,242,0
4146,242,0
4147,180,8800
4148,241,100
4149,69,37000
4150,235,800
4151,242,0
4152,240,200
4153,242,0
4154,242,0
4155,241,100
4156,239,400
4157,1,150000
4158,239,350
4159,188,7500
4160,219,3000
4161,242,0
4162,178,9000
4163,188,7500
4164,241,100
4165,216,3400
4166,175,9500
4167,241,100
4168,242,0
4169,113,22500
4170,242,0
4171,123,20000
4172,0,525000
4173,242,0
4174,1,157500
4175,241,150
4176,228,1800
4177,242,0
4178,242,0
4179,229,1600
4180,242,0
4181,241,100
4182,1,150000
4183,242,0
4184,211,4000
4185,242,0
4186,239,400
4187,242,0
4188,1,150000
4189,242,0
4190,240,200
4191,242,0
4192,107,24000
4193,161,12000
4194,235,800
4195,239,300
4196,188,7500
4197,223,2400
4198,0,200000
4199,239,300
4200,242,0
4201,240,200
4202,232,1200
4203,242,0
4204,239,400
4205,237,600
4206,88,30000
4207,241,100
4208,242,0
4209,239,300
4210,242,0
4211,226,2000
4212,235,800
4213,240,200
4214,236,700
4215,240,200
4216,239,400
4217,235,900
4218,241,100
4219,242,0
4220,238,500
4221,242,0
4222,240,250
4223,0,2000000
4224,242,0
4225,242,0
4226,240,200
4227,217,3200
4228,242,0
4229,1,150000
4230,242,0
4231,241,100
4232,235,800
4233,228,1750
4234,187,7600
4235,219,3000
4236,107,24200
4237,1,150000
4238,1,150000
4239,141,16000
4240,242,0
4241,204,5000
4242,239,300
4243,242,0
4244,242,0
4245,146,15000
4246,211,4000
4247,242,0
4248,234,1000
4249,239,300
4250,112,22700
4251,0,300000
4252,200,5600
4253,242,0
4254,1,150000
4255,242,0
4256,234,1000
4257,1,150000
4258,240,200
4259,237,600
4260,240,200
4261,242,0
4262,241,100
4263,242,0
4264,242,0
4265,1,150000
4266,188,7500
4267,239,350
4268,241,100
4269,241,100
4270,1,150000
4271,240,200
4272,242,0
4273,211,4000
4274,6,110000
4275,241,100
4276,241,100
4277,188,7500
4278,180,8800
4279,242,0
4280,242,0
4281,235,800
4282,242,0
4283,8,99000
4284,235,800
4285,219,3000
4286,242,0
4287,41,52500
4288,141,16000
4289,0,500000
4290,242,0
4291,141,16000
4292,141,16000
4293,242,0
4294,242,0
4295,242,0
4296,242,0
4297,0,1500000
4298,242,0
4299,242,0
4300,0,1000000
4301,242,0
4302,228,1800
4303,239,300
4304,198,5900
4305,242,0
4306,242,0
4307,242,0
4308,242,0
4309,242,0
4310,242,0
4311,240,250
4312,240,250
4313,192,6900
4314,240,250
4315,13,87500
4316,242,0
4317,1,150000
4318,237,600
4319,47,48600
4320,62,40000
4321,241,100
4322,240,200
4323,235,800
4324,242,0
4325,1,150000
4326,62,40000
4327,240,200
4328,242,0
4329,239,400
4330,242,0
4331,123,20000
4332,242,0
4333,239,300
4334,242,0
4335,240,200
4336,242,0
4337,242,0
4338,242,0
4339,242,0
4340,242,0
4341,242,0
4342,16,80100
4343,74,35000
4344,242,0
4345,242,0
4346,0,300000
4347,240,200
4348,242,0
4349,0,612500
4350,187,7600
4351,226,1950
4352,242,0
4353,242,0
4354,235,900
4355,242,0
4356,242,0
4357,222,2500
4358,141,16000
4359,241,100
4360,242,0
4361,242,0
4362,239,400
4363,242,0
4364,242,0
4365,178,9000
4366,0,350000
4367,230,1500
4368,242,0
4369,32,60000
4370,239,300
4371,238,450
4372,226,2000
4373,242,0
4374,242,0
4375,141,16000
4376,241,100
4377,226,2000
4378,242,0
4379,211,4000
4380,242,0
4381,240,200
4382,242,0
4383,239,400
4384,240,250
4385,240,200
4386,225,2200
4387,241,100
4388,1,150000
4389,237,600
4390,242,0
4391,216,3400
4392,141,15900
4393,239,400
4394,68,37500
4395,242,0
4396,242,0
4397,234,1000
4398,239,300
4399,1,150000
4400,235,900
4401,242,0
4402,242,0
4403,0,200000
4404,45,49500
4405,242,0
4406,1,150000
4407,237,600
4408,19,75000
4409,235,800
4410,1,150000
4411,242,0
4412,242,0
4413,242,0
4414,1,150000
4415,242,0
4416,7,105000
4417,235,800
4418,1,150000
4419,237,600
4420,138,16600
4421,242,0
4422,241,100
4423,235,900
4424,237,600
4425,242,0
4426,242,0
4427,242,0
4428,240,200
4429,234,1000
4430,113,22500
4431,242,0
4432,0,300000
4433,241,100
4434,242,0
4435,242,0
4436,242,0
4437,240,200
4438,235,900
4439,242,0
4440,226,2000
4441,242,0
4442,220,2800
4443,186,7800
4444,242,0
4445,188,7500
4446,235,900
4447,187,7600
4448,242,0
4449,1,150000
4450,0,200000
4451,161,12000
4452,0,300000
4453,240,200
4454,226,2000
4455,242,0
4456,234,1000
4457,242,0
4458,242,0
4459,238,500
4460,242,0
4461,241,100
4462,230,1500
4463,242,0
4464,242,0
4465,242,0
4466,234,1000
4467,0,200000
4468,242,0
4469,141,16000
4470,240,200
4471,242,0
4472,188,7500
4473,242,0
4474,240,200
4475,242,0
4476,235,800
4477,235,800
4478,188,7500
4479,242,0
4480,242,0
4481,239,400
4482,230,1500
4483,242,0
4484,240,250
4485,241,100
4486,240,200
4487,242,0
4488,234,1000
4489,242,0
4490,242,0
4491,239,300
4492,211,4000
4493,242,0
4494,242,0
4495,236,750
4496,233,1100
4497,3,125750
4498,229,1600
4499,240,200
4500,242,0
4501,178,9000
4502,242,0
4503,234,1000
4504,0,300000
4505,13,87500
4506,238,500
4507,210,4200
4508,104,25000
4509,0,300000
4510,235,900
4511,242,0
4512,241,150
4513,239,400
4514,242,0
4515,0,500000
4516,241,100
4517,188,7500
4518,242,0
4519,242,0
4520,1,150000
4521,219,3000
4522,242,0
4523,232,1200
4524,228,1700
4525,0,300000
4526,239,400
4527,228,1700
4528,0,300000
4529,204,5000
4530,242,0
4531,146,15000
4532,242,0
4533,242,0
4534,180,8700
4535,242,0
4536,172,10000
4537,1,150000
4538,188,7500
4539,241,100
4540,242,0
4541,242,0
4542,1,150000
4543,242,0
4544,19,75000
4545,242,0
4546,242,0
4547,197,6000
4548,242,0
4549,230,1500
4550,242,0
4551,237,600
4552,242,0
4553,235,900
4554,241,100
4555,242,0
4556,242,0
4557,1,150000
4558,241,100
4559,1,150000
4560,219,3000
4561,1,150000
4562,241,100
4563,242,0
4564,204,5000
4565,188,7500
4566,242,0
4567,236,750
4568,1,150000
4569,242,0
4570,239,300
4571,0,300000
4572,204,5000
4573,239,300
4574,239,400
4575,242,0
4576,237,600
4577,242,0
4578,239,400
4579,242,0
4580,242,0
4581,230,1500
4582,239,300
4583,239,400
4584,242,0
4585,242,0
4586,242,0
4587,197,6000
4588,242,0
4589,0,500000
4590,188,7500
4591,242,0
4592,242,0
4593,225,2100
4594,239,300
4595,242,0
4596,242,0
4597,242,0
4598,240,200
4599,1,150000
4600,211,4000
4601,204,5000
4602,242,0
4603,211,4000
4604,242,0
4605,197,6000
4606,0,350000
4607,219,3000
4608,224,2300
4609,242,0
4610,242,0
4611,237,650
4612,238,450
4613,241,100
4614,185,8000
4615,242,0
4616,242,0
4617,242,0
4618,1,150000
4619,240,200
4620,239,300
4621,241,100
4622,226,2000
4623,240,200
4624,226,2000
4625,0,200000
4626,237,600
4627,241,100
4628,242,0
4629,229,1600
4630,1,150000
4631,235,800
4632,242,0
4633,204,5000
4634,242,0
4635,242,0
4636,229,1600
4637,242,0
4638,0,300000
4639,242,0
4640,0,500000
4641,242,0
4642,242,0
4643,242,0
4644,240,200
4645,239,400
4646,242,0
4647,62,40000
4648,211,4000
4649,239,400
4650,0,300000
4651,242,0
4652,242,0
4653,242,0
4654,240,200
4655,240,200
4656,1,150000
4657,237,550
4658,242,0
4659,242,0
4660,242,0
4661,0,350000
4662,242,0
4663,242,0
4664,239,400
4665,241,150
4666,241,100
4667,242,0
4668,238,500
4669,242,0
4670,242,0
4671,87,30200
4672,241,100
4673,242,0
4674,242,0
4675,16,80000
4676,225,2100
4677,142,15800
4678,146,15000
4679,220,2800
4680,242,0
4681,21,72000
4682,240,200
4683,242,0
4684,172,10000
4685,242,0
4686,242,0
4687,242,0
4688,235,800
4689,242,0
4690,235,800
4691,145,15200
4692,242,0
4693,240,200
4694,211,4000
4695,242,0
4696,187,7650
4697,239,300
4698,1,150000
4699,123,20000
4700,239,350
4701,197,6000
4702,240,200
4703,187,7600
4704,242,0
4705,240,200
4706,231,1400
4707,238,500
4708,235,800
4709,242,0
4710,242,0
4711,238,500
4712,0,700000
4713,242,0
4714,187,7600
4715,239,300
4716,242,0
4717,215,3500
4718,240,200
4719,242,0
4720,113,22500
4721,1,150000
4722,219,3000
4723,19,75000
4724,232,1300
4725,1,150000
4726,242,0
4727,242,0
4728,242,0
4729,211,4000
4730,132,18000
4731,242,0
4732,242,0
4733,241,100
4734,239,400
4735,231,1400
4736,0,350000
4737,232,1200
4738,239,300
4739,242,0
4740,113,22500
4741,1,150000
4742,208,4500
4743,241,150
4744,239,300
4745,0,300000
4746,123,20000
4747,242,0
4748,4,120000
4749,226,2000
4750,226,2000
4751,242,0
4752,242,0
4753,240,200
4754,242,0
4755,242,0
4756,241,100
4757,45,49800
4758,240,200
4759,242,0
4760,242,0
4761,240,200
4762,41,52500
4763,123,20000
4764,242,0
4765,240,200
4766,175,9500
4767,236,700
4768,1,150000
4769,242,0
4770,226,2000
4771,242,0
4772,242,0
4773,242,0
4774,242,0
4775,0,205000
4776,237,600
4777,242,0
4778,242,0
4779,241,150
4780,239,400
4781,227,1850
4782,229,1600
4783,1,150000
4784,186,7700
4785,242,0
4786,242,0
4787,242,0
4788,242,0
4789,242,0
4790,239,300
4791,242,0
4792,241,100
4793,239,300
4794,240,200
4795,242,0
4796,239,300
4797,239,400
4798,240,200
4799,242,0
4800,239,300
4801,242,0
4802,242,0
4803,242,0
4804,211,4000
4805,242,0
4806,240,200
4807,242,0
4808,242,0
4809,234,1000
4810,206,4800
4811,197,6000
4812,230,1500
4813,241,100
4814,240,200
4815,240,200
4816,226,2000
4817,1,150000
4818,62,40000
4819,235,900
4820,234,1000
4821,240,200
4822,1,150000
4823,237,550
4824,238,450
4825,242,0
4826,204,5000
4827,104,25000
4828,242,0
4829,240,200
4830,242,0
4831,226,2000
4832,2,150000
4833,211,4000
4834,2,150000
4835,242,0
4836,197,6000
4837,200,5600
4838,183,8300
4839,10,93000
4840,239,350
4841,242,0
4842,242,0
4843,226,2000
4844,178,9100
4845,146,15000
4846,138,16600
4847,242,0
4848,235,800
4849,239,400
4850,242,0
4851,185,8000
4852,242,0
4853,2,150000
4854,239,400
4855,240,200
4856,242,0
4857,242,0
4858,242,0
4859,228,1800
4860,241,100
4861,241,150
4862,242,0
4863,0,200000
4864,242,0
4865,230,1500
4866,234,1000
4867,228,1800
4868,242,0
4869,242,0
4870,242,0
4871,242,0
4872,197,6000
4873,223,2400
4874,219,3000
4875,223,2400
4876,242,0
4877,235,800
4878,241,100
4879,242,0
4880,233,1100
4881,242,0
4882,226,2000
4883,240,200
4884,234,1000
4885,222,2600
4886,107,24000
4887,239,300
4888,226,2000
4889,241,100
4890,234,1000
4891,197,6000
4892,242,0
4893,240,250
4894,242,0
4895,241,100
4896,242,0
4897,234,1000
4898,240,200
4899,242,0
4900,226,2000
4901,219,3000
4902,223,2400
4903,237,600
4904,239,400
4905,235,900
4906,2,150000
4907,240,200
4908,241,100
4909,242,0
4910,197,6000
4911,242,0
4912,21,71950
4913,240,200
4914,240,200
4915,242,0
4916,239,400
4917,240,200
4918,242,0
4919,240,250
4920,178,9000
4921,0,500000
4922,68,37500
4923,222,2500
4924,242,0
4925,233,1050
4926,242,0
4927,242,0
4928,242,0
4929,241,100
4930,242,0
4931,242,0
4932,188,7500
4933,2,150000
4934,242,0
4935,242,0
4936,107,24000
4937,242,0
4938,242,0
4939,0,500000
4940,234,1000
4941,230,1500
4942,235,800
4943,242,0
4944,241,100
4945,242,0
4946,16,80000
4947,240,200
4948,242,0
4949,242,0
4950,226,2050
4951,241,150
4952,62,40000
4953,235,900
4954,240,200
4955,240,200
4956,242,0
4957,216,3400
4958,0,350000
4959,204,5000
4960,0,1000000
4961,229,1600
4962,223,2400
4963,13,87500
4964,240,250
4965,242,0
4966,242,0
4967,242,0
4968,242,0
4969,239,300
4970,141,16000
4971,123,20000
4972,235,900
4973,222,2500
4974,242,0
4975,226,2000
4976,239,400
4977,2,150000
4978,234,1000
4979,242,0
4980,185,8000
4981,211,4000
4982,240,200
4983,242,0
4984,242,0
4985,242,0
4986,241,100
4987,242,0
4988,216,3400
4989,242,0
4990,2,150000
4991,241,100
4992,235,900
4993,242,0
4994,241,100
4995,2,150000
4996,242,0
4997,241,100
4998,187,7600
4999,0,300000
5000,239,400
5001,239,300
5002,242,0
5003,242,0
5004,239,400
5005,240,200
5006,242,0
5007,242,0
5008,242,0
5009,180,8750
5010,0,300000
5011,223,2400
5012,45,49500
5013,225,2200
5014,242,0
5015,2,150000
5016,242,0
5017,242,0
5018,2,150000
5019,242,0
5020,240,200
5021,235,800
5022,242,0
5023,219,3000
5024,230,1500
5025,2,150000
5026,242,0
5027,242,0
5028,235,900
5029,232,1200
5030,232,1200
5031,242,0
5032,104,25000
5033,240,250
5034,226,2000
5035,241,150
5036,224,2300
5037,242,0
5038,213,3700
5039,0,200000
5040,230,1500
5041,226,2000
5042,239,300
5043,242,0
5044,242,0
5045,242,0
5046,242,0
5047,242,0
5048,211,4000
5049,241,100
5050,217,3200
5051,240,200
5052,226,2000
5053,242,0
5054,0,500000
5055,239,300
5056,242,0
5057,240,200
5058,88,30000
5059,188,7500
5060,239,300
5061,234,1000
5062,238,500
5063,229,1600
5064,178,9100
5065,242,0
5066,242,0
5067,239,300
5068,242,0
5069,239,300
5070,141,16000
5071,2,150000
5072,188,7500
5073,242,0
5074,241,100
5075,233,1050
5076,2,150000
5077,226,2000
5078,242,0
5079,242,0
5080,242,0
5081,242,0
5082,229,1600
5083,241,100
5084,239,400
5085,241,100
5086,242,0
5087,237,600
5088,242,0
5089,242,0
5090,235,800
5091,235,800
5092,242,0
5093,211,4100
5094,233,1050
5095,242,0
5096,232,1250
5097,240,200
5098,238,500
5099,45,50000
5100,242,0
5101,242,0
5102,242,0
5103,242,0
5104,2,150000
5105,211,4000
5106,181,8600
5107,242,0
5108,239,300
5109,112,22700
5110,239,400
5111,242,0
5112,237,650
5113,2,150000
5114,242,0
5115,123,20000
5116,242,0
5117,236,750
5118,241,100
5119,242,0
5120,197,6000
5121,239,350
5122,238,500
5123,242,0
5124,190,7200
5125,232,1200
5126,241,100
5127,226,2000
5128,235,900
5129,242,0
5130,48,48000
5131,62,40000
5132,239,300
5133,238,500
5134,241,150
5135,237,600
5136,222,2500
5137,242,0
5138,204,5000
5139,141,16000
5140,0,750000
5141,242,0
5142,234,1000
5143,212,3900
5144,242,0
5145,242,0
5146,197,6000
5147,228,1800
5148,235,800
5149,151,14000
5150,242,0
5151,242,0
5152,242,0
5153,0,300000
5154,68,37500
5155,238,500
5156,197,6000
5157,242,0
5158,242,0
5159,2,150000
5160,241,150
5161,11,90000
5162,32,60000
5163,242,0
5164,239,400
5165,235,800
5166,242,0
5167,242,0
5168,141,16000
5169,204,5000
5170,231,1400
5171,239,300
5172,123,20000
5173,2,150000
5174,241,100
5175,221,2700
5176,241,100
5177,239,400
5178,235,800
5179,188,7500
5180,242,0
5181,0,2000000
5182,232,1200
5183,0,1000000
5184,2,150000
5185,230,1500
5186,88,30000
5187,188,7500
5188,238,500
5189,235,900
5190,237,600
5191,242,0
5192,242,0
5193,239,300
5194,242,0
5195,233,1050
5196,27,65000
5197,144,15250
5198,242,0
5199,242,0
5200,242,0
5201,238,500
5202,211,4000
5203,222,2600
5204,242,0
5205,242,0
5206,204,5000
5207,223,2400
5208,239,400
5209,204,5000
5210,0,200000
5211,231,1400
5212,242,0
5213,172,10000
5214,235,800
5215,235,900
5216,242,0
5217,226,2000
5218,242,0
5219,241,100
5220,241,150
5221,240,200
5222,0,1000000
5223,242,0
5224,242,0
5225,234,1000
5226,204,5000
5227,242,0
5228,241,150
5229,242,0
5230,242,0
5231,242,0
5232,242,0
5233,241,100
5234,227,1900
5235,2,150000
5236,242,0
5237,242,0
5238,53,45000
5239,201,5550
5240,0,500000
5241,241,100
5242,242,0
5243,0,350000
5244,242,0
5245,242,0
5246,241,100
5247,242,0
5248,107,24000
5249,88,30000
5250,241,100
5251,242,0
5252,242,0
5253,242,0
5254,188,7500
5255,242,0
5256,208,4500
5257,239,350
5258,37,55200
5259,0,350000
5260,88,30000
5261,242,0
5262,242,0
5263,235,900
5264,53,45000
5265,240,250
5266,210,4200
5267,242,0
5268,239,300
5269,242,0
5270,182,8400
5271,183,8300
5272,2,150000
5273,0,407050
5274,242,0
5275,240,250
5276,218,3100
5277,242,0
5278,226,2000
5279,242,0
5280,229,1600
5281,226,2000
5282,231,1350
5283,228,1700
5284,239,300
5285,239,400
5286,229,1600
5287,5,112500
5288,242,0
5289,88,30000
5290,238,500
5291,219,3000
5292,242,0
5293,2,150000
5294,235,800
5295,242,0
5296,242,0
5297,242,0
5298,242,0
5299,141,16000
5300,197,6000
5301,242,0
5302,239,300
5303,242,0
5304,242,0
5305,242,0
5306,241,150
5307,237,550
5308,242,0
5309,237,600
5310,235,800
5311,216,3350
5312,241,150
5313,242,0
5314,241,100
5315,242,0
5316,32,60000
5317,141,16000
5318,232,1300
5319,146,15000
5320,228,1800
5321,2,150000
5322,235,800
5323,242,0
5324,0,300000
5325,239,300
5326,242,0
5327,235,900
5328,242,0
5329,239,400
5330,235,800
5331,237,600
5332,230,1500
5333,0,450000
5334,242,0
5335,231,1400
5336,216,3300
5337,239,300
5338,239,300
5339,197,6000
5340,211,4000
5341,242,0
5342,223,2400
5343,179,8900
5344,2,150000
5345,242,0
5346,239,300
5347,242,0
5348,230,1500
5349,226,2000
5350,240,200
5351,242,0
5352,2,150000
5353,241,100
5354,242,0
5355,240,200
5356,239,400
5357,242,0
5358,242,0
5359,142,15800
5360,242,0
5361,239,400
5362,242,0
5363,242,0
5364,242,0
5365,242,0
5366,234,1000
5367,223,2400
5368,88,30000
5369,239,400
5370,230,1500
5371,239,300
5372,237,600
5373,242,0
5374,242,0
5375,227,1850
5376,232,1200
5377,239,400
5378,225,2100
5379,242,0
5380,242,0
5381,241,100
5382,242,0
5383,239,300
5384,0,300000
5385,88,30000
5386,242,0
5387,141,16000
5388,239,300
5389,242,0
5390,241,100
5391,240,200
5392,0,1000000
5393,239,300
5394,235,900
5395,241,100
5396,242,0
5397,2,150000
5398,0,450000
5399,0,350000
5400,0,400000
5401,219,3000
5402,2,150000
5403,242,0
5404,6,110000
5405,2,150000
5406,226,2000
5407,242,0
5408,242,0
5409,234,1000
5410,185,8000
5411,197,6000
5412,2,150000
5413,211,4000
5414,242,0
5415,0,400000
5416,239,400
5417,2,150000
5418,226,2000
5419,242,0
5420,242,0
5421,229,1600
5422,242,0
5423,242,0
5424,242,0
5425,237,600
5426,242,0
5427,230,1550
5428,161,12000
5429,240,200
5430,242,0
5431,238,500
5432,197,6000
5433,241,100
5434,239,300
5435,242,0
5436,241,100
5437,242,0
5438,239,300
5439,197,6000
5440,2,150000
5441,233,1100
5442,239,300
5443,0,2000000
5444,242,0
5445,242,0
5446,242,0
5447,235,800
5448,235,800
5449,242,0
5450,0,300000
5451,240,250
5452,242,0
5453,240,200
5454,2,150000
5455,242,0
5456,62,40000
5457,240,250
5458,2,150000
5459,82,32000
5460,2,150000
5461,239,400
5462,226,2000
5463,2,150000
5464,242,0
5465,242,0
5466,240,200
5467,242,0
5468,242,0
5469,237,600
5470,242,0
5471,242,0
5472,242,0
5473,240,250
5474,240,200
5475,240,200
5476,183,8300
5477,62,40000
5478,0,300000
5479,242,0
5480,235,900
5481,2,150000
5482,242,0
5483,242,0
5484,62,40000
5485,2,150000
5486,226,2000
5487,242,0
5488,242,0
5489,226,2000
5490,188,7500
5491,241,100
5492,19,75000
5493,47,48400
5494,188,7500
5495,242,0
5496,241,100
5497,242,0
5498,242,0
5499,221,2700
5500,19,75000
5501,242,0
5502,242,0
5503,242,0
5504,241,100
5505,239,400
5506,107,24000
5507,240,200
5508,233,1050
5509,242,0
5510,188,7500
5511,2,150000
5512,242,0
5513,242,0
5514,242,0
5515,242,0
5516,242,0
5517,235,800
5518,187,7600
5519,242,0
5520,239,400
5521,238,450
5522,242,0
5523,241,100
5524,242,0
5525,242,0
5526,188,7500
5527,188,7500
5528,242,0
5529,224,2300
5530,232,1200
5531,242,0
5532,242,0
5533,242,0
5534,241,100
5535,242,0
5536,242,0
5537,242,0
5538,141,16000
5539,242,0
5540,242,0
5541,219,3000
5542,206,4800
5543,235,800
5544,232,1250
5545,226,2000
5546,190,7200
5547,242,0
5548,197,6000
5549,242,0
5550,242,0
5551,241,100
5552,235,800
5553,239,400
5554,240,200
5555,242,0
5556,240,200
5557,204,5000
5558,123,20000
5559,239,300
5560,242,0
5561,242,0
5562,235,800
5563,242,0
5564,242,0
5565,242,0
5566,236,700
5567,242,0
5568,144,15350
5569,240,200
5570,0,200000
5571,240,250
5572,188,7500
5573,226,2000
5574,211,4000
5575,0,300000
5576,217,3200
5577,241,100
5578,2,150000
5579,156,13000
5580,240,250
5581,242,0
5582,242,0
5583,242,0
5584,242,0
5585,222,2600
5586,242,0
5587,242,0
5588,235,900
5589,87,30100
5590,239,300
5591,88,30000
5592,242,0
5593,228,1800
5594,241,100
5595,226,2000
5596,240,250
5597,239,400
5598,242,0
5599,242,0
5600,2,150000
5601,239,300
5602,242,0
5603,235,900
5604,242,0
5605,241,100
5606,242,0
5607,242,0
5608,240,250
5609,239,300
5610,241,150
5611,242,0
5612,242,0
5613,187,7600
5614,204,5000
5615,242,0
5616,242,0
5617,242,0
5618,242,0
5619,242,0
5620,242,0
5621,240,200
5622,2,150000
5623,242,0
5624,68,37500
5625,242,0
5626,241,100
5627,123,20000
5628,204,5000
5629,241,100
5630,230,1500
5631,2,150000
5632,138,16500
5633,242,0
5634,229,1600
5635,242,0
5636,219,3000
5637,240,200
5638,88,30000
5639,241,100
5640,242,0
5641,242,0
5642,8,99000
5643,211,4000
5644,112,22700
5645,242,0
5646,242,0
5647,234,1000
5648,240,250
5649,240,200
5650,242,0
5651,242,0
5652,235,800
5653,53,45000
5654,141,16000
5655,130,18250
5656,141,16000
5657,242,0
5658,83,31500
5659,62,40000
5660,240,200
5661,233,1100
5662,240,250
5663,242,0
5664,157,12850
5665,240,200
5666,242,0
5667,226,2000
5668,242,0
5669,144,15300
5670,242,0
5671,241,100
5672,242,0
5673,225,2100
5674,242,0
5675,242,0
5676,241,100
5677,239,300
5678,240,200
5679,226,2000
5680,0,350000
5681,242,0
5682,242,0
5683,242,0
5684,242,0
5685,242,0
5686,6,110000
5687,239,350
5688,242,0
5689,2,150000
5690,240,200
5691,242,0
5692,235,800
5693,226,2000
5694,219,3000
5695,78,33400
5696,242,0
5697,242,0
5698,242,0
5699,242,0
5700,88,30000
5701,242,0
5702,242,0
5703,240,200
5704,141,16000
5705,226,2000
5706,2,150000
5707,238,450
5708,241,100
5709,1,150250
5710,241,100
5711,242,0
5712,242,0
5713,240,200
5714,242,0
5715,226,2000
5716,242,0
5717,242,0
5718,181,8500
5719,239,300
5720,236,750
5721,210,4250
5722,240,200
5723,97,27000
5724,242,0
5725,239,400
5726,226,2000
5727,240,200
5728,234,1000
5729,242,0
5730,242,0
5731,170,10500
5732,242,0
5733,229,1600
5734,234,1000
5735,232,1200
5736,241,100
5737,242,0
5738,2,150000
5739,242,0
5740,231,1400
5741,82,32000
5742,239,400
5743,242,0
5744,195,6300
5745,197,6000
5746,241,100
5747,230,1500
5748,240,200
5749,211,4000
5750,230,1500
5751,242,0
5752,239,400
5753,242,0
5754,87,30200
5755,204,5000
5756,201,5550
5757,0,300000
5758,242,0
5759,239,300
5760,242,0
5761,123,20000
5762,232,1200
5763,141,16000
5764,242,0
5765,229,1600
5766,242,0
5767,229,1600
5768,141,16000
5769,242,0
5770,242,0
5771,241,150
5772,240,200
5773,236,750
5774,123,20000
5775,242,0
5776,19,75000
5777,240,200
5778,104,25000
5779,146,15000
5780,229,1600
5781,242,0
5782,235,900
5783,242,0
5784,239,300
5785,242,0
5786,236,700
5787,0,300000
5788,206,4800
5789,0,300000
5790,242,0
5791,228,1700
5792,111,22900
5793,238,500
5794,242,0
5795,232,1200
5796,237,600
5797,241,100
5798,242,0
5799,242,0
5800,239,300
5801,146,15000
5802,242,0
5803,241,150
5804,242,0
5805,223,2400
5806,242,0
5807,226,2000
5808,242,0
5809,239,400
5810,239,300
5811,239,300
5812,240,200
5813,240,200
5814,242,0
5815,221,2700
5816,239,400
5817,242,0
5818,0,600000
5819,204,5000
5820,241,100
5821,141,16000
5822,242,0
5823,185,8000
5824,83,31600
5825,242,0
5826,172,10000
5827,240,200
5828,107,24200
5829,223,2400
5830,242,0
5831,242,0
5832,229,1600
5833,172,10000
5834,239,300
5835,188,7500
5836,241,150
5837,242,0
5838,134,17500
5839,0,350000
5840,211,4000
5841,242,0
5842,238,500
5843,235,800
5844,2,150000
5845,242,0
5846,242,0
5847,240,200
5848,235,900
5849,234,1000
5850,123,20000
5851,239,400
5852,242,0
5853,204,5000
5854,186,7800
5855,240,200
5856,240,200
5857,242,0
5858,242,0
5859,242,0
5860,242,0
5861,208,4500
5862,242,0
5863,2,150000
5864,242,0
5865,211,4000
5866,242,0
5867,0,500000
5868,220,2750
5869,235,900
5870,241,100
5871,0,208000
5872,2,150000
5873,226,2000
5874,241,100
5875,241,100
5876,2,150000
5877,161,12000
5878,172,10000
5879,226,2000
5880,206,4800
5881,187,7600
5882,237,600
5883,235,800
5884,211,4000
5885,237,600
5886,242,0
5887,240,200
5888,240,250
5889,242,0
5890,241,100
5891,242,0
5892,229,1600
5893,242,0
5894,107,24000
5895,88,30000
5896,239,300
5897,242,0
5898,222,2500
5899,228,1750
5900,242,0
5901,242,0
5902,242,0
5903,239,300
5904,0,300000
5905,2,150000
5906,242,0
5907,211,4000
5908,161,12000
5909,239,300
5910,242,0
5911,242,0
5912,242,0
5913,241,100
5914,242,0
5915,39,53800
5916,242,0
5917,109,23500
5918,242,0
5919,242,0
5920,2,150000
5921,233,1100
5922,242,0
5923,242,0
5924,242,0
5925,242,0
5926,211,4000
5927,211,4000
5928,241,100
5929,242,0
5930,239,400
5931,242,0
5932,236,700
5933,203,5200
5934,242,0
5935,62,40000
5936,242,0
5937,232,1300
5938,225,2200
5939,2,150000
5940,242,0
5941,242,0
5942,242,0
5943,228,1750
5944,188,7500
5945,141,16000
5946,242,0
5947,235,800
5948,242,0
5949,2,150000
5950,241,100
5951,242,0
5952,0,450000
5953,223,2400
5954,151,14000
5955,241,100
5956,229,1600
5957,239,400
5958,143,15500
5959,16,80000
5960,125,19400
5961,0,500000
5962,235,800
5963,242,0
5964,241,100
5965,242,0
5966,0,300000
5967,240,250
5968,183,8300
5969,240,250
5970,238,450
5971,242,0
5972,238,500
5973,183,8300
5974,237,650
5975,123,20000
5976,144,15400
5977,221,2700
5978,0,500000
5979,242,0
5980,242,0
5981,2,150000
5982,19,75000
5983,226,2000
5984,227,1900
5985,242,0
5986,0,450000
5987,242,0
5988,239,400
5989,242,0
5990,236,700
5991,242,0
5992,242,0
5993,242,0
5994,47,48400
5995,239,300
5996,242,0
5997,242,0
5998,236,700
5999,242,0
6000,2,150000
6001,197,6000
6002,242,0
6003,242,0
6004,235,800
6005,238,450
6006,197,6000
6007,197,6000
6008,242,0
6009,0,700000
6010,88,30000
6011,242,0
6012,226,2000
6013,239,300
6014,240,200
6015,242,0
6016,235,900
6017,229,1600
6018,242,0
6019,240,250
6020,231,1400
6021,242,0
6022,242,0
6023,242,0
6024,197,6000
6025,161,12000
6026,239,400
6027,242,0
6028,0,500000
6029,237,600
6030,240,200
6031,240,250
6032,241,150
6033,239,350
6034,236,700
6035,242,0
6036,219,3000
6037,242,0
6038,242,0
6039,241,150
6040,2,150000
6041,242,0
6042,238,450
6043,2,150000
6044,242,0
6045,242,0
6046,242,0
6047,240,200
6048,41,52500
6049,0,750000
6050,241,100
6051,215,3450
6052,2,150000
6053,242,0
6054,242,0
6055,235,800
6056,2,150000
6057,240,200
6058,242,0
6059,242,0
6060,242,0
6061,242,0
6062,241,100
6063,242,0
6064,242,0
6065,242,0
6066,241,150
6067,62,40000
6068,242,0
6069,237,650
6070,241,100
6071,239,400
6072,2,150000
6073,242,0
6074,242,0
6075,242,0
6076,235,900
6077,185,8000
6078,242,0
6079,2,150000
6080,0,300000
6081,241,100
6082,242,0
6083,242,0
6084,239,300
6085,0,350000
6086,242,0
6087,240,200
6088,242,0
6089,242,0
6090,238,500
6091,240,200
6092,242,0
6093,242,0
6094,226,2000
6095,62,40000
6096,242,0
6097,41,52500
6098,240,250
6099,239,300
6100,219,3000
6101,242,0
6102,242,0
6103,239,300
6104,228,1800
6105,242,0
6106,204,5000
6107,242,0
6108,242,0
6109,238,500
6110,239,300
6111,242,0
6112,238,500
6113,0,200000
6114,2,150000
6115,211,4000
6116,204,5000
6117,239,400
6118,219,3000
6119,242,0
6120,197,6000
6121,239,300
6122,226,2000
6123,240,250
6124,226,2000
6125,241,100
6126,228,1700
6127,242,0
6128,242,0
6129,240,200
6130,242,0
6131,238,450
6132,242,0
6133,242,0
6134,237,600
6135,0,357800
6136,239,400
6137,0,900000
6138,242,0
6139,238,500
6140,242,0
6141,235,800
6142,242,0
6143,242,0
6144,237,600
6145,228,1800
6146,188,7500
6147,241,100
6148,242,0
6149,242,0
6150,62,40000
6151,242,0
6152,242,0
6153,242,0
6154,236,750
6155,2,150000
6156,242,0
6157,227,1900
6158,242,0
6159,239,300
6160,241,100
6161,45,49500
6162,242,0
6163,240,200
6164,242,0
6165,233,1100
6166,242,0
6167,242,0
6168,242,0
6169,242,0
6170,236,700
6171,241,100
6172,242,0
6173,242,0
6174,242,0
6175,242,0
6176,241,100
6177,2,150000
6178,242,0
6179,242,0
6180,241,150
6181,226,2000
6182,241,150
6183,141,16000
6184,241,100
6185,219,3000
6186,141,16000
6187,242,0
6188,230,1500
6189,242,0
6190,2,150000
6191,217,3200
6192,238,450
6193,242,0
6194,242,0
6195,141,16000
6196,240,250
6197,242,0
6198,242,0
6199,0,500000
6200,242,0
6201,242,0
6202,241,150
6203,239,400
6204,240,200
6205,230,1500
6206,242,0
6207,242,0
6208,13,87500
6209,242,0
6210,242,0
6211,242,0
6212,2,150000
6213,242,0
6214,242,0
6215,235,800
6216,240,250
6217,2,150000
6218,239,300
6219,226,2000
6220,242,0
6221,242,0
6222,16,80000
6223,242,0
6224,242,0
6225,204,5000
6226,242,0
6227,232,1300
6228,242,0
6229,132,18000
6230,241,100
6231,238,500
6232,185,8000
6233,240,200
6234,16,80000
6235,2,150000
6236,241,100
6237,193,6600
6238,0,500000
6239,211,4000
6240,242,0
6241,242,0
6242,228,1750
6243,238,500
6244,240,200
6245,239,400
6246,242,0
6247,242,0
6248,230,1500
6249,241,100
6250,172,10000
6251,146,15000
6252,188,7500
6253,239,300
6254,146,15000
6255,242,0
6256,232,1200
6257,188,7500
6258,242,0
6259,16,80000
6260,235,800
6261,242,0
6262,242,0
6263,138,16500
6264,242,0
6265,242,0
6266,242,0
6267,144,15300
6268,240,250
6269,0,200000
6270,242,0
6271,235,800
6272,242,0
6273,241,150
6274,204,5000
6275,0,500000
6276,191,7000
6277,242,0
6278,242,0
6279,197,6000
6280,242,0
6281,242,0
6282,62,40000
6283,242,0
6284,237,600
6285,242,0
6286,242,0
6287,242,0
6288,242,0
6289,226,2000
6290,204,5000
6291,2,150000
6292,240,200
6293,2,150000
6294,223,2400
6295,240,200
6296,242,0
6297,1,178900
6298,0,2000000
6299,214,3600
6300,237,650
6301,242,0
6302,239,300
6303,242,0
6304,242,0
6305,242,0
6306,242,0
6307,242,0
6308,242,0
6309,242,0
6310,242,0
6311,242,0
6312,242,0
6313,2,150000
6314,242,0
6315,242,0
6316,242,0
6317,239,300
6318,219,3000
6319,242,0
6320,242,0
6321,242,0
6322,242,0
6323,235,900
6324,242,0
6325,239,300
6326,240,200
6327,234,1000
6328,242,0
6329,242,0
6330,242,0
6331,188,7500
6332,240,250
6333,239,300
6334,242,0
6335,240,200
6336,242,0
6337,238,500
6338,239,300
6339,242,0
6340,104,25000
6341,242,0
6342,242,0
6343,239,300
6344,226,2000
6345,134,17400
6346,236,700
6347,211,4000
6348,239,400
6349,242,0
6350,242,0
6351,3,125750
6352,0,350000
6353,242,0
6354,226,2000
6355,242,0
6356,242,0
6357,242,0
6358,43,50900
6359,242,0
6360,239,400
6361,242,0
6362,223,2400
6363,234,1000
6364,224,2300
6365,241,100
6366,239,300
6367,2,150000
6368,242,0
6369,238,500
6370,88,30000
6371,88,30000
6372,242,0
6373,242,0
6374,234,1000
6375,242,0
6376,238,500
6377,235,800
6378,240,200
6379,239,300
6380,240,200
6381,242,0
6382,211,4000
6383,178,9100
6384,240,250
6385,239,300
6386,240,200
6387,231,1400
6388,242,0
6389,242,0
6390,242,0
6391,242,0
6392,2,150000
6393,240,200
6394,2,150000
6395,237,600
6396,242,0
6397,21,72000
6398,242,0
6399,240,200
6400,242,0
6401,231,1350
6402,219,2900
6403,242,0
6404,0,300000
6405,0,500000
6406,239,400
6407,62,40000
6408,0,300000
6409,240,200
6410,234,1000
6411,241,100
6412,240,250
6413,229,1600
6414,206,4800
6415,2,150000
6416,2,150000
6417,242,0
6418,144,15400
6419,229,1600
6420,88,30000
6421,231,1400
6422,232,1200
6423,240,200
6424,239,300
6425,242,0
6426,2,150000
6427,240,250
6428,242,0
6429,241,100
6430,240,250
6431,242,0
6432,0,500000
6433,242,0
6434,240,250
6435,237,600
6436,133,17650
6437,239,400
6438,145,15100
6439,241,100
6440,204,5000
6441,242,0
6442,242,0
6443,242,0
6444,241,100
6445,242,0
6446,238,500
6447,242,0
6448,0,450000
6449,166,11100
6450,242,0
6451,242,0
6452,242,0
6453,239,400
6454,242,0
6455,242,0
6456,1,175000
6457,241,100
6458,204,5000
6459,226,2000
6460,241,100
6461,242,0
6462,211,4000
6463,219,3000
6464,242,0
6465,239,300
6466,240,250
6467,242,0
6468,197,6000
6469,240,200
6470,242,0
6471,211,4000
6472,240,200
6473,242,0
6474,188,7500
6475,242,0
6476,240,200
6477,2,150000
6478,107,24200
6479,239,350
6480,242,0
6481,227,1900
6482,242,0
6483,242,0
6484,242,0
6485,237,600
6486,242,0
6487,141,16000
6488,232,1250
6489,88,30000
6490,242,0
6491,0,500000
6492,242,0
6493,242,0
6494,242,0
6495,235,900
6496,197,6000
6497,242,0
6498,123,20000
6499,242,0
6500,242,0
6501,242,0
6502,221,2650
6503,123,20000
6504,240,200
6505,197,6000
6506,235,800
6507,242,0
6508,220,2800
6509,242,0
6510,235,800
6511,242,0
6512,233,1150
6513,240,250
6514,236,750
6515,211,4000
6516,242,0
6517,242,0
6518,6,110000
6519,242,0
6520,242,0
6521,2,150000
6522,230,1500
6523,229,1600
6524,239,300
6525,107,24000
6526,240,250
6527,238,500
6528,141,16000
6529,2,150000
6530,242,0
6531,240,250
6532,242,0
6533,242,0
6534,235,900
6535,242,0
6536,242,0
6537,242,0
6538,242,0
6539,238,500
6540,219,3000
6541,19,75000
6542,239,400
6543,131,18200
6544,0,750000
6545,226,2000
6546,239,400
6547,242,0
6548,242,0
6549,211,4000
6550,240,200
6551,242,0
6552,204,5000
6553,197,6000
6554,239,300
6555,123,20000
6556,242,0
6557,242,0
6558,230,1500
6559,240,250
6560,2,150000
6561,241,100
6562,4,122500
6563,240,200
6564,219,3000
6565,240,250
6566,226,2000
6567,186,7800
6568,238,500
6569,242,0
6570,88,30000
6571,217,3200
6572,241,100
6573,242,0
6574,240,200
6575,242,0
6576,242,0
6577,236,750
6578,242,0
6579,229,1600
6580,7,105000
6581,211,4000
6582,2,150000
6583,2,150000
6584,234,1000
6585,242,0
6586,240,200
6587,242,0
6588,211,4000
6589,2,150000
6590,242,0
6591,172,10000
6592,242,0
6593,240,200
6594,242,0
6595,141,16000
6596,242,0
6597,242,0
6598,2,150000
6599,2,150000
6600,241,100
6601,203,5200
6602,242,0
6603,241,100
6604,241,100
6605,223,2400
6606,188,7500
6607,242,0
6608,242,0
6609,242,0
6610,240,200
6611,204,5000
6612,235,800
6613,2,150000
6614,239,300
6615,172,10000
6616,242,0
6617,234,1000
6618,242,0
6619,0,1000000
6620,188,7500
6621,242,0
6622,237,600
6623,204,5000
6624,239,400
6625,45,49500
6626,241,100
6627,2,150000
6628,239,300
6629,197,6000
6630,242,0
6631,240,200
6632,241,100
6633,239,300
6634,219,3000
6635,242,0
6636,242,0
6637,242,0
6638,242,0
6639,226,2000
6640,242,0
6641,242,0
6642,242,0
6643,226,2000
6644,242,0
6645,204,5000
6646,197,6000
6647,240,200
6648,146,15000
6649,242,0
6650,242,0
6651,242,0
6652,242,0
6653,0,1000000
6654,237,600
6655,242,0
6656,166,11100
6657,242,0
6658,239,300
6659,242,0
6660,211,4000
6661,141,16000
6662,242,0
6663,242,0
6664,235,800
6665,241,150
6666,242,0
6667,219,3000
6668,242,0
6669,41,52500
6670,235,900
6671,233,1100
6672,240,250
6673,240,200
6674,238,500
6675,242,0
6676,241,150
6677,242,0
6678,197,6000
6679,240,200
6680,242,0
6681,240,250
6682,211,4000
6683,242,0
6684,242,0
6685,242,0
6686,242,0
6687,242,0
6688,2,150000
6689,242,0
6690,68,37500
6691,2,150000
6692,235,900
6693,187,7600
6694,242,0
6695,242,0
6696,241,100
6697,242,0
6698,242,0
6699,242,0
6700,224,2300
6701,185,8000
6702,239,300
6703,211,4000
6704,172,10000
6705,219,3000
6706,242,0
6707,242,0
6708,242,0
6709,242,0
6710,242,0
6711,241,100
6712,240,250
6713,186,7800
6714,240,250
6715,242,0
6716,242,0
6717,2,150000
6718,88,30000
6719,230,1500
6720,0,600000
6721,242,0
6722,239,300
6723,2,150000
6724,62,40000
6725,242,0
6726,242,0
6727,242,0
6728,232,1200
6729,239,300
6730,242,0
6731,235,900
6732,242,0
6733,242,0
6734,2,150000
6735,242,0
6736,242,0
6737,242,0
6738,229,1600
6739,4,122500
6740,241,100
6741,241,100
6742,241,100
6743,242,0
6744,236,750
6745,2,150000
6746,240,250
6747,239,300
6748,242,0
6749,242,0
6750,228,1800
6751,226,2000
6752,186,7700
6753,229,1600
6754,232,1250
6755,1,170000
6756,240,200
6757,241,100
6758,204,5000
6759,242,0
6760,2,150000
6761,241,100
6762,235,800
6763,99,26300
6764,240,200
6765,210,4200
6766,242,0
6767,242,0
6768,240,200
6769,239,400
6770,242,0
6771,242,0
6772,2,150000
6773,242,0
6774,211,4000
6775,242,0
6776,242,0
6777,242,0
6778,242,0
6779,242,0
6780,242,0
6781,226,2000
6782,23,70000
6783,215,3500
6784,41,52500
6785,239,300
6786,188,7500
6787,242,0
6788,240,250
6789,146,15000
6790,206,4800
6791,228,1700
6792,242,0
6793,107,24000
6794,242,0
6795,8,100000
6796,240,200
6797,240,200
6798,242,0
6799,0,200000
6800,242,0
6801,242,0
6802,240,200
6803,242,0
6804,242,0
6805,242,0
6806,19,75000
6807,222,2600
6808,188,7500
6809,242,0
6810,238,450
6811,242,0
6812,242,0
6813,242,0
6814,211,4000
6815,2,150000
6816,242,0
6817,2,150000
6818,204,5000
6819,242,0
6820,238,500
6821,240,200
6822,242,0
6823,241,100
6824,242,0
6825,238,500
6826,0,350000
6827,242,0
6828,242,0
6829,242,0
6830,242,0
6831,239,350
6832,237,600
6833,241,100
6834,132,18000
6835,211,4000
6836,233,1150
6837,211,4000
6838,240,200
6839,237,600
6840,2,150000
6841,141,16000
6842,238,500
6843,0,454000
6844,239,300
6845,242,0
6846,0,1000000
6847,241,100
6848,0,350000
6849,242,0
6850,226,2000
6851,240,250
6852,241,100
6853,68,37500
6854,2,150000
6855,239,300
6856,237,600
6857,239,300
6858,239,400
6859,123,20000
6860,238,500
6861,172,10000
6862,232,1300
6863,204,5000
6864,107,24200
6865,2,150000
6866,242,0
6867,241,100
6868,2,150000
6869,2,150000
6870,226,2000
6871,161,12000
6872,141,16000
6873,242,0
6874,242,0
6875,237,600
6876,239,350
6877,235,900
6878,239,300
6879,0,1000000
6880,239,300
6881,234,1000
6882,234,1000
6883,242,0
6884,239,300
6885,235,900
6886,242,0
6887,188,7500
6888,141,16000
6889,242,0
6890,241,100
6891,240,200
6892,242,0
6893,242,0
6894,242,0
6895,226,2000
6896,235,800
6897,238,500
6898,235,800
6899,241,100
6900,242,0
6901,242,0
6902,0,300000
6903,242,0
6904,188,7500
6905,211,4000
6906,235,900
6907,241,150
6908,215,3500
6909,242,0
6910,242,0
6911,242,0
6912,216,3300
6913,242,0
6914,242,0
6915,242,0
6916,211,4000
6917,2,150000
6918,237,600
6919,242,0
6920,211,4000
6921,226,2000
6922,242,0
6923,0,300000
6924,242,0
6925,240,200
6926,241,100
6927,239,400
6928,2,150000
6929,242,0
6930,242,0
6931,241,150
6932,242,0
6933,238,500
6934,242,0
6935,242,0
6936,241,100
6937,242,0
6938,231,1400
6939,242,0
6940,197,6000
6941,242,0
6942,242,0
6943,242,0
6944,242,0
6945,177,9200
6946,197,6000
6947,242,0
6948,242,0
6949,242,0
6950,206,4800
6951,242,0
6952,228,1800
6953,242,0
6954,242,0
6955,242,0
6956,0,200000
6957,215,3500
6958,2,150000
6959,242,0
6960,226,2000
6961,236,750
6962,240,200
6963,0,300000
6964,242,0
6965,242,0
6966,208,4500
6967,242,0
6968,240,250
6969,241,150
6970,241,150
6971,239,300
6972,0,350000
6973,146,15000
6974,228,1750
6975,239,300
6976,240,250
6977,242,0
6978,67,37800
6979,219,3000
6980,107,24000
6981,242,0
6982,242,0
6983,242,0
6984,242,0
6985,112,22700
6986,240,200
6987,235,900
6988,107,24200
6989,242,0
6990,185,8000
6991,183,8300
6992,204,5000
6993,242,0
6994,2,150000
6995,226,2000
6996,235,800
6997,223,2400
6998,234,1000
6999,242,0
7000,107,24000
7001,242,0
7002,239,300
7003,242,0
7004,2,150000
7005,242,0
7006,242,0
7007,242,0
7008,232,1250
7009,2,150000
7010,242,0
7011,242,0
7012,235,800
7013,0,500000
7014,240,200
7015,0,500000
7016,242,0
7017,217,3200
7018,240,250
7019,241,100
7020,234,1000
7021,241,100
7022,242,0
7023,240,200
7024,229,1600
7025,142,15800
7026,2,150000
7027,182,8400
7028,241,100
7029,211,4000
7030,229,1600
7031,239,300
7032,242,0
7033,235,800
7034,230,1500
7035,240,200
7036,242,0
7037,217,3200
7038,187,7650
7039,219,3000
7040,234,1000
7041,242,0
7042,242,0
7043,32,60000
7044,242,0
7045,240,200
7046,242,0
7047,242,0
7048,2,150000
7049,242,0
7050,240,200
7051,240,250
7052,0,1500000
7053,0,250000
7054,242,0
7055,197,6000
7056,242,0
7057,241,100
7058,2,150000
7059,242,0
7060,242,0
7061,235,800
7062,239,400
7063,242,0
7064,0,300000
7065,239,300
7066,242,0
7067,139,16300
7068,240,250
7069,242,0
7070,242,0
7071,242,0
7072,234,1000
7073,239,300
7074,23,70000
7075,240,250
7076,235,800
7077,242,0
7078,197,6100
7079,211,4000
7080,239,400
7081,242,0
7082,242,0
7083,226,2000
7084,188,7500
7085,242,0
7086,239,300
7087,188,7500
7088,0,2000000
7089,239,300
7090,242,0
7091,161,12000
7092,242,0
7093,239,400
7094,197,6000
7095,241,100
7096,241,150
7097,0,500000
7098,241,100
7099,39,53800
7100,239,300
7101,242,0
7102,141,16000
7103,104,24900
7104,225,2100
7105,2,150000
7106,107,24000
7107,206,4800
7108,242,0
7109,240,250
7110,242,0
7111,2,150000
7112,2,150000
7113,240,200
7114,167,10900
7115,242,0
7116,242,0
7117,240,200
7118,226,2000
7119,181,8500
7120,197,6000
7121,242,0
7122,242,0
7123,237,550
7124,242,0
7125,235,900
7126,231,1350
7127,2,150000
7128,240,200
7129,32,60000
7130,239,400
7131,242,0
7132,241,100
7133,241,100
7134,242,0
7135,242,0
7136,32,60000
7137,242,0
7138,2,150000
7139,242,0
7140,217,3200
7141,234,1000
7142,107,24200
7143,225,2100
7144,242,0
7145,242,0
7146,238,500
7147,107,24000
7148,239,400
7149,2,150000
7150,242,0
7151,240,250
7152,240,200
7153,242,0
7154,242,0
7155,188,7500
7156,242,0
7157,240,250
7158,239,300
7159,228,1750
7160,238,500
7161,242,0
7162,239,300
7163,242,0
7164,0,300000
7165,242,0
7166,8,100200
7167,242,0
7168,241,150
7169,204,5000
7170,240,250
7171,242,0
7172,0,350000
7173,242,0
7174,235,800
7175,232,1200
7176,182,8400
7177,2,150000
7178,187,7600
7179,242,0
7180,242,0
7181,242,0
7182,242,0
7183,242,0
7184,2,150000
7185,242,0
7186,239,400
7187,219,3000
7188,242,0
7189,242,0
7190,242,0
7191,242,0
7192,242,0
7193,239,400
7194,241,100
7195,239,350
7196,242,0
7197,242,0
7198,242,0
7199,233,1050
7200,226,2000
7201,242,0
7202,240,200
7203,226,2000
7204,241,100
7205,242,0
7206,242,0
7207,217,3200
7208,242,0
7209,19,75000
7210,2,150000
7211,240,200
7212,242,0
7213,188,7500
7214,242,0
7215,242,0
7216,2,150000
7217,235,800
7218,223,2400
7219,87,30200
7220,242,0
7221,231,1350
7222,238,500
7223,242,0
7224,242,0
7225,230,1500
7226,2,150000
7227,230,1500
7228,242,0
7229,241,100
7230,242,0
7231,239,300
7232,0,400000
7233,236,750
7234,226,2000
7235,188,7500
7236,241,100
7237,242,0
7238,0,1750000
7239,0,300000
7240,107,24000
7241,2,150000
7242,242,0
7243,204,5000
7244,239,300
7245,0,2000000
7246,241,100
7247,141,16000
7248,242,0
7249,240,200
7250,242,0
7251,240,200
7252,229,1600
7253,242,0
7254,113,22500
7255,239,350
7256,241,100
7257,241,100
7258,225,2100
7259,229,1600
7260,2,150000
7261,242,0
7262,112,22700
7263,242,0
7264,212,3900
7265,47,48400
7266,197,6000
7267,232,1200
7268,242,0
7269,233,1050
7270,23,70000
7271,4,125000
7272,240,250
7273,239,300
7274,242,0
7275,172,10000
7276,242,0
7277,211,4000
7278,242,0
7279,219,3000
7280,242,0
7281,242,0
7282,234,1000
7283,211,4000
7284,222,2500
7285,232,1300
7286,242,0
7287,241,100
7288,242,0
7289,242,0
7290,141,16000
7291,242,0
7292,242,0
7293,241,100
7294,242,0
7295,0,450000
7296,35,56750
7297,241,100
7298,240,200
7299,123,20000
7300,0,450000
7301,242,0
7302,239,300
7303,0,450000
7304,223,2400
7305,240,200
7306,2,150000
7307,237,550
7308,187,7600
7309,242,0
7310,242,0
7311,151,14000
7312,242,0
7313,242,0
7314,188,7500
7315,238,450
7316,242,0
7317,242,0
7318,242,0
7319,237,600
7320,241,100
7321,226,2000
7322,242,0
7323,88,30000
7324,242,0
7325,236,750
7326,0,400000
7327,2,150000
7328,137,16900
7329,238,500
7330,222,2500
7331,183,8300
7332,161,12000
7333,235,800
7334,223,2400
7335,242,0
7336,242,0
7337,242,0
7338,240,200
7339,242,0
7340,242,0
7341,2,150000
7342,242,0
7343,238,500
7344,2,150000
7345,242,0
7346,235,800
7347,242,0
7348,236,700
7349,242,0
7350,233,1050
7351,239,300
7352,241,100
7353,238,500
7354,242,0
7355,197,6000
7356,242,0
7357,240,200
7358,0,300000
7359,241,100
7360,242,0
7361,242,0
7362,242,0
7363,242,0
7364,242,0
7365,2,150000
7366,239,400
7367,242,0
7368,237,600
7369,239,300
7370,242,0
7371,240,200
7372,242,0
7373,242,0
7374,242,0
7375,234,1000
7376,242,0
7377,242,0
7378,242,0
7379,222,2500
7380,240,200
7381,239,300
7382,242,0
7383,240,200
7384,242,0
7385,242,0
7386,242,0
7387,242,0
7388,242,0
7389,239,300
7390,0,600000
7391,242,0
7392,238,500
7393,197,6000
7394,241,150
7395,235,800
7396,1,160200
7397,226,2000
7398,242,0
7399,240,200
7400,239,350
7401,242,0
7402,240,250
7403,226,2000
7404,242,0
7405,242,0
7406,206,4800
7407,172,10000
7408,241,100
7409,242,0
7410,0,750000
7411,242,0
7412,0,300000
7413,224,2300
7414,242,0
7415,172,10100
7416,242,0
7417,241,100
7418,242,0
7419,240,200
7420,234,1000
7421,242,0
7422,242,0
7423,242,0
7424,241,100
7425,242,0
7426,242,0
7427,235,800
7428,242,0
7429,240,200
7430,0,500000
7431,242,0
7432,166,11200
7433,235,900
7434,178,9100
7435,145,15200
7436,242,0
7437,237,600
7438,141,16000
7439,242,0
7440,239,400
7441,240,250
7442,239,300
7443,237,600
7444,241,150
7445,188,7500
7446,242,0
7447,204,5000
7448,236,750
7449,242,0
7450,233,1100
7451,242,0
7452,242,0
7453,242,0
7454,242,0
7455,242,0
7456,242,0
7457,242,0
7458,240,200
7459,238,450
7460,242,0
7461,242,0
7462,242,0
7463,242,0
7464,242,0
7465,185,8000
7466,0,350000
7467,2,150000
7468,145,15200
7469,219,3000
7470,0,500000
7471,233,1050
7472,242,0
7473,242,0
7474,113,22500
7475,187,7600
7476,0,350000
7477,2,150000
7478,242,0
7479,237,600
7480,88,30000
7481,242,0
7482,242,0
7483,237,600
7484,242,0
7485,143,15500
7486,240,200
7487,237,600
7488,2,150000
7489,222,2600
7490,62,40000
7491,241,100
7492,237,600
7493,2,150000
7494,242,0
7495,242,0
7496,107,24000
7497,88,30000
7498,134,17500
7499,242,0
7500,240,200
7501,242,0
7502,231,1400
7503,186,7800
7504,185,8000
7505,242,0
7506,242,0
7507,230,1500
7508,242,0
7509,242,0
7510,242,0
7511,242,0
7512,62,40000
7513,242,0
7514,236,700
7515,223,2450
7516,242,0
7517,235,900
7518,238,500
7519,226,2000
7520,2,150000
7521,241,150
7522,242,0
7523,239,300
7524,242,0
7525,2,150000
7526,242,0
7527,238,500
7528,240,200
7529,241,100
7530,242,0
7531,241,100
7532,2,150000
7533,107,24000
7534,242,0
7535,238,450
7536,197,6000
7537,0,300000
7538,242,0
7539,211,4000
7540,242,0
7541,242,0
7542,242,0
7543,2,150000
7544,185,8000
7545,236,750
7546,230,1500
7547,239,300
7548,234,1000
7549,231,1400
7550,240,200
7551,232,1250
7552,48,48000
7553,242,0
7554,241,100
7555,226,2000
7556,241,100
7557,242,0
7558,242,0
7559,211,4000
7560,242,0
7561,242,0
7562,238,450
7563,240,200
7564,239,300
7565,240,200
7566,242,0
7567,141,16000
7568,242,0
7569,240,200
7570,242,0
7571,226,2000
7572,242,0
7573,207,4600
7574,242,0
7575,241,100
7576,88,30000
7577,242,0
7578,0,300000
7579,242,0
7580,237,600
7581,239,300
7582,242,0
7583,228,1700
7584,242,0
7585,242,0
7586,2,150000
7587,141,16000
7588,45,49500
7589,229,1600
7590,141,16000
7591,242,0
7592,0,200000
7593,232,1300
7594,0,700000
7595,239,300
7596,225,2100
7597,237,600
7598,183,8300
7599,211,4000
7600,68,37500
7601,240,200
7602,242,0
7603,242,0
7604,240,250
7605,242,0
7606,242,0
7607,242,0
7608,232,1200
7609,141,16000
7610,240,200
7611,242,0
7612,239,300
7613,239,400
7614,219,3000
7615,211,4000
7616,242,0
7617,240,200
7618,242,0
7619,228,1700
7620,240,200
7621,2,150000
7622,53,45000
7623,239,400
7624,204,5000
7625,185,8000
7626,239,400
7627,242,0
7628,242,0
7629,242,0
7630,225,2100
7631,242,0
7632,239,400
7633,242,0
7634,242,0
7635,239,300
7636,242,0
7637,242,0
7638,242,0
7639,242,0
7640,242,0
7641,239,400
7642,242,0
7643,242,0
7644,240,250
7645,237,600
7646,216,3300
7647,229,1600
7648,240,200
7649,240,250
7650,239,300
7651,13,87500
7652,241,100
7653,197,6000
7654,242,0
7655,242,0
7656,2,150000
7657,242,0
7658,234,1000
7659,242,0
7660,238,500
7661,242,0
7662,240,200
7663,48,48000
7664,235,900
7665,188,7500
7666,242,0
7667,0,200000
7668,2,150000
7669,242,0
7670,2,150000
7671,242,0
7672,88,30000
7673,229,1600
7674,231,1400
7675,238,450
7676,197,6000
7677,239,400
7678,141,16000
7679,242,0
7680,242,0
7681,229,1600
7682,242,0
7683,242,0
7684,0,450000
7685,213,3750
7686,210,4200
7687,228,1750
7688,242,0
7689,242,0
7690,242,0
7691,107,24200
7692,242,0
7693,235,900
7694,204,5000
7695,242,0
7696,241,100
7697,239,300
7698,235,800
7699,242,0
7700,229,1600
7701,228,1800
7702,226,2000
7703,45,49500
7704,237,600
7705,232,1200
7706,242,0
7707,242,0
7708,236,750
7709,2,150000
7710,226,2000
7711,188,7500
7712,242,0
7713,172,10000
7714,242,0
7715,214,3600
7716,239,350
7717,2,150000
7718,242,0
7719,236,700
7720,242,0
7721,242,0
7722,175,9500
7723,211,4000
7724,242,0
7725,204,5000
7726,242,0
7727,242,0
7728,211,4000
7729,32,60000
7730,242,0
7731,137,16800
7732,242,0
7733,242,0
7734,238,500
7735,2,150000
7736,113,22500
7737,223,2400
7738,240,200
7739,240,200
7740,239,300
7741,229,1600
7742,242,0
7743,241,100
7744,76,34100
7745,242,0
7746,242,0
7747,240,200
7748,226,1950
7749,241,100
7750,211,4000
7751,241,150
7752,242,0
7753,233,1100
7754,242,0
7755,241,150
7756,0,2000000
7757,242,0
7758,236,700
7759,240,200
7760,238,500
7761,242,0
7762,242,0
7763,239,300
7764,241,150
7765,240,200
7766,241,150
7767,241,100
7768,0,300000
7769,242,0
7770,228,1700
7771,242,0
7772,0,200000
7773,240,200
7774,240,200
7775,242,0
7776,141,16000
7777,2,150000
7778,2,150000
7779,242,0
7780,242,0
7781,238,500
7782,237,600
7783,183,8300
7784,236,700
7785,242,0
7786,240,200
7787,219,3000
7788,240,200
7789,240,200
7790,235,900
7791,242,0
7792,242,0
7793,242,0
7794,242,0
7795,242,0
7796,145,15200
7797,107,24000
7798,242,0
7799,2,150000
7800,242,0
7801,240,200
7802,239,400
7803,238,500
7804,237,600
7805,0,500000
7806,2,150000
7807,223,2400
7808,225,2100
7809,241,100
7810,183,8300
7811,185,7900
7812,242,0
7813,238,450
7814,188,7500
7815,192,6900
7816,197,6000
7817,241,100
7818,242,0
7819,241,100
7820,88,30000
7821,241,100
7822,237,600
7823,206,4800
7824,172,10000
7825,242,0
7826,167,11000
7827,185,8000
7828,242,0
7829,211,4100
7830,223,2400
7831,2,150000
7832,242,0
7833,229,1600
7834,219,2900
7835,238,500
7836,242,0
7837,240,200
7838,239,400
7839,231,1400
7840,240,200
7841,242,0
7842,240,250
7843,242,0
7844,239,300
7845,229,1600
7846,211,4000
7847,35,56750
7848,231,1400
7849,113,22500
7850,242,0
7851,239,400
7852,235,800
7853,242,0
7854,58,42000
7855,242,0
7856,239,300
7857,242,0
7858,239,300
7859,242,0
7860,240,200
7861,19,75600
7862,241,100
7863,211,4000
7864,237,600
7865,181,8600
7866,204,5000
7867,242,0
7868,216,3400
7869,242,0
7870,239,400
7871,240,200
7872,242,0
7873,242,0
7874,242,0
7875,228,1800
7876,239,300
7877,242,0
7878,141,16000
7879,242,0
7880,219,3000
7881,2,150000
7882,115,22000
7883,242,0
7884,237,550
7885,242,0
7886,240,200
7887,236,750
7888,239,300
7889,242,0
7890,186,7800
7891,242,0
7892,242,0
7893,236,700
7894,241,100
7895,197,6000
7896,241,100
7897,237,650
7898,197,6000
7899,226,2000
7900,210,4200
7901,234,1000
7902,242,0
7903,242,0
7904,242,0
7905,219,3000
7906,226,2000
7907,241,100
7908,242,0
7909,242,0
7910,242,0
7911,242,0
7912,242,0
7913,104,25000
7914,242,0
7915,170,10500
7916,118,21300
7917,172,10000
7918,239,300
7919,242,0
7920,242,0
7921,239,300
7922,141,16000
7923,239,300
7924,182,8400
7925,2,150000
7926,242,0
7927,222,2500
7928,227,1900
7929,145,15200
7930,235,900
7931,241,100
7932,242,0
7933,242,0
7934,161,12000
7935,242,0
7936,2,150000
7937,242,0
7938,2,150000
7939,242,0
7940,237,600
7941,235,800
7942,242,0
7943,236,750
7944,0,600000
7945,236,750
7946,239,400
7947,141,16000
7948,241,100
7949,2,150000
7950,2,150000
7951,226,2000
7952,62,40000
7953,241,100
7954,219,3000
7955,68,37500
7956,226,2000
7957,240,250
7958,123,20000
7959,229,1600
7960,239,400
7961,177,9250
7962,242,0
7963,242,0
7964,240,200
7965,123,20000
7966,239,300
7967,242,0
7968,242,0
7969,228,1800
7970,53,45000
7971,242,0
7972,137,16800
7973,242,0
7974,238,500
7975,185,8000
7976,241,100
7977,242,0
7978,242,0
7979,227,1900
7980,239,300
7981,0,300000
7982,235,800
7983,242,0
7984,219,2900
7985,242,0
7986,242,0
7987,72,36000
7988,107,24000
7989,123,20000
7990,242,0
7991,239,300
7992,239,300
7993,242,0
7994,237,600
7995,242,0
7996,220,2800
7997,242,0
7998,104,25000
7999,242,0
8000,217,3200
8001,238,500
8002,242,0
8003,239,400
8004,242,0
8005,242,0
8006,197,6000
8007,0,450000
8008,242,0
8009,138,16600
8010,137,16800
8011,238,500
8012,240,200
8013,187,7600
8014,226,2000
8015,229,1600
8016,242,0
8017,219,3000
8018,239,300
8019,0,900000
8020,242,0
8021,241,100
8022,237,600
8023,107,24000
8024,241,100
8025,188,7500
8026,238,450
8027,242,0
8028,226,2000
8029,242,0
8030,240,200
8031,224,2300
8032,2,150000
8033,242,0
8034,239,300
8035,82,32000
8036,2,150000
8037,219,3000
8038,241,100
8039,235,800
8040,229,1600
8041,239,400
8042,146,15000
8043,238,500
8044,242,0
8045,235,800
8046,242,0
8047,242,0
8048,242,0
8049,241,100
8050,242,0
8051,242,0
8052,242,0
8053,215,3500
8054,242,0
8055,239,300
8056,242,0
8057,242,0
8058,242,0
8059,242,0
8060,238,450
8061,0,300000
8062,242,0
8063,226,2000
8064,242,0
8065,2,150000
8066,242,0
8067,242,0
8068,230,1500
8069,240,250
8070,239,300
8071,242,0
8072,240,200
8073,240,200
8074,242,0
8075,242,0
8076,226,2000
8077,62,40000
8078,241,100
8079,242,0
8080,242,0
8081,240,250
8082,235,800
8083,242,0
8084,141,16000
8085,242,0
8086,229,1600
8087,2,150000
8088,242,0
8089,2,150000
8090,2,150000
8091,242,0
8092,0,500000
8093,242,0
8094,236,700
8095,141,16000
8096,242,0
8097,242,0
8098,230,1500
8099,141,16000
8100,186,7800
8101,232,1300
8102,242,0
8103,222,2500
8104,235,800
8105,240,250
8106,239,300
8107,2,150000
8108,0,500000
8109,19,75000
8110,225,2200
8111,185,8000
8112,239,350
8113,242,0
8114,2,150000
8115,242,0
8116,179,8950
8117,235,800
8118,242,0
8119,144,15400
8120,242,0
8121,195,6400
8122,242,0
8123,242,0
8124,241,100
8125,242,0
8126,186,7700
8127,226,2000
8128,239,400
8129,242,0
8130,240,200
8131,242,0
8132,242,0
8133,242,0
8134,239,400
8135,242,0
8136,238,500
8137,0,300000
8138,242,0
8139,235,800
8140,241,100
8141,167,11000
8142,2,150000
8143,41,52500
8144,240,250
8145,241,100
8146,234,950
8147,0,1000000
8148,180,8700
8149,2,150000
8150,242,0
8151,236,700
8152,232,1200
8153,232,1200
8154,235,800
8155,235,800
8156,41,52500
8157,242,0
8158,2,150000
8159,242,0
8160,241,100
8161,241,100
8162,242,0
8163,226,2000
8164,240,250
8165,242,0
8166,242,0
8167,242,0
8168,242,0
8169,240,250
8170,236,750
8171,242,0
8172,145,15200
8173,242,0
8174,242,0
8175,232,1300
8176,236,750
8177,242,0
8178,240,200
8179,188,7500
8180,242,0
8181,183,8300
8182,238,500
8183,242,0
8184,242,0
8185,144,15400
8186,233,1150
8187,241,150
8188,219,3000
8189,0,300000
8190,8,99000
8191,234,1000
8192,229,1600
8193,0,350000
8194,242,0
8195,239,350
8196,235,800
8197,241,100
8198,0,300000
8199,242,0
8200,242,0
8201,242,0
8202,146,15000
8203,242,0
8204,241,100
8205,240,200
8206,226,2000
8207,242,0
8208,242,0
8209,197,6000
8210,242,0
8211,239,300
8212,188,7500
8213,237,550
8214,241,150
8215,242,0
8216,240,250
8217,239,300
8218,107,24000
8219,239,400
8220,242,0
8221,242,0
8222,242,0
8223,242,0
8224,242,0
8225,237,600
8226,242,0
8227,242,0
8228,185,8000
8229,172,10000
8230,242,0
8231,242,0
8232,197,6000
8233,241,100
8234,242,0
8235,236,700
8236,242,0
8237,242,0
8238,242,0
8239,141,16000
8240,237,600
8241,241,150
8242,242,0
8243,242,0
8244,240,200
8245,228,1700
8246,232,1250
8247,232,1200
8248,234,1000
8249,229,1650
8250,204,5000
8251,242,0
8252,242,0
8253,242,0
8254,242,0
8255,88,30000
8256,241,100
8257,107,24000
8258,240,200
8259,242,0
8260,241,150
8261,242,0
8262,178,9100
8263,237,600
8264,226,2000
8265,240,200
8266,82,32000
8267,237,600
8268,242,0
8269,19,75000
8270,188,7500
8271,242,0
8272,242,0
8273,11,90000
8274,242,0
8275,242,0
8276,239,400
8277,2,150000
8278,242,0
8279,240,250
8280,226,2000
8281,239,300
8282,242,0
8283,231,1400
8284,2,150000
8285,236,750
8286,241,150
8287,2,150000
8288,236,750
8289,242,0
8290,2,150000
8291,3,126500
8292,0,200000
8293,211,4000
8294,194,6500
8295,222,2500
8296,188,7500
8297,232,1200
8298,240,200
8299,242,0
8300,241,150
8301,238,450
8302,242,0
8303,242,0
8304,242,0
8305,238,500
8306,242,0
8307,237,600
8308,238,450
8309,234,1000
8310,204,5000
8311,240,200
8312,242,0
8313,234,1000
8314,237,600
8315,239,400
8316,161,12000
8317,241,100
8318,197,6000
8319,225,2100
8320,211,4000
8321,2,150000
8322,242,0
8323,186,7800
8324,240,200
8325,242,0
8326,0,600000
8327,241,100
8328,242,0
8329,242,0
8330,236,750
8331,242,0
8332,242,0
8333,242,0
8334,0,300000
8335,183,8300
8336,242,0
8337,241,100
8338,223,2400
8339,235,800
8340,242,0
8341,242,0
8342,242,0
8343,240,200
8344,242,0
8345,235,900
8346,238,500
8347,242,0
8348,202,5400
8349,0,300000
8350,242,0
8351,211,4000
8352,228,1700
8353,86,30400
8354,226,2000
8355,242,0
8356,242,0
8357,239,300
8358,242,0
8359,242,0
8360,242,0
8361,16,80000
8362,242,0
8363,240,200
8364,240,200
8365,242,0
8366,241,150
8367,240,200
8368,185,8000
8369,241,100
8370,2,150000
8371,237,600
8372,242,0
8373,241,100
8374,235,900
8375,107,24000
8376,188,7500
8377,0,200000
8378,239,400
8379,141,16000
8380,228,1800
8381,242,0
8382,241,100
8383,239,400
8384,232,1300
8385,241,150
8386,240,200
8387,0,187500
8388,62,40000
8389,242,0
8390,240,200
8391,240,250
8392,234,1000
8393,242,0
8394,242,0
8395,242,0
8396,241,100
8397,242,0
8398,146,15000
8399,239,300
8400,161,12000
8401,8,100000
8402,237,600
8403,88,30000
8404,242,0
8405,238,500
8406,242,0
8407,235,800
8408,242,0
8409,242,0
8410,241,150
8411,242,0
8412,242,0
8413,239,300
8414,235,900
8415,226,2000
8416,242,0
8417,242,0
8418,241,100
8419,219,3000
8420,239,300
8421,240,200
8422,200,5600
8423,39,53800
8424,242,0
8425,185,7900
8426,240,200
8427,242,0
8428,237,600
8429,242,0
8430,232,1200
8431,241,100
8432,186,7700
8433,239,300
8434,242,0
8435,226,2000
8436,242,0
8437,242,0
8438,2,150000
8439,235,850
8440,0,500000
8441,242,0
8442,206,4800
8443,242,0
8444,2,150000
8445,241,150
8446,242,0
8447,242,0
8448,235,900
8449,234,1000
8450,242,0
8451,242,0
8452,239,400
8453,68,37500
8454,226,2000
8455,242,0
8456,242,0
8457,242,0
8458,241,100
8459,107,24000
8460,242,0
8461,240,200
8462,242,0
8463,242,0
8464,141,16000
8465,240,200
8466,146,15000
8467,240,200
8468,242,0
8469,211,4000
8470,182,8400
8471,242,0
8472,0,450000
8473,241,150
8474,241,100
8475,107,24000
8476,242,0
8477,83,31600
8478,242,0
8479,241,100
8480,238,500
8481,238,450
8482,241,100
8483,242,0
8484,241,100
8485,204,5000
8486,239,400
8487,242,0
8488,237,600
8489,242,0
8490,242,0
8491,2,150000
8492,242,0
8493,240,250
8494,242,0
8495,242,0
8496,241,100
8497,239,400
8498,240,200
8499,242,0
8500,242,0
8501,242,0
8502,2,150000
8503,242,0
8504,2,150000
8505,229,1600
8506,242,0
8507,0,300000
8508,211,4000
8509,242,0
8510,239,300
8511,242,0
8512,242,0
8513,242,0
8514,240,250
8515,242,0
8516,144,15300
8517,242,0
8518,2,150000
8519,241,100
8520,142,15800
8521,242,0
8522,239,300
8523,242,0
8524,222,2500
8525,242,0
8526,145,15200
8527,239,300
8528,240,200
8529,82,32000
8530,178,9100
8531,239,300
8532,197,6000
8533,183,8300
8534,209,4300
8535,241,150
8536,242,0
8537,242,0
8538,242,0
8539,232,1250
8540,242,0
8541,140,16100
8542,62,40000
8543,123,20000
8544,242,0
8545,242,0
8546,242,0
8547,239,300
8548,0,450000
8549,228,1700
8550,217,3200
8551,132,17900
8552,0,500000
8553,241,100
8554,2,150000
8555,241,100
8556,241,150
8557,214,3600
8558,239,300
8559,2,150000
8560,242,0
8561,242,0
8562,240,250
8563,225,2100
8564,239,300
8565,146,15000
8566,144,15400
8567,242,0
8568,187,7600
8569,123,20000
8570,242,0
8571,188,7500
8572,242,0
8573,240,200
8574,229,1600
8575,239,300
8576,2,150000
8577,242,0
8578,4,122500
8579,242,0
8580,242,0
8581,2,150000
8582,242,0
8583,230,1500
8584,240,200
8585,234,1000
8586,241,150
8587,239,300
8588,146,15000
8589,242,0
8590,241,150
8591,241,100
8592,41,52500
8593,172,10000
8594,242,0
8595,235,800
8596,41,52500
8597,242,0
8598,242,0
8599,239,300
8600,235,800
8601,242,0
8602,241,100
8603,240,200
8604,226,2000
8605,0,300000
8606,241,100
8607,237,600
8608,241,100
8609,2,150000
8610,239,400
8611,238,450
8612,242,0
8613,235,800
8614,242,0
8615,211,4000
8616,62,40000
8617,242,0
8618,242,0
8619,242,0
8620,241,100
8621,235,900
8622,242,0
8623,242,0
8624,242,0
8625,240,200
8626,242,0
8627,226,2000
8628,217,3250
8629,230,1500
8630,235,800
8631,2,150000
8632,229,1600
8633,242,0
8634,0,300000
8635,2,150000
8636,242,0
8637,185,8000
8638,204,5000
8639,240,200
8640,242,0
8641,242,0
8642,225,2200
8643,227,1900
8644,240,200
8645,239,400
8646,2,150000
8647,207,4600
8648,242,0
8649,239,300
8650,242,0
8651,242,0
8652,204,5000
8653,238,500
8654,0,200000
8655,230,1500
8656,242,0
8657,242,0
8658,242,0
8659,242,0
8660,235,800
8661,123,20000
8662,239,300
8663,2,150000
8664,242,0
8665,0,2000000
8666,242,0
8667,232,1250
8668,242,0
8669,240,200
8670,197,6000
8671,239,400
8672,2,150000
8673,241,100
8674,141,16000
8675,88,30000
8676,241,100
8677,2,150000
8678,239,300
8679,240,200
8680,2,150000
8681,241,100
8682,242,0
8683,235,900
8684,228,1800
8685,240,250
8686,242,0
8687,2,150000
8688,0,300000
8689,231,1400
8690,236,750
8691,237,600
8692,123,20000
8693,242,0
8694,239,300
8695,146,15000
8696,242,0
8697,0,200000
8698,242,0
8699,242,0
8700,239,300
8701,226,2000
8702,239,300
8703,242,0
8704,197,6000
8705,242,0
8706,0,200000
8707,242,0
8708,0,300000
8709,242,0
8710,224,2250
8711,197,6000
8712,242,0
8713,242,0
8714,242,0
8715,242,0
8716,242,0
8717,234,1000
8718,237,600
8719,197,6000
8720,0,300000
8721,235,900
8722,242,0
8723,88,30000
8724,239,300
8725,2,150000
8726,242,0
8727,32,60000
8728,197,6000
8729,240,200
8730,236,750
8731,0,200000
8732,229,1600
8733,239,400
8734,241,100
8735,123,20000
8736,240,250
8737,1,155000
8738,237,600
8739,242,0
8740,240,200
8741,242,0
8742,240,200
8743,241,100
8744,242,0
8745,242,0
8746,239,400
8747,235,900
8748,235,800
8749,239,300
8750,242,0
8751,240,250
8752,186,7700
8753,242,0
8754,234,1000
8755,223,2400
8756,241,100
8757,242,0
8758,141,16000
8759,240,200
8760,2,150000
8761,242,0
8762,242,0
8763,2,150000
8764,242,0
8765,242,0
8766,242,0
8767,32,60000
8768,225,2100
8769,242,0
8770,242,0
8771,242,0
8772,0,300000
8773,231,1400
8774,228,1750
8775,242,0
8776,123,20000
8777,237,600
8778,242,0
8779,242,0
8780,227,1900
8781,186,7750
8782,242,0
8783,235,800
8784,217,3200
8785,204,5000
8786,242,0
8787,241,100
8788,241,100
8789,242,0
8790,242,0
8791,242,0
8792,188,7500
8793,239,400
8794,0,204500
8795,239,300
8796,240,200
8797,2,150000
8798,242,0
8799,241,100
8800,240,200
8801,197,6000
8802,141,16000
8803,242,0
8804,242,0
8805,242,0
8806,234,1000
8807,62,40000
8808,242,0
8809,0,1750000
8810,242,0
8811,232,1300
8812,242,0
8813,242,0
8814,242,0
8815,242,0
8816,236,750
8817,242,0
8818,242,0
8819,172,10000
8820,242,0
8821,47,48400
8822,87,30200
8823,228,1700
8824,242,0
8825,242,0
8826,242,0
8827,187,7600
8828,235,800
8829,73,35500
8830,242,0
8831,228,1700
8832,235,800
8833,229,1600
8834,123,20000
8835,232,1250
8836,242,0
8837,146,15000
8838,242,0
8839,242,0
8840,242,0
8841,240,200
8842,240,200
8843,239,400
8844,242,0
8845,41,52500
8846,242,0
8847,241,150
8848,242,0
8849,242,0
8850,0,300000
8851,239,400
8852,239,400
8853,239,400
8854,185,8000
8855,239,400
8856,241,100
8857,240,200
8858,229,1600
8859,242,0
8860,242,0
8861,0,300000
8862,234,1000
8863,0,350000
8864,236,750
8865,219,2900
8866,0,350000
8867,0,200000
8868,241,100
8869,113,22500
8870,0,500000
8871,0,300000
8872,242,0
8873,242,0
8874,172,10000
8875,0,900000
8876,242,0
8877,242,0
8878,197,6000
8879,242,0
8880,241,100
8881,187,7600
8882,211,4000
8883,235,900
8884,188,7500
8885,239,300
8886,242,0
8887,242,0
8888,241,100
8889,242,0
8890,2,150000
8891,242,0
8892,2,150000
8893,235,900
8894,242,0
8895,242,0
8896,204,5000
8897,235,900
8898,241,100
8899,241,100
8900,242,0
8901,211,4000
8902,2,150000
8903,241,100
8904,0,300000
8905,239,300
8906,211,4000
8907,80,32800
8908,242,0
8909,240,200
8910,219,3000
8911,0,300000
8912,242,0
8913,2,150000
8914,242,0
8915,172,10000
8916,226,2000
8917,113,22500
8918,242,0
8919,238,500
8920,242,0
8921,146,15000
8922,242,0
8923,242,0
8924,242,0
8925,0,200000
8926,241,100
8927,237,600
8928,197,6000
8929,242,0
8930,242,0
8931,228,1800
8932,242,0
8933,237,600
8934,172,10000
8935,226,2000
8936,177,9200
8937,242,0
8938,107,24000
8939,242,0
8940,226,2000
8941,197,6000
8942,2,150000
8943,219,2900
8944,242,0
8945,239,400
8946,239,300
8947,238,500
8948,161,12000
8949,226,2000
8950,107,24000
8951,242,0
8952,242,0
8953,226,2000
8954,241,100
8955,242,0
8956,242,0
8957,241,100
8958,242,0
8959,238,500
8960,242,0
8961,232,1200
8962,2,150000
8963,238,500
8964,2,150000
8965,237,600
8966,232,1300
8967,88,30000
8968,241,150
8969,241,150
8970,239,300
8971,197,6000
8972,185,8000
8973,242,0
8974,240,200
8975,239,350
8976,186,7750
8977,235,800
8978,242,0
8979,0,300000
8980,242,0
8981,2,150000
8982,235,800
8983,232,1300
8984,239,300
8985,230,1500
8986,242,0
8987,0,215200
8988,240,200
8989,2,150000
8990,242,0
8991,172,10000
8992,0,350000
8993,242,0
8994,227,1850
8995,219,3000
8996,197,6000
8997,242,0
8998,235,900
8999,241,100
9000,240,200
9001,242,0
9002,242,0
9003,242,0
9004,239,400
9005,238,500
9006,88,30000
9007,138,16600
9008,0,377250
9009,0,700000
9010,241,100
9011,237,600
9012,185,8000
9013,241,100
9014,234,1000
9015,242,0
9016,0,300000
9017,236,750
9018,183,8200
9019,197,6000
9020,32,60000
9021,242,0
9022,2,150000
9023,0,450000
9024,241,150
9025,237,600
9026,13,87500
9027,239,300
9028,242,0
9029,238,500
9030,2,150000
9031,242,0
9032,186,7700
9033,187,7600
9034,235,800
9035,242,0
9036,169,10600
9037,232,1200
9038,236,750
9039,240,250
9040,242,0
9041,240,200
9042,178,9100
9043,2,150000
9044,240,200
9045,222,2600
9046,242,0
9047,68,37500
9048,0,300000
9049,230,1500
9050,238,500
9051,238,500
9052,242,0
9053,172,10000
9054,232,1200
9055,242,0
9056,242,0
9057,88,30000
9058,197,6000
9059,235,900
9060,0,200000
9061,239,300
9062,241,150
9063,242,0
9064,242,0
9065,2,150000
9066,2,150000
9067,242,0
9068,204,5000
9069,239,300
9070,235,900
9071,211,4000
9072,242,0
9073,242,0
9074,241,150
9075,235,800
9076,241,100
9077,239,300
9078,0,300000
9079,237,600
9080,0,450000
9081,0,310000
9082,146,15000
9083,238,500
9084,226,2000
9085,242,0
9086,242,0
9087,8,99000
9088,230,1450
9089,187,7600
9090,242,0
9091,242,0
9092,2,150000
9093,2,150000
9094,242,0
9095,242,0
9096,237,600
9097,242,0
9098,242,0
9099,192,6900
9100,242,0
9101,241,150
9102,237,600
9103,242,0
9104,238,450
9105,242,0
9106,240,200
9107,224,2300
9108,241,100
9109,4,125000
9110,242,0
9111,240,250
9112,223,2400
9113,239,300
9114,88,30000
9115,242,0
9116,239,400
9117,241,100
9118,2,150000
9119,242,0
9120,236,750
9121,242,0
9122,204,5000
9123,242,0
9124,242,0
9125,239,300
9126,241,100
9127,242,0
9128,239,400
9129,2,150000
9130,242,0
9131,142,15800
9132,219,3000
9133,62,40000
9134,2,150000
9135,237,600
9136,240,200
9137,237,600
9138,242,0
9139,242,0
9140,235,800
9141,242,0
9142,232,1200
9143,242,0
9144,242,0
9145,242,0
9146,239,300
9147,242,0
9148,239,300
9149,45,50000
9150,240,200
9151,2,150000
9152,242,0
9153,242,0
9154,240,200
9155,241,150
9156,242,0
9157,240,200
9158,242,0
9159,197,6000
9160,241,100
9161,172,10050
9162,141,16000
9163,197,6000
9164,242,0
9165,242,0
9166,241,100
9167,240,200
9168,242,0
9169,239,300
9170,228,1800
9171,2,150000
9172,2,150000
9173,239,300
9174,242,0
9175,2,150000
9176,146,15000
9177,242,0
9178,242,0
9179,219,3000
9180,241,100
9181,141,16000
9182,232,1250
9183,240,200
9184,242,0
9185,229,1650
9186,242,0
9187,240,200
9188,234,1000
9189,241,100
9190,0,300000
9191,239,300
9192,242,0
9193,237,600
9194,242,0
9195,178,9100
9196,242,0
9197,204,5000
9198,226,2000
9199,16,80000
9200,178,9000
9201,223,2400
9202,242,0
9203,242,0
9204,239,300
9205,242,0
9206,241,100
9207,239,300
9208,144,15300
9209,0,750000
9210,231,1400
9211,242,0
9212,242,0
9213,220,2800
9214,141,16000
9215,141,16000
9216,242,0
9217,242,0
9218,241,100
9219,242,0
9220,211,4000
9221,242,0
9222,242,0
9223,240,200
9224,236,750
9225,242,0
9226,241,100
9227,2,150000
9228,242,0
9229,145,15200
9230,242,0
9231,240,250
9232,239,300
9233,242,0
9234,188,7500
9235,242,0
9236,242,0
9237,2,150000
9238,242,0
9239,183,8300
9240,241,100
9241,239,400
9242,235,850
9243,107,24000
9244,242,0
9245,226,2000
9246,241,100
9247,88,30000
9248,231,1350
9249,242,0
9250,242,0
9251,242,0
9252,226,2000
9253,113,22500
9254,239,400
9255,226,2000
9256,238,500
9257,237,600
9258,68,37500
9259,242,0
9260,242,0
9261,242,0
9262,235,800
9263,242,0
9264,211,4000
9265,242,0
9266,242,0
9267,242,0
9268,242,0
9269,142,15800
9270,238,450
9271,242,0
9272,242,0
9273,241,100
9274,240,200
9275,242,0
9276,241,100
9277,127,19100
9278,197,6000
9279,2,150000
9280,242,0
9281,242,0
9282,242,0
9283,230,1500
9284,226,2000
9285,242,0
9286,242,0
9287,133,17600
9288,239,400
9289,242,0
9290,62,40000
9291,242,0
9292,2,150000
9293,237,600
9294,239,300
9295,237,650
9296,242,0
9297,240,200
9298,234,1000
9299,188,7500
9300,216,3300
9301,242,0
9302,237,600
9303,242,0
9304,240,250
9305,0,1500000
9306,242,0
9307,240,200
9308,242,0
9309,41,52500
9310,242,0
9311,242,0
9312,242,0
9313,123,20000
9314,232,1250
9315,241,100
9316,241,100
9317,242,0
9318,242,0
9319,239,300
9320,242,0
9321,225,2100
9322,0,350000
9323,241,100
9324,241,100
9325,2,150000
9326,211,4000
9327,241,100
9328,242,0
9329,242,0
9330,3,128000
9331,229,1600
9332,178,9100
9333,238,500
9334,0,325000
9335,239,300
9336,242,0
9337,2,150000
9338,242,0
9339,242,0
9340,219,3000
9341,242,0
9342,242,0
9343,241,100
9344,235,800
9345,242,0
9346,240,250
9347,242,0
9348,233,1150
9349,242,0
9350,242,0
9351,2,150000
9352,242,0
9353,226,2000
9354,241,150
9355,204,5000
9356,242,0
9357,211,4000
9358,242,0
9359,242,0
9360,240,200
9361,241,150
9362,237,600
9363,240,250
9364,240,200
9365,2,150000
9366,240,250
9367,233,1100
9368,211,4000
9369,241,100
9370,242,0
9371,240,200
9372,242,0
9373,240,200
9374,239,400
9375,81,32200
9376,240,200
9377,242,0
9378,172,10000
9379,242,0
9380,242,0
9381,204,5000
9382,242,0
9383,0,450000
9384,242,0
9385,238,500
9386,240,200
9387,229,1600
9388,239,400
9389,227,1900
9390,240,200
9391,242,0
9392,230,1500
9393,32,60000
9394,242,0
9395,144,15400
9396,242,0
9397,224,2250
9398,229,1600
9399,2,150000
9400,188,7500
9401,242,0
9402,242,0
9403,232,1250
9404,242,0
9405,204,5000
9406,238,450
9407,240,200
9408,30,61200
9409,242,0
9410,239,300
9411,230,1500
9412,242,0
9413,235,800
9414,242,0
9415,223,2400
9416,47,48400
9417,0,200000
9418,239,400
9419,235,800
9420,214,3600
9421,226,2000
9422,237,600
9423,242,0
9424,242,0
9425,242,0
9426,226,2000
9427,240,200
9428,2,150000
9429,237,600
9430,134,17500
9431,241,100
9432,232,1200
9433,242,0
9434,229,1600
9435,242,0
9436,241,100
9437,230,1500
9438,0,500000
9439,242,0
9440,242,0
9441,238,500
9442,235,800
9443,239,400
9444,2,150000
9445,239,300
9446,2,150000
9447,242,0
9448,241,100
9449,241,100
9450,188,7500
9451,191,7000
9452,242,0
9453,242,0
9454,2,150000
9455,41,52500
9456,242,0
9457,242,0
9458,226,2000
9459,239,300
9460,204,5000
9461,240,250
9462,242,0
9463,239,400
9464,239,300
9465,0,300000
9466,88,30000
9467,242,0
9468,240,200
9469,172,10000
9470,240,250
9471,238,500
9472,242,0
9473,240,200
9474,234,1000
9475,238,500
9476,229,1600
9477,221,2700
9478,242,0
9479,231,1400
9480,123,20000
9481,188,7500
9482,235,800
9483,242,0
9484,235,800
9485,185,7900
9486,241,100
9487,45,49500
9488,242,0
9489,242,0
9490,242,0
9491,242,0
9492,230,1500
9493,241,100
9494,240,200
9495,2,150000
9496,228,1750
9497,237,600
9498,229,1600
9499,242,0
9500,239,300
9501,2,150000
9502,242,0
9503,241,100
9504,242,0
9505,107,24000
9506,242,0
9507,2,150000
9508,224,2300
9509,242,0
9510,242,0
9511,197,6000
9512,235,800
9513,242,0
9514,228,1750
9515,236,700
9516,226,2000
9517,240,250
9518,237,600
9519,242,0
9520,187,7600
9521,242,0
9522,242,0
9523,241,100
9524,242,0
9525,219,3000
9526,226,2000
9527,242,0
9528,242,0
9529,185,8000
9530,0,1000000
9531,226,2000
9532,236,750
9533,235,800
9534,242,0
9535,123,20000
9536,242,0
9537,240,200
9538,241,150
9539,235,900
9540,242,0
9541,141,16000
9542,186,7700
9543,193,6600
9544,241,100
9545,239,300
9546,242,0
9547,242,0
9548,242,0
9549,229,1600
9550,0,700000
9551,214,3600
9552,239,400
9553,236,700
9554,145,15200
9555,242,0
9556,237,600
9557,242,0
9558,242,0
9559,238,500
9560,214,3600
9561,242,0
9562,238,500
9563,219,2900
9564,185,8000
9565,188,7500
9566,242,0
9567,234,1000
9568,240,200
9569,141,16000
9570,242,0
9571,237,600
9572,241,150
9573,141,16000
9574,242,0
9575,2,150000
9576,240,200
9577,240,200
9578,141,16000
9579,2,150000
9580,242,0
9581,186,7700
9582,242,0
9583,240,200
9584,235,900
9585,241,100
9586,239,300
9587,242,0
9588,242,0
9589,240,200
9590,235,800
9591,238,450
9592,239,300
9593,236,750
9594,133,17650
9595,242,0
9596,242,0
9597,242,0
9598,242,0
9599,0,450000
9600,226,2000
9601,239,300
9602,242,0
9603,219,3000
9604,144,15300
9605,242,0
9606,141,16000
9607,242,0
9608,2,150000
9609,241,150
9610,242,0
9611,240,250
9612,204,5000
9613,240,200
9614,242,0
9615,204,5000
9616,0,300000
9617,2,150000
9618,242,0
9619,237,600
9620,2,150000
9621,242,0
9622,239,400
9623,242,0
9624,241,100
9625,226,2000
9626,226,2000
9627,226,2000
9628,87,30100
9629,242,0
9630,242,0
9631,242,0
9632,123,20000
9633,172,10000
9634,137,16800
9635,242,0
9636,113,22500
9637,107,24000
9638,88,30000
9639,107,24000
9640,242,0
9641,242,0
9642,240,200
9643,241,150
9644,242,0
9645,0,1500000
9646,241,100
9647,0,500000
9648,242,0
9649,239,400
9650,242,0
9651,235,800
9652,242,0
9653,7,105000
9654,123,20000
9655,32,60000
9656,239,300
9657,80,32550
9658,242,0
9659,239,300
9660,242,0
9661,226,2000
9662,204,5000
9663,219,3000
9664,242,0
9665,211,4000
9666,242,0
9667,242,0
9668,237,600
9669,237,600
9670,15,83000
9671,88,30000
9672,230,1500
9673,222,2600
9674,240,200
9675,242,0
9676,238,500
9677,236,750
9678,241,100
9679,242,0
9680,240,250
9681,219,3000
9682,242,0
9683,2,150000
9684,242,0
9685,86,30400
9686,141,16000
9687,242,0
9688,151,14000
9689,239,300
9690,242,0
9691,235,900
9692,242,0
9693,181,8500
9694,241,150
9695,242,0
9696,224,2250
9697,236,750
9698,0,750000
9699,242,0
9700,228,1800
9701,239,300
9702,197,6000
9703,239,300
9704,221,2700
9705,0,1500000
9706,239,300
9707,242,0
9708,241,100
9709,242,0
9710,0,300000
9711,241,100
9712,113,22500
9713,238,500
9714,242,0
9715,2,150000
9716,231,1400
9717,235,800
9718,185,7900
9719,188,7500
9720,240,200
9721,242,0
9722,240,200
9723,237,600
9724,2,150000
9725,242,0
9726,239,400
9727,242,0
9728,241,100
9729,238,450
9730,242,0
9731,241,100
9732,187,7650
9733,240,200
9734,242,0
9735,242,0
9736,240,200
9737,242,0
9738,211,4000
9739,242,0
9740,219,3000
9741,211,4000
9742,242,0
9743,0,350000
9744,235,900
9745,242,0
9746,241,100
9747,204,5000
9748,242,0
9749,219,3000
9750,242,0
9751,240,250
9752,242,0
9753,234,1000
9754,236,750
9755,242,0
9756,242,0
9757,242,0
9758,2,150000
9759,82,32000
9760,239,300
9761,2,150000
9762,167,11000
9763,2,150000
9764,242,0
9765,2,150000
9766,242,0
9767,141,16000
9768,225,2100
9769,242,0
9770,0,450000
9771,231,1400
9772,242,0
9773,0,750000
9774,242,0
9775,241,150
9776,107,24000
9777,239,300
9778,242,0
9779,240,200
9780,2,150000
9781,2,150000
9782,242,0
9783,197,6000
9784,188,7500
9785,242,0
9786,242,0
9787,222,2500
9788,2,150000
9789,235,800
9790,161,12000
9791,242,0
9792,230,1500
9793,239,300
9794,242,0
9795,204,5000
9796,242,0
9797,53,45000
9798,235,800
9799,235,800
9800,206,4800
9801,229,1600
9802,239,400
9803,197,6000
9804,146,15000
9805,242,0
9806,238,450
9807,242,0
9808,234,1000
9809,239,300
9810,242,0
9811,240,250
9812,204,5000
9813,242,0
9814,225,2100
9815,242,0
9816,241,100
9817,238,500
9818,242,0
9819,238,500
9820,206,4800
9821,2,150000
9822,240,250
9823,242,0
9824,223,2400
9825,48,48000
9826,241,100
9827,232,1200
9828,240,200
9829,228,1800
9830,8,99000
9831,242,0
9832,242,0
9833,242,0
9834,237,600
9835,242,0
9836,41,52500
9837,32,60000
9838,242,0
9839,230,1500
9840,242,0
9841,242,0
9842,242,0
9843,239,400
9844,242,0
9845,242,0
9846,242,0
9847,242,0
9848,2,150000
9849,240,200
9850,238,500
9851,242,0
9852,0,350000
9853,242,0
9854,228,1800
9855,240,200
9856,0,300000
9857,176,9400
9858,241,100
9859,239,300
9860,242,0
9861,242,0
9862,240,250
9863,188,7500
9864,2,150000
9865,239,400
9866,0,450000
9867,242,0
9868,141,16000
9869,240,250
9870,145,15100
9871,13,87500
9872,188,7500
9873,226,2000
9874,242,0
9875,186,7800
9876,242,0
9877,242,0
9878,219,3000
9879,0,200000
9880,242,0
9881,226,2000
9882,239,400
9883,242,0
9884,211,4000
9885,242,0
9886,242,0
9887,2,150000
9888,203,5250
9889,1,166150
9890,180,8700
9891,241,100
9892,242,0
9893,0,1500000
9894,242,0
9895,240,200
9896,188,7500
9897,242,0
9898,241,100
9899,238,500
9900,2,150000
9901,225,2100
9902,239,300
9903,242,0
9904,238,500
9905,242,0
9906,242,0
9907,242,0
9908,242,0
9909,141,16000
9910,242,0
9911,0,500000
9912,242,0
9913,197,6000
9914,123,20000
9915,240,200
9916,242,0
9917,242,0
9918,242,0
9919,211,4000
9920,240,250
9921,240,200
9922,188,7500
9923,238,500
9924,178,9000
9925,239,400
9926,25,67500
9927,242,0
9928,242,0
9929,242,0
9930,2,150000
9931,211,4000
9932,242,0
9933,0,2000000
9934,242,0
9935,241,100
9936,234,1000
9937,242,0
9938,240,200
9939,239,300
9940,242,0
9941,240,200
9942,240,200
9943,226,2000
9944,235,900
9945,240,250
9946,241,100
9947,242,0
9948,240,250
9949,242,0
9950,242,0
9951,240,250
9952,242,0
9953,123,20000
9954,172,10000
9955,2,150000
9956,238,500
9957,242,0
9958,180,8750
9959,2,150000
9960,186,7700
9961,239,300
9962,134,17500
9963,184,8100
9964,239,300
9965,0,300000
9966,240,250
9967,0,2000000
9968,237,600
9969,82,32000
9970,242,0
9971,241,150
9972,211,4000
9973,241,100
9974,211,4000
9975,215,3500
9976,242,0
9977,240,200
9978,223,2400
9979,242,0
9980,239,350
9981,242,0
9982,229,1600
9983,242,0
9984,239,400
9985,242,0
9986,240,200
9987,242,0
9988,242,0
9989,232,1250
9990,240,250
9991,242,0
9992,226,2000
9993,242,0
9994,123,20000
9995,240,200
9996,141,16000
9997,242,0
9998,0,350000
9999,0,500000
10000,228,1700
10001,228,1750
10002,183,8300
10003,219,3000
10004,240,200
10005,240,200
10006,242,0
10007,241,100
10008,242,0
10009,242,0
10010,226,2000
10011,242,0
10012,238,450
10013,241,100
10014,146,15000
10015,238,500
10016,242,0
10017,237,600
10018,233,1050
10019,242,0
10020,240,200
10021,241,100
10022,0,300000
10023,197,6000
10024,241,100
10025,242,0
10026,226,2000
10027,88,30000
10028,197,6000
10029,178,9000
10030,242,0
10031,219,3000
10032,239,300
10033,2,150000
10034,242,0
10035,242,0
10036,239,300
10037,242,0
10038,242,0
10039,242,0
10040,235,900
10041,242,0
10042,238,500
10043,239,300
10044,242,0
10045,242,0
10046,177,9200
10047,241,100
10048,32,60000
10049,242,0
10050,240,250
10051,240,200
10052,242,0
10053,211,4000
10054,239,300
10055,141,16000
10056,242,0
10057,242,0
10058,235,900
10059,240,200
10060,237,550
10061,237,600
10062,242,0
10063,242,0
10064,0,310000
10065,0,300000
10066,240,200
10067,242,0
10068,242,0
10069,241,100
10070,123,20000
10071,240,200
10072,229,1600
10073,240,200
10074,177,9200
10075,129,18600
10076,242,0
10077,240,200
10078,141,16000
10079,166,11100
10080,239,300
10081,242,0
10082,113,22500
10083,151,14000
10084,242,0
10085,185,8000
10086,204,5000
10087,242,0
10088,141,16000
10089,2,150000
10090,242,0
10091,2,150000
10092,219,3000
10093,241,150
10094,242,0
10095,242,0
10096,225,2200
10097,242,0
10098,242,0
10099,235,900
10100,2,150000
10101,238,500
10102,226,2000
10103,197,6000
10104,242,0
10105,107,24000
10106,239,300
10107,239,400
10108,233,1100
10109,32,60000
10110,242,0
10111,172,10000
10112,242,0
10113,2,150000
10114,187,7600
10115,242,0
10116,177,9300
10117,242,0
10118,241,100
10119,241,100
10120,242,0
10121,242,0
10122,0,750000
10123,235,900
10124,242,0
10125,242,0
10126,239,300
10127,123,20000
10128,223,2400
10129,242,0
10130,133,17600
10131,242,0
10132,241,100
10133,219,3000
10134,242,0
10135,242,0
10136,242,0
10137,242,0
10138,242,0
10139,240,250
10140,228,1800
10141,242,0
10142,242,0
10143,242,0
10144,2,150000
10145,242,0
10146,242,0
10147,242,0
10148,123,20000
10149,88,30000
10150,242,0
10151,242,0
10152,219,3000
10153,242,0
10154,0,750000
10155,241,100
10156,211,4000
10157,236,750
10158,229,1600
10159,240,200
10160,242,0
10161,242,0
10162,2,150000
10163,242,0
10164,242,0
10165,241,100
10166,242,0
10167,238,500
10168,230,1500
10169,141,16000
10170,180,8700
10171,235,800
10172,211,4000
10173,235,800
10174,242,0
10175,62,40000
10176,242,0
10177,242,0
10178,237,600
10179,2,150000
10180,242,0
10181,231,1400
10182,242,0
10183,242,0
10184,2,150000
10185,234,1000
10186,242,0
10187,242,0
10188,236,700
10189,242,0
10190,82,32000
10191,219,3000
10192,242,0
10193,211,4000
10194,240,200
10195,2,150000
10196,88,30000
10197,242,0
10198,242,0
10199,239,300
10200,239,300
10201,225,2200
10202,241,100
10203,240,250
10204,239,300
10205,230,1500
10206,183,8300
10207,226,1950
10208,229,1600
10209,237,600
10210,242,0
10211,238,500
10212,185,8000
10213,239,400
10214,242,0
10215,235,800
10216,0,1500000
10217,242,0
10218,226,2000
10219,239,400
10220,241,100
10221,240,200
10222,241,100
10223,241,100
10224,239,300
10225,211,4000
10226,242,0
10227,242,0
10228,242,0
10229,197,6000
10230,2,150000
10231,241,100
10232,8,100000
10233,214,3600
10234,242,0
10235,238,500
10236,240,200
10237,241,100
10238,0,350000
10239,242,0
10240,242,0
10241,2,150000
10242,242,0
10243,235,900
10244,2,150000
10245,242,0
10246,225,2100
10247,242,0
10248,242,0
10249,242,0
10250,241,100
10251,0,450000
10252,239,300
10253,167,11000
10254,242,0
10255,223,2400
10256,242,0
10257,239,300
10258,0,300000
10259,232,1250
10260,107,24000
10261,211,4000
10262,88,30000
10263,226,2000
10264,62,40000
10265,240,200
10266,235,900
10267,237,600
10268,239,400
10269,235,800
10270,197,6000
10271,197,6000
10272,2,150000
10273,242,0
10274,241,100
10275,242,0
10276,62,40000
10277,41,52500
10278,241,150
10279,197,6000
10280,211,4000
10281,62,40000
10282,241,100
10283,242,0
10284,241,100
10285,242,0
10286,242,0
10287,242,0
10288,204,5000
10289,241,100
10290,242,0
10291,241,100
10292,235,800
10293,241,100
10294,242,0
10295,242,0
10296,230,1500
10297,2,150000
10298,2,150000
10299,222,2500
10300,242,0
10301,3,130000
10302,83,31600
10303,240,200
10304,233,1050
10305,242,0
10306,219,3000
10307,242,0
10308,242,0
10309,219,3000
10310,241,150
10311,237,600
10312,235,800
10313,240,250
10314,2,150000
10315,242,0
10316,0,450000
10317,242,0
10318,242,0
10319,211,4000
10320,2,150000
10321,2,150000
10322,242,0
10323,242,0
10324,123,20000
10325,88,30000
10326,204,5000
10327,219,2900
10328,231,1400
10329,226,2000
10330,141,16000
10331,242,0
10332,225,2100
10333,242,0
10334,239,400
10335,235,900
10336,226,2000
10337,197,6000
10338,242,0
10339,53,45000
10340,41,52500
10341,230,1500
10342,146,15000
10343,235,800
10344,132,18000
10345,242,0
10346,141,16000
10347,224,2300
10348,181,8550
10349,0,350000
10350,229,1600
10351,237,600
10352,242,0
10353,242,0
10354,232,1200
10355,0,1500000
10356,228,1750
10357,239,400
10358,2,150000
10359,240,200
10360,242,0
10361,2,150000
10362,0,300000
10363,240,200
10364,85,31050
10365,242,0
10366,242,0
10367,211,4000
10368,240,250
10369,107,24000
10370,242,0
10371,242,0
10372,242,0
10373,242,0
10374,0,350000
10375,88,30000
10376,241,100
10377,239,300
10378,236,750
10379,235,800
10380,88,30000
10381,242,0
10382,242,0
10383,235,900
10384,242,0
10385,242,0
10386,240,250
10387,242,0
10388,242,0
10389,240,250
10390,208,4500
10391,236,750
10392,240,200
10393,242,0
10394,237,600
10395,168,10700
10396,227,1850
10397,235,800
10398,230,1450
10399,242,0
10400,223,2400
10401,242,0
10402,241,100
10403,242,0
10404,239,400
10405,123,20000
10406,242,0
10407,242,0
10408,239,300
10409,141,16000
10410,1,160000
10411,0,300000
10412,242,0
10413,242,0
10414,242,0
10415,242,0
10416,234,1000
10417,234,1000
10418,225,2150
10419,2,150000
10420,239,300
10421,238,500
10422,0,350000
10423,232,1200
10424,0,500000
10425,232,1200
10426,132,17900
10427,0,300000
10428,219,3000
10429,242,0
10430,211,4000
10431,242,0
10432,242,0
10433,141,16000
10434,242,0
10435,241,100
10436,242,0
10437,234,1000
10438,48,48000
10439,203,5200
10440,138,16600
10441,87,30200
10442,242,0
10443,242,0
10444,242,0
10445,242,0
10446,0,300000
10447,242,0
10448,240,200
10449,239,400
10450,242,0
10451,107,24000
10452,242,0
10453,232,1250
10454,53,45000
10455,228,1800
10456,242,0
10457,241,100
10458,242,0
10459,240,200
10460,242,0
10461,2,150000
10462,11,90000
10463,88,30000
10464,242,0
10465,235,900
10466,242,0
10467,239,300
10468,239,300
10469,239,300
10470,242,0
10471,228,1800
10472,237,600
10473,219,3000
10474,240,200
10475,241,100
10476,240,200
10477,204,5000
10478,241,150
10479,2,150000
10480,242,0
10481,242,0
10482,41,52500
10483,2,150000
10484,242,0
10485,239,300
10486,241,100
10487,241,100
10488,239,400
10489,242,0
10490,237,600
10491,222,2600
10492,242,0
10493,223,2400
10494,242,0
10495,239,300
10496,242,0
10497,242,0
10498,21,71950
10499,242,0
10500,239,400
10501,237,600
10502,240,200
10503,242,0
10504,123,20000
10505,1,157500
10506,2,150000
10507,229,1600
10508,238,500
10509,88,30000
10510,242,0
10511,242,0
10512,242,0
10513,123,20000
10514,0,500000
10515,2,150000
10516,242,0
10517,199,5750
10518,241,100
10519,242,0
10520,242,0
10521,241,100
10522,0,2000000
10523,0,600000
10524,239,300
10525,204,5000
10526,242,0
10527,41,52500
10528,2,150000
10529,240,200
10530,204,5000
10531,242,0
10532,242,0
10533,242,0
10534,188,7500
10535,242,0
10536,85,30800
10537,241,100
10538,242,0
10539,241,150
10540,242,0
10541,234,1000
10542,242,0
10543,191,7000
10544,240,250
10545,242,0
10546,240,250
10547,242,0
10548,242,0
10549,45,49500
10550,241,100
10551,237,600
10552,230,1500
10553,172,10000
10554,204,5000
10555,242,0
10556,228,1700
10557,242,0
10558,242,0
10559,240,200
10560,239,400
10561,242,0
10562,242,0
10563,239,300
10564,240,200
10565,239,300
10566,241,150
10567,242,0
10568,107,24200
10569,242,0
10570,2,150000
10571,172,10000
10572,239,300
10573,241,150
10574,242,0
10575,241,100
10576,242,0
10577,242,0
10578,239,300
10579,197,6000
10580,242,0
10581,241,100
10582,242,0
10583,239,400
10584,242,0
10585,4,122500
10586,211,4000
10587,241,150
10588,241,150
10589,234,1000
10590,241,100
10591,237,600
10592,242,0
10593,241,100
10594,0,300000
10595,241,100
10596,123,20000
10597,242,0
10598,242,0
10599,240,200
10600,242,0
10601,232,1200
10602,242,0
10603,235,800
10604,242,0
10605,232,1250
10606,2,150000
10607,232,1200
10608,242,0
10609,241,150
10610,178,9100
10611,242,0
10612,239,300
10613,232,1250
10614,2,150000
10615,242,0
10616,242,0
10617,237,600
10618,219,3000
10619,242,0
10620,242,0
10621,241,100
10622,242,0
10623,240,200
10624,62,40000
10625,240,200
10626,239,400
10627,240,250
10628,211,4000
10629,2,150000
10630,239,400
10631,2,150000
10632,242,0
10633,241,100
10634,226,2000
10635,41,52500
10636,242,0
10637,240,200
10638,242,0
10639,242,0
10640,239,350
10641,242,0
10642,242,0
10643,242,0
10644,242,0
10645,200,5600
10646,238,500
10647,242,0
10648,234,1000
10649,222,2600
10650,240,200
10651,242,0
10652,242,0
10653,242,0
10654,239,400
10655,242,0
10656,242,0
10657,242,0
10658,228,1700
10659,242,0
10660,240,250
10661,88,30000
10662,219,3000
10663,242,0
10664,223,2400
10665,230,1500
10666,141,16000
10667,233,1100
10668,242,0
10669,241,100
10670,232,1200
10671,238,500
10672,240,200
10673,242,0
10674,2,150000
10675,106,24400
10676,242,0
10677,229,1600
10678,240,200
10679,241,100
10680,0,1000000
10681,242,0
10682,242,0
10683,241,150
10684,242,0
10685,242,0
10686,146,15000
10687,45,50000
10688,242,0
10689,242,0
10690,226,2000
10691,223,2400
10692,242,0
10693,226,2000
10694,2,150000
10695,241,100
10696,216,3400
10697,2,150000
10698,232,1200
10699,237,600
10700,242,0
10701,1,175000
10702,236,700
10703,242,0
10704,242,0
10705,242,0
10706,242,0
10707,240,200
10708,242,0
10709,145,15100
10710,211,4000
10711,242,0
10712,242,0
10713,242,0
10714,242,0
10715,211,4000
10716,132,18000
10717,232,1200
10718,242,0
10719,242,0
10720,0,2000000
10721,216,3400
10722,188,7500
10723,242,0
10724,240,200
10725,0,200000
10726,241,150
10727,230,1500
10728,187,7600
10729,242,0
10730,242,0
10731,226,2000
10732,211,4000
10733,242,0
10734,242,0
10735,239,300
10736,242,0
10737,241,100
10738,235,800
10739,242,0
10740,242,0
10741,236,750
10742,235,800
10743,240,200
10744,223,2400
10745,241,100
10746,238,500
10747,242,0
10748,188,7500
10749,241,100
10750,141,16000
10751,235,800
10752,226,2000
10753,242,0
10754,236,750
10755,242,0
10756,242,0
10757,241,100
10758,239,300
10759,242,0
10760,241,150
10761,188,7500
10762,242,0
10763,242,0
10764,242,0
10765,242,0
10766,239,300
10767,0,750000
10768,2,150000
10769,242,0
10770,228,1800
10771,146,15000
10772,237,600
10773,223,2400
10774,204,5000
10775,242,0
10776,241,100
10777,236,750
10778,238,500
10779,226,2000
10780,234,1000
10781,242,0
10782,242,0
10783,235,850
10784,239,300
10785,242,0
10786,242,0
10787,242,0
10788,242,0
10789,230,1500
10790,141,16000
10791,0,700000
10792,242,0
10793,235,800
10794,239,300
10795,47,48400
10796,211,4000
10797,242,0
10798,2,150000
10799,242,0
10800,242,0
10801,211,4000
10802,223,2400
10803,239,350
10804,2,150000
10805,235,800
10806,48,48000
10807,197,6000
10808,242,0
10809,242,0
10810,240,200
10811,242,0
10812,242,0
10813,242,0
10814,242,0
10815,242,0
10816,242,0
10817,42,51500
10818,181,8500
10819,242,0
10820,239,300
10821,235,800
10822,242,0
10823,242,0
10824,242,0
10825,242,0
10826,242,0
10827,240,250
10828,242,0
10829,239,350
10830,188,7500
10831,242,0
10832,2,150000
10833,242,0
10834,238,450
10835,241,100
10836,235,800
10837,242,0
10838,0,300000
10839,242,0
10840,242,0
10841,240,200
10842,242,0
10843,102,25500
10844,242,0
10845,242,0
10846,2,150000
10847,0,300000
10848,240,250
10849,242,0
10850,91,29000
10851,241,100
10852,0,500000
10853,232,1200
10854,237,600
10855,183,8300
10856,113,22500
10857,123,20000
10858,242,0
10859,141,16000
10860,223,2400
10861,242,0
10862,32,60000
10863,211,4000
10864,239,300
10865,239,300
10866,242,0
10867,238,500
10868,234,1000
10869,235,800
10870,242,0
10871,242,0
10872,242,0
10873,0,200000
10874,239,300
10875,242,0
10876,237,600
10877,219,3000
10878,220,2800
10879,241,100
10880,240,200
10881,242,0
10882,242,0
10883,239,300
10884,226,2000
10885,242,0
10886,24,67800
10887,241,100
10888,237,600
10889,146,15000
10890,237,550
10891,242,0
10892,188,7500
10893,242,0
10894,235,800
10895,241,100
10896,239,300
10897,234,1000
10898,240,250
10899,242,0
10900,141,16000
10901,239,400
10902,242,0
10903,0,200000
10904,204,5000
10905,242,0
10906,211,4000
10907,242,0
10908,242,0
10909,242,0
10910,242,0
10911,161,12000
10912,242,0
10913,0,350000
10914,242,0
10915,242,0
10916,239,400
10917,242,0
10918,242,0
10919,236,750
10920,242,0
10921,197,6000
10922,0,300000
10923,201,5550
10924,242,0
10925,104,25000
10926,239,300
10927,230,1500
10928,242,0
10929,240,200
10930,204,5000
10931,242,0
10932,240,200
10933,0,251500
10934,234,1000
10935,123,20000
10936,242,0
10937,241,100
10938,2,150000
10939,88,30000
10940,230,1500
10941,32,60000
10942,242,0
10943,240,200
10944,242,0
10945,228,1750
10946,242,0
10947,241,100
10948,242,0
10949,240,200
10950,242,0
10951,242,0
10952,2,150000
10953,229,1600
10954,242,0
10955,141,16000
10956,242,0
10957,141,16000
10958,242,0
10959,226,2000
10960,146,15000
10961,242,0
10962,242,0
10963,237,600
10964,226,2000
10965,197,6000
10966,242,0
10967,239,300
10968,242,0
10969,197,6000
10970,242,0
10971,240,200
10972,242,0
10973,240,200
10974,6,110000
10975,103,25300
10976,242,0
10977,237,600
10978,0,500000
10979,239,400
10980,242,0
10981,242,0
10982,2,150000
10983,240,200
10984,123,20000
10985,242,0
10986,2,150000
10987,237,600
10988,240,200
10989,241,100
10990,237,600
10991,239,300
10992,242,0
10993,236,700
10994,224,2250
10995,242,0
10996,42,51500
10997,0,500000
10998,242,0
10999,2,150000
11000,88,30000
11001,240,250
11002,242,0
11003,241,100
11004,242,0
11005,188,7500
11006,241,100
11007,68,37700
11008,242,0
11009,188,7500
11010,242,0
11011,242,0
11012,0,300000
11013,178,9100
11014,237,600
11015,242,0
11016,229,1600
11017,239,400
11018,239,300
11019,0,500000
11020,241,150
11021,242,0
11022,123,20000
11023,242,0
11024,238,450
11025,239,400
11026,242,0
11027,164,11500
11028,235,800
11029,2,150000
11030,0,200000
11031,241,100
11032,226,2000
11033,241,100
11034,242,0
11035,228,1800
11036,242,0
11037,239,300
11038,7,105000
11039,239,400
11040,242,0
11041,239,300
11042,142,15800
11043,237,600
11044,239,400
11045,241,100
11046,226,2000
11047,0,500000
11048,224,2300
11049,141,16000
11050,230,1500
11051,146,15000
11052,152,13750
11053,107,24000
11054,241,100
11055,242,0
11056,241,100
11057,240,200
11058,0,1500000
11059,242,0
11060,240,200
11061,242,0
11062,242,0
11063,242,0
11064,2,150000
11065,237,600
11066,104,25000
11067,242,0
11068,226,2000
11069,239,400
11070,242,0
11071,239,400
11072,242,0
11073,242,0
11074,240,250
11075,241,100
11076,235,900
11077,241,100
11078,239,300
11079,242,0
11080,236,750
11081,242,0
11082,88,30000
11083,232,1250
11084,242,0
11085,230,1500
11086,241,150
11087,182,8400
11088,241,100
11089,219,3000
11090,242,0
11091,242,0
11092,241,100
11093,211,4000
11094,0,500000
11095,178,9000
11096,242,0
11097,242,0
11098,241,100
11099,183,8300
11100,204,5000
11101,0,300000
11102,145,15100
11103,68,37500
11104,2,150000
11105,77,33800
11106,242,0
11107,240,250
11108,242,0
11109,172,10000
11110,228,1700
11111,241,100
11112,242,0
11113,2,150000
11114,4,125000
11115,232,1200
11116,107,24000
11117,2,150000
11118,238,500
11119,0,1050000
11120,2,150000
11121,238,450
11122,178,9000
11123,239,400
11124,178,9000
11125,242,0
11126,242,0
11127,241,100
11128,242,0
11129,242,0
11130,242,0
11131,242,0
11132,219,3000
11133,242,0
11134,242,0
11135,242,0
11136,242,0
11137,82,32000
11138,242,0
11139,0,300000
11140,242,0
11141,211,4000
11142,242,0
11143,239,400
11144,241,100
11145,242,0
11146,238,500
11147,242,0
11148,241,100
11149,242,0
11150,187,7600
11151,226,2000
11152,222,2500
11153,235,800
11154,197,6000
11155,242,0
11156,0,750000
11157,239,300
11158,242,0
11159,232,1200
11160,242,0
11161,241,100
11162,237,600
11163,239,300
11164,242,0
11165,144,15350
11166,242,0
11167,211,4000
11168,242,0
11169,238,500
11170,0,300000
11171,242,0
11172,242,0
11173,235,900
11174,0,200000
11175,238,500
11176,242,0
11177,242,0
11178,240,250
11179,235,900
11180,242,0
11181,242,0
11182,238,500
11183,145,15200
11184,241,100
11185,141,16000
11186,237,600
11187,240,250
11188,242,0
11189,242,0
11190,242,0
11191,242,0
11192,242,0
11193,238,450
11194,242,0
11195,197,6000
11196,30,62000
11197,242,0
11198,242,0
11199,241,100
11200,239,400
11201,242,0
11202,88,30000
11203,242,0
11204,242,0
11205,242,0
11206,236,750
11207,242,0
11208,242,0
11209,225,2150
11210,235,800
11211,0,350000
11212,240,200
11213,242,0
11214,238,500
11215,235,800
11216,241,100
11217,242,0
11218,240,200
11219,242,0
11220,242,0
11221,141,16000
11222,197,6000
11223,238,500
11224,214,3600
11225,235,800
11226,242,0
11227,242,0
11228,242,0
11229,242,0
11230,239,400
11231,230,1500
11232,242,0
11233,242,0
11234,239,400
11235,238,450
11236,242,0
11237,242,0
11238,239,400
11239,242,0
11240,242,0
11241,204,5000
11242,175,9600
11243,241,100
11244,236,750
11245,242,0
11246,242,0
11247,242,0
11248,240,250
11249,2,150000
11250,242,0
11251,235,800
11252,242,0
11253,62,40000
11254,117,21400
11255,242,0
11256,239,300
11257,242,0
11258,241,100
11259,0,350000
11260,242,0
11261,242,0
11262,242,0
11263,241,150
11264,242,0
11265,204,5000
11266,226,2000
11267,197,6000
11268,226,2000
11269,242,0
11270,182,8400
11271,242,0
11272,237,600
11273,172,10000
11274,242,0
11275,242,0
11276,240,200
11277,225,2200
11278,239,300
11279,242,0
11280,2,150000
11281,242,0
11282,242,0
11283,2,150000
11284,0,500000
11285,127,19000
11286,242,0
11287,197,6000
11288,204,5000
11289,2,150000
11290,183,8300
11291,239,300
11292,234,1000
11293,0,300000
11294,242,0
11295,240,250
11296,123,20000
11297,242,0
11298,123,20000
11299,146,15000
11300,226,2000
11301,240,200
11302,242,0
11303,2,150000
11304,2,150000
11305,242,0
11306,141,16000
11307,242,0
11308,239,300
11309,242,0
11310,238,500
11311,0,200000
11312,242,0
11313,239,300
11314,242,0
11315,224,2300
11316,235,800
11317,241,100
11318,240,200
11319,242,0
11320,242,0
11321,242,0
11322,0,600000
11323,240,200
11324,186,7700
11325,240,200
11326,241,150
11327,240,200
11328,242,0
11329,242,0
11330,238,450
11331,242,0
11332,235,800
11333,211,4000
11334,219,3000
11335,242,0
11336,242,0
11337,242,0
11338,242,0
11339,240,200
11340,219,3000
11341,0,279000
11342,113,22500
11343,242,0
11344,242,0
11345,242,0
11346,238,500
11347,242,0
11348,235,900
11349,7,105000
11350,208,4500
11351,242,0
11352,242,0
11353,107,24000
11354,241,100
11355,2,150000
11356,238,500
11357,242,0
11358,237,600
11359,242,0
11360,197,6000
11361,242,0
11362,219,3000
11363,88,30000
11364,240,250
11365,0,500000
11366,242,0
11367,225,2100
11368,234,1000
11369,226,2000
11370,240,200
11371,242,0
11372,0,900000
11373,0,300000
11374,241,150
11375,237,600
11376,235,800
11377,2,150000
11378,0,300000
11379,241,100
11380,242,0
11381,240,200
11382,236,750
11383,0,400000
11384,239,400
11385,241,100
11386,222,2500
11387,242,0
11388,0,300000
11389,226,2000
11390,227,1900
11391,141,16000
11392,242,0
11393,242,0
11394,239,300
11395,239,300
11396,242,0
11397,242,0
11398,240,250
11399,0,300000
11400,218,3100
11401,204,5000
11402,242,0
11403,235,800
11404,141,16000
11405,219,3000
11406,241,100
11407,242,0
11408,242,0
11409,242,0
11410,204,5000
11411,242,0
11412,211,4000
11413,239,300
11414,242,0
11415,146,15000
11416,219,3000
11417,172,10000
11418,242,0
11419,242,0
11420,229,1600
11421,242,0
11422,2,150000
11423,242,0
11424,141,16000
11425,16,80000
11426,228,1750
11427,242,0
11428,219,3000
11429,132,18000
11430,242,0
11431,242,0
11432,242,0
11433,242,0
11434,242,0
11435,224,2300
11436,241,100
11437,242,0
11438,241,100
11439,237,650
11440,211,4000
11441,242,0
11442,88,30000
11443,240,200
11444,240,200
11445,141,16000
11446,237,600
11447,242,0
11448,240,200
11449,82,32000
11450,211,4000
11451,239,350
11452,236,750
11453,242,0
11454,88,30000
11455,238,500
11456,185,8000
11457,241,100
11458,242,0
11459,242,0
11460,188,7500
11461,235,900
11462,238,450
11463,240,200
11464,242,0
11465,236,700
11466,238,500
11467,226,2000
11468,240,200
11469,242,0
11470,211,4000
11471,183,8300
11472,242,0
11473,242,0
11474,219,3000
11475,0,300000
11476,242,0
11477,242,0
11478,242,0
11479,2,150000
11480,241,100
11481,241,100
11482,231,1400
11483,242,0
11484,239,300
11485,240,200
11486,2,150000
11487,216,3300
11488,239,300
11489,235,800
11490,242,0
11491,242,0
11492,217,3200
11493,242,0
11494,237,600
11495,234,1000
11496,226,2000
11497,230,1500
11498,226,2000
11499,239,400
11500,226,2000
11501,240,250
11502,217,3200
11503,0,300000
11504,241,100
11505,0,2000000
11506,241,100
11507,241,100
11508,236,700
11509,172,10000
11510,235,800
11511,242,0
11512,234,950
11513,2,150000
11514,242,0
11515,242,0
11516,232,1200
11517,242,0
11518,242,0
11519,2,150000
11520,0,300000
11521,241,100
11522,241,100
11523,2,150000
11524,242,0
11525,242,0
11526,239,300
11527,239,300
11528,217,3200
11529,132,18000
11530,107,24100
11531,226,2000
11532,242,0
11533,226,2000
11534,219,3000
11535,239,400
11536,0,2000000
11537,2,150000
11538,241,100
11539,242,0
11540,1,178900
11541,141,16000
11542,239,300
11543,239,400
11544,242,0
11545,242,0
11546,229,1600
11547,242,0
11548,236,750
11549,234,950
11550,239,300
11551,239,400
11552,242,0
11553,242,0
11554,188,7500
11555,235,800
11556,222,2600
11557,241,100
11558,242,0
11559,242,0
11560,226,1950
11561,240,200
11562,242,0
11563,241,100
11564,242,0
11565,242,0
11566,0,200000
11567,2,150000
11568,240,250
11569,242,0
11570,217,3200
11571,242,0
11572,226,1950
11573,229,1600
11574,241,150
11575,82,32000
11576,223,2400
11577,235,800
11578,0,300000
11579,242,0
11580,242,0
11581,141,16000
11582,235,900
11583,219,3000
11584,197,6000
11585,242,0
11586,242,0
11587,2,150000
11588,242,0
11589,242,0
11590,240,250
11591,0,200000
11592,240,200
11593,171,10200
11594,241,100
11595,2,150000
11596,242,0
11597,197,6000
11598,242,0
11599,239,400
11600,141,16000
11601,0,200000
11602,0,187500
11603,123,20000
11604,161,12000
11605,242,0
11606,226,2000
11607,239,400
11608,238,500
11609,211,4000
11610,242,0
11611,240,200
11612,144,15300
11613,242,0
11614,242,0
11615,2,150000
11616,239,300
11617,242,0
11618,242,0
11619,0,1500000
11620,47,48400
11621,237,600
11622,242,0
11623,242,0
11624,242,0
11625,226,2000
11626,113,22500
11627,0,465000
11628,2,150000
11629,242,0
11630,242,0
11631,229,1600
11632,242,0
11633,0,200000
11634,242,0
11635,242,0
11636,242,0
11637,123,20000
11638,242,0
11639,226,2000
11640,235,900
11641,242,0
11642,32,60000
11643,209,4300
11644,219,3000
11645,242,0
11646,0,450000
11647,239,400
11648,123,20000
11649,239,400
11650,242,0
11651,242,0
11652,241,100
11653,242,0
11654,188,7500
11655,204,5000
11656,242,0
11657,242,0
11658,242,0
11659,229,1600
11660,240,200
11661,242,0
11662,172,10000
11663,242,0
11664,242,0
11665,215,3500
11666,242,0
11667,242,0
11668,242,0
11669,242,0
11670,0,400000
11671,242,0
11672,226,2000
11673,242,0
11674,241,150
11675,197,6000
11676,210,4250
11677,241,100
11678,0,300000
11679,188,7500
11680,242,0
11681,240,200
11682,242,0
11683,238,500
11684,242,0
11685,240,200
11686,240,250
11687,211,4000
11688,242,0
11689,237,600
11690,242,0
11691,242,0
11692,239,400
11693,206,4800
11694,242,0
11695,172,10000
11696,242,0
11697,16,80000
11698,242,0
11699,234,950
11700,233,1150
11701,204,5000
11702,242,0
11703,242,0
11704,45,49500
11705,242,0
11706,242,0
11707,242,0
11708,242,0
11709,242,0
11710,242,0
11711,242,0
11712,242,0
11713,229,1600
11714,232,1200
11715,2,150000
11716,219,3000
11717,242,0
11718,242,0
11719,242,0
11720,242,0
11721,242,0
11722,237,600
11723,241,100
11724,242,0
11725,234,1000
11726,242,0
11727,242,0
11728,242,0
11729,242,0
11730,187,7600
11731,181,8500
11732,211,4000
11733,241,100
11734,242,0
11735,1,175000
11736,195,6300
11737,168,10700
11738,242,0
11739,241,100
11740,242,0
11741,48,48000
11742,237,600
11743,242,0
11744,188,7500
11745,242,0
11746,2,150000
11747,204,5000
11748,242,0
11749,238,500
11750,239,300
11751,146,15000
11752,240,200
11753,239,350
11754,211,4000
11755,242,0
11756,240,250
11757,0,1300000
11758,45,49500
11759,240,200
11760,242,0
11761,233,1100
11762,240,250
11763,242,0
11764,242,0
11765,222,2600
11766,0,600000
11767,226,2000
11768,0,300000
11769,242,0
11770,242,0
11771,232,1300
11772,242,0
11773,239,300
11774,62,40000
11775,242,0
11776,242,0
11777,62,40000
11778,234,1000
11779,225,2100
11780,240,200
11781,2,150000
11782,242,0
11783,242,0
11784,235,800
11785,197,6000
11786,211,4000
11787,238,500
11788,242,0
11789,235,800
11790,242,0
11791,234,1000
11792,242,0
11793,241,100
11794,240,200
11795,0,300000
11796,242,0
11797,16,80000
11798,230,1500
11799,242,0
11800,242,0
11801,241,100
11802,241,100
11803,239,300
11804,219,3000
11805,235,800
11806,2,150000
11807,240,200
11808,242,0
11809,2,150000
11810,0,450000
11811,240,200
11812,242,0
11813,242,0
11814,197,6000
11815,240,250
11816,5,112500
11817,241,100
11818,242,0
11819,83,31600
11820,242,0
11821,237,600
11822,229,1600
11823,242,0
11824,219,3000
11825,13,87500
11826,186,7700
11827,11,92400
11828,228,1800
11829,239,300
11830,242,0
11831,242,0
11832,211,4000
11833,242,0
11834,240,250
11835,242,0
11836,141,16000
11837,146,15000
11838,237,600
11839,6,110000
11840,240,200
11841,242,0
11842,239,400
11843,235,800
11844,242,0
11845,229,1600
11846,229,1600
11847,242,0
11848,242,0
11849,242,0
11850,242,0
11851,242,0
11852,242,0
11853,228,1800
11854,242,0
11855,242,0
11856,19,75000
11857,87,30200
11858,0,300000
11859,107,24000
11860,242,0
11861,241,150
11862,62,40000
11863,235,800
11864,0,600000
11865,242,0
11866,237,600
11867,242,0
11868,242,0
11869,242,0
11870,242,0
11871,62,40000
11872,68,37500
11873,242,0
11874,241,100
11875,2,150000
11876,242,0
11877,211,4000
11878,235,800
11879,181,8650
11880,242,0
11881,32,60000
11882,239,300
11883,242,0
11884,0,350000
11885,242,0
11886,242,0
11887,242,0
11888,226,2000
11889,123,20000
11890,242,0
11891,88,30000
11892,172,10100
11893,242,0
11894,240,200
11895,242,0
11896,238,500
11897,242,0
11898,242,0
11899,210,4200
11900,226,2000
11901,178,9000
11902,219,3000
11903,242,0
11904,217,3200
11905,242,0
11906,242,0
11907,234,1000
11908,0,300000
11909,229,1600
11910,242,0
11911,242,0
11912,242,0
11913,242,0
11914,197,6000
11915,235,800
11916,242,0
11917,2,150000
11918,242,0
11919,1,175000
11920,141,16000
11921,241,100
11922,242,0
11923,242,0
11924,235,900
11925,242,0
11926,240,200
11927,217,3200
11928,242,0
11929,235,800
11930,219,3000
11931,237,600
11932,242,0
11933,242,0
11934,235,900
11935,0,200000
11936,188,7500
11937,2,150000
11938,237,600
11939,240,250
11940,211,4000
11941,0,1000000
11942,236,750
11943,134,17500
11944,242,0
11945,0,450000
11946,242,0
11947,242,0
11948,219,3000
11949,242,0
11950,16,80000
11951,226,2000
11952,62,40000
11953,239,300
11954,242,0
11955,241,100
11956,238,500
11957,2,150000
11958,242,0
11959,235,800
11960,104,25000
11961,2,150000
11962,188,7500
11963,240,200
11964,240,200
11965,242,0
11966,242,0
11967,197,6000
11968,242,0
11969,242,0
11970,241,100
11971,2,150000
11972,238,500
11973,242,0
11974,0,300000
11975,242,0
11976,238,500
11977,0,450000
11978,239,300
11979,242,0
11980,242,0
11981,152,13750
11982,229,1600
11983,241,100
11984,241,100
11985,242,0
11986,242,0
11987,2,150000
11988,241,150
11989,211,4000
11990,242,0
11991,241,100
11992,232,1300
11993,242,0
11994,238,500
11995,242,0
11996,0,300000
11997,242,0
11998,241,100
11999,206,4800
12000,241,100
12001,2,150000
12002,146,15000
12003,146,15000
12004,0,350000
12005,242,0
12006,242,0
12007,240,250
12008,242,0
12009,242,0
12010,242,0
12011,241,100
12012,188,7500
12013,2,150000
12014,242,0
12015,240,200
12016,2,150000
12017,237,600
12018,217,3200
12019,238,500
12020,231,1400
12021,127,19000
12022,238,450
12023,241,100
12024,235,800
12025,229,1600
12026,242,0
12027,242,0
12028,82,32000
12029,239,300
12030,0,300000
12031,242,0
12032,240,250
12033,226,2000
12034,242,0
12035,234,1000
12036,238,500
12037,242,0
12038,242,0
12039,242,0
12040,238,450
12041,242,0
12042,239,300
12043,242,0
12044,242,0
12045,211,4000
12046,240,200
12047,240,200
12048,242,0
12049,240,250
12050,141,16000
12051,242,0
12052,229,1600
12053,2,150000
12054,241,100
12055,241,150
12056,241,100
12057,219,3000
12058,144,15300
12059,211,4000
12060,242,0
12061,0,350000
12062,191,7000
12063,2,150000
12064,242,0
12065,242,0
12066,242,0
12067,242,0
12068,6,110000
12069,242,0
12070,242,0
12071,0,350000
12072,242,0
12073,123,20000
12074,204,5000
12075,219,3000
12076,242,0
12077,242,0
12078,185,8000
12079,242,0
12080,242,0
12081,219,3000
12082,222,2600
12083,241,100
12084,240,200
12085,242,0
12086,2,150000
12087,219,3000
12088,231,1400
12089,2,150000
12090,242,0
12091,0,350000
12092,172,10000
12093,2,150000
12094,242,0
12095,107,24200
12096,242,0
12097,230,1500
12098,239,400
12099,226,2000
12100,242,0
12101,173,9900
12102,241,100
12103,226,2000
12104,242,0
12105,234,1000
12106,235,800
12107,242,0
12108,1,175000
12109,219,3000
12110,2,150000
12111,241,100
12112,242,0
12113,242,0
12114,240,200
12115,242,0
12116,224,2300
12117,229,1600
12118,242,0
12119,239,300
12120,242,0
12121,242,0
12122,2,150000
12123,242,0
12124,239,300
12125,219,3000
12126,223,2400
12127,197,6000
12128,8,99000
12129,48,48000
12130,241,100
12131,242,0
12132,239,300
12133,241,100
12134,242,0
12135,0,400000
12136,231,1400
12137,185,8000
12138,2,150000
12139,237,600
12140,237,600
12141,88,30000
12142,107,24000
12143,242,0
12144,241,150
12145,241,100
12146,68,37500
12147,240,200
12148,240,200
12149,141,16000
12150,242,0
12151,240,200
12152,0,525000
12153,2,150000
12154,2,150000
12155,242,0
12156,242,0
12157,19,74700
12158,0,500000
12159,226,2000
12160,242,0
12161,242,0
12162,123,20000
12163,242,0
12164,242,0
12165,242,0
12166,204,5000
12167,241,100
12168,242,0
12169,242,0
12170,242,0
12171,181,8550
12172,238,500
12173,239,300
12174,2,150000
12175,242,0
12176,186,7800
12177,0,350000
12178,240,200
12179,68,37500
12180,242,0
12181,242,0
12182,239,350
12183,226,2000
12184,242,0
12185,239,350
12186,204,5000
12187,228,1750
12188,197,6000
12189,39,53800
12190,2,150000
12191,225,2100
12192,233,1050
12193,226,2000
12194,242,0
12195,242,0
12196,233,1050
12197,188,7500
12198,242,0
12199,236,750
12200,242,0
12201,242,0
12202,242,0
12203,197,6000
12204,240,200
12205,237,600
12206,82,32000
12207,141,16000
12208,240,200
12209,242,0
12210,240,200
12211,211,4000
12212,242,0
12213,211,4000
12214,241,100
12215,242,0
12216,242,0
12217,0,450000
12218,242,0
12219,242,0
12220,242,0
12221,241,100
12222,240,200
12223,242,0
12224,242,0
12225,235,800
12226,2,150000
12227,242,0
12228,239,300
12229,242,0
12230,0,500000
12231,241,150
12232,241,150
12233,242,0
12234,53,45000
12235,62,40000
12236,239,300
12237,241,100
12238,242,0
12239,185,8000
12240,236,750
12241,242,0
12242,2,150000
12243,240,200
12244,238,500
12245,226,2000
12246,2,150000
12247,2,150000
12248,230,1500
12249,19,75000
12250,242,0
12251,2,150000
12252,151,14000
12253,161,12000
12254,242,0
12255,242,0
12256,242,0
12257,242,0
12258,226,2000
12259,242,0
12260,197,6000
12261,242,0
12262,187,7600
12263,242,0
12264,242,0
12265,242,0
12266,0,2000000
12267,197,6000
12268,238,500
12269,235,900
12270,240,200
12271,240,200
12272,242,0
12273,208,4500
12274,242,0
12275,0,1500000
12276,2,150000
12277,235,800
12278,228,1700
12279,241,100
12280,232,1200
12281,235,900
12282,2,150000
12283,239,400
12284,239,400
12285,235,800
12286,242,0
12287,242,0
12288,225,2100
12289,242,0
12290,242,0
12291,239,400
12292,241,100
12293,241,100
12294,240,200
12295,0,300000
12296,0,700000
12297,242,0
12298,242,0
12299,242,0
12300,0,900000
12301,242,0
12302,239,300
12303,1,155000
12304,242,0
12305,242,0
12306,241,100
12307,242,0
12308,239,300
12309,242,0
12310,226,2000
12311,242,0
12312,240,200
12313,231,1400
12314,152,13750
12315,239,300
12316,2,150000
12317,188,7500
12318,233,1050
12319,170,10500
12320,211,4000
12321,226,2000
12322,242,0
12323,242,0
12324,197,6000
12325,242,0
12326,239,300
12327,211,4000
12328,237,600
12329,241,100
12330,220,2750
12331,242,0
12332,240,200
12333,183,8300
12334,211,4000
12335,219,3000
12336,211,4000
12337,229,1650
12338,2,150000
12339,181,8600
12340,241,100
12341,53,45000
12342,242,0
12343,239,400
12344,240,200
12345,242,0
12346,241,100
12347,240,200
12348,172,10000
12349,234,1000
12350,226,2000
12351,239,400
12352,242,0
12353,242,0
12354,240,200
12355,242,0
12356,242,0
12357,242,0
12358,228,1800
12359,242,0
12360,241,100
12361,242,0
12362,107,24000
12363,242,0
12364,242,0
12365,0,300000
12366,242,0
12367,240,200
12368,226,2000
12369,19,75000
12370,141,16000
12371,242,0
12372,241,100
12373,240,200
12374,242,0
12375,242,0
12376,197,6000
12377,134,17500
12378,235,900
12379,240,200
12380,239,300
12381,239,300
12382,211,4000
12383,242,0
12384,241,100
12385,242,0
12386,242,0
12387,241,100
12388,239,300
12389,188,7500
12390,230,1500
12391,242,0
12392,242,0
12393,2,150000
12394,242,0
12395,229,1600
12396,242,0
12397,62,40000
12398,241,150
12399,233,1100
12400,242,0
12401,242,0
12402,239,300
12403,45,49500
12404,241,100
12405,11,90000
12406,238,500
12407,197,6000
12408,239,300
12409,188,7500
12410,241,100
12411,242,0
12412,242,0
12413,239,300
12414,242,0
12415,240,200
12416,242,0
12417,242,0
12418,242,0
12419,242,0
12420,229,1600
12421,7,105000
12422,104,25000
12423,226,2000
12424,230,1500
12425,239,300
12426,240,200
12427,230,1500
12428,242,0
12429,2,150000
12430,237,600
12431,242,0
12432,242,0
12433,226,2000
12434,239,300
12435,242,0
12436,241,150
12437,242,0
12438,242,0
12439,242,0
12440,242,0
12441,242,0
12442,16,80000
12443,241,150
12444,242,0
12445,241,100
12446,239,300
12447,242,0
12448,204,5000
12449,2,150000
12450,0,253000
12451,241,150
12452,242,0
12453,242,0
12454,242,0
12455,239,300
12456,240,200
12457,141,16000
12458,107,24200
12459,242,0
12460,241,100
12461,2,150000
12462,137,16800
12463,0,350000
12464,242,0
12465,88,30000
12466,242,0
12467,146,15000
12468,242,0
12469,172,10000
12470,211,4000
12471,0,300000
12472,211,4000
12473,113,22500
12474,242,0
12475,211,4000
12476,2,150000
12477,241,100
12478,227,1850
12479,242,0
12480,242,0
12481,229,1600
12482,241,100
12483,19,75000
12484,197,6000
12485,241,100
12486,242,0
12487,240,200
12488,242,0
12489,239,300
12490,231,1400
12491,240,200
12492,240,200
12493,239,400
12494,242,0
12495,241,100
12496,242,0
12497,2,150000
12498,239,400
12499,242,0
12500,242,0
12501,2,150000
12502,242,0
12503,0,750000
12504,151,14000
12505,186,7700
12506,240,250
12507,242,0
12508,242,0
12509,238,450
12510,226,2000
12511,242,0
12512,0,400000
12513,219,3000
12514,234,1000
12515,242,0
12516,208,4500
12517,141,16000
12518,1,154000
12519,10,93000
12520,242,0
12521,242,0
12522,229,1600
12523,242,0
12524,237,650
12525,242,0
12526,240,250
12527,241,150
12528,239,300
12529,235,800
12530,208,4500
12531,242,0
12532,228,1800
12533,211,4000
12534,242,0
12535,141,16000
12536,2,150000
12537,241,150
12538,242,0
12539,242,0
12540,2,150000
12541,239,300
12542,242,0
12543,62,40000
12544,242,0
12545,186,7700
12546,242,0
12547,242,0
12548,242,0
12549,242,0
12550,242,0
12551,241,100
12552,240,200
12553,234,1000
12554,235,900
12555,233,1150
12556,241,100
12557,2,150000
12558,240,250
12559,242,0
12560,242,0
12561,2,150000
12562,0,1500000
12563,197,6000
12564,240,200
12565,242,0
12566,242,0
12567,232,1250
12568,72,35950
12569,232,1200
12570,229,1600
12571,242,0
12572,242,0
12573,239,300
12574,242,0
12575,237,600
12576,240,200
12577,235,900
12578,242,0
12579,226,2000
12580,2,150000
12581,242,0
12582,242,0
12583,242,0
12584,242,0
12585,45,49500
12586,242,0
12587,239,350
12588,242,0
12589,242,0
12590,242,0
12591,242,0
12592,242,0
12593,123,20000
12594,242,0
12595,241,100
12596,185,8000
12597,242,0
12598,172,10000
12599,2,150000
12600,107,24000
12601,237,600
12602,238,500
12603,39,53800
12604,242,0
12605,11,90000
12606,242,0
12607,242,0
12608,242,0
12609,188,7500
12610,174,9700
12611,240,200
12612,183,8300
12613,242,0
12614,219,3000
12615,239,400
12616,235,800
12617,241,150
12618,241,150
12619,242,0
12620,197,6000
12621,242,0
12622,0,500000
12623,219,3000
12624,242,0
12625,239,400
12626,242,0
12627,211,4000
12628,233,1050
12629,242,0
12630,239,300
12631,2,150000
12632,242,0
12633,141,16000
12634,242,0
12635,242,0
12636,232,1200
12637,242,0
12638,242,0
12639,242,0
12640,240,250
12641,242,0
12642,1,175000
12643,239,400
12644,242,0
12645,226,2000
12646,241,100
12647,235,900
12648,238,450
12649,219,3000
12650,242,0
12651,242,0
12652,242,0
12653,204,5000
12654,242,0
12655,197,6000
12656,242,0
12657,228,1800
12658,242,0
12659,242,0
12660,242,0
12661,242,0
12662,183,8300
12663,228,1800
12664,145,15200
12665,182,8400
12666,211,4000
12667,223,2400
12668,240,200
12669,241,100
12670,242,0
12671,235,800
12672,211,4000
12673,241,100
12674,2,150000
12675,234,1000
12676,242,0
12677,140,16200
12678,241,100
12679,235,800
12680,235,900
12681,239,400
12682,239,300
12683,242,0
12684,239,350
12685,242,0
12686,239,300
12687,242,0
12688,240,250
12689,240,200
12690,242,0
12691,240,200
12692,240,200
12693,230,1500
12694,242,0
12695,235,800
12696,241,100
12697,226,2000
12698,239,300
12699,241,100
12700,242,0
12701,132,17900
12702,242,0
12703,239,300
12704,217,3200
12705,197,6000
12706,241,100
12707,242,0
12708,233,1050
12709,242,0
12710,226,2000
12711,242,0
12712,141,16000
12713,235,800
12714,240,250
12715,242,0
12716,188,7500
12717,239,300
12718,240,200
12719,239,300
12720,238,450
12721,234,1000
12722,2,150000
12723,242,0
12724,239,300
12725,62,40000
12726,2,150000
12727,242,0
12728,242,0
12729,240,200
12730,242,0
12731,227,1850
12732,242,0
12733,235,900
12734,240,250
12735,242,0
12736,0,500000
12737,0,300000
12738,242,0
12739,242,0
12740,229,1600
12741,242,0
12742,242,0
12743,2,150000
12744,2,150000
12745,238,500
12746,141,16000
12747,197,6000
12748,242,0
12749,241,100
12750,242,0
12751,141,16000
12752,242,0
12753,2,150000
12754,242,0
12755,241,100
12756,233,1050
12757,228,1750
12758,239,400
12759,241,100
12760,242,0
12761,235,900
12762,242,0
12763,87,30200
12764,197,6000
12765,226,2000
12766,235,800
12767,188,7500
12768,242,0
12769,240,200
12770,229,1600
12771,237,600
12772,242,0
12773,188,7500
12774,238,500
12775,242,0
12776,242,0
12777,242,0
12778,242,0
12779,242,0
12780,231,1400
12781,0,500000
12782,106,24300
12783,242,0
12784,242,0
12785,237,600
12786,62,40000
12787,233,1150
12788,151,14000
12789,242,0
12790,235,800
12791,235,900
12792,0,300000
12793,23,70000
12794,242,0
12795,239,300
12796,239,300
12797,242,0
12798,242,0
12799,237,600
12800,188,7500
12801,242,0
12802,242,0
12803,0,200000
12804,242,0
12805,240,200
12806,242,0
12807,241,100
12808,221,2650
12809,240,250
12810,239,400
12811,104,24900
12812,242,0
12813,237,600
12814,242,0
12815,237,600
12816,240,250
12817,200,5600
12818,242,0
12819,0,200000
12820,242,0
12821,242,0
12822,242,0
12823,226,2000
12824,107,24000
12825,141,16000
12826,238,500
12827,219,3000
12828,242,0
12829,2,150000
12830,239,400
12831,242,0
12832,236,700
12833,141,16000
12834,123,20000
12835,204,5000
12836,208,4400
12837,229,1600
12838,123,20000
12839,242,0
12840,242,0
12841,235,900
12842,242,0
12843,239,400
12844,123,20000
12845,219,3000
12846,242,0
12847,242,0
12848,242,0
12849,188,7500
12850,219,3000
12851,242,0
12852,237,600
12853,204,5000
12854,242,0
12855,240,200
12856,226,2000
12857,241,100
12858,0,200000
12859,226,1950
12860,211,4000
12861,241,100
12862,2,150000
12863,242,0
12864,242,0
12865,242,0
12866,0,300000
12867,239,400
12868,235,800
12869,211,4000
12870,240,200
12871,239,400
12872,242,0
12873,234,1000
12874,242,0
12875,2,150000
12876,0,2000000
12877,107,24000
12878,224,2300
12879,242,0
12880,208,4500
12881,239,300
12882,186,7800
12883,242,0
12884,235,800
12885,242,0
12886,242,0
12887,241,100
12888,2,150000
12889,237,600
12890,242,0
12891,242,0
12892,224,2300
12893,242,0
12894,197,6000
12895,242,0
12896,242,0
12897,239,350
12898,242,0
12899,242,0
12900,214,3600
12901,0,2000000
12902,242,0
12903,238,500
12904,235,800
12905,242,0
12906,242,0
12907,240,200
12908,0,400000
12909,242,0
12910,240,200
12911,242,0
12912,2,150000
12913,2,150000
12914,242,0
12915,242,0
12916,240,200
12917,221,2700
12918,228,1750
12919,226,2000
12920,226,2000
12921,242,0
12922,228,1800
12923,242,0
12924,241,150
12925,2,150000
12926,242,0
12927,239,400
12928,222,2600
12929,172,10000
12930,242,0
12931,219,3000
12932,242,0
12933,242,0
12934,88,30000
12935,186,7700
12936,53,45000
12937,238,500
12938,242,0
12939,241,100
12940,223,2400
12941,172,10000
12942,242,0
12943,237,600
12944,242,0
12945,235,900
12946,240,200
12947,242,0
12948,240,200
12949,242,0
12950,242,0
12951,242,0
12952,242,0
12953,239,300
12954,2,150000
12955,2,150000
12956,240,200
12957,242,0
12958,242,0
12959,237,600
12960,241,100
12961,241,150
12962,242,0
12963,241,100
12964,242,0
12965,232,1200
12966,223,2400
12967,242,0
12968,242,0
12969,0,200000
12970,242,0
12971,211,4000
12972,237,600
12973,2,150000
12974,238,500
12975,2,150000
12976,238,500
12977,2,150000
12978,242,0
12979,240,200
12980,242,0
12981,242,0
12982,242,0
12983,240,200
12984,211,4000
12985,233,1100
12986,242,0
12987,240,250
12988,211,4000
12989,239,400
12990,242,0
12991,241,100
12992,1,155000
12993,242,0
12994,2,150000
12995,141,16000
12996,242,0
12997,211,4000
12998,240,200
12999,242,0
13000,242,0
13001,242,0
13002,242,0
13003,0,200000
13004,242,0
13005,2,150000
13006,240,200
13007,242,0
13008,211,4000
13009,242,0
13010,161,12000
13011,240,200
13012,242,0
13013,237,600
13014,242,0
13015,234,1000
13016,2,150000
13017,242,0
13018,226,2000
13019,2,150000
13020,241,150
13021,242,0
13022,236,750
13023,107,24100
13024,197,6000
13025,241,150
13026,240,250
13027,242,0
13028,186,7800
13029,141,16000
13030,2,150000
13031,239,400
13032,241,100
13033,242,0
13034,242,0
13035,242,0
13036,237,550
13037,239,400
13038,226,2000
13039,0,300000
13040,242,0
13041,141,16000
13042,232,1250
13043,197,6000
13044,139,16300
13045,242,0
13046,242,0
13047,197,6000
13048,241,100
13049,242,0
13050,235,800
13051,242,0
13052,107,24000
13053,242,0
13054,242,0
13055,197,6000
13056,241,150
13057,242,0
13058,241,100
13059,239,300
13060,242,0
13061,242,0
13062,242,0
13063,242,0
13064,242,0
13065,238,500
13066,240,200
13067,2,150000
13068,242,0
13069,242,0
13070,242,0
13071,2,150000
13072,242,0
13073,233,1150
13074,141,16000
13075,232,1200
13076,239,300
13077,242,0
13078,242,0
13079,240,250
13080,226,2000
13081,242,0
13082,242,0
13083,240,200
13084,242,0
13085,242,0
13086,234,1000
13087,234,1000
13088,222,2500
13089,2,140000
13090,241,100
13091,242,0
13092,242,0
13093,242,0
13094,228,1700
13095,204,5000
13096,235,900
13097,239,300
13098,197,6000
13099,141,16000
13100,242,0
13101,242,0
13102,242,0
13103,241,150
13104,241,150
13105,242,0
13106,242,0
13107,242,0
13108,2,150000
13109,140,16100
13110,235,900
13111,82,32000
13112,238,500
13113,232,1200
13114,242,0
13115,240,200
13116,239,400
13117,241,100
13118,242,0
13119,242,0
13120,235,800
13121,242,0
13122,242,0
13123,236,750
13124,2,150000
13125,231,1400
13126,242,0
13127,240,200
13128,166,11100
13129,242,0
13130,242,0
13131,239,300
13132,241,100
13133,62,40000
13134,228,1700
13135,242,0
13136,0,200000
13137,239,400
13138,241,100
13139,242,0
13140,239,400
13141,242,0
13142,242,0
13143,242,0
13144,241,100
13145,188,7500
13146,242,0
13147,242,0
13148,242,0
13149,242,0
13150,242,0
13151,240,200
13152,242,0
13153,141,16000
13154,2,150000
13155,242,0
13156,242,0
13157,196,6200
13158,242,0
13159,226,2000
13160,2,150000
13161,239,300
13162,146,15000
13163,104,25000
13164,242,0
13165,2,150000
13166,226,2000
13167,242,0
13168,231,1400
13169,132,18000
13170,2,150000
13171,242,0
13172,238,500
13173,242,0
13174,242,0
13175,240,200
13176,242,0
13177,241,150
13178,242,0
13179,239,300
13180,242,0
13181,230,1500
13182,240,200
13183,240,250
13184,226,2000
13185,242,0
13186,242,0
13187,242,0
13188,102,25600
13189,239,300
13190,211,4000
13191,0,750000
13192,134,17500
13193,231,1400
13194,234,1000
13195,2,150000
13196,240,200
13197,242,0
13198,204,5000
13199,2,150000
13200,144,15300
13201,234,1000
13202,166,11100
13203,228,1700
13204,229,1600
13205,239,300
13206,0,350000
13207,204,5000
13208,237,600
13209,241,100
13210,145,15100
13211,240,200
13212,242,0
13213,242,0
13214,242,0
13215,214,3600
13216,187,7600
13217,188,7500
13218,237,600
13219,239,300
13220,242,0
13221,242,0
13222,242,0
13223,237,600
13224,141,16000
13225,240,200
13226,219,3000
13227,242,0
13228,0,300000
13229,242,0
13230,235,800
13231,235,900
13232,235,800
13233,16,80000
13234,242,0
13235,242,0
13236,242,0
13237,240,250
13238,242,0
13239,35,56750
13240,107,24000
13241,230,1500
13242,235,800
13243,235,800
13244,242,0
13245,226,2000
13246,242,0
13247,242,0
13248,181,8500
13249,226,2000
13250,237,600
13251,242,0
13252,242,0
13253,187,7600
13254,242,0
13255,217,3200
13256,239,300
13257,241,150
13258,219,3000
13259,242,0
13260,44,50500
13261,239,300
13262,242,0
13263,232,1200
13264,242,0
13265,4,122500
13266,200,5600
13267,237,650
13268,2,150000
13269,235,900
13270,242,0
13271,187,7600
13272,242,0
13273,240,250
13274,241,100
13275,107,24200
13276,242,0
13277,123,20000
13278,241,100
13279,219,3000
13280,242,0
13281,0,350000
13282,238,500
13283,242,0
13284,62,40000
13285,235,900
13286,2,150000
13287,240,250
13288,242,0
13289,241,100
13290,235,800
13291,237,600
13292,235,800
13293,240,200
13294,242,0
13295,239,300
13296,242,0
13297,3,125750
13298,242,0
13299,240,200
13300,242,0
13301,242,0
13302,240,200
13303,242,0
13304,237,600
13305,2,150000
13306,222,2500
13307,242,0
13308,242,0
13309,240,200
13310,0,1500000
13311,235,800
13312,242,0
13313,242,0
13314,242,0
13315,240,200
13316,240,200
13317,242,0
13318,242,0
13319,235,800
13320,242,0
13321,219,3000
13322,242,0
13323,141,16000
13324,242,0
13325,242,0
13326,242,0
13327,240,200
13328,239,300
13329,235,800
13330,241,100
13331,141,16000
13332,242,0
13333,242,0
13334,235,900
13335,62,40000
13336,242,0
13337,235,800
13338,229,1600
13339,2,150000
13340,239,300
13341,242,0
13342,240,200
13343,242,0
13344,240,200
13345,242,0
13346,242,0
13347,242,0
13348,241,100
13349,217,3200
13350,197,6000
13351,2,150000
13352,242,0
13353,178,9000
13354,242,0
13355,235,800
13356,236,700
13357,236,700
13358,242,0
13359,241,150
13360,239,300
13361,242,0
13362,242,0
13363,239,400
13364,211,4000
13365,30,62000
13366,238,500
13367,241,100
13368,204,5000
13369,242,0
13370,240,200
13371,238,450
13372,238,500
13373,53,45000
13374,141,16000
13375,242,0
13376,237,600
13377,239,400
13378,240,200
13379,242,0
13380,237,600
13381,0,200000
13382,197,6000
13383,242,0
13384,123,20000
13385,241,100
13386,242,0
13387,239,300
13388,242,0
13389,242,0
13390,223,2400
13391,241,150
13392,161,12000
13393,0,300000
13394,238,500
13395,239,400
13396,0,300000
13397,239,400
13398,242,0
13399,232,1200
13400,240,200
13401,242,0
13402,242,0
13403,219,3000
13404,238,500
13405,241,150
13406,241,100
13407,183,8300
13408,242,0
13409,242,0
13410,240,200
13411,214,3600
13412,242,0
13413,234,1000
13414,232,1200
13415,240,200
13416,242,0
13417,228,1700
13418,242,0
13419,242,0
13420,242,0
13421,141,16000
13422,242,0
13423,242,0
13424,241,100
13425,172,10000
13426,242,0
13427,223,2400
13428,240,200
13429,242,0
13430,0,600000
13431,2,150000
13432,214,3600
13433,175,9500
13434,2,150000
13435,229,1600
13436,216,3400
13437,45,50000
13438,2,150000
13439,237,600
13440,217,3200
13441,242,0
13442,2,150000
13443,242,0
13444,229,1600
13445,242,0
13446,242,0
13447,0,300000
13448,1,178900
13449,197,6000
13450,242,0
13451,229,1600
13452,2,150000
13453,242,0
13454,229,1600
13455,238,500
13456,242,0
13457,181,8600
13458,242,0
13459,211,4000
13460,242,0
13461,19,75000
13462,178,9000
13463,19,75000
13464,242,0
13465,242,0
13466,242,0
13467,242,0
13468,242,0
13469,141,16000
13470,236,750
13471,62,40000
13472,242,0
13473,242,0
13474,229,1600
13475,242,0
13476,242,0
13477,188,7500
13478,242,0
13479,241,100
13480,242,0
13481,242,0
13482,242,0
13483,61,40750
13484,237,650
13485,172,10000
13486,241,150
13487,242,0
13488,242,0
13489,240,250
13490,242,0
13491,241,100
13492,242,0
13493,239,400
13494,88,30000
13495,242,0
13496,238,500
13497,238,500
13498,242,0
13499,242,0
13500,235,900
13501,47,48400
13502,242,0
13503,2,150000
13504,241,100
13505,242,0
13506,242,0
13507,242,0
13508,242,0
13509,222,2500
13510,238,500
13511,219,3000
13512,242,0
13513,238,500
13514,197,6000
13515,242,0
13516,142,15800
13517,242,0
13518,239,400
13519,68,37500
13520,242,0
13521,68,37500
13522,240,200
13523,146,15000
13524,242,0
13525,226,2000
13526,141,16000
13527,219,3000
13528,241,150
13529,185,8000
13530,241,150
13531,241,100
13532,242,0
13533,242,0
13534,237,650
13535,188,7500
13536,242,0
13537,240,250
13538,242,0
13539,123,20000
13540,219,3000
13541,226,2000
13542,10,93000
13543,242,0
13544,237,600
13545,237,600
13546,241,100
13547,237,550
13548,239,400
13549,239,400
13550,242,0
13551,240,200
13552,230,1500
13553,211,4000
13554,242,0
13555,2,150000
13556,242,0
13557,239,300
13558,242,0
13559,240,200
13560,219,3000
13561,2,150000
13562,214,3600
13563,242,0
13564,2,150000
13565,2,150000
13566,241,100
13567,242,0
13568,239,300
13569,242,0
13570,242,0
13571,237,600
13572,236,700
13573,32,60000
13574,240,200
13575,240,200
13576,242,0
13577,240,250
13578,197,6000
13579,2,150000
13580,241,100
13581,240,200
13582,204,5000
13583,242,0
13584,62,40000
13585,242,0
13586,107,24000
13587,208,4500
13588,3,125750
13589,241,100
13590,230,1500
13591,215,3500
13592,186,7700
13593,242,0
13594,242,0
13595,208,4500
13596,226,2000
13597,242,0
13598,241,100
13599,239,300
13600,141,16000
13601,242,0
13602,62,40000
13603,238,500
13604,32,60000
13605,0,200000
13606,240,200
13607,240,200
13608,238,500
13609,178,9100
13610,103,25200
13611,241,100
13612,242,0
13613,240,200
13614,242,0
13615,242,0
13616,241,100
13617,213,3800
13618,242,0
13619,242,0
13620,242,0
13621,235,800
13622,239,400
13623,242,0
13624,241,150
13625,214,3600
13626,242,0
13627,188,7500
13628,2,150000
13629,242,0
13630,180,8700
13631,242,0
13632,0,450000
13633,242,0
13634,218,3100
13635,2,150000
13636,241,100
13637,242,0
13638,242,0
13639,242,0
13640,241,100
13641,240,200
13642,235,800
13643,2,150000
13644,239,300
13645,10,93000
13646,239,400
13647,242,0
13648,226,2000
13649,242,0
13650,242,0
13651,242,0
13652,242,0
13653,240,200
13654,242,0
13655,242,0
13656,242,0
13657,2,150000
13658,242,0
13659,242,0
13660,236,750
13661,242,0
13662,242,0
13663,225,2200
13664,240,250
13665,197,6000
13666,242,0
13667,241,100
13668,242,0
13669,226,2000
13670,242,0
13671,235,900
13672,0,910000
13673,242,0
13674,234,1000
13675,242,0
13676,49,47400
13677,211,4000
13678,241,100
13679,235,900
13680,238,500
13681,242,0
13682,242,0
13683,241,100
13684,241,100
13685,242,0
13686,242,0
13687,145,15200
13688,242,0
13689,242,0
13690,242,0
13691,242,0
13692,238,450
13693,242,0
13694,185,8000
13695,211,4000
13696,228,1700
13697,242,0
13698,242,0
13699,238,500
13700,172,10000
13701,0,200000
13702,211,4000
13703,83,31600
13704,242,0
13705,0,500000
13706,234,1000
13707,88,30000
13708,123,20000
13709,240,200
13710,239,400
13711,242,0
13712,242,0
13713,242,0
13714,3,125750
13715,242,0
13716,242,0
13717,88,30000
13718,242,0
13719,241,100
13720,238,500
13721,23,70000
13722,239,300
13723,242,0
13724,230,1500
13725,242,0
13726,141,16000
13727,242,0
13728,227,1850
13729,88,30000
13730,240,200
13731,242,0
13732,237,600
13733,211,4000
13734,141,16000
13735,242,0
13736,233,1050
13737,239,300
13738,241,100
13739,197,6000
13740,2,150000
13741,226,2000
13742,242,0
13743,241,100
13744,211,4000
13745,121,20400
13746,242,0
13747,239,300
13748,145,15100
13749,242,0
13750,225,2100
13751,235,800
13752,239,400
13753,242,0
13754,242,0
13755,242,0
13756,242,0
13757,0,300000
13758,133,17700
13759,242,0
13760,239,300
13761,2,150000
13762,242,0
13763,240,250
13764,219,3000
13765,242,0
13766,242,0
13767,242,0
13768,242,0
13769,2,150000
13770,241,100
13771,239,300
13772,242,0
13773,242,0
13774,238,500
13775,242,0
13776,242,0
13777,0,500000
13778,223,2400
13779,240,200
13780,242,0
13781,241,150
13782,242,0
13783,211,4000
13784,239,300
13785,199,5700
13786,141,16000
13787,0,300000
13788,242,0
13789,62,40000
13790,123,20000
13791,233,1100
13792,211,4000
13793,242,0
13794,236,750
13795,242,0
13796,178,9000
13797,0,400000
13798,239,300
13799,242,0
13800,237,600
13801,242,0
13802,242,0
13803,241,100
13804,0,300000
13805,239,400
13806,239,400
13807,240,200
13808,219,3000
13809,242,0
13810,242,0
13811,141,16000
13812,240,250
13813,0,450000
13814,242,0
13815,241,100
13816,242,0
13817,188,7500
13818,241,100
13819,141,16000
13820,239,300
13821,241,100
13822,240,200
13823,242,0
13824,238,500
13825,223,2400
13826,178,9100
13827,242,0
13828,234,1000
13829,226,2000
13830,240,250
13831,0,450000
13832,240,200
13833,235,800
13834,242,0
13835,242,0
13836,235,900
13837,236,700
13838,0,200000
13839,240,200
13840,107,24100
13841,242,0
13842,2,150000
13843,242,0
13844,197,6000
13845,88,30000
13846,242,0
13847,148,14600
13848,229,1600
13849,242,0
13850,241,100
13851,242,0
13852,240,250
13853,242,0
13854,183,8300
13855,0,300000
13856,232,1200
13857,228,1800
13858,27,65000
13859,235,800
13860,237,600
13861,240,200
13862,240,250
13863,7,105000
13864,240,200
13865,241,100
13866,239,300
13867,226,2000
13868,242,0
13869,239,300
13870,222,2500
13871,242,0
13872,242,0
13873,132,18000
13874,235,800
13875,242,0
13876,242,0
13877,242,0
13878,242,0
13879,240,200
13880,242,0
13881,2,150000
13882,242,0
13883,88,30000
13884,219,3000
13885,204,5000
13886,172,10000
13887,242,0
13888,242,0
13889,235,800
13890,242,0
13891,242,0
13892,242,0
13893,232,1200
13894,242,0
13895,233,1100
13896,172,10000
13897,240,200
13898,242,0
13899,242,0
13900,242,0
13901,1,178900
13902,240,200
13903,238,500
13904,242,0
13905,238,500
13906,62,40000
13907,242,0
13908,242,0
13909,242,0
13910,234,1000
13911,240,200
13912,225,2200
13913,141,16000
13914,238,500
13915,242,0
13916,242,0
13917,215,3500
13918,242,0
13919,240,200
13920,242,0
13921,242,0
13922,242,0
13923,240,200
13924,242,0
13925,242,0
13926,203,5200
13927,242,0
13928,226,2000
13929,211,4000
13930,237,600
13931,183,8300
13932,242,0
13933,242,0
13934,0,400000
13935,242,0
13936,239,400
13937,2,150000
13938,242,0
13939,242,0
13940,241,100
13941,197,6000
13942,2,150000
13943,242,0
13944,241,100
13945,239,400
13946,2,150000
13947,239,400
13948,2,150000
13949,2,150000
13950,18,76000
13951,146,15000
13952,241,150
13953,242,0
13954,219,3000
13955,242,0
13956,239,300
13957,234,1000
13958,219,3000
13959,88,30000
13960,2,150000
13961,242,0
13962,229,1600
13963,211,4000
13964,242,0
13965,242,0
13966,242,0
13967,211,4000
13968,242,0
13969,242,0
13970,238,450
13971,242,0
13972,242,0
13973,240,200
13974,2,150000
13975,241,100
13976,188,7500
13977,239,300
13978,238,500
13979,219,3000
13980,197,6000
13981,241,100
13982,211,4000
13983,242,0
13984,242,0
13985,0,200000
13986,141,16000
13987,242,0
13988,242,0
13989,242,0
13990,240,250
13991,237,600
13992,242,0
13993,226,2000
13994,242,0
13995,240,200
13996,242,0
13997,242,0
13998,235,800
13999,180,8750
14000,242,0
14001,242,0
14002,226,2000
14003,242,0
14004,235,900
14005,242,0
14006,188,7500
14007,239,400
14008,197,6000
14009,242,0
14010,242,0
14011,242,0
14012,239,300
14013,223,2400
14014,0,350000
14015,242,0
14016,242,0
14017,242,0
14018,242,0
14019,0,200000
14020,242,0
14021,228,1700
14022,240,200
14023,242,0
14024,242,0
14025,242,0
14026,235,800
14027,239,400
14028,237,600
14029,241,100
14030,242,0
14031,208,4500
14032,62,40000
14033,242,0
14034,241,100
14035,235,800
14036,123,20000
14037,0,300000
14038,241,100
14039,87,30200
14040,197,6000
14041,179,8950
14042,242,0
14043,242,0
14044,225,2100
14045,242,0
14046,197,6000
14047,242,0
14048,242,0
14049,0,200000
14050,241,100
14051,239,300
14052,242,0
14053,242,0
14054,242,0
14055,216,3400
14056,88,30000
14057,1,155000
14058,241,150
14059,234,1000
14060,242,0
14061,242,0
14062,236,750
14063,146,15000
14064,242,0
14065,242,0
14066,0,300000
14067,239,300
14068,242,0
14069,2,150000
14070,237,600
14071,242,0
14072,235,800
14073,204,5000
14074,239,300
14075,234,1000
14076,242,0
14077,242,0
14078,242,0
14079,238,500
14080,228,1800
14081,242,0
14082,241,100
14083,242,0
14084,71,36100
14085,144,15300
14086,0,184000
14087,241,150
14088,242,0
14089,240,250
14090,242,0
14091,2,150000
14092,242,0
14093,230,1500
14094,242,0
14095,241,150
14096,240,200
14097,0,300000
14098,2,150000
14099,0,500000
14100,0,300000
14101,242,0
14102,240,200
14103,241,100
14104,242,0
14105,62,40000
14106,242,0
14107,217,3250
14108,240,250
14109,242,0
14110,242,0
14111,242,0
14112,0,450000
14113,226,2000
14114,239,300
14115,197,6000
14116,211,4000
14117,236,750
14118,242,0
14119,239,400
14120,242,0
14121,239,400
14122,211,4000
14123,185,7900
14124,233,1100
14125,242,0
14126,242,0
14127,237,600
14128,2,150000
14129,2,150000
14130,242,0
14131,217,3250
14132,242,0
14133,242,0
14134,107,24000
14135,242,0
14136,242,0
14137,188,7500
14138,234,1000
14139,242,0
14140,237,600
14141,242,0
14142,242,0
14143,232,1200
14144,240,200
14145,219,3000
14146,242,0
14147,187,7600
14148,230,1500
14149,242,0
14150,242,0
14151,242,0
14152,242,0
14153,242,0
14154,242,0
14155,2,150000
14156,237,600
14157,241,100
14158,242,0
14159,104,25000
14160,242,0
14161,242,0
14162,242,0
14163,229,1600
14164,242,0
14165,242,0
14166,242,0
14167,2,150000
14168,123,20000
14169,239,400
14170,242,0
14171,2,150000
14172,219,3000
14173,242,0
14174,242,0
14175,242,0
14176,241,100
14177,161,12000
14178,188,7500
14179,237,550
14180,236,750
14181,240,250
14182,242,0
14183,239,350
14184,242,0
14185,145,15100
14186,0,500000
14187,2,150000
14188,242,0
14189,242,0
14190,240,200
14191,0,500000
14192,239,300
14193,239,300
14194,242,0
14195,242,0
14196,237,600
14197,241,100
14198,238,450
14199,242,0
14200,242,0
14201,0,2000000
14202,241,100
14203,242,0
14204,242,0
14205,2,150000
14206,219,3000
14207,0,500000
14208,242,0
14209,0,800000
14210,229,1600
14211,223,2400
14212,239,300
14213,2,150000
14214,62,40000
14215,242,0
14216,234,1000
14217,242,0
14218,226,2000
14219,242,0
14220,223,2400
14221,240,200
14222,239,400
14223,0,200000
14224,242,0
14225,241,100
14226,0,500000
14227,240,250
14228,239,400
14229,226,2000
14230,8,99000
14231,242,0
14232,242,0
14233,241,100
14234,0,300000
14235,242,0
14236,239,350
14237,240,250
14238,242,0
14239,242,0
14240,0,450000
14241,242,0
14242,235,850
14243,62,40000
14244,239,400
14245,242,0
14246,241,150
14247,236,750
14248,226,2000
14249,241,100
14250,242,0
14251,219,3000
14252,242,0
14253,2,150000
14254,242,0
14255,242,0
14256,185,8000
14257,242,0
14258,240,200
14259,2,150000
14260,239,400
14261,234,1000
14262,2,150000
14263,226,2000
14264,239,300
14265,229,1600
14266,240,200
14267,161,12000
14268,73,35200
14269,2,150000
14270,0,300000
14271,242,0
14272,240,250
14273,235,800
14274,242,0
14275,242,0
14276,242,0
14277,113,22500
14278,178,9000
14279,242,0
14280,242,0
14281,242,0
14282,242,0
14283,242,0
14284,0,450000
14285,242,0
14286,242,0
14287,242,0
14288,241,100
14289,0,2000000
14290,242,0
14291,242,0
14292,239,300
14293,242,0
14294,240,250
14295,242,0
14296,242,0
14297,242,0
14298,240,250
14299,234,1000
14300,242,0
14301,242,0
14302,0,1500000
14303,242,0
14304,186,7700
14305,242,0
14306,240,250
14307,235,800
14308,242,0
14309,225,2200
14310,242,0
14311,242,0
14312,239,350
14313,241,100
14314,242,0
14315,242,0
14316,242,0
14317,240,200
14318,172,10000
14319,2,150000
14320,242,0
14321,242,0
14322,2,150000
14323,204,5000
14324,211,4000
14325,219,3000
14326,215,3500
14327,226,2000
14328,230,1500
14329,235,800
14330,0,300000
14331,2,150000
14332,240,250
14333,222,2500
14334,237,600
14335,242,0
14336,242,0
14337,240,250
14338,235,800
14339,239,300
14340,239,400
14341,209,4300
14342,242,0
14343,242,0
14344,240,200
14345,242,0
14346,237,600
14347,204,5000
14348,230,1500
14349,10,93000
14350,242,0
14351,2,150000
14352,242,0
14353,226,2000
14354,242,0
14355,239,400
14356,239,300
14357,241,100
14358,242,0
14359,242,0
14360,242,0
14361,225,2200
14362,241,100
14363,242,0
14364,141,16000
14365,242,0
14366,229,1600
14367,242,0
14368,238,500
14369,235,900
14370,234,1000
14371,0,300000
14372,188,7500
14373,241,150
14374,242,0
14375,141,16000
14376,0,500000
14377,223,2400
14378,242,0
14379,237,600
14380,141,16000
14381,240,200
14382,188,7500
14383,242,0
14384,241,150
14385,208,4500
14386,239,300
14387,222,2600
14388,13,87500
14389,242,0
14390,239,300
14391,62,40000
14392,241,100
14393,45,49500
14394,238,500
14395,242,0
14396,232,1200
14397,242,0
14398,242,0
14399,219,3000
14400,241,100
14401,234,1000
14402,2,150000
14403,113,22500
14404,241,100
14405,242,0
14406,235,800
14407,218,3100
14408,0,2000000
14409,62,40000
14410,146,15000
14411,2,150000
14412,235,900
14413,242,0
14414,241,100
14415,240,200
14416,2,150000
14417,219,3000
14418,211,4100
14419,239,400
14420,62,40000
14421,0,300000
14422,2,150000
14423,8,99000
14424,210,4200
14425,2,150000
14426,241,100
14427,2,150000
14428,239,300
14429,219,3000
14430,242,0
14431,239,400
14432,239,400
14433,242,0
14434,233,1100
14435,241,100
14436,152,13750
14437,239,400
14438,242,0
14439,242,0
14440,238,500
14441,142,15750
14442,242,0
14443,78,33400
14444,161,12000
14445,241,100
14446,88,30000
14447,242,0
14448,242,0
14449,242,0
14450,219,3000
14451,239,300
14452,146,15000
14453,237,600
14454,197,6000
14455,238,450
14456,242,0
14457,53,45000
14458,223,2400
14459,2,150000
14460,242,0
14461,45,49500
14462,242,0
14463,2,150000
14464,242,0
14465,185,8000
14466,242,0
14467,146,15000
14468,242,0
14469,234,1000
14470,242,0
14471,242,0
14472,241,150
14473,242,0
14474,62,40000
14475,107,24000
14476,239,300
14477,2,150000
14478,123,20000
14479,242,0
14480,238,450
14481,241,100
14482,242,0
14483,242,0
14484,238,500
14485,240,250
14486,239,400
14487,239,300
14488,242,0
14489,234,1000
14490,41,52500
14491,44,50200
14492,239,300
14493,242,0
14494,242,0
14495,211,4000
14496,182,8400
14497,240,200
14498,88,30000
14499,242,0
14500,242,0
14501,113,22500
14502,228,1800
14503,229,1600
14504,240,200
14505,2,150000
14506,242,0
14507,0,500000
14508,242,0
14509,229,1600
14510,238,500
14511,0,320000
14512,240,200
14513,229,1600
14514,242,0
14515,238,500
14516,242,0
14517,241,100
14518,68,37500
14519,62,40000
14520,237,600
14521,88,30000
14522,138,16600
14523,242,0
14524,239,400
14525,239,300
14526,237,600
14527,242,0
14528,242,0
14529,242,0
14530,241,150
14531,219,3000
14532,232,1300
14533,237,600
14534,226,2000
14535,228,1700
14536,236,750
14537,242,0
14538,2,150000
14539,180,8750
14540,0,1500000
14541,240,250
14542,229,1600
14543,242,0
14544,236,750
14545,0,484000
14546,242,0
14547,13,87500
14548,229,1600
14549,242,0
14550,0,350100
14551,228,1800
14552,211,4000
14553,241,100
14554,172,10000
14555,233,1050
14556,197,6000
14557,238,500
14558,242,0
14559,211,4000
14560,241,100
14561,239,300
14562,228,1700
14563,242,0
14564,242,0
14565,2,150000
14566,23,70000
14567,242,0
14568,235,900
14569,242,0
14570,242,0
14571,240,200
14572,235,800
14573,237,600
14574,242,0
14575,19,75000
14576,210,4200
14577,242,0
14578,242,0
14579,123,20000
14580,79,33200
14581,242,0
14582,0,300000
14583,232,1300
14584,242,0
14585,0,750000
14586,2,150000
14587,240,200
14588,242,0
14589,141,16000
14590,141,16000
14591,242,0
14592,1,155000
14593,242,0
14594,0,750000
14595,242,0
14596,0,300000
14597,241,150
14598,242,0
14599,107,24200
14600,0,450000
14601,141,16000
14602,239,300
14603,214,3600
14604,242,0
14605,242,0
14606,237,600
14607,123,20000
14608,242,0
14609,240,200
14610,229,1600
14611,242,0
14612,211,4000
14613,242,0
14614,2,150000
14615,178,9100
14616,242,0
14617,242,0
14618,229,1600
14619,240,200
14620,242,0
14621,241,150
14622,235,800
14623,239,350
14624,0,200000
14625,239,300
14626,185,7900
14627,2,150000
14628,3,129000
14629,237,600
14630,241,100
14631,242,0
14632,242,0
14633,239,400
14634,232,1250
14635,0,300000
14636,239,300
14637,187,7600
14638,242,0
14639,240,200
14640,242,0
14641,0,200000
14642,241,100
14643,241,150
14644,153,13500
14645,197,6000
14646,226,2000
14647,235,800
14648,242,0
14649,242,0
14650,242,0
14651,0,2000000
14652,240,200
14653,242,0
14654,2,150000
14655,2,150000
14656,242,0
14657,242,0
14658,242,0
14659,226,2000
14660,242,0
14661,242,0
14662,177,9200
14663,242,0
14664,240,200
14665,2,150000
14666,241,100
14667,219,3000
14668,241,150
14669,242,0
14670,107,24000
14671,141,16000
14672,240,250
14673,235,800
14674,234,1000
14675,178,9000
14676,242,0
14677,161,12000
14678,241,100
14679,239,400
14680,233,1050
14681,0,300000
14682,242,0
14683,197,6000
14684,242,0
14685,229,1600
14686,2,150000
14687,211,4000
14688,239,300
14689,239,300
14690,230,1500
14691,230,1500
14692,242,0
14693,242,0
14694,11,90000
14695,242,0
14696,0,400000
14697,242,0
14698,237,600
14699,232,1200
14700,113,22500
14701,2,150000
14702,242,0
14703,107,24000
14704,242,0
14705,226,2000
14706,242,0
14707,204,5000
14708,235,900
14709,195,6400
14710,230,1500
14711,235,800
14712,225,2100
14713,236,750
14714,238,500
14715,240,200
14716,211,4000
14717,242,0
14718,234,1000
14719,242,0
14720,240,200
14721,0,200000
14722,107,24000
14723,242,0
14724,241,150
14725,88,30000
14726,242,0
14727,242,0
14728,193,6750
14729,241,150
14730,242,0
14731,242,0
14732,240,200
14733,217,3200
14734,241,100
14735,123,20000
14736,240,200
14737,232,1200
14738,242,0
14739,242,0
14740,242,0
14741,234,1000
14742,240,200
14743,241,100
14744,238,500
14745,242,0
14746,240,200
14747,1,175000
14748,242,0
14749,242,0
14750,240,200
14751,242,0
14752,242,0
14753,2,150000
14754,2,150000
14755,242,0
14756,211,4000
14757,109,23500
14758,242,0
14759,241,150
14760,225,2100
14761,225,2100
14762,151,14000
14763,226,2000
14764,242,0
14765,241,100
14766,240,200
14767,228,1750
14768,242,0
14769,242,0
14770,242,0
14771,2,150000
14772,2,150000
14773,241,100
14774,237,600
14775,239,300
14776,2,150000
14777,242,0
14778,240,200
14779,2,150000
14780,242,0
14781,242,0
14782,233,1050
14783,237,600
14784,242,0
14785,239,300
14786,242,0
14787,242,0
14788,242,0
14789,4,122500
14790,234,1000
14791,6,107600
14792,242,0
14793,2,150000
14794,0,700000
14795,242,0
14796,242,0
14797,235,900
14798,229,1650
14799,241,150
14800,242,0
14801,242,0
14802,229,1600
14803,241,100
14804,235,900
14805,234,1000
14806,239,400
14807,242,0
14808,240,200
14809,242,0
14810,0,200000
14811,242,0
14812,175,9500
14813,234,1000
14814,239,400
14815,241,100
14816,144,15400
14817,238,500
14818,146,15000
14819,113,22500
14820,2,150000
14821,48,48000
14822,0,400000
14823,242,0
14824,1,160000
14825,239,350
14826,2,150000
14827,241,100
14828,242,0
14829,219,3000
14830,0,350000
14831,226,2000
14832,241,100
14833,172,10000
14834,113,22500
14835,242,0
14836,242,0
14837,240,250
14838,242,0
14839,239,400
14840,242,0
14841,219,3000
14842,239,400
14843,242,0
14844,239,300
14845,0,450000
14846,239,350
14847,197,6000
14848,242,0
14849,242,0
14850,204,5000
14851,242,0
14852,242,0
14853,2,150000
14854,141,16000
14855,241,100
14856,242,0
14857,242,0
14858,241,150
14859,242,0
14860,242,0
14861,240,250
14862,242,0
14863,240,200
14864,0,200000
14865,240,200
14866,211,4000
14867,197,6000
14868,232,1200
14869,115,22000
14870,240,200
14871,0,300000
14872,236,700
14873,242,0
14874,242,0
14875,197,6000
14876,242,0
14877,88,30000
14878,242,0
14879,141,16000
14880,204,5000
14881,237,600
14882,242,0
14883,0,450000
14884,242,0
14885,242,0
14886,236,700
14887,0,700000
14888,242,0
14889,241,100
14890,240,250
14891,0,500000
14892,146,15000
14893,219,3000
14894,242,0
14895,231,1400
14896,242,0
14897,242,0
14898,242,0
14899,237,650
14900,242,0
14901,235,800
14902,242,0
14903,239,300
14904,197,6000
14905,242,0
14906,239,400
14907,242,0
14908,219,3000
14909,0,350000
14910,242,0
14911,223,2400
14912,229,1600
14913,242,0
14914,242,0
14915,242,0
14916,242,0
14917,223,2400
14918,242,0
14919,2,150000
14920,239,300
14921,2,150000
14922,211,4100
14923,0,500000
14924,240,200
14925,241,150
14926,236,750
14927,242,0
14928,242,0
14929,242,0
14930,242,0
14931,226,1950
14932,211,4000
14933,242,0
14934,241,100
14935,242,0
14936,241,100
14937,242,0
14938,242,0
14939,242,0
14940,226,2000
14941,238,500
14942,188,7500
14943,238,500
14944,241,100
14945,123,20000
14946,240,200
14947,226,2000
14948,2,150000
14949,242,0
14950,229,1600
14951,242,0
14952,197,6000
14953,16,80100
14954,230,1500
14955,39,53800
14956,0,500000
14957,239,300
14958,242,0
14959,240,200
14960,219,3000
14961,242,0
14962,242,0
14963,0,500000
14964,62,40000
14965,227,1900
14966,242,0
14967,237,600
14968,242,0
14969,211,4000
14970,242,0
14971,239,300
14972,242,0
14973,146,15000
14974,228,1800
14975,242,0
14976,238,450
14977,211,4000
14978,241,100
14979,242,0
14980,41,52500
14981,239,350
14982,239,300
14983,242,0
14984,242,0
14985,242,0
14986,235,800
14987,238,500
14988,242,0
14989,134,17500
14990,219,3000
14991,235,900
14992,197,6000
14993,239,400
14994,241,150
14995,107,24000
14996,242,0
14997,238,500
14998,242,0
14999,239,300
15000,141,16000
15001,242,0
15002,226,2000
15003,219,3000
15004,242,0
15005,242,0
15006,43,50800
15007,242,0
15008,242,0
15009,104,25000
15010,234,1000
15011,242,0
15012,242,0
15013,242,0
15014,242,0
15015,239,300
15016,242,0
15017,206,4800
15018,242,0
15019,182,8400
15020,241,150
15021,62,40000
15022,242,0
15023,211,4000
15024,242,0
15025,229,1600
15026,242,0
15027,242,0
15028,241,100
15029,187,7600
15030,242,0
15031,242,0
15032,240,200
15033,237,600
15034,2,150000
15035,235,800
15036,235,850
15037,242,0
15038,235,800
15039,242,0
15040,239,300
15041,1,175000
15042,141,16000
15043,240,200
15044,242,0
15045,0,500000
15046,242,0
15047,242,0
15048,242,0
15049,6,107600
15050,227,1900
15051,204,5000
15052,225,2100
15053,53,45000
15054,141,16000
15055,242,0
15056,197,6000
15057,2,150000
15058,226,2000
15059,141,16000
15060,242,0
15061,241,100
15062,237,550
15063,172,10000
15064,238,500
15065,2,150000
15066,242,0
15067,197,6000
15068,2,150000
15069,242,0
15070,122,20200
15071,2,150000
15072,240,200
15073,242,0
15074,219,3000
15075,242,0
15076,141,16000
15077,228,1700
15078,0,300000
15079,242,0
15080,242,0
15081,242,0
15082,241,100
15083,226,2000
15084,226,2000
15085,242,0
15086,242,0
15087,241,100
15088,235,900
15089,242,0
15090,242,0
15091,242,0
15092,242,0
15093,242,0
15094,228,1800
15095,242,0
15096,146,15000
15097,240,200
15098,206,4800
15099,41,52500
15100,239,400
15101,0,1500000
15102,230,1500
15103,242,0
15104,235,800
15105,242,0
15106,242,0
15107,242,0
15108,68,37500
15109,240,200
15110,183,8300
15111,240,200
15112,241,100
15113,241,100
15114,0,200000
15115,178,9000
15116,211,4000
15117,242,0
15118,235,800
15119,241,150
15120,242,0
15121,242,0
15122,242,0
15123,185,8000
15124,242,0
15125,238,450
15126,241,100
15127,2,150000
15128,141,16000
15129,4,125000
15130,242,0
15131,242,0
15132,240,200
15133,242,0
15134,238,500
15135,8,99000
15136,242,0
15137,242,0
15138,241,150
15139,233,1100
15140,242,0
15141,0,215200
15142,242,0
15143,2,150000
15144,123,20000
15145,242,0
15146,242,0
15147,107,24000
15148,172,10000
15149,2,150000
15150,237,600
15151,241,100
15152,211,4000
15153,0,200000
15154,236,750
15155,2,150000
15156,242,0
15157,232,1200
15158,242,0
15159,170,10500
15160,242,0
15161,242,0
15162,82,32000
15163,242,0
15164,206,4800
15165,235,800
15166,242,0
15167,242,0
15168,141,16000
15169,242,0
15170,197,6000
15171,233,1100
15172,235,900
15173,240,200
15174,2,150000
15175,242,0
15176,242,0
15177,242,0
15178,239,400
15179,2,150000
15180,242,0
15181,242,0
15182,242,0
15183,238,500
15184,233,1100
15185,240,200
15186,242,0
15187,242,0
15188,242,0
15189,242,0
15190,242,0
15191,0,200000
15192,242,0
15193,239,400
15194,242,0
15195,239,300
15196,234,1000
15197,242,0
15198,229,1600
15199,241,100
15200,242,0
15201,242,0
15202,242,0
15203,242,0
15204,7,105000
15205,188,7500
15206,240,200
15207,242,0
15208,240,250
15209,242,0
15210,242,0
15211,229,1600
15212,239,400
15213,242,0
15214,2,150000
15215,242,0
15216,242,0
15217,240,250
15218,242,0
15219,242,0
15220,145,15200
15221,241,100
15222,237,600
15223,242,0
15224,242,0
15225,232,1250
15226,223,2400
15227,242,0
15228,2,150000
15229,241,100
15230,242,0
15231,242,0
15232,237,600
15233,239,400
15234,242,0
15235,242,0
15236,239,300
15237,211,4000
15238,240,200
15239,240,200
15240,172,10000
15241,242,0
15242,197,6000
15243,238,500
15244,242,0
15245,237,600
15246,204,5000
15247,242,0
15248,211,4000
15249,2,150000
15250,240,250
15251,241,150
15252,197,6000
15253,242,0
15254,0,500000
15255,225,2100
15256,241,100
15257,242,0
15258,242,0
15259,204,5000
15260,242,0
15261,240,200
15262,226,2000
15263,146,15000
15264,239,300
15265,242,0
15266,242,0
15267,242,0
15268,242,0
15269,242,0
15270,2,150000
15271,211,4000
15272,242,0
15273,237,600
15274,242,0
15275,242,0
15276,235,800
15277,172,10000
15278,239,400
15279,242,0
15280,242,0
15281,242,0
15282,219,3000
15283,235,800
15284,204,5000
15285,242,0
15286,242,0
15287,226,2000
15288,19,75000
15289,240,200
15290,141,16000
15291,241,100
15292,229,1600
15293,132,18000
15294,241,150
15295,233,1100
15296,242,0
15297,113,22500
15298,82,32000
15299,242,0
15300,0,600000
15301,0,350000
15302,219,3000
15303,211,4000
15304,240,200
15305,242,0
15306,235,800
15307,0,350000
15308,242,0
15309,242,0
15310,234,1000
15311,241,100
15312,242,0
15313,242,0
15314,134,17500
15315,242,0
15316,107,24000
15317,215,3500
15318,62,40000
15319,242,0
15320,240,200
15321,230,1500
15322,239,300
15323,235,900
15324,211,4000
15325,230,1500
15326,6,107600
15327,242,0
15328,242,0
15329,242,0
15330,242,0
15331,137,16800
15332,242,0
15333,241,150
15334,226,2000
15335,240,250
15336,242,0
15337,107,24000
15338,240,200
15339,186,7700
15340,242,0
15341,84,31400
15342,240,250
15343,241,150
15344,242,0
15345,242,0
15346,113,22500
15347,242,0
15348,88,30000
15349,242,0
15350,242,0
15351,240,200
15352,2,150000
15353,241,150
15354,237,600
15355,240,200
15356,230,1500
15357,241,100
15358,242,0
15359,217,3200
15360,242,0
15361,240,200
15362,240,200
15363,2,150000
15364,240,200
15365,242,0
15366,242,0
15367,242,0
15368,226,2000
15369,242,0
15370,242,0
15371,242,0
15372,2,150000
15373,242,0
15374,242,0
15375,242,0
15376,146,15000
15377,242,0
15378,242,0
15379,242,0
15380,228,1700
15381,237,600
15382,239,300
15383,211,4100
15384,242,0
15385,235,900
15386,235,800
15387,83,31500
15388,240,200
15389,239,300
15390,241,100
15391,227,1900
15392,82,32000
15393,242,0
15394,188,7500
15395,197,6000
15396,242,0
15397,242,0
15398,239,400
15399,141,16000
15400,242,0
15401,235,800
15402,242,0
15403,242,0
15404,242,0
15405,241,100
15406,242,0
15407,242,0
15408,0,500000
15409,241,100
15410,223,2400
15411,242,0
15412,235,800
15413,240,250
15414,242,0
15415,242,0
15416,242,0
15417,234,1000
15418,141,16000
15419,242,0
15420,164,11500
15421,242,0
15422,240,200
15423,197,6000
15424,226,2000
15425,237,550
15426,242,0
15427,2,150000
15428,238,500
15429,240,200
15430,68,37500
15431,226,2000
15432,242,0
15433,242,0
15434,0,500000
15435,239,300
15436,242,0
15437,241,100
15438,242,0
15439,238,450
15440,235,850
15441,222,2600
15442,242,0
15443,239,300
15444,240,200
15445,242,0
15446,186,7800
15447,242,0
15448,239,300
15449,239,400
15450,229,1600
15451,188,7500
15452,242,0
15453,240,250
15454,226,2000
15455,242,0
15456,113,22500
15457,242,0
15458,211,4000
15459,141,16000
15460,4,125000
15461,226,2000
15462,242,0
15463,242,0
15464,238,500
15465,239,300
15466,216,3300
15467,230,1500
15468,242,0
15469,242,0
15470,240,250
15471,240,250
15472,241,100
15473,242,0
15474,242,0
15475,141,16000
15476,242,0
15477,242,0
15478,242,0
15479,242,0
15480,27,65000
15481,241,100
15482,242,0
15483,242,0
15484,242,0
15485,235,900
15486,235,800
15487,217,3200
15488,242,0
15489,238,500
15490,197,6000
15491,242,0
15492,240,200
15493,240,250
15494,239,300
15495,233,1050
15496,41,52500
15497,241,150
15498,242,0
15499,123,20000
15500,62,40000
15501,197,6000
15502,225,2100
15503,231,1400
15504,62,40000
15505,228,1800
15506,242,0
15507,188,7500
15508,223,2400
15509,242,0
15510,242,0
15511,238,500
15512,235,800
15513,241,150
15514,8,100000
15515,226,2000
15516,240,200
15517,219,3000
15518,134,17500
15519,2,150000
15520,230,1500
15521,35,56750
15522,242,0
15523,242,0
15524,88,30000
15525,242,0
15526,242,0
15527,242,0
15528,242,0
15529,242,0
15530,239,400
15531,242,0
15532,241,100
15533,242,0
15534,240,200
15535,242,0
15536,242,0
15537,242,0
15538,240,200
15539,242,0
15540,2,150000
15541,238,500
15542,242,0
15543,0,350000
15544,232,1250
15545,242,0
15546,242,0
15547,237,600
15548,137,16900
15549,241,100
15550,238,500
15551,242,0
15552,0,187500
15553,242,0
15554,240,200
15555,183,8300
15556,2,150000
15557,146,15000
15558,242,0
15559,239,300
15560,239,400
15561,237,600
15562,240,200
15563,239,300
15564,234,1000
15565,242,0
15566,239,300
15567,204,5000
15568,234,1000
15569,226,2000
15570,242,0
15571,0,500000
15572,240,200
15573,242,0
15574,242,0
15575,242,0
15576,242,0
15577,242,0
15578,221,2700
15579,238,500
15580,240,250
15581,242,0
15582,242,0
15583,88,30000
15584,236,750
15585,2,150000
15586,242,0
15587,242,0
15588,235,800
15589,242,0
15590,242,0
15591,239,300
15592,237,600
15593,234,1000
15594,0,300000
15595,232,1200
15596,240,200
15597,141,16000
15598,0,186000
15599,49,47400
15600,188,7500
15601,235,800
15602,238,500
15603,242,0
15604,240,250
15605,239,400
15606,226,2000
15607,242,0
15608,242,0
15609,240,200
15610,237,550
15611,229,1600
15612,242,0
15613,242,0
15614,239,400
15615,0,300000
15616,242,0
15617,242,0
15618,0,200000
15619,241,150
15620,236,700
15621,230,1500
15622,238,500
15623,2,150000
15624,241,100
15625,242,0
15626,240,250
15627,88,30000
15628,242,0
15629,242,0
15630,242,0
15631,242,0
15632,161,12000
15633,239,350
15634,210,4200
15635,226,2000
15636,204,5000
15637,211,4000
15638,242,0
15639,206,4750
15640,0,350000
15641,242,0
15642,238,450
15643,242,0
15644,0,300000
15645,240,250
15646,242,0
15647,242,0
15648,242,0
15649,242,0
15650,242,0
15651,0,300000
15652,242,0
15653,242,0
15654,241,100
15655,232,1200
15656,242,0
15657,237,600
15658,226,2000
15659,242,0
15660,234,1000
15661,240,200
15662,240,250
15663,16,80000
15664,0,300000
15665,242,0
15666,240,250
15667,240,200
15668,141,15900
15669,141,16000
15670,141,16000
15671,2,150000
15672,242,0
15673,232,1250
15674,211,4000
15675,242,0
15676,146,15000
15677,67,38000
15678,239,400
15679,230,1500
15680,242,0
15681,197,6000
15682,242,0
15683,237,600
15684,239,300
15685,166,11100
15686,235,900
15687,242,0
15688,242,0
15689,242,0
15690,232,1300
15691,88,30000
15692,211,4000
15693,239,400
15694,145,15200
15695,234,1000
15696,239,300
15697,242,0
15698,146,15000
15699,2,148500
15700,226,2000
15701,242,0
15702,238,500
15703,242,0
15704,2,150000
15705,0,220000
15706,2,150000
15707,242,0
15708,242,0
15709,240,200
15710,242,0
15711,185,8000
15712,242,0
15713,242,0
15714,2,150000
15715,242,0
15716,228,1700
15717,2,150000
15718,226,2000
15719,241,100
15720,239,300
15721,241,150
15722,239,400
15723,226,2000
15724,242,0
15725,242,0
15726,240,200
15727,19,75000
15728,88,30000
15729,237,600
15730,227,1900
15731,235,900
15732,241,100
15733,204,5000
15734,187,7600
15735,241,150
15736,237,550
15737,187,7600
15738,242,0
15739,241,150
15740,242,0
15741,241,100
15742,224,2300
15743,219,3000
15744,240,200
15745,240,200
15746,234,1000
15747,0,196500
15748,240,200
15749,241,100
15750,48,48000
15751,241,100
15752,240,200
15753,242,0
15754,242,0
15755,242,0
15756,219,3000
15757,241,100
15758,242,0
15759,239,300
15760,141,16000
15761,242,0
15762,240,250
15763,242,0
15764,242,0
15765,241,100
15766,238,500
15767,239,300
15768,242,0
15769,242,0
15770,242,0
15771,242,0
15772,238,500
15773,185,8000
15774,235,800
15775,242,0
15776,226,2000
15777,240,250
15778,241,100
15779,242,0
15780,2,150000
15781,197,6000
15782,242,0
15783,242,0
15784,235,800
15785,229,1600
15786,240,200
15787,197,6000
15788,235,900
15789,141,16000
15790,166,11100
15791,242,0
15792,242,0
15793,240,200
15794,238,500
15795,235,900
15796,178,9100
15797,241,100
15798,241,100
15799,242,0
15800,242,0
15801,239,300
15802,242,0
15803,241,100
15804,242,0
15805,0,367500
15806,242,0
15807,242,0
15808,242,0
15809,241,100
15810,238,500
15811,242,0
15812,242,0
15813,242,0
15814,48,48000
15815,204,5000
15816,241,100
15817,62,40000
15818,226,2000
15819,242,0
15820,208,4500
15821,242,0
15822,240,250
15823,242,0
15824,2,150000
15825,141,16000
15826,240,250
15827,240,250
15828,242,0
15829,141,16000
15830,242,0
15831,242,0
15832,2,150000
15833,197,6000
15834,229,1600
15835,240,200
15836,242,0
15837,113,22500
15838,229,1600
15839,240,200
15840,239,300
15841,242,0
15842,242,0
15843,226,2000
15844,241,100
15845,242,0
15846,197,6000
15847,107,24000
15848,242,0
15849,242,0
15850,239,300
15851,185,8000
15852,211,4000
15853,0,300000
15854,237,600
15855,240,250
15856,242,0
15857,242,0
15858,242,0
15859,240,200
15860,242,0
15861,242,0
15862,242,0
15863,234,1000
15864,242,0
15865,242,0
15866,222,2500
15867,242,0
15868,242,0
15869,146,15000
15870,242,0
15871,239,300
15872,239,400
15873,238,500
15874,197,6000
15875,242,0
15876,242,0
15877,241,100
15878,242,0
15879,88,30000
15880,216,3300
15881,241,100
15882,240,200
15883,242,0
15884,242,0
15885,27,65000
15886,236,750
15887,235,800
15888,240,200
15889,242,0
15890,242,0
15891,241,100
15892,240,200
15893,242,0
15894,236,700
15895,239,300
15896,161,12000
15897,181,8500
15898,242,0
15899,2,150000
15900,226,2000
15901,141,16000
15902,167,11000
15903,239,400
15904,241,100
15905,241,100
15906,242,0
15907,242,0
15908,197,6000
15909,242,0
15910,242,0
15911,146,15000
15912,81,32500
15913,242,0
15914,242,0
15915,123,20000
15916,242,0
15917,2,150000
15918,242,0
15919,211,4000
15920,187,7600
15921,241,100
15922,240,200
15923,239,300
15924,235,800
15925,241,100
15926,239,300
15927,240,200
15928,240,250
15929,240,200
15930,239,400
15931,145,15100
15932,240,200
15933,82,32000
15934,4,125000
15935,242,0
15936,242,0
15937,242,0
15938,242,0
15939,172,10100
15940,242,0
15941,188,7500
15942,239,300
15943,240,200
15944,240,250
15945,240,200
15946,242,0
15947,237,600
15948,238,450
15949,242,0
15950,2,150000
15951,233,1050
15952,188,7500
15953,239,400
15954,0,500000
15955,188,7500
15956,235,900
15957,242,0
15958,232,1200
15959,48,48000
15960,2,150000
15961,230,1500
15962,242,0
15963,151,14000
15964,242,0
15965,222,2500
15966,242,0
15967,240,200
15968,197,6000
15969,85,30800
15970,2,150000
15971,242,0
15972,240,200
15973,242,0
15974,239,400
15975,235,800
15976,242,0
15977,242,0
15978,240,250
15979,242,0
15980,232,1200
15981,242,0
15982,242,0
15983,239,400
15984,242,0
15985,242,0
15986,240,250
15987,241,100
15988,242,0
15989,242,0
15990,240,250
15991,208,4500
15992,19,75750
15993,219,3000
15994,242,0
15995,240,250
15996,242,0
15997,242,0
15998,216,3400
15999,0,200000
16000,242,0
16001,2,150000
16002,242,0
16003,4,125000
16004,204,5000
16005,241,100
16006,242,0
16007,239,400
16008,240,200
16009,187,7600
16010,241,100
16011,242,0
16012,237,600
16013,239,300
16014,238,500
16015,241,100
16016,242,0
16017,202,5400
16018,240,200
16019,145,15200
16020,242,0
16021,239,300
16022,232,1200
16023,241,100
16024,242,0
16025,222,2500
16026,236,700
16027,0,200000
16028,241,100
16029,239,300
16030,242,0
16031,2,150000
16032,239,300
16033,240,200
16034,197,6000
16035,45,49500
16036,229,1600
16037,242,0
16038,239,300
16039,242,0
16040,236,750
16041,239,300
16042,241,150
16043,240,200
16044,68,37500
16045,240,200
16046,11,90000
16047,239,400
16048,88,30000
16049,2,150000
16050,242,0
16051,0,1500000
16052,226,2000
16053,242,0
16054,242,0
16055,242,0
16056,242,0
16057,235,800
16058,242,0
16059,241,150
16060,242,0
16061,123,20000
16062,107,24000
16063,242,0
16064,242,0
16065,242,0
16066,216,3300
16067,241,100
16068,185,8000
16069,146,15000
16070,240,200
16071,240,250
16072,132,18000
16073,222,2600
16074,0,200000
16075,188,7500
16076,237,600
16077,242,0
16078,242,0
16079,232,1200
16080,203,5250
16081,239,300
16082,102,25500
16083,242,0
16084,242,0
16085,53,45000
16086,241,100
16087,239,300
16088,242,0
16089,242,0
16090,239,300
16091,242,0
16092,123,20000
16093,242,0
16094,242,0
16095,241,100
16096,242,0
16097,242,0
16098,0,218000
16099,237,550
16100,226,2000
16101,242,0
16102,242,0
16103,242,0
16104,186,7700
16105,242,0
16106,242,0
16107,235,800
16108,240,200
16109,0,600000
16110,16,80100
16111,188,7500
16112,82,32000
16113,242,0
16114,237,650
16115,242,0
16116,242,0
16117,240,200
16118,242,0
16119,242,0
16120,242,0
16121,113,22500
16122,242,0
16123,242,0
16124,242,0
16125,239,400
16126,242,0
16127,242,0
16128,239,400
16129,237,550
16130,211,4000
16131,242,0
16132,242,0
16133,80,32550
16134,0,300000
16135,242,0
16136,235,800
16137,239,400
16138,239,300
16139,2,150000
16140,242,0
16141,219,3000
16142,226,2000
16143,188,7500
16144,239,300
16145,219,3000
16146,226,2000
16147,242,0
16148,234,1000
16149,241,100
16150,211,4000
16151,239,400
16152,239,300
16153,242,0
16154,240,200
16155,242,0
16156,0,300000
16157,242,0
16158,2,150000
16159,242,0
16160,239,300
16161,242,0
16162,186,7700
16163,242,0
16164,228,1800
16165,228,1700
16166,242,0
16167,240,250
16168,188,7500
16169,211,4000
16170,188,7500
16171,239,300
16172,233,1050
16173,241,100
16174,242,0
16175,242,0
16176,242,0
16177,2,143900
16178,242,0
16179,242,0
16180,237,550
16181,240,200
16182,240,200
16183,242,0
16184,242,0
16185,0,200000
16186,242,0
16187,141,16000
16188,242,0
16189,242,0
16190,242,0
16191,240,200
16192,242,0
16193,242,0
16194,127,19000
16195,242,0
16196,223,2400
16197,2,150000
16198,231,1400
16199,2,150000
16200,230,1500
16201,242,0
16202,242,0
16203,242,0
16204,228,1700
16205,242,0
16206,226,2000
16207,241,100
16208,223,2400
16209,187,7600
16210,211,4000
16211,234,1000
16212,241,100
16213,219,3000
16214,0,300000
16215,242,0
16216,242,0
16217,235,800
16218,235,800
16219,146,15000
16220,107,24000
16221,242,0
16222,0,200000
16223,242,0
16224,242,0
16225,230,1500
16226,242,0
16227,241,100
16228,2,150000
16229,240,200
16230,242,0
16231,242,0
16232,197,6000
16233,242,0
16234,0,300000
16235,134,17500
16236,123,20000
16237,241,100
16238,223,2400
16239,242,0
16240,240,200
16241,235,900
16242,103,25300
16243,242,0
16244,241,100
16245,242,0
16246,242,0
16247,242,0
16248,145,15200
16249,211,4000
16250,234,1000
16251,242,0
16252,240,250
16253,94,28000
16254,232,1200
16255,242,0
16256,0,300000
16257,242,0
16258,21,71950
16259,0,200000
16260,242,0
16261,242,0
16262,240,250
16263,197,6000
16264,222,2500
16265,241,100
16266,226,2000
16267,197,6000
16268,39,53800
16269,242,0
16270,240,250
16271,137,16700
16272,242,0
16273,242,0
16274,240,200
16275,242,0
16276,242,0
16277,241,100
16278,0,500000
16279,239,400
16280,32,60000
16281,238,500
16282,240,200
16283,241,100
16284,197,6000
16285,240,200
16286,242,0
16287,240,200
16288,242,0
16289,242,0
16290,88,30000
16291,0,450000
16292,242,0
16293,242,0
16294,172,10000
16295,0,300000
16296,242,0
16297,211,4000
16298,235,900
16299,242,0
16300,235,900
16301,242,0
16302,0,200000
16303,237,550
16304,104,24900
16305,242,0
16306,2,150000
16307,242,0
16308,242,0
16309,0,300000
16310,242,0
16311,240,200
16312,0,300000
16313,241,100
16314,238,500
16315,238,450
16316,242,0
16317,229,1600
16318,239,350
16319,238,450
16320,123,20000
16321,242,0
16322,229,1600
16323,242,0
16324,242,0
16325,226,2000
16326,0,350000
16327,0,300000
16328,187,7600
16329,235,800
16330,241,100
16331,242,0
16332,242,0
16333,242,0
16334,0,350000
16335,242,0
16336,141,16000
16337,2,150000
16338,242,0
16339,241,150
16340,238,500
16341,240,200
16342,242,0
16343,242,0
16344,100,26000
16345,197,6000
16346,242,0
16347,0,310000
16348,239,300
16349,235,900
16350,241,100
16351,241,100
16352,132,18000
16353,146,15000
16354,241,150
16355,230,1500
16356,241,100
16357,239,300
16358,240,250
16359,242,0
16360,226,2000
16361,240,200
16362,0,300000
16363,235,900
16364,219,3000
16365,0,300000
16366,242,0
16367,2,150000
16368,240,200
16369,82,32000
16370,2,150000
16371,62,40000
16372,242,0
16373,241,100
16374,241,100
16375,242,0
16376,242,0
16377,242,0
16378,239,300
16379,242,0
16380,178,9100
16381,145,15100
16382,220,2800
16383,242,0
16384,241,100
16385,211,4000
16386,239,300
16387,242,0
16388,240,250
16389,0,450000
16390,242,0
16391,53,45000
16392,237,600
16393,235,800
16394,242,0
16395,2,150000
16396,242,0
16397,242,0
16398,242,0
16399,242,0
16400,242,0
16401,1,160200
16402,242,0
16403,242,0
16404,232,1200
16405,188,7500
16406,225,2100
16407,242,0
16408,123,20000
16409,239,400
16410,88,30000
16411,79,33000
16412,242,0
16413,228,1700
16414,113,22500
16415,240,200
16416,242,0
16417,242,0
16418,197,6000
16419,242,0
16420,239,300
16421,228,1800
16422,219,3000
16423,241,100
16424,233,1050
16425,241,150
16426,2,150000
16427,239,300
16428,231,1400
16429,242,0
16430,226,2000
16431,242,0
16432,235,800
16433,19,75000
16434,0,300000
16435,242,0
16436,242,0
16437,242,0
16438,241,100
16439,216,3400
16440,242,0
16441,242,0
16442,242,0
16443,242,0
16444,242,0
16445,0,500000
16446,242,0
16447,229,1600
16448,240,200
16449,82,32000
16450,234,1000
16451,242,0
16452,241,100
16453,242,0
16454,235,800
16455,185,8000
16456,241,150
16457,242,0
16458,242,0
16459,238,500
16460,141,16000
16461,223,2400
16462,141,16000
16463,2,150000
16464,0,315000
16465,241,100
16466,242,0
16467,242,0
16468,239,300
16469,242,0
16470,240,200
16471,237,600
16472,16,81000
16473,239,300
16474,240,200
16475,8,100000
16476,242,0
16477,2,150000
16478,239,300
16479,242,0
16480,239,400
16481,153,13500
16482,237,600
16483,242,0
16484,242,0
16485,242,0
16486,242,0
16487,242,0
16488,242,0
16489,233,1100
16490,241,150
16491,11,90000
16492,242,0
16493,2,150000
16494,228,1750
16495,242,0
16496,239,300
16497,241,100
16498,217,3150
16499,242,0
16500,115,22000
16501,242,0
16502,242,0
16503,211,4100
16504,239,300
16505,242,0
16506,107,24000
16507,242,0
16508,97,27000
16509,242,0
16510,0,200000
16511,123,20000
16512,211,4000
16513,235,800
16514,183,8200
16515,240,200
16516,2,150000
16517,242,0
16518,0,200000
16519,242,0
16520,143,15450
16521,239,400
16522,141,16000
16523,242,0
16524,235,800
16525,242,0
16526,242,0
16527,229,1600
16528,242,0
16529,226,2000
16530,242,0
16531,16,80000
16532,242,0
16533,197,6000
16534,241,100
16535,241,100
16536,190,7200
16537,242,0
16538,242,0
16539,242,0
16540,242,0
16541,242,0
16542,242,0
16543,185,8000
16544,0,300000
16545,225,2100
16546,2,150000
16547,240,250
16548,238,500
16549,242,0
16550,141,16000
16551,242,0
16552,242,0
16553,242,0
16554,188,7500
16555,242,0
16556,242,0
16557,188,7500
16558,241,100
16559,242,0
16560,82,32000
16561,239,300
16562,226,2000
16563,107,24000
16564,2,150000
16565,2,150000
16566,231,1400
16567,242,0
16568,242,0
16569,2,150000
16570,242,0
16571,239,300
16572,237,600
16573,242,0
16574,188,7500
16575,242,0
16576,230,1500
16577,242,0
16578,241,100
16579,88,30000
16580,240,250
16581,141,16000
16582,228,1700
16583,242,0
16584,235,800
16585,123,20000
16586,242,0
16587,186,7700
16588,242,0
16589,45,50000
16590,242,0
16591,230,1500
16592,187,7650
16593,242,0
16594,197,6000
16595,0,600000
16596,241,100
16597,2,150000
16598,53,45000
16599,242,0
16600,237,650
16601,242,0
16602,187,7600
16603,242,0
16604,0,350000
16605,238,450
16606,240,200
16607,200,5600
16608,241,150
16609,219,3000
16610,2,150000
16611,204,5000
16612,238,500
16613,242,0
16614,241,100
16615,242,0
16616,235,900
16617,242,0
16618,234,1000
16619,229,1600
16620,2,150000
16621,238,500
16622,242,0
16623,211,4000
16624,237,600
16625,233,1100
16626,241,100
16627,240,250
16628,239,300
16629,241,150
16630,242,0
16631,32,60000
16632,242,0
16633,242,0
16634,239,300
16635,239,400
16636,242,0
16637,241,150
16638,242,0
16639,241,100
16640,88,30000
16641,128,18700
16642,242,0
16643,172,10000
16644,242,0
16645,241,150
16646,242,0
16647,240,200
16648,219,3000
16649,241,100
16650,62,40000
16651,242,0
16652,242,0
16653,233,1150
16654,235,800
16655,242,0
16656,233,1050
16657,242,0
16658,242,0
16659,0,1500000
16660,242,0
16661,241,100
16662,242,0
16663,242,0
16664,242,0
16665,242,0
16666,219,3000
16667,187,7600
16668,242,0
16669,2,150000
16670,219,3000
16671,0,700000
16672,238,500
16673,242,0
16674,241,100
16675,141,16000
16676,237,600
16677,239,300
16678,237,600
16679,242,0
16680,216,3400
16681,2,150000
16682,242,0
16683,240,200
16684,204,5000
16685,235,800
16686,235,800
16687,242,0
16688,241,100
16689,242,0
16690,242,0
16691,242,0
16692,239,400
16693,242,0
16694,241,100
16695,229,1600
16696,234,950
16697,0,200000
16698,0,600000
16699,242,0
16700,242,0
16701,241,100
16702,183,8300
16703,242,0
16704,241,100
16705,62,40000
16706,242,0
16707,242,0
16708,242,0
16709,242,0
16710,241,100
16711,242,0
16712,229,1600
16713,178,9100
16714,242,0
16715,239,300
16716,240,200
16717,0,300000
16718,62,40000
16719,242,0
16720,107,24000
16721,238,450
16722,226,2000
16723,59,41500
16724,237,600
16725,242,0
16726,237,600
16727,242,0
16728,242,0
16729,242,0
16730,238,500
16731,234,1000
16732,242,0
16733,240,200
16734,0,200000
16735,242,0
16736,242,0
16737,242,0
16738,225,2150
16739,236,700
16740,242,0
16741,242,0
16742,242,0
16743,239,300
16744,241,150
16745,0,262500
16746,237,600
16747,240,200
16748,241,100
16749,241,100
16750,242,0
16751,242,0
16752,242,0
16753,240,200
16754,242,0
16755,242,0
16756,242,0
16757,229,1600
16758,2,150000
16759,204,5000
16760,188,7500
16761,242,0
16762,226,2000
16763,242,0
16764,188,7500
16765,242,0
16766,228,1700
16767,197,6000
16768,240,200
16769,237,600
16770,242,0
16771,222,2500
16772,239,300
16773,241,100
16774,242,0
16775,241,100
16776,242,0
16777,2,150000
16778,242,0
16779,237,600
16780,242,0
16781,241,100
16782,240,200
16783,237,600
16784,240,200
16785,226,2000
16786,242,0
16787,2,150000
16788,225,2200
16789,240,200
16790,239,400
16791,85,30800
16792,239,300
16793,215,3500
16794,238,450
16795,229,1600
16796,242,0
16797,238,500
16798,146,15000
16799,226,2000
16800,238,500
16801,242,0
16802,242,0
16803,235,800
16804,242,0
16805,239,300
16806,186,7750
16807,242,0
16808,6,110000
16809,19,75000
16810,242,0
16811,88,30000
16812,237,600
16813,239,300
16814,226,2000
16815,204,5000
16816,80,32550
16817,240,250
16818,242,0
16819,242,0
16820,237,600
16821,178,9000
16822,200,5600
16823,240,200
16824,240,200
16825,242,0
16826,186,7800
16827,234,1000
16828,227,1900
16829,240,250
16830,2,150000
16831,239,300
16832,242,0
16833,136,17000
16834,242,0
16835,0,200000
16836,242,0
16837,242,0
16838,204,5000
16839,242,0
16840,232,1200
16841,0,500000
16842,2,150000
16843,188,7500
16844,237,600
16845,241,100
16846,229,1600
16847,62,40000
16848,242,0
16849,141,16000
16850,242,0
16851,238,500
16852,242,0
16853,235,850
16854,240,200
16855,239,300
16856,240,250
16857,239,300
16858,242,0
16859,242,0
16860,240,200
16861,235,800
16862,204,5000
16863,219,3000
16864,240,200
16865,242,0
16866,232,1300
16867,242,0
16868,239,300
16869,241,100
16870,233,1100
16871,241,100
16872,242,0
16873,241,100
16874,241,150
16875,242,0
16876,211,4000
16877,242,0
16878,186,7700
16879,0,300000
16880,242,0
16881,240,200
16882,239,400
16883,0,350000
16884,238,500
16885,0,300000
16886,242,0
16887,123,20000
16888,238,500
16889,242,0
16890,240,200
16891,242,0
16892,237,600
16893,19,75000
16894,6,110000
16895,2,150000
16896,242,0
16897,241,150
16898,241,100
16899,1,175000
16900,229,1600
16901,242,0
16902,239,400
16903,241,100
16904,142,15800
16905,182,8400
16906,242,0
16907,228,1700
16908,242,0
16909,242,0
16910,223,2400
16911,242,0
16912,45,49500
16913,242,0
16914,240,250
16915,0,600000
16916,242,0
16917,242,0
16918,239,400
16919,239,300
16920,239,350
16921,211,4000
16922,242,0
16923,242,0
16924,242,0
16925,229,1600
16926,242,0
16927,242,0
16928,242,0
16929,2,150000
16930,242,0
16931,188,7500
16932,235,900
16933,242,0
16934,239,400
16935,242,0
16936,242,0
16937,241,100
16938,242,0
16939,242,0
16940,242,0
16941,242,0
16942,222,2500
16943,2,150000
16944,242,0
16945,240,200
16946,141,16000
16947,232,1200
16948,242,0
16949,242,0
16950,242,0
16951,123,20000
16952,240,200
16953,240,250
16954,172,10000
16955,240,200
16956,226,2000
16957,242,0
16958,241,100
16959,242,0
16960,242,0
16961,239,400
16962,242,0
16963,141,16000
16964,2,150000
16965,146,15000
16966,0,350000
16967,239,400
16968,187,7600
16969,242,0
16970,242,0
16971,219,3000
16972,240,200
16973,242,0
16974,240,200
16975,237,550
16976,242,0
16977,242,0
16978,242,0
16979,234,1000
16980,219,3000
16981,240,200
16982,242,0
16983,242,0
16984,0,1500000
16985,235,800
16986,0,500000
16987,242,0
16988,0,500000
16989,236,700
16990,52,45200
16991,240,200
16992,219,3000
16993,242,0
16994,211,4000
16995,204,5000
16996,239,300
16997,41,52500
16998,242,0
16999,113,22500
17000,242,0
17001,235,800
17002,242,0
17003,242,0
17004,219,3000
17005,223,2400
17006,238,450
17007,240,200
17008,240,250
17009,242,0
17010,237,600
17011,239,300
17012,232,1250
17013,188,7500
17014,0,2000000
17015,183,8300
17016,239,300
17017,2,150000
17018,187,7650
17019,0,350000
17020,242,0
17021,242,0
17022,242,0
17023,240,200
17024,240,200
17025,141,16000
17026,240,250
17027,2,150000
17028,241,100
17029,235,800
17030,240,200
17031,242,0
17032,242,0
17033,0,500000
17034,242,0
17035,239,300
17036,123,20000
17037,238,450
17038,226,2000
17039,219,3000
17040,241,100
17041,242,0
17042,242,0
17043,242,0
17044,242,0
17045,238,500
17046,242,0
17047,239,300
17048,242,0
17049,219,3000
17050,242,0
17051,242,0
17052,242,0
17053,204,5000
17054,242,0
17055,242,0
17056,242,0
17057,242,0
17058,239,300
17059,242,0
17060,237,600
17061,237,600
17062,242,0
17063,242,0
17064,242,0
17065,237,600
17066,226,2000
17067,242,0
17068,152,13800
17069,211,4000
17070,242,0
17071,240,200
17072,88,30000
17073,232,1200
17074,242,0
17075,2,150000
17076,2,150000
17077,241,100
17078,186,7700
17079,240,200
17080,197,6000
17081,211,4000
17082,82,32000
17083,234,1000
17084,240,200
17085,226,2000
17086,242,0
17087,242,0
17088,242,0
17089,236,750
17090,0,300000
17091,224,2300
17092,242,0
17093,242,0
17094,239,300
17095,204,5000
17096,237,600
17097,2,150000
17098,238,500
17099,242,0
17100,242,0
17101,242,0
17102,239,300
17103,237,600
17104,186,7700
17105,177,9300
17106,87,30200
17107,0,300000
17108,240,200
17109,242,0
17110,241,100
17111,0,300000
17112,235,800
17113,242,0
17114,242,0
17115,241,150
17116,222,2500
17117,242,0
17118,242,0
17119,240,200
17120,240,200
17121,241,100
17122,242,0
17123,242,0
17124,188,7500
17125,242,0
17126,241,100
17127,242,0
17128,242,0
17129,240,200
17130,239,350
17131,88,30000
17132,226,2000
17133,242,0
17134,242,0
17135,137,16800
17136,239,300
17137,242,0
17138,242,0
17139,242,0
17140,242,0
17141,242,0
17142,242,0
17143,242,0
17144,0,300000
17145,237,550
17146,2,150000
17147,242,0
17148,242,0
17149,242,0
17150,238,500
17151,242,0
17152,104,25000
17153,228,1800
17154,240,200
17155,242,0
17156,241,100
17157,240,250
17158,141,16000
17159,235,900
17160,242,0
17161,242,0
17162,242,0
17163,242,0
17164,242,0
17165,242,0
17166,180,8700
17167,242,0
17168,197,6000
17169,242,0
17170,211,4000
17171,242,0
17172,241,100
17173,113,22500
17174,242,0
17175,242,0
17176,215,3500
17177,242,0
17178,193,6600
17179,226,2000
17180,2,150000
17181,242,0
17182,0,450000
17183,185,8000
17184,242,0
17185,235,800
17186,242,0
17187,242,0
17188,211,4000
17189,240,200
17190,242,0
17191,241,100
17192,228,1800
17193,232,1200
17194,239,400
17195,107,24000
17196,242,0
17197,235,800
17198,242,0
17199,241,100
17200,242,0
17201,242,0
17202,19,75000
17203,2,150000
17204,226,2000
17205,242,0
17206,183,8300
17207,223,2400
17208,242,0
17209,242,0
17210,242,0
17211,240,200
17212,237,600
17213,242,0
17214,239,300
17215,2,150000
17216,242,0
17217,204,5000
17218,235,800
17219,241,150
17220,242,0
17221,234,1000
17222,242,0
17223,240,200
17224,239,400
17225,235,800
17226,241,100
17227,209,4300
17228,242,0
17229,242,0
17230,242,0
17231,239,300
17232,239,400
17233,242,0
17234,242,0
17235,242,0
17236,188,7500
17237,235,900
17238,242,0
17239,242,0
17240,242,0
17241,241,150
17242,188,7500
17243,242,0
17244,242,0
17245,236,700
17246,241,150
17247,223,2400
17248,2,150000
17249,197,6000
17250,2,150000
17251,224,2250
17252,241,100
17253,186,7750
17254,242,0
17255,141,16000
17256,242,0
17257,62,40000
17258,187,7600
17259,172,10000
17260,242,0
17261,241,100
17262,240,250
17263,237,600
17264,242,0
17265,242,0
17266,226,2000
17267,241,150
17268,242,0
17269,2,150000
17270,242,0
17271,239,400
17272,2,140000
17273,242,0
17274,232,1200
17275,186,7700
17276,241,100
17277,242,0
17278,0,222000
17279,123,20000
17280,242,0
17281,88,30000
17282,238,500
17283,41,52500
17284,242,0
17285,239,300
17286,242,0
17287,53,45000
17288,240,200
17289,2,150000
17290,237,600
17291,234,1000
17292,228,1750
17293,232,1300
17294,0,300000
17295,240,250
17296,239,400
17297,2,150000
17298,242,0
17299,2,150000
17300,88,30000
17301,11,90000
17302,226,2000
17303,242,0
17304,242,0
17305,242,0
17306,229,1600
17307,242,0
17308,242,0
17309,239,400
17310,239,400
17311,225,2100
17312,242,0
17313,226,2000
17314,241,150
17315,185,7900
17316,242,0
17317,242,0
17318,226,2000
17319,62,40000
17320,2,150000
17321,240,200
17322,187,7600
17323,242,0
17324,242,0
17325,242,0
17326,240,250
17327,204,5000
17328,242,0
17329,2,150000
17330,206,4800
17331,226,2000
17332,2,150000
17333,242,0
17334,242,0
17335,239,300
17336,242,0
17337,242,0
17338,242,0
17339,242,0
17340,242,0
17341,211,4000
17342,219,3000
17343,242,0
17344,242,0
17345,242,0
17346,240,200
17347,237,600
17348,232,1200
17349,242,0
17350,242,0
17351,2,150000
17352,242,0
17353,187,7600
17354,235,800
17355,239,300
17356,107,24000
17357,242,0
17358,241,150
17359,19,75000
17360,241,100
17361,234,1000
17362,217,3200
17363,242,0
17364,164,11500
17365,123,20000
17366,13,85750
17367,239,300
17368,230,1500
17369,240,200
17370,239,300
17371,242,0
17372,68,37500
17373,240,200
17374,2,150000
17375,242,0
17376,239,300
17377,242,0
17378,226,2000
17379,242,0
17380,242,0
17381,242,0
17382,108,23800
17383,242,0
17384,232,1200
17385,232,1300
17386,242,0
17387,241,100
17388,211,4000
17389,242,0
17390,242,0
17391,16,80000
17392,242,0
17393,204,5000
17394,242,0
17395,242,0
17396,242,0
17397,242,0
17398,242,0
17399,241,100
17400,241,100
17401,0,300000
17402,238,450
17403,146,15000
17404,242,0
17405,222,2500
17406,16,80000
17407,242,0
17408,242,0
17409,39,53700
17410,242,0
17411,230,1500
17412,242,0
17413,45,50000
17414,132,18000
17415,219,3000
17416,62,40000
17417,228,1800
17418,230,1450
17419,241,100
17420,239,400
17421,0,200000
17422,241,100
17423,4,125000
17424,242,0
17425,2,150000
17426,241,150
17427,234,950
17428,242,0
17429,242,0
17430,219,3000
17431,235,800
17432,226,2000
17433,204,5000
17434,242,0
17435,184,8100
17436,229,1600
17437,242,0
17438,239,300
17439,242,0
17440,143,15600
17441,242,0
17442,242,0
17443,2,150000
17444,0,500000
17445,242,0
17446,240,250
17447,241,100
17448,235,900
17449,242,0
17450,242,0
17451,242,0
17452,88,30000
17453,242,0
17454,211,4000
17455,242,0
17456,242,0
17457,242,0
17458,2,150000
17459,141,16000
17460,242,0
17461,235,800
17462,241,100
17463,242,0
17464,2,150000
17465,235,800
17466,242,0
17467,238,500
17468,242,0
17469,242,0
17470,240,200
17471,231,1400
17472,238,500
17473,241,150
17474,242,0
17475,242,0
17476,0,350000
17477,238,500
17478,237,600
17479,172,10000
17480,239,300
17481,241,100
17482,53,45000
17483,240,200
17484,242,0
17485,197,6000
17486,2,150000
17487,235,800
17488,242,0
17489,240,250
17490,239,400
17491,242,0
17492,229,1600
17493,242,0
17494,226,2000
17495,240,200
17496,242,0
17497,242,0
17498,242,0
17499,238,500
17500,240,200
17501,204,5000
17502,238,500
17503,240,200
17504,242,0
17505,242,0
17506,239,400
17507,242,0
17508,204,5000
17509,241,100
17510,0,200800
17511,242,0
17512,240,250
17513,242,0
17514,132,17900
17515,242,0
17516,2,150000
17517,242,0
17518,240,200
17519,237,600
17520,232,1200
17521,242,0
17522,123,20000
17523,242,0
17524,242,0
17525,240,200
17526,211,4000
17527,242,0
17528,242,0
17529,141,16000
17530,241,150
17531,235,800
17532,141,16000
17533,211,4000
17534,240,200
17535,0,300000
17536,137,16700
17537,232,1200
17538,239,300
17539,242,0
17540,2,150000
17541,238,450
17542,1,175000
17543,241,150
17544,235,800
17545,242,0
17546,223,2400
17547,242,0
17548,240,250
17549,242,0
17550,226,2000
17551,242,0
17552,242,0
17553,242,0
17554,183,8200
17555,242,0
17556,2,150000
17557,242,0
17558,242,0
17559,242,0
17560,0,300000
17561,178,9100
17562,242,0
17563,242,0
17564,2,150000
17565,240,200
17566,242,0
17567,123,20000
17568,235,800
17569,197,6000
17570,2,150000
17571,242,0
17572,242,0
17573,133,17700
17574,242,0
17575,240,250
17576,239,300
17577,241,150
17578,242,0
17579,186,7700
17580,242,0
17581,240,200
17582,211,4000
17583,241,100
17584,240,200
17585,239,400
17586,2,150000
17587,242,0
17588,239,400
17589,188,7500
17590,235,800
17591,242,0
17592,242,0
17593,235,900
17594,242,0
17595,242,0
17596,242,0
17597,188,7500
17598,240,200
17599,242,0
17600,2,150000
17601,241,100
17602,240,200
17603,242,0
17604,240,200
17605,242,0
17606,235,800
17607,2,150000
17608,211,4000
17609,200,5600
17610,241,100
17611,242,0
17612,222,2600
17613,240,200
17614,146,15000
17615,146,15000
17616,241,100
17617,239,300
17618,226,2000
17619,242,0
17620,241,150
17621,242,0
17622,240,250
17623,242,0
17624,240,250
17625,239,300
17626,242,0
17627,123,20000
17628,0,450000
17629,242,0
17630,225,2100
17631,242,0
17632,6,110000
17633,227,1900
17634,238,450
17635,242,0
17636,242,0
17637,242,0
17638,2,150000
17639,138,16600
17640,235,800
17641,0,200000
17642,242,0
17643,231,1400
17644,239,300
17645,242,0
17646,239,400
17647,240,200
17648,242,0
17649,234,1000
17650,240,200
17651,242,0
17652,62,40000
17653,0,750000
17654,236,750
17655,240,200
17656,188,7500
17657,226,2000
17658,188,7500
17659,238,500
17660,0,450000
17661,242,0
17662,2,150000
17663,242,0
17664,232,1200
17665,242,0
17666,230,1500
17667,242,0
17668,242,0
17669,241,100
17670,204,5000
17671,242,0
17672,242,0
17673,242,0
17674,0,350000
17675,141,16000
17676,145,15200
17677,225,2100
17678,41,52500
17679,242,0
17680,240,200
17681,242,0
17682,185,8000
17683,242,0
17684,242,0
17685,107,24000
17686,236,700
17687,229,1600
17688,242,0
17689,242,0
17690,242,0
17691,240,200
17692,242,0
17693,184,8100
17694,197,6000
17695,0,300000
17696,141,16000
17697,234,1000
17698,204,5000
17699,242,0
17700,240,250
17701,242,0
17702,235,800
17703,242,0
17704,235,800
17705,141,16000
17706,237,600
17707,237,600
17708,235,800
17709,241,100
17710,241,100
17711,226,2000
17712,242,0
17713,241,100
17714,188,7500
17715,187,7600
17716,242,0
17717,188,7500
17718,236,750
17719,123,20000
17720,219,2950
17721,235,800
17722,188,7500
17723,167,10900
17724,242,0
17725,242,0
17726,242,0
17727,2,150000
17728,233,1050
17729,241,100
17730,242,0
17731,242,0
17732,2,150000
17733,242,0
17734,242,0
17735,146,15000
17736,230,1500
17737,242,0
17738,2,150000
17739,4,125000
17740,141,16000
17741,241,100
17742,219,3000
17743,239,400
17744,197,6000
17745,226,2000
17746,241,150
17747,242,0
17748,178,9000
17749,186,7800
17750,170,10500
17751,2,150000
17752,0,200000
17753,242,0
17754,41,52500
17755,41,52500
17756,41,52500
17757,226,2000
17758,242,0
17759,240,200
17760,1,178900
17761,188,7500
17762,232,1200
17763,107,24000
17764,210,4200
17765,2,150000
17766,241,150
17767,232,1200
17768,242,0
17769,242,0
17770,242,0
17771,242,0
17772,240,250
17773,240,250
17774,242,0
17775,239,350
17776,241,100
17777,0,300000
17778,242,0
17779,242,0
17780,238,500
17781,242,0
17782,141,16000
17783,242,0
17784,219,3000
17785,242,0
17786,39,53800
17787,234,1000
17788,224,2300
17789,242,0
17790,242,0
17791,242,0
17792,240,250
17793,240,250
17794,226,2000
17795,45,50000
17796,197,6000
17797,242,0
17798,242,0
17799,242,0
17800,239,300
17801,242,0
17802,197,6000
17803,41,52500
17804,242,0
17805,239,300
17806,242,0
17807,211,4000
17808,242,0
17809,183,8300
17810,242,0
17811,0,200000
17812,242,0
17813,241,150
17814,235,900
17815,239,300
17816,6,107600
17817,11,90000
17818,242,0
17819,141,16000
17820,0,450000
17821,0,300000
17822,204,5000
17823,187,7600
17824,240,200
17825,238,450
17826,100,26100
17827,242,0
17828,62,40000
17829,242,0
17830,238,500
17831,240,250
17832,242,0
17833,242,0
17834,2,150000
17835,239,300
17836,188,7500
17837,233,1050
17838,226,2000
17839,242,0
17840,242,0
17841,204,5000
17842,242,0
17843,217,3200
17844,242,0
17845,242,0
17846,0,350000
17847,242,0
17848,0,300000
17849,2,150000
17850,242,0
17851,242,0
17852,242,0
17853,242,0
17854,238,500
17855,242,0
17856,241,100
17857,163,11600
17858,242,0
17859,242,0
17860,242,0
17861,242,0
17862,242,0
17863,242,0
17864,226,2000
17865,242,0
17866,45,50000
17867,39,53800
17868,141,16000
17869,242,0
17870,239,400
17871,30,61200
17872,82,32000
17873,2,150000
17874,242,0
17875,223,2400
17876,239,350
17877,226,2000
17878,229,1600
17879,230,1500
17880,237,600
17881,242,0
17882,241,100
17883,161,12000
17884,242,0
17885,242,0
17886,242,0
17887,235,900
17888,226,2000
17889,188,7500
17890,240,200
17891,242,0
17892,232,1200
17893,2,150000
17894,186,7700
17895,242,0
17896,242,0
17897,242,0
17898,242,0
17899,240,200
17900,235,800
17901,242,0
17902,188,7500
17903,242,0
17904,236,750
17905,242,0
17906,233,1150
17907,188,7500
17908,229,1600
17909,242,0
17910,242,0
17911,242,0
17912,235,800
17913,242,0
17914,0,300000
17915,238,500
17916,2,150000
17917,241,150
17918,242,0
17919,242,0
17920,242,0
17921,146,15000
17922,232,1200
17923,237,600
17924,233,1050
17925,242,0
17926,242,0
17927,141,16000
17928,242,0
17929,242,0
17930,144,15400
17931,219,3000
17932,242,0
17933,240,250
17934,242,0
17935,239,400
17936,197,6000
17937,242,0
17938,239,300
17939,239,400
17940,242,0
17941,204,5000
17942,0,900000
17943,239,350
17944,146,15000
17945,226,2000
17946,187,7600
17947,232,1200
17948,242,0
17949,240,200
17950,242,0
17951,235,800
17952,240,200
17953,231,1400
17954,242,0
17955,241,150
17956,229,1600
17957,241,150
17958,242,0
17959,229,1600
17960,237,600
17961,241,150
17962,230,1500
17963,226,2000
17964,242,0
17965,242,0
17966,238,500
17967,178,9000
17968,242,0
17969,0,900000
17970,226,2000
17971,141,16000
17972,240,200
17973,239,300
17974,8,99000
17975,242,0
17976,2,150000
17977,239,300
17978,242,0
17979,242,0
17980,234,1000
17981,229,1600
17982,2,150000
17983,237,600
17984,241,100
17985,2,150000
17986,242,0
17987,242,0
17988,241,100
17989,242,0
17990,242,0
17991,242,0
17992,242,0
17993,234,1000
17994,242,0
17995,242,0
17996,180,8750
17997,242,0
17998,240,200
17999,228,1800
18000,219,3000
18001,0,300000
18002,242,0
18003,242,0
18004,239,400
18005,242,0
18006,242,0
18007,242,0
18008,235,900
18009,242,0
18010,242,0
18011,242,0
18012,45,50000
18013,242,0
18014,209,4300
18015,242,0
18016,2,150000
18017,197,6000
18018,242,0
18019,235,800
18020,242,0
18021,240,250
18022,242,0
18023,181,8600
18024,0,300000
18025,242,0
18026,242,0
18027,239,300
18028,240,200
18029,241,100
18030,237,600
18031,242,0
18032,229,1600
18033,232,1200
18034,32,60000
18035,242,0
18036,240,200
18037,239,400
18038,2,150000
18039,242,0
18040,242,0
18041,241,150
18042,224,2300
18043,237,600
18044,241,150
18045,197,6000
18046,226,2000
18047,242,0
18048,2,150000
18049,242,0
18050,240,200
18051,242,0
18052,242,0
18053,219,3000
18054,2,150000
18055,2,150000
18056,241,100
18057,236,750
18058,242,0
18059,50,46600
18060,107,24000
18061,241,150
18062,239,300
18063,16,80000
18064,239,300
18065,62,40000
18066,11,92200
18067,242,0
18068,141,16000
18069,183,8300
18070,241,100
18071,242,0
18072,241,150
18073,240,200
18074,241,100
18075,235,800
18076,226,2000
18077,242,0
18078,234,1000
18079,242,0
18080,242,0
18081,242,0
18082,242,0
18083,235,800
18084,236,750
18085,242,0
18086,242,0
18087,2,150000
18088,242,0
18089,240,200
18090,2,150000
18091,242,0
18092,242,0
18093,242,0
18094,242,0
18095,239,400
18096,197,6000
18097,60,41200
18098,242,0
18099,226,2000
18100,228,1800
18101,242,0
18102,239,300
18103,240,200
18104,242,0
18105,242,0
18106,242,0
18107,204,5000
18108,240,200
18109,241,100
18110,226,2000
18111,242,0
18112,226,2000
18113,237,600
18114,211,4000
18115,242,0
18116,241,100
18117,242,0
18118,96,27300
18119,241,100
18120,62,40000
18121,224,2300
18122,0,500000
18123,215,3500
18124,238,500
18125,242,0
18126,239,300
18127,242,0
18128,239,400
18129,242,0
18130,242,0
18131,238,500
18132,242,0
18133,235,800
18134,230,1500
18135,242,0
18136,241,150
18137,241,100
18138,242,0
18139,242,0
18140,2,150000
18141,242,0
18142,242,0
18143,242,0
18144,242,0
18145,222,2600
18146,186,7700
18147,212,3850
18148,242,0
18149,242,0
18150,2,150000
18151,204,5000
18152,223,2400
18153,241,150
18154,242,0
18155,239,300
18156,209,4300
18157,237,600
18158,242,0
18159,240,200
18160,226,2000
18161,2,150000
18162,242,0
18163,211,4000
18164,211,4000
18165,172,10000
18166,239,350
18167,238,450
18168,239,300
18169,242,0
18170,242,0
18171,241,100
18172,219,3000
18173,41,52500
18174,242,0
18175,235,800
18176,211,4000
18177,103,25300
18178,235,900
18179,0,500000
18180,242,0
18181,151,14000
18182,2,150000
18183,239,400
18184,141,16000
18185,242,0
18186,16,80000
18187,242,0
18188,0,300000
18189,242,0
18190,240,200
18191,141,16000
18192,223,2400
18193,239,300
18194,242,0
18195,141,16000
18196,2,150000
18197,2,150000
18198,241,100
18199,242,0
18200,239,400
18201,2,150000
18202,242,0
18203,2,150000
18204,242,0
18205,232,1300
18206,232,1200
18207,240,200
18208,197,6000
18209,229,1600
18210,234,1000
18211,204,5000
18212,197,6000
18213,217,3250
18214,239,350
18215,211,4000
18216,235,800
18217,2,150000
18218,242,0
18219,242,0
18220,188,7500
18221,242,0
18222,204,5000
18223,241,100
18224,225,2100
18225,242,0
18226,123,20000
18227,240,200
18228,242,0
18229,211,4000
18230,242,0
18231,238,500
18232,230,1500
18233,242,0
18234,2,150000
18235,214,3600
18236,232,1250
18237,242,0
18238,242,0
18239,239,400
18240,19,75000
18241,19,75000
18242,242,0
18243,242,0
18244,0,1500000
18245,242,0
18246,240,200
18247,62,40000
18248,242,0
18249,62,40000
18250,242,0
18251,1,182000
18252,211,4000
18253,242,0
18254,242,0
18255,239,400
18256,242,0
18257,229,1600
18258,242,0
18259,197,6000
18260,200,5600
18261,242,0
18262,242,0
18263,239,400
18264,242,0
18265,242,0
18266,242,0
18267,242,0
18268,239,400
18269,211,4000
18270,238,500
18271,228,1750
18272,171,10300
18273,242,0
18274,242,0
18275,13,87500
18276,242,0
18277,242,0
18278,2,150000
18279,141,16000
18280,242,0
18281,240,200
18282,242,0
18283,242,0
18284,242,0
18285,0,600000
18286,45,49500
18287,242,0
18288,242,0
18289,242,0
18290,242,0
18291,48,48000
18292,226,2000
18293,242,0
18294,0,350000
18295,240,200
18296,141,16000
18297,238,500
18298,62,40000
18299,242,0
18300,242,0
18301,242,0
18302,242,0
18303,242,0
18304,141,16000
18305,242,0
18306,242,0
18307,242,0
18308,242,0
18309,188,7500
18310,242,0
18311,242,0
18312,231,1400
18313,242,0
18314,211,4000
18315,239,400
18316,242,0
18317,240,250
18318,0,300000
18319,2,150000
18320,242,0
18321,242,0
18322,230,1500
18323,238,500
18324,238,500
18325,241,150
18326,228,1800
18327,242,0
18328,242,0
18329,238,500
18330,242,0
18331,235,800
18332,242,0
18333,235,800
18334,242,0
18335,229,1600
18336,242,0
18337,2,150000
18338,239,300
18339,138,16500
18340,158,12600
18341,0,195000
18342,123,20000
18343,2,150000
18344,211,4000
18345,241,100
18346,241,100
18347,197,6000
18348,186,7800
18349,242,0
18350,242,0
18351,242,0
18352,123,20000
18353,242,0
18354,239,400
18355,178,9100
18356,242,0
18357,239,400
18358,0,1000000
18359,2,150000
18360,242,0
18361,2,150000
18362,234,1000
18363,0,450000
18364,242,0
18365,242,0
18366,217,3200
18367,241,100
18368,232,1300
18369,242,0
18370,232,1300
18371,235,900
18372,62,40000
18373,219,3000
18374,204,5000
18375,242,0
18376,240,250
18377,242,0
18378,219,3000
18379,220,2800
18380,0,500000
18381,241,100
18382,242,0
18383,242,0
18384,0,450000
18385,234,1000
18386,2,150000
18387,242,0
18388,82,32000
18389,21,72000
18390,178,9000
18391,238,500
18392,182,8400
18393,242,0
18394,197,6000
18395,234,1000
18396,242,0
18397,234,1000
18398,242,0
18399,211,4000
18400,242,0
18401,226,2000
18402,226,2000
18403,2,150000
18404,2,150000
18405,239,300
18406,241,100
18407,208,4400
18408,234,1000
18409,242,0
18410,214,3600
18411,242,0
18412,19,75000
18413,242,0
18414,239,300
18415,225,2200
18416,0,350000
18417,240,250
18418,6,110000
18419,121,20500
18420,2,150000
18421,0,1000000
18422,240,250
18423,242,0
18424,226,2000
18425,242,0
18426,242,0
18427,237,600
18428,242,0
18429,242,0
18430,234,1000
18431,242,0
18432,226,2000
18433,226,2000
18434,242,0
18435,242,0
18436,53,45000
18437,242,0
18438,7,105000
18439,242,0
18440,226,2000
18441,240,200
18442,242,0
18443,242,0
18444,151,14000
18445,242,0
18446,242,0
18447,241,100
18448,242,0
18449,235,800
18450,82,32000
18451,240,200
18452,8,100000
18453,204,5000
18454,236,700
18455,235,800
18456,141,16000
18457,226,1950
18458,238,500
18459,239,350
18460,211,4000
18461,240,200
18462,242,0
18463,239,300
18464,241,100
18465,242,0
18466,241,100
18467,9,97000
18468,242,0
18469,242,0
18470,214,3600
18471,239,400
18472,242,0
18473,0,500000
18474,239,400
18475,69,36850
18476,241,100
18477,242,0
18478,219,3000
18479,238,500
18480,242,0
18481,112,22800
18482,0,500000
18483,141,16000
18484,238,500
18485,242,0
18486,226,2000
18487,239,300
18488,242,0
18489,186,7800
18490,242,0
18491,226,2000
18492,239,350
18493,242,0
18494,4,125000
18495,182,8400
18496,240,200
18497,242,0
18498,242,0
18499,242,0
18500,242,0
18501,242,0
18502,211,4000
18503,0,300000
18504,235,800
18505,235,900
18506,242,0
18507,213,3800
18508,242,0
18509,226,2000
18510,242,0
18511,235,800
18512,242,0
18513,242,0
18514,240,250
18515,242,0
18516,2,150000
18517,242,0
18518,240,200
18519,2,150000
18520,242,0
18521,240,200
18522,238,450
18523,197,6000
18524,237,600
18525,242,0
18526,2,150000
18527,240,200
18528,241,100
18529,211,4000
18530,242,0
18531,0,1500000
18532,242,0
18533,242,0
18534,239,300
18535,240,250
18536,241,100
18537,204,5000
18538,240,200
18539,239,400
18540,242,0
18541,242,0
18542,239,300
18543,242,0
18544,242,0
18545,235,800
18546,235,800
18547,242,0
18548,192,6900
18549,242,0
18550,242,0
18551,240,250
18552,242,0
18553,240,250
18554,242,0
18555,174,9800
18556,242,0
18557,241,100
18558,240,200
18559,177,9300
18560,242,0
18561,0,350000
18562,242,0
18563,0,300000
18564,241,100
18565,242,0
18566,242,0
18567,2,150000
18568,239,300
18569,242,0
18570,18,76000
18571,242,0
18572,242,0
18573,242,0
18574,2,150000
18575,242,0
18576,237,600
18577,240,250
18578,141,16000
18579,239,300
18580,242,0
18581,242,0
18582,226,2000
18583,141,16000
18584,242,0
18585,242,0
18586,226,2000
18587,219,3000
18588,242,0
18589,51,45800
18590,2,150000
18591,242,0
18592,241,100
18593,241,100
18594,197,6000
18595,238,500
18596,242,0
18597,88,30000
18598,2,150000
18599,237,600
18600,223,2400
18601,74,34800
18602,211,4000
18603,242,0
18604,242,0
18605,240,200
18606,204,5000
18607,123,20000
18608,241,150
18609,242,0
18610,188,7500
18611,240,250
18612,242,0
18613,242,0
18614,242,0
18615,239,400
18616,234,1000
18617,242,0
18618,242,0
18619,233,1100
18620,242,0
18621,219,3000
18622,242,0
18623,143,15500
18624,236,750
18625,241,100
18626,242,0
18627,219,3000
18628,240,200
18629,242,0
18630,242,0
18631,241,100
18632,242,0
18633,232,1200
18634,241,100
18635,242,0
18636,235,800
18637,237,600
18638,211,4000
18639,45,49500
18640,239,300
18641,234,1000
18642,240,250
18643,242,0
18644,237,600
18645,242,0
18646,242,0
18647,188,7500
18648,242,0
18649,242,0
18650,242,0
18651,234,1000
18652,242,0
18653,48,48000
18654,178,9100
18655,242,0
18656,62,40000
18657,241,100
18658,241,100
18659,242,0
18660,242,0
18661,161,12000
18662,239,400
18663,242,0
18664,204,5000
18665,242,0
18666,242,0
18667,242,0
18668,235,800
18669,242,0
18670,241,100
18671,222,2600
18672,239,400
18673,123,20000
18674,240,200
18675,240,250
18676,232,1300
18677,2,150000
18678,228,1800
18679,16,80100
18680,238,500
18681,239,300
18682,240,250
18683,239,400
18684,2,150000
18685,0,500000
18686,238,500
18687,240,200
18688,240,250
18689,219,3000
18690,141,16000
18691,242,0
18692,226,2000
18693,237,600
18694,232,1200
18695,242,0
18696,241,150
18697,0,200000
18698,226,2000
18699,235,900
18700,242,0
18701,241,100
18702,241,150
18703,242,0
18704,242,0
18705,0,300000
18706,240,200
18707,239,400
18708,242,0
18709,242,0
18710,211,4000
18711,242,0
18712,242,0
18713,242,0
18714,235,800
18715,242,0
18716,242,0
18717,239,300
18718,235,900
18719,0,500000
18720,206,4800
18721,242,0
18722,242,0
18723,242,0
18724,223,2400
18725,242,0
18726,242,0
18727,232,1300
18728,141,16000
18729,242,0
18730,228,1750
18731,242,0
18732,242,0
18733,242,0
18734,204,5000
18735,240,200
18736,223,2400
18737,88,30000
18738,222,2500
18739,240,200
18740,239,300
18741,242,0
18742,242,0
18743,242,0
18744,141,16000
18745,242,0
18746,231,1350
18747,240,200
18748,242,0
18749,242,0
18750,237,600
18751,242,0
18752,235,800
18753,170,10500
18754,242,0
18755,239,300
18756,241,100
18757,242,0
18758,242,0
18759,2,150000
18760,231,1400
18761,11,90000
18762,10,93000
18763,242,0
18764,0,500000
18765,242,0
18766,242,0
18767,242,0
18768,0,750000
18769,129,18600
18770,242,0
18771,242,0
18772,242,0
18773,181,8500
18774,242,0
18775,242,0
18776,181,8500
18777,240,200
18778,242,0
18779,242,0
18780,2,150000
18781,18,77000
18782,242,0
18783,234,1000
18784,239,400
18785,235,800
18786,242,0
18787,230,1500
18788,242,0
18789,239,400
18790,219,3000
18791,88,30000
18792,0,350000
18793,178,9100
18794,241,100
18795,62,40000
18796,242,0
18797,240,200
18798,242,0
18799,137,16900
18800,242,0
18801,230,1500
18802,242,0
18803,144,15300
18804,242,0
18805,234,1000
18806,141,16000
18807,240,200
18808,242,0
18809,242,0
18810,234,1000
18811,241,150
18812,241,100
18813,2,150000
18814,0,700000
18815,242,0
18816,0,300000
18817,0,300000
18818,241,100
18819,239,400
18820,232,1300
18821,240,200
18822,242,0
18823,240,200
18824,233,1050
18825,242,0
18826,215,3500
18827,229,1600
18828,242,0
18829,242,0
18830,141,16000
18831,241,150
18832,235,800
18833,170,10500
18834,123,20000
18835,240,200
18836,242,0
18837,242,0
18838,241,100
18839,241,100
18840,236,750
18841,240,200
18842,242,0
18843,239,300
18844,146,15000
18845,240,200
18846,242,0
18847,239,300
18848,242,0
18849,242,0
18850,226,2000
18851,241,150
18852,241,100
18853,242,0
18854,242,0
18855,231,1400
18856,242,0
18857,242,0
18858,21,72000
18859,236,750
18860,0,200000
18861,197,6000
18862,242,0
18863,242,0
18864,107,24000
18865,48,48000
18866,242,0
18867,242,0
18868,242,0
18869,240,200
18870,242,0
18871,183,8300
18872,240,200
18873,242,0
18874,231,1400
18875,123,20000
18876,62,40000
18877,226,2000
18878,242,0
18879,242,0
18880,239,350
18881,242,0
18882,242,0
18883,223,2400
18884,211,4000
18885,242,0
18886,241,100
18887,188,7500
18888,231,1400
18889,146,15000
18890,242,0
18891,240,200
18892,242,0
18893,231,1400
18894,45,50000
18895,242,0
18896,242,0
18897,242,0
18898,240,200
18899,241,100
18900,242,0
18901,242,0
18902,204,5000
18903,242,0
18904,241,150
18905,2,150000
18906,241,150
18907,230,1500
18908,239,300
18909,242,0
18910,242,0
18911,222,2600
18912,229,1600
18913,74,35000
18914,204,5000
18915,228,1700
18916,146,15000
18917,242,0
18918,229,1600
18919,188,7500
18920,188,7500
18921,242,0
18922,211,4000
18923,186,7800
18924,242,0
18925,242,0
18926,236,750
18927,241,100
18928,242,0
18929,240,200
18930,242,0
18931,219,3000
18932,232,1200
18933,197,6000
18934,242,0
18935,242,0
18936,242,0
18937,210,4200
18938,239,300
18939,242,0
18940,185,8000
18941,242,0
18942,62,40000
18943,242,0
18944,229,1600
18945,141,16000
18946,241,150
18947,242,0
18948,197,6000
18949,242,0
18950,242,0
18951,0,300000
18952,233,1050
18953,242,0
18954,242,0
18955,242,0
18956,242,0
18957,242,0
18958,242,0
18959,242,0
18960,236,750
18961,242,0
18962,197,6000
18963,204,5000
18964,240,250
18965,141,16000
18966,242,0
18967,240,200
18968,241,100
18969,227,1900
18970,241,100
18971,242,0
18972,41,52500
18973,242,0
18974,242,0
18975,188,7500
18976,2,150000
18977,241,100
18978,239,300
18979,242,0
18980,96,27300
18981,239,300
18982,200,5600
18983,107,24000
18984,242,0
18985,242,0
18986,242,0
18987,242,0
18988,240,200
18989,0,350000
18990,242,0
18991,242,0
18992,240,250
18993,239,300
18994,242,0
18995,240,250
18996,242,0
18997,238,500
18998,181,8550
18999,242,0
19000,197,6000
19001,45,49500
19002,122,20300
19003,228,1800
19004,241,100
19005,242,0
19006,233,1100
19007,242,0
19008,146,15000
19009,11,90600
19010,240,250
19011,242,0
19012,240,250
19013,242,0
19014,235,800
19015,241,150
19016,240,200
19017,242,0
19018,242,0
19019,233,1100
19020,131,18100
19021,242,0
19022,204,5000
19023,242,0
19024,242,0
19025,127,19000
19026,242,0
19027,242,0
19028,68,37500
19029,242,0
19030,211,4000
19031,229,1600
19032,242,0
19033,242,0
19034,242,0
19035,242,0
19036,233,1100
19037,238,450
19038,240,200
19039,241,100
19040,229,1600
19041,0,750000
19042,0,750000
19043,242,0
19044,241,100
19045,240,250
19046,2,150000
19047,242,0
19048,0,350000
19049,242,0
19050,238,500
19051,166,11100
19052,242,0
19053,241,100
19054,242,0
19055,242,0
19056,240,200
19057,242,0
19058,196,6250
19059,239,300
19060,0,450000
19061,242,0
19062,161,12000
19063,242,0
19064,239,350
19065,242,0
19066,235,800
19067,242,0
19068,242,0
19069,242,0
19070,235,900
19071,2,150000
19072,242,0
19073,242,0
19074,242,0
19075,238,500
19076,241,150
19077,240,200
19078,242,0
19079,3,135000
19080,242,0
19081,242,0
19082,241,100
19083,242,0
19084,242,0
19085,242,0
19086,0,350000
19087,188,7500
19088,186,7700
19089,242,0
19090,236,750
19091,242,0
19092,242,0
19093,242,0
19094,242,0
19095,239,300
19096,242,0
19097,242,0
19098,2,150000
19099,0,600000
19100,226,2000
19101,242,0
19102,236,700
19103,188,7500
19104,242,0
19105,242,0
19106,242,0
19107,242,0
19108,242,0
19109,242,0
19110,240,200
19111,242,0
19112,242,0
19113,231,1350
19114,0,500000
19115,242,0
19116,142,15800
19117,237,600
19118,141,16000
19119,2,150000
19120,242,0
19121,229,1600
19122,242,0
19123,237,600
19124,242,0
19125,16,80000
19126,226,2000
19127,242,0
19128,241,100
19129,242,0
19130,239,300
19131,146,15000
19132,242,0
19133,242,0
19134,242,0
19135,242,0
19136,235,800
19137,239,300
19138,183,8300
19139,241,100
19140,242,0
19141,238,500
19142,241,100
19143,0,200000
19144,242,0
19145,239,350
19146,230,1500
19147,187,7600
19148,242,0
19149,242,0
19150,242,0
19151,242,0
19152,237,600
19153,2,150000
19154,239,400
19155,177,9300
19156,241,100
19157,242,0
19158,184,8100
19159,228,1800
19160,204,5000
19161,242,0
19162,242,0
19163,239,300
19164,0,300000
19165,242,0
19166,242,0
19167,211,4000
19168,242,0
19169,204,5000
19170,242,0
19171,242,0
19172,241,100
19173,0,200000
19174,235,900
19175,226,2000
19176,242,0
19177,242,0
19178,239,400
19179,2,150000
19180,241,100
19181,242,0
19182,238,500
19183,242,0
19184,240,250
19185,0,200000
19186,239,300
19187,239,400
19188,240,200
19189,242,0
19190,242,0
19191,242,0
19192,2,150000
19193,242,0
19194,236,700
19195,242,0
19196,240,200
19197,242,0
19198,107,24000
19199,134,17500
19200,242,0
19201,228,1700
19202,230,1500
19203,0,300000
19204,235,800
19205,123,20000
19206,175,9650
19207,241,100
19208,234,1000
19209,241,100
19210,241,150
19211,239,400
19212,239,400
19213,242,0
19214,242,0
19215,242,0
19216,242,0
19217,239,300
19218,230,1500
19219,242,0
19220,235,800
19221,242,0
19222,211,4000
19223,226,2000
19224,2,150000
19225,240,250
19226,242,0
19227,235,800
19228,242,0
19229,210,4200
19230,62,40000
19231,41,52500
19232,242,0
19233,235,800
19234,88,30000
19235,242,0
19236,242,0
19237,239,400
19238,130,18400
19239,241,100
19240,242,0
19241,242,0
19242,239,300
19243,239,300
19244,242,0
19245,4,122500
19246,230,1500
19247,242,0
19248,6,110000
19249,235,800
19250,172,10000
19251,240,200
19252,242,0
19253,242,0
19254,2,150000
19255,239,300
19256,4,120000
19257,235,800
19258,242,0
19259,240,200
19260,229,1600
19261,242,0
19262,240,250
19263,242,0
19264,242,0
19265,242,0
19266,0,200000
19267,242,0
19268,240,200
19269,242,0
19270,62,40000
19271,242,0
19272,241,100
19273,156,12900
19274,242,0
19275,242,0
19276,242,0
19277,2,150000
19278,232,1200
19279,211,4000
19280,232,1200
19281,235,800
19282,242,0
19283,0,300000
19284,234,1000
19285,240,200
19286,241,100
19287,242,0
19288,235,800
19289,240,200
19290,240,200
19291,141,16000
19292,242,0
19293,223,2400
19294,240,200
19295,240,200
19296,242,0
19297,242,0
19298,234,950
19299,217,3200
19300,230,1500
19301,229,1600
19302,240,200
19303,242,0
19304,241,150
19305,242,0
19306,242,0
19307,242,0
19308,242,0
19309,242,0
19310,232,1200
19311,0,300000
19312,123,20000
19313,239,300
19314,242,0
19315,242,0
19316,241,150
19317,239,300
19318,242,0
19319,45,49500
19320,242,0
19321,242,0
19322,62,40000
19323,0,200000
19324,242,0
19325,240,200
19326,241,100
19327,82,32000
19328,242,0
19329,239,350
19330,237,600
19331,0,450000
19332,0,350000
19333,242,0
19334,234,1000
19335,238,500
19336,239,400
19337,239,300
19338,226,2000
19339,239,400
19340,228,1700
19341,238,500
19342,188,7500
19343,136,17100
19344,242,0
19345,240,200
19346,240,200
19347,232,1300
19348,242,0
19349,230,1500
19350,2,150000
19351,238,500
19352,242,0
19353,211,4000
19354,146,15000
19355,242,0
19356,219,3000
19357,197,6000
19358,239,300
19359,155,13200
19360,2,150000
19361,242,0
19362,211,4000
19363,242,0
19364,216,3400
19365,240,200
19366,242,0
19367,226,2000
19368,197,6000
19369,240,200
19370,45,49500
19371,241,100
19372,236,750
19373,242,0
19374,229,1600
19375,242,0
19376,204,5000
19377,234,1000
19378,225,2100
19379,242,0
19380,138,16600
19381,240,200
19382,242,0
19383,241,100
19384,226,2000
19385,235,800
19386,237,600
19387,239,300
19388,235,900
19389,242,0
19390,242,0
19391,242,0
19392,0,700000
19393,239,400
19394,242,0
19395,211,4000
19396,242,0
19397,241,100
19398,39,53800
19399,25,67500
19400,239,300
19401,242,0
19402,242,0
19403,226,2000
19404,239,400
19405,237,600
19406,242,0
19407,218,3100
19408,226,2000
19409,2,150000
19410,240,200
19411,241,150
19412,242,0
19413,242,0
19414,240,200
19415,242,0
19416,225,2100
19417,242,0
19418,242,0
19419,240,200
19420,242,0
19421,235,800
19422,239,400
19423,241,100
19424,0,350000
19425,214,3600
19426,242,0
19427,239,300
19428,0,350000
19429,183,8200
19430,242,0
19431,242,0
19432,239,300
19433,235,800
19434,242,0
19435,242,0
19436,242,0
19437,32,60000
19438,2,150000
19439,242,0
19440,240,250
19441,240,200
19442,188,7500
19443,211,4000
19444,226,2000
19445,238,500
19446,204,5000
19447,242,0
19448,197,6000
19449,242,0
19450,2,150000
19451,242,0
19452,240,200
19453,241,150
19454,197,6000
19455,242,0
19456,230,1500
19457,241,100
19458,242,0
19459,242,0
19460,240,200
19461,242,0
19462,242,0
19463,241,150
19464,239,300
19465,242,0
19466,239,400
19467,240,250
19468,239,400
19469,235,800
19470,241,150
19471,241,150
19472,240,250
19473,242,0
19474,0,350000
19475,172,10000
19476,2,150000
19477,241,150
19478,242,0
19479,4,125000
19480,204,5000
19481,240,200
19482,241,100
19483,240,200
19484,242,0
19485,222,2500
19486,83,31600
19487,0,350000
19488,240,200
19489,242,0
19490,240,200
19491,146,15000
19492,242,0
19493,123,20000
19494,240,250
19495,219,3000
19496,242,0
19497,145,15200
19498,242,0
19499,238,500
19500,242,0
19501,206,4800
19502,239,400
19503,241,150
19504,242,0
19505,242,0
19506,242,0
19507,242,0
19508,234,1000
19509,242,0
19510,239,300
19511,237,600
19512,241,100
19513,2,150000
19514,238,500
19515,241,100
19516,242,0
19517,0,750000
19518,240,200
19519,237,650
19520,185,7900
19521,242,0
19522,68,37500
19523,203,5200
19524,241,100
19525,242,0
19526,229,1600
19527,138,16600
19528,242,0
19529,186,7700
19530,2,150000
19531,237,600
19532,242,0
19533,241,100
19534,238,500
19535,239,300
19536,237,600
19537,239,300
19538,186,7700
19539,240,200
19540,238,500
19541,240,200
19542,230,1500
19543,0,300000
19544,242,0
19545,242,0
19546,219,3000
19547,242,0
19548,2,150000
19549,241,100
19550,120,20800
19551,242,0
19552,239,350
19553,242,0
19554,236,750
19555,0,300000
19556,211,4000
19557,2,150000
19558,2,150000
19559,2,150000
19560,240,200
19561,242,0
19562,2,150000
19563,219,3000
19564,185,8000
19565,242,0
19566,238,450
19567,2,150000
19568,45,49500
19569,242,0
19570,240,200
19571,242,0
19572,0,300000
19573,241,100
19574,242,0
19575,2,150000
19576,242,0
19577,242,0
19578,240,200
19579,2,150000
19580,238,500
19581,234,1000
19582,242,0
19583,226,2000
19584,240,200
19585,232,1300
19586,242,0
19587,204,5000
19588,241,100
19589,242,0
19590,242,0
19591,242,0
19592,112,22800
19593,242,0
19594,242,0
19595,132,18000
19596,242,0
19597,141,16000
19598,232,1250
19599,239,300
19600,172,10000
19601,240,200
19602,242,0
19603,242,0
19604,211,4000
19605,240,200
19606,242,0
19607,242,0
19608,242,0
19609,242,0
19610,240,200
19611,232,1200
19612,225,2100
19613,242,0
19614,113,22500
19615,0,300000
19616,242,0
19617,241,100
19618,241,100
19619,226,2000
19620,235,800
19621,242,0
19622,238,500
19623,226,2000
19624,186,7800
19625,241,150
19626,242,0
19627,242,0
19628,240,250
19629,241,100
19630,242,0
19631,144,15250
19632,0,300000
19633,241,150
19634,219,2900
19635,241,100
19636,242,0
19637,240,200
19638,230,1500
19639,88,30000
19640,241,100
19641,239,400
19642,239,300
19643,242,0
19644,242,0
19645,242,0
19646,211,4000
19647,2,150000
19648,228,1800
19649,242,0
19650,240,200
19651,239,300
19652,2,150000
19653,239,400
19654,181,8600
19655,242,0
19656,242,0
19657,240,250
19658,236,700
19659,242,0
19660,204,5000
19661,0,200000
19662,242,0
19663,242,0
19664,238,500
19665,242,0
19666,242,0
19667,237,600
19668,240,250
19669,242,0
19670,226,2000
19671,239,400
19672,242,0
19673,242,0
19674,181,8550
19675,242,0
19676,242,0
19677,242,0
19678,242,0
19679,242,0
19680,172,10000
19681,240,200
19682,242,0
19683,215,3500
19684,240,200
19685,242,0
19686,226,2000
19687,242,0
19688,219,3000
19689,88,30000
19690,172,10000
19691,241,100
19692,242,0
19693,235,900
19694,242,0
19695,2,150000
19696,232,1250
19697,242,0
19698,204,5000
19699,239,300
19700,242,0
19701,2,150000
19702,226,2000
19703,242,0
19704,226,2050
19705,238,500
19706,2,150000
19707,229,1600
19708,45,49500
19709,242,0
19710,241,100
19711,68,37500
19712,240,200
19713,241,100
19714,0,300000
19715,242,0
19716,242,0
19717,242,0
19718,239,300
19719,241,150
19720,238,500
19721,237,600
19722,242,0
19723,242,0
19724,2,150000
19725,230,1500
19726,229,1600
19727,239,300
19728,240,200
19729,182,8400
19730,241,100
19731,215,3450
19732,241,100
19733,0,2000000
19734,237,600
19735,222,2600
19736,242,0
19737,239,300
19738,242,0
19739,241,100
19740,239,300
19741,242,0
19742,241,100
19743,0,300000
19744,241,150
19745,242,0
19746,240,200
19747,219,3000
19748,242,0
19749,62,40000
19750,204,5000
19751,145,15150
19752,239,300
19753,242,0
19754,226,2000
19755,238,500
19756,238,500
19757,2,150000
19758,2,150000
19759,146,15000
19760,242,0
19761,234,1000
19762,239,350
19763,242,0
19764,241,100
19765,240,200
19766,241,100
19767,141,16000
19768,242,0
19769,197,6000
19770,242,0
19771,242,0
19772,211,4000
19773,239,400
19774,211,4000
19775,242,0
19776,2,150000
19777,239,300
19778,237,600
19779,2,150000
19780,240,250
19781,242,0
19782,241,100
19783,200,5600
19784,242,0
19785,230,1500
19786,242,0
19787,233,1100
19788,242,0
19789,242,0
19790,242,0
19791,240,200
19792,240,200
19793,45,49500
19794,242,0
19795,242,0
19796,242,0
19797,242,0
19798,239,400
19799,242,0
19800,2,150000
19801,190,7200
19802,242,0
19803,242,0
19804,231,1400
19805,241,150
19806,241,100
19807,242,0
19808,242,0
19809,188,7500
19810,241,150
19811,237,600
19812,141,16000
19813,232,1250
19814,242,0
19815,241,100
19816,242,0
19817,242,0
19818,242,0
19819,241,150
19820,242,0
19821,241,100
19822,242,0
19823,242,0
19824,241,100
19825,242,0
19826,242,0
19827,242,0
19828,242,0
19829,240,200
19830,241,100
19831,242,0
19832,2,150000
19833,48,48000
19834,226,2000
19835,2,150000
19836,188,7500
19837,226,2000
19838,32,60000
19839,2,150000
19840,242,0
19841,141,16000
19842,235,800
19843,240,250
19844,110,23400
19845,242,0
19846,62,40000
19847,229,1600
19848,235,900
19849,242,0
19850,242,0
19851,241,100
19852,239,300
19853,7,105000
19854,2,150000
19855,141,16000
19856,242,0
19857,187,7600
19858,220,2800
19859,141,16000
19860,235,800
19861,242,0
19862,239,400
19863,242,0
19864,204,5000
19865,242,0
19866,237,600
19867,240,200
19868,237,600
19869,123,20000
19870,237,600
19871,240,200
19872,82,32000
19873,19,75000
19874,242,0
19875,233,1050
19876,107,24000
19877,197,6000
19878,242,0
19879,241,150
19880,2,150000
19881,242,0
19882,211,4000
19883,242,0
19884,238,500
19885,242,0
19886,242,0
19887,211,4000
19888,2,150000
19889,239,300
19890,239,300
19891,229,1600
19892,237,600
19893,2,150000
19894,223,2450
19895,242,0
19896,197,6000
19897,239,300
19898,241,150
19899,2,150000
19900,242,0
19901,197,6000
19902,235,900
19903,219,3000
19904,242,0
19905,235,900
19906,187,7600
19907,242,0
19908,242,0
19909,234,1000
19910,172,10000
19911,41,52500
19912,242,0
19913,47,48400
19914,172,10000
19915,242,0
19916,242,0
19917,208,4400
19918,2,150000
19919,0,800000
19920,242,0
19921,161,12000
19922,242,0
19923,228,1700
19924,242,0
19925,239,300
19926,242,0
19927,242,0
19928,226,2000
19929,242,0
19930,225,2150
19931,237,600
19932,226,2000
19933,242,0
19934,239,400
19935,240,250
19936,88,30000
19937,242,0
19938,204,5000
19939,239,300
19940,242,0
19941,242,0
19942,0,300000
19943,242,0
19944,242,0
19945,41,52500
19946,242,0
19947,242,0
19948,216,3400
19949,242,0
19950,226,2000
19951,242,0
19952,88,30000
19953,228,1800
19954,242,0
19955,239,400
19956,2,150000
19957,239,300
19958,242,0
19959,132,18000
19960,242,0
19961,240,200
19962,242,0
19963,211,4000
19964,240,250
19965,188,7500
19966,226,2000
19967,229,1600
19968,242,0
19969,183,8300
19970,187,7600
19971,240,200
19972,188,7500
19973,242,0
19974,211,4000
19975,197,6000
19976,240,200
19977,88,30000
19978,240,200
19979,141,16000
19980,242,0
19981,2,150000
19982,226,2000
19983,226,2000
19984,172,10000
19985,241,100
19986,242,0
19987,242,0
19988,241,150
19989,232,1200
19990,230,1500
19991,141,16000
19992,161,12000
19993,240,200
19994,242,0
19995,206,4800
19996,242,0
19997,242,0
19998,237,600
19999,230,1500
20000,238,450
20001,242,0
20002,242,0
20003,239,300
20004,239,300
20005,241,100
20006,235,900
20007,141,16000
20008,239,400
20009,241,100
20010,242,0
20011,232,1200
20012,235,900
20013,242,0
20014,242,0
20015,226,2000
20016,240,200
20017,232,1200
20018,229,1600
20019,242,0
20020,210,4200
20021,239,400
20022,7,105000
20023,242,0
20024,141,16000
20025,2,150000
20026,242,0
20027,242,0
20028,0,300000
20029,240,200
20030,242,0
20031,242,0
20032,237,600
20033,242,0
20034,222,2500
20035,242,0
20036,240,200
20037,240,200
20038,242,0
20039,197,6000
20040,242,0
20041,242,0
20042,240,200
20043,223,2400
20044,4,122500
20045,242,0
20046,239,300
20047,242,0
20048,242,0
20049,241,100
20050,32,60000
20051,138,16600
20052,230,1500
20053,2,150000
20054,242,0
20055,242,0
20056,0,500000
20057,235,800
20058,235,800
20059,242,0
20060,242,0
20061,240,200
20062,242,0
20063,242,0
20064,242,0
20065,2,150000
20066,242,0
20067,146,15000
20068,0,300000
20069,240,200
20070,242,0
20071,219,3000
20072,242,0
20073,226,2000
20074,0,1000000
20075,211,4000
20076,87,30100
20077,188,7500
20078,237,600
20079,242,0
20080,239,300
20081,242,0
20082,241,150
20083,242,0
20084,241,100
20085,241,150
20086,0,300000
20087,242,0
20088,41,52500
20089,2,150000
20090,242,0
20091,240,200
20092,172,10000
20093,235,900
20094,242,0
20095,241,100
20096,242,0
20097,241,100
20098,241,100
20099,211,4000
20100,242,0
20101,236,750
20102,226,2000
20103,188,7500
20104,242,0
20105,141,16000
20106,242,0
20107,239,300
20108,241,100
20109,242,0
20110,235,800
20111,242,0
20112,219,3000
20113,242,0
20114,242,0
20115,82,32000
20116,88,30000
20117,239,300
20118,242,0
20119,183,8300
20120,242,0
20121,242,0
20122,241,100
20123,234,1000
20124,242,0
20125,237,600
20126,234,1000
20127,242,0
20128,242,0
20129,242,0
20130,241,100
20131,241,100
20132,241,100
20133,241,150
20134,242,0
20135,242,0
20136,197,6000
20137,239,300
20138,241,150
20139,233,1150
20140,233,1100
20141,219,3000
20142,182,8400
20143,242,0
20144,241,150
20145,239,400
20146,240,200
20147,223,2400
20148,223,2400
20149,144,15300
20150,242,0
20151,239,400
20152,178,9100
20153,242,0
20154,242,0
20155,242,0
20156,188,7500
20157,242,0
20158,211,4000
20159,242,0
20160,239,300
20161,240,200
20162,235,800
20163,197,6000
20164,242,0
20165,242,0
20166,242,0
20167,232,1250
20168,204,5000
20169,242,0
20170,242,0
20171,203,5250
20172,183,8300
20173,242,0
20174,219,3000
20175,242,0
20176,239,400
20177,82,32000
20178,242,0
20179,242,0
20180,242,0
20181,240,200
20182,228,1800
20183,241,100
20184,219,3000
20185,186,7700
20186,238,500
20187,241,100
20188,242,0
20189,242,0
20190,242,0
20191,242,0
20192,235,800
20193,239,300
20194,235,800
20195,240,200
20196,242,0
20197,238,500
20198,242,0
20199,211,4000
20200,242,0
20201,241,100
20202,185,8000
20203,233,1050
20204,107,24000
20205,241,100
20206,236,750
20207,2,150000
20208,242,0
20209,240,250
20210,242,0
20211,238,500
20212,237,600
20213,241,100
20214,88,30000
20215,242,0
20216,2,150000
20217,240,250
20218,187,7600
20219,242,0
20220,242,0
20221,138,16600
20222,222,2600
20223,62,40000
20224,242,0
20225,242,0
20226,39,53800
20227,2,148500
20228,242,0
20229,238,450
20230,235,800
20231,235,800
20232,234,950
20233,141,16000
20234,241,100
20235,242,0
20236,239,300
20237,242,0
20238,197,6000
20239,233,1050
20240,229,1600
20241,242,0
20242,0,750000
20243,241,100
20244,211,4000
20245,240,250
20246,242,0
20247,240,200
20248,2,150000
20249,88,30000
20250,241,100
20251,234,1000
20252,0,300000
20253,242,0
20254,141,16000
20255,242,0
20256,242,0
20257,242,0
20258,242,0
20259,0,300000
20260,230,1500
20261,242,0
20262,240,250
20263,235,800
20264,236,700
20265,242,0
20266,240,250
20267,231,1400
20268,242,0
20269,237,600
20270,113,22500
20271,239,300
20272,177,9300
20273,188,7500
20274,242,0
20275,242,0
20276,242,0
20277,0,200000
20278,241,150
20279,211,4000
20280,242,0
20281,39,53800
20282,242,0
20283,240,200
20284,2,150000
20285,45,49500
20286,240,200
20287,242,0
20288,242,0
20289,241,100
20290,2,150000
20291,222,2600
20292,16,80100
20293,240,200
20294,240,200
20295,242,0
20296,242,0
20297,235,900
20298,240,200
20299,242,0
20300,242,0
20301,241,100
20302,0,322500
20303,1,155000
20304,228,1700
20305,0,600000
20306,2,150000
20307,240,200
20308,239,300
20309,226,2000
20310,242,0
20311,242,0
20312,241,100
20313,2,150000
20314,242,0
20315,2,150000
20316,240,200
20317,242,0
20318,241,100
20319,242,0
20320,88,30000
20321,241,150
20322,242,0
20323,240,200
20324,241,100
20325,16,80000
20326,123,20000
20327,242,0
20328,235,800
20329,232,1200
20330,242,0
20331,242,0
20332,242,0
20333,240,250
20334,242,0
20335,183,8300
20336,241,150
20337,242,0
20338,239,300
20339,2,150000
20340,242,0
20341,0,465000
20342,242,0
20343,88,30000
20344,242,0
20345,242,0
20346,242,0
20347,242,0
20348,238,500
20349,242,0
20350,238,450
20351,239,300
20352,88,30000
20353,230,1500
20354,242,0
20355,2,150000
20356,230,1500
20357,240,200
20358,187,7600
20359,242,0
20360,222,2500
20361,2,150000
20362,219,3000
20363,242,0
20364,239,300
20365,241,100
20366,240,250
20367,242,0
20368,231,1400
20369,242,0
20370,239,400
20371,187,7600
20372,219,3000
20373,232,1300
20374,219,3000
20375,237,550
20376,211,4000
20377,241,150
20378,233,1050
20379,242,0
20380,242,0
20381,107,24000
20382,242,0
20383,239,400
20384,141,16000
20385,32,60000
20386,242,0
20387,242,0
20388,240,200
20389,239,300
20390,241,100
20391,106,24300
20392,241,100
20393,226,2000
20394,242,0
20395,242,0
20396,242,0
20397,242,0
20398,234,1000
20399,240,250
20400,204,5000
20401,237,600
20402,242,0
20403,240,200
20404,242,0
20405,0,350000
20406,235,800
20407,2,150000
20408,27,65000
20409,242,0
20410,235,800
20411,242,0
20412,242,0
20413,242,0
20414,241,150
20415,183,8300
20416,240,200
20417,242,0
20418,242,0
20419,242,0
20420,170,10500
20421,0,350000
20422,241,100
20423,242,0
20424,239,300
20425,139,16400
20426,239,400
20427,222,2500
20428,228,1750
20429,237,600
20430,2,150000
20431,242,0
20432,241,100
20433,239,300
20434,241,100
20435,242,0
20436,0,300000
20437,242,0
20438,188,7500
20439,242,0
20440,239,400
20441,219,3000
20442,240,200
20443,242,0
20444,242,0
20445,238,500
20446,242,0
20447,208,4500
20448,242,0
20449,141,16000
20450,0,350000
20451,228,1750
20452,241,100
20453,241,100
20454,239,400
20455,242,0
20456,242,0
20457,242,0
20458,242,0
20459,238,500
20460,242,0
20461,239,300
20462,242,0
20463,239,300
20464,240,200
20465,239,400
20466,141,16000
20467,242,0
20468,0,300000
20469,239,300
20470,2,150000
20471,242,0
20472,240,200
20473,240,200
20474,242,0
20475,145,15100
20476,242,0
20477,211,4000
20478,2,150000
20479,242,0
20480,241,100
20481,226,2000
20482,242,0
20483,226,2000
20484,242,0
20485,240,250
20486,2,150000
20487,238,500
20488,242,0
20489,240,200
20490,242,0
20491,0,300000
20492,2,150000
20493,242,0
20494,236,700
20495,107,24000
20496,211,4000
20497,48,48000
20498,238,450
20499,241,100
20500,242,0
20501,107,24000
20502,123,20000
20503,239,300
20504,235,800
20505,107,24000
20506,242,0
20507,242,0
20508,2,150000
20509,204,5000
20510,242,0
20511,242,0
20512,242,0
20513,242,0
20514,188,7500
20515,240,200
20516,32,60000
20517,241,150
20518,239,350
20519,183,8300
20520,242,0
20521,238,500
20522,82,32000
20523,242,0
20524,242,0
20525,2,150000
20526,237,600
20527,229,1600
20528,242,0
20529,141,16000
20530,242,0
20531,242,0
20532,0,300600
20533,240,200
20534,242,0
20535,0,600000
20536,239,400
20537,0,200000
20538,242,0
20539,230,1450
20540,242,0
20541,242,0
20542,242,0
20543,240,200
20544,2,150000
20545,242,0
20546,241,100
20547,242,0
20548,123,20000
20549,2,150000
20550,242,0
20551,242,0
20552,242,0
20553,239,400
20554,240,200
20555,0,200000
20556,237,600
20557,242,0
20558,219,3000
20559,242,0
20560,241,100
20561,242,0
20562,242,0
20563,235,800
20564,242,0
20565,242,0
20566,242,0
20567,242,0
20568,242,0
20569,242,0
20570,204,5000
20571,194,6500
20572,239,400
20573,235,800
20574,242,0
20575,210,4200
20576,231,1350
20577,225,2100
20578,242,0
20579,242,0
20580,83,31600
20581,239,400
20582,242,0
20583,242,0
20584,241,150
20585,242,0
20586,242,0
20587,235,800
20588,0,300000
20589,0,300000
20590,7,105000
20591,0,350000
20592,228,1700
20593,242,0
20594,239,400
20595,233,1100
20596,242,0
20597,242,0
20598,242,0
20599,2,150000
20600,242,0
20601,242,0
20602,134,17500
20603,45,50000
20604,242,0
20605,242,0
20606,240,200
20607,2,150000
20608,197,6000
20609,242,0
20610,229,1600
20611,241,100
20612,237,600
20613,239,300
20614,206,4800
20615,0,400000
20616,0,200000
20617,242,0
20618,2,150000
20619,2,150000
20620,240,200
20621,242,0
20622,237,600
20623,242,0
20624,242,0
20625,240,200
20626,242,0
20627,242,0
20628,181,8600
20629,242,0
20630,242,0
20631,242,0
20632,242,0
20633,2,150000
20634,237,600
20635,242,0
20636,0,350000
20637,239,300
20638,242,0
20639,235,800
20640,0,600000
20641,0,500000
20642,242,0
20643,242,0
20644,204,5000
20645,242,0
20646,240,200
20647,215,3450
20648,242,0
20649,172,10000
20650,242,0
20651,242,0
20652,239,400
20653,230,1500
20654,204,5000
20655,242,0
20656,146,15000
20657,2,150000
20658,226,2000
20659,107,24000
20660,240,200
20661,0,350000
20662,242,0
20663,242,0
20664,242,0
20665,242,0
20666,242,0
20667,211,4000
20668,242,0
20669,242,0
20670,0,500000
20671,242,0
20672,237,600
20673,186,7800
20674,2,150000
20675,211,4000
20676,0,600000
20677,239,300
20678,242,0
20679,0,300000
20680,132,17900
20681,241,100
20682,229,1600
20683,242,0
20684,219,3000
20685,242,0
20686,242,0
20687,230,1500
20688,242,0
20689,238,500
20690,242,0
20691,242,0
20692,240,250
20693,239,350
20694,238,450
20695,242,0
20696,229,1600
20697,235,800
20698,242,0
20699,242,0
20700,242,0
20701,181,8650
20702,226,2000
20703,211,4000
20704,88,30000
20705,232,1200
20706,204,5000
20707,183,8300
20708,242,0
20709,241,150
20710,237,600
20711,242,0
20712,240,250
20713,242,0
20714,141,16000
20715,242,0
20716,242,0
20717,242,0
20718,240,200
20719,241,100
20720,242,0
20721,242,0
20722,172,10000
20723,237,600
20724,242,0
20725,242,0
20726,242,0
20727,0,300000
20728,0,300000
20729,242,0
20730,241,100
20731,242,0
20732,240,200
20733,2,150000
20734,235,800
20735,242,0
20736,229,1600
20737,238,500
20738,240,200
20739,1,175000
20740,88,30000
20741,240,250
20742,80,32800
20743,2,150000
20744,235,800
20745,141,16000
20746,242,0
20747,235,800
20748,242,0
20749,242,0
20750,242,0
20751,242,0
20752,167,11000
20753,242,0
20754,241,100
20755,107,24000
20756,226,2000
20757,45,49500
20758,239,400
20759,242,0
20760,204,5000
20761,240,200
20762,242,0
20763,237,600
20764,242,0
20765,235,900
20766,113,22600
20767,242,0
20768,242,0
20769,188,7500
20770,241,100
20771,241,100
20772,197,6000
20773,232,1200
20774,107,24000
20775,211,4000
20776,238,500
20777,242,0
20778,242,0
20779,197,6000
20780,239,300
20781,242,0
20782,0,300000
20783,2,150000
20784,2,150000
20785,233,1100
20786,211,4000
20787,242,0
20788,242,0
20789,209,4350
20790,226,2000
20791,2,150000
20792,240,200
20793,233,1050
20794,240,200
20795,239,400
20796,226,2000
20797,235,800
20798,62,40000
20799,88,30000
20800,240,200
20801,242,0
20802,242,0
20803,229,1600
20804,242,0
20805,141,16000
20806,242,0
20807,197,6000
20808,239,300
20809,242,0
20810,234,1000
20811,242,0
20812,240,200
20813,242,0
20814,242,0
20815,211,4000
20816,241,100
20817,242,0
20818,241,100
20819,23,70000
20820,242,0
20821,232,1200
20822,216,3400
20823,242,0
20824,242,0
20825,219,3000
20826,242,0
20827,242,0
20828,230,1500
20829,242,0
20830,240,200
20831,235,800
20832,241,150
20833,242,0
20834,197,6000
20835,241,100
20836,239,300
20837,240,250
20838,240,200
20839,242,0
20840,171,10200
20841,240,200
20842,197,6000
20843,228,1750
20844,242,0
20845,242,0
20846,226,2000
20847,204,5000
20848,228,1750
20849,239,300
20850,242,0
20851,238,500
20852,226,2000
20853,242,0
20854,2,150000
20855,241,100
20856,242,0
20857,2,150000
20858,4,125000
20859,242,0
20860,242,0
20861,229,1600
20862,242,0
20863,242,0
20864,229,1600
20865,242,0
20866,239,400
20867,242,0
20868,230,1500
20869,242,0
20870,242,0
20871,240,250
20872,240,200
20873,2,150000
20874,242,0
20875,2,150000
20876,242,0
20877,214,3600
20878,242,0
20879,242,0
20880,241,100
20881,240,200
20882,242,0
20883,197,6000
20884,242,0
20885,239,300
20886,0,1500000
20887,0,450000
20888,236,750
20889,216,3300
20890,242,0
20891,228,1800
20892,242,0
20893,241,150
20894,2,150000
20895,225,2100
20896,242,0
20897,242,0
20898,242,0
20899,4,125000
20900,242,0
20901,242,0
20902,238,500
20903,242,0
20904,242,0
20905,146,15000
20906,242,0
20907,242,0
20908,88,30000
20909,236,700
20910,2,150000
20911,239,300
20912,242,0
20913,242,0
20914,242,0
20915,242,0
20916,2,150000
20917,242,0
20918,242,0
20919,238,500
20920,242,0
20921,241,100
20922,242,0
20923,242,0
20924,232,1300
20925,242,0
20926,239,300
20927,235,800
20928,242,0
20929,242,0
20930,242,0
20931,239,300
20932,242,0
20933,242,0
20934,239,300
20935,146,15000
20936,232,1250
20937,241,150
20938,242,0
20939,242,0
20940,241,100
20941,241,150
20942,241,100
20943,145,15200
20944,235,800
20945,242,0
20946,239,400
20947,178,9100
20948,241,100
20949,2,150000
20950,181,8500
20951,226,2000
20952,161,12000
20953,225,2200
20954,241,150
20955,239,300
20956,235,800
20957,234,1000
20958,233,1050
20959,242,0
20960,242,0
20961,238,450
20962,2,150000
20963,240,250
20964,242,0
20965,2,150000
20966,242,0
20967,216,3300
20968,226,2000
20969,226,2000
20970,242,0
20971,241,100
20972,203,5250
20973,240,200
20974,211,4000
20975,2,150000
20976,235,800
20977,242,0
20978,239,300
20979,239,300
20980,242,0
20981,242,0
20982,242,0
20983,242,0
20984,242,0
20985,242,0
20986,241,100
20987,242,0
20988,242,0
20989,239,300
20990,240,200
20991,242,0
20992,239,300
20993,224,2250
20994,242,0
20995,239,400
20996,242,0
20997,113,22600
20998,240,250
20999,2,150000
21000,204,5000
21001,229,1600
21002,240,200
21003,239,300
21004,219,3000
21005,196,6200
21006,241,100
21007,104,25000
21008,145,15200
21009,242,0
21010,242,0
21011,188,7500
21012,216,3400
21013,242,0
21014,144,15300
21015,240,200
21016,211,4000
21017,226,2000
21018,232,1200
21019,242,0
21020,144,15300
21021,204,5000
21022,235,800
21023,242,0
21024,242,0
21025,242,0
21026,141,16000
21027,238,450
21028,241,100
21029,242,0
21030,107,24000
21031,240,200
21032,240,200
21033,242,0
21034,241,100
21035,229,1600
21036,242,0
21037,240,200
21038,238,500
21039,242,0
21040,191,7000
21041,242,0
21042,242,0
21043,242,0
21044,241,100
21045,211,4000
21046,171,10200
21047,2,150000
21048,226,2000
21049,229,1600
21050,242,0
21051,16,80000
21052,0,200000
21053,240,250
21054,242,0
21055,0,300000
21056,185,8000
21057,239,400
21058,237,550
21059,242,0
21060,242,0
21061,219,3000
21062,204,5000
21063,0,450000
21064,242,0
21065,229,1600
21066,242,0
21067,242,0
21068,231,1400
21069,242,0
21070,242,0
21071,241,100
21072,107,24200
21073,242,0
21074,2,148500
21075,242,0
21076,242,0
21077,242,0
21078,242,0
21079,240,250
21080,242,0
21081,242,0
21082,197,6000
21083,242,0
21084,241,100
21085,242,0
21086,242,0
21087,237,600
21088,0,300000
21089,239,400
21090,238,500
21091,2,150000
21092,235,900
21093,242,0
21094,234,1000
21095,2,150000
21096,239,300
21097,242,0
21098,2,150000
21099,146,15000
21100,236,750
21101,188,7500
21102,219,3000
21103,228,1700
21104,242,0
21105,237,600
21106,242,0
21107,241,100
21108,242,0
21109,234,1000
21110,242,0
21111,2,150000
21112,234,1000
21113,241,100
21114,242,0
21115,146,15000
21116,239,350
21117,0,300000
21118,225,2100
21119,242,0
21120,242,0
21121,241,100
21122,226,2000
21123,242,0
21124,242,0
21125,242,0
21126,238,450
21127,107,24000
21128,62,40000
21129,242,0
21130,219,3000
21131,233,1100
21132,239,400
21133,242,0
21134,242,0
21135,242,0
21136,0,300000
21137,242,0
21138,242,0
21139,232,1200
21140,242,0
21141,238,500
21142,239,300
21143,240,200
21144,2,150000
21145,240,200
21146,241,100
21147,241,100
21148,242,0
21149,238,450
21150,242,0
21151,242,0
21152,204,5000
21153,183,8300
21154,242,0
21155,215,3500
21156,88,30000
21157,222,2500
21158,213,3800
21159,241,150
21160,234,1000
21161,242,0
21162,241,100
21163,0,200000
21164,242,0
21165,188,7500
21166,1,170000
21167,206,4800
21168,161,12000
21169,211,4000
21170,242,0
21171,236,700
21172,204,5000
21173,223,2400
21174,2,150000
21175,242,0
21176,242,0
21177,242,0
21178,239,300
21179,211,4000
21180,239,300
21181,2,150000
21182,242,0
21183,239,350
21184,242,0
21185,237,600
21186,242,0
21187,242,0
21188,141,16000
21189,242,0
21190,241,100
21191,234,950
21192,188,7500
21193,242,0
21194,242,0
21195,226,2000
21196,204,5000
21197,241,100
21198,242,0
21199,107,24000
21200,235,800
21201,242,0
21202,3,125750
21203,242,0
21204,226,2000
21205,242,0
21206,232,1200
21207,235,800
21208,197,6000
21209,242,0
21210,240,200
21211,187,7650
21212,232,1300
21213,146,15000
21214,197,6000
21215,242,0
21216,239,400
21217,237,600
21218,242,0
21219,242,0
21220,235,900
21221,242,0
21222,2,150000
21223,227,1900
21224,242,0
21225,219,3000
21226,239,400
21227,195,6400
21228,211,4000
21229,242,0
21230,233,1100
21231,242,0
21232,240,200
21233,237,600
21234,236,750
21235,242,0
21236,242,0
21237,242,0
21238,88,30000
21239,2,150000
21240,242,0
21241,240,200
21242,241,100
21243,242,0
21244,0,200000
21245,242,0
21246,197,6000
21247,238,500
21248,242,0
21249,242,0
21250,242,0
21251,203,5250
21252,242,0
21253,242,0
21254,242,0
21255,242,0
21256,0,200000
21257,242,0
21258,241,150
21259,242,0
21260,242,0
21261,242,0
21262,241,100
21263,0,1500000
21264,235,800
21265,242,0
21266,240,200
21267,242,0
21268,211,4000
21269,2,150000
21270,239,400
21271,242,0
21272,16,80100
21273,226,2000
21274,242,0
21275,204,5000
21276,187,7600
21277,226,2000
21278,242,0
21279,242,0
21280,233,1150
21281,0,600000
21282,242,0
21283,161,12000
21284,240,200
21285,88,30000
21286,233,1100
21287,242,0
21288,242,0
21289,0,350000
21290,242,0
21291,240,250
21292,242,0
21293,0,310350
21294,242,0
21295,240,200
21296,242,0
21297,219,3000
21298,211,4000
21299,242,0
21300,242,0
21301,240,200
21302,242,0
21303,239,300
21304,241,100
21305,242,0
21306,226,2000
21307,235,900
21308,242,0
21309,235,800
21310,235,900
21311,242,0
21312,200,5600
21313,241,100
21314,123,20000
21315,239,300
21316,0,300000
21317,242,0
21318,242,0
21319,211,4000
21320,239,400
21321,241,100
21322,141,16000
21323,239,400
21324,242,0
21325,238,500
21326,242,0
21327,219,3000
21328,2,150000
21329,133,17750
21330,242,0
21331,230,1500
21332,235,800
21333,3,125750
21334,211,4000
21335,238,500
21336,242,0
21337,240,250
21338,241,100
21339,242,0
21340,235,900
21341,235,900
21342,0,300000
21343,218,3100
21344,107,24000
21345,242,0
21346,240,250
21347,242,0
21348,185,8000
21349,201,5550
21350,242,0
21351,82,32000
21352,240,250
21353,239,400
21354,2,150000
21355,242,0
21356,241,150
21357,2,150000
21358,107,24000
21359,231,1400
21360,242,0
21361,236,750
21362,242,0
21363,241,100
21364,238,500
21365,242,0
21366,242,0
21367,242,0
21368,242,0
21369,182,8400
21370,242,0
21371,242,0
21372,242,0
21373,237,600
21374,242,0
21375,10,93000
21376,123,20000
21377,0,300000
21378,242,0
21379,0,200000
21380,2,150000
21381,142,15800
21382,240,200
21383,242,0
21384,239,350
21385,68,37500
21386,242,0
21387,222,2500
21388,0,500000
21389,242,0
21390,235,800
21391,242,0
21392,226,2000
21393,88,30000
21394,238,500
21395,242,0
21396,242,0
21397,193,6600
21398,242,0
21399,241,100
21400,235,900
21401,242,0
21402,0,300000
21403,242,0
21404,242,0
21405,88,30000
21406,226,2000
21407,101,25900
21408,242,0
21409,183,8300
21410,240,250
21411,233,1100
21412,226,2000
21413,242,0
21414,242,0
21415,234,1000
21416,241,100
21417,242,0
21418,242,0
21419,0,500000
21420,240,250
21421,0,200000
21422,47,48200
21423,188,7500
21424,168,10800
21425,240,200
21426,242,0
21427,242,0
21428,242,0
21429,235,800
21430,242,0
21431,238,450
21432,204,5000
21433,242,0
21434,239,300
21435,242,0
21436,187,7600
21437,239,350
21438,161,12000
21439,242,0
21440,242,0
21441,237,600
21442,27,65000
21443,242,0
21444,242,0
21445,197,6000
21446,241,100
21447,0,200000
21448,242,0
21449,239,300
21450,233,1100
21451,242,0
21452,233,1100
21453,240,250
21454,2,150000
21455,241,100
21456,240,200
21457,234,1000
21458,242,0
21459,237,600
21460,107,24000
21461,235,800
21462,242,0
21463,242,0
21464,0,400000
21465,226,2000
21466,6,110000
21467,0,200000
21468,239,300
21469,242,0
21470,241,100
21471,242,0
21472,146,15000
21473,242,0
21474,242,0
21475,219,3000
21476,2,150000
21477,242,0
21478,239,300
21479,239,400
21480,235,800
21481,242,0
21482,0,300000
21483,242,0
21484,242,0
21485,242,0
21486,239,300
21487,2,150000
21488,242,0
21489,0,300000
21490,141,16000
21491,241,100
21492,226,2000
21493,242,0
21494,242,0
21495,237,600
21496,242,0
21497,242,0
21498,242,0
21499,0,450000
21500,242,0
21501,242,0
21502,237,600
21503,240,200
21504,242,0
21505,141,16000
21506,242,0
21507,132,18000
21508,211,4000
21509,241,100
21510,242,0
21511,240,250
21512,242,0
21513,242,0
21514,238,450
21515,238,500
21516,224,2300
21517,242,0
21518,242,0
21519,239,300
21520,242,0
21521,234,1000
21522,241,100
21523,2,150000
21524,235,800
21525,138,16600
21526,188,7500
21527,2,150000
21528,232,1300
21529,242,0
21530,141,16000
21531,123,20000
21532,188,7500
21533,242,0
21534,141,16000
21535,242,0
21536,242,0
21537,242,0
21538,242,0
21539,78,33600
21540,242,0
21541,239,400
21542,242,0
21543,242,0
21544,241,100
21545,225,2100
21546,2,150000
21547,241,100
21548,242,0
21549,2,150000
21550,187,7650
21551,242,0
21552,242,0
21553,197,6000
21554,239,350
21555,240,200
21556,242,0
21557,240,200
21558,62,40000
21559,2,150000
21560,241,100
21561,242,0
21562,204,5000
21563,242,0
21564,0,500000
21565,88,30000
21566,242,0
21567,242,0
21568,242,0
21569,186,7800
21570,217,3200
21571,241,150
21572,219,3000
21573,235,800
21574,242,0
21575,239,300
21576,240,250
21577,241,100
21578,242,0
21579,240,200
21580,0,450000
21581,229,1600
21582,240,200
21583,185,8000
21584,242,0
21585,123,20000
21586,242,0
21587,242,0
21588,242,0
21589,237,600
21590,241,100
21591,242,0
21592,240,200
21593,241,100
21594,233,1100
21595,242,0
21596,242,0
21597,242,0
21598,0,500000
21599,242,0
21600,0,500000
21601,180,8750
21602,242,0
21603,237,600
21604,235,850
21605,242,0
21606,242,0
21607,237,550
21608,242,0
21609,242,0
21610,232,1200
21611,227,1900
21612,242,0
21613,242,0
21614,0,500000
21615,2,150000
21616,0,300000
21617,242,0
21618,242,0
21619,216,3300
21620,242,0
21621,102,25600
21622,223,2400
21623,242,0
21624,242,0
21625,236,750
21626,242,0
21627,236,700
21628,225,2200
21629,242,0
21630,242,0
21631,239,300
21632,202,5400
21633,239,300
21634,145,15200
21635,197,6000
21636,242,0
21637,242,0
21638,211,4000
21639,235,900
21640,235,800
21641,2,150000
21642,15,83000
21643,2,150000
21644,242,0
21645,236,700
21646,2,150000
21647,235,800
21648,197,6000
21649,240,250
21650,242,0
21651,242,0
21652,240,200
21653,242,0
21654,240,200
21655,240,200
21656,242,0
21657,226,2000
21658,240,200
21659,204,5000
21660,242,0
21661,226,2000
21662,240,250
21663,242,0
21664,239,300
21665,242,0
21666,242,0
21667,242,0
21668,204,5000
21669,242,0
21670,2,150000
21671,242,0
21672,240,250
21673,88,30000
21674,2,150000
21675,239,300
21676,188,7500
21677,242,0
21678,242,0
21679,242,0
21680,242,0
21681,242,0
21682,241,150
21683,242,0
21684,242,0
21685,242,0
21686,226,2000
21687,235,900
21688,241,100
21689,226,2000
21690,242,0
21691,242,0
21692,242,0
21693,188,7500
21694,240,200
21695,242,0
21696,241,100
21697,239,300
21698,0,351600
21699,2,150000
21700,239,400
21701,242,0
21702,88,30000
21703,242,0
21704,48,48000
21705,178,9100
21706,2,150000
21707,146,15000
21708,239,300
21709,226,2000
21710,242,0
21711,242,0
21712,240,200
21713,237,600
21714,241,150
21715,145,15100
21716,233,1050
21717,242,0
21718,236,750
21719,218,3100
21720,238,500
21721,228,1800
21722,179,8900
21723,239,300
21724,242,0
21725,227,1900
21726,241,150
21727,242,0
21728,2,150000
21729,226,2000
21730,232,1200
21731,242,0
21732,242,0
21733,242,0
21734,240,200
21735,145,15200
21736,6,110000
21737,242,0
21738,133,17700
21739,242,0
21740,235,900
21741,242,0
21742,229,1650
21743,238,500
21744,235,800
21745,242,0
21746,237,550
21747,239,300
21748,240,200
21749,197,6000
21750,239,300
21751,7,105000
21752,183,8300
21753,211,4000
21754,208,4500
21755,39,53800
21756,2,150000
21757,242,0
21758,242,0
21759,242,0
21760,4,120000
21761,240,250
21762,228,1700
21763,146,15000
21764,229,1600
21765,241,100
21766,242,0
21767,141,16000
21768,219,3000
21769,219,3000
21770,188,7500
21771,242,0
21772,242,0
21773,204,5000
21774,239,300
21775,242,0
21776,242,0
21777,228,1750
21778,241,100
21779,241,100
21780,242,0
21781,240,200
21782,239,400
21783,141,16000
21784,188,7500
21785,241,100
21786,240,250
21787,0,1500000
21788,240,200
21789,241,100
21790,186,7750
21791,240,200
21792,242,0
21793,219,3000
21794,242,0
21795,242,0
21796,240,200
21797,242,0
21798,240,200
21799,10,93000
21800,239,300
21801,215,3500
21802,239,300
21803,239,400
21804,242,0
21805,242,0
21806,241,150
21807,233,1150
21808,239,300
21809,242,0
21810,2,150000
21811,235,800
21812,2,150000
21813,242,0
21814,242,0
21815,236,750
21816,240,200
21817,62,40000
21818,242,0
21819,242,0
21820,226,2050
21821,242,0
21822,113,22500
21823,242,0
21824,242,0
21825,234,1000
21826,211,4000
21827,204,5000
21828,11,90000
21829,82,32000
21830,242,0
21831,242,0
21832,242,0
21833,242,0
21834,242,0
21835,241,150
21836,242,0
21837,242,0
21838,241,150
21839,242,0
21840,239,300
21841,238,500
21842,242,0
21843,238,500
21844,242,0
21845,242,0
21846,173,9900
21847,242,0
21848,242,0
21849,0,400000
21850,239,300
21851,238,500
21852,2,150000
21853,235,800
21854,141,16000
21855,242,0
21856,1,160000
21857,197,6000
21858,2,150000
21859,238,500
21860,123,20000
21861,242,0
21862,235,800
21863,2,150000
21864,242,0
21865,239,400
21866,242,0
21867,62,40000
21868,226,2000
21869,113,22500
21870,235,800
21871,242,0
21872,242,0
21873,113,22500
21874,242,0
21875,219,3000
21876,197,6000
21877,225,2150
21878,241,100
21879,241,100
21880,242,0
21881,240,250
21882,211,4000
21883,242,0
21884,242,0
21885,0,300000
21886,228,1750
21887,219,3000
21888,242,0
21889,242,0
21890,79,33200
21891,240,200
21892,242,0
21893,222,2500
21894,240,250
21895,239,400
21896,226,2000
21897,239,400
21898,242,0
21899,235,800
21900,2,150000
21901,242,0
21902,242,0
21903,146,15000
21904,242,0
21905,241,100
21906,241,100
21907,234,1000
21908,237,600
21909,4,122500
21910,239,300
21911,237,600
21912,228,1750
21913,242,0
21914,238,450
21915,234,950
21916,242,0
21917,238,500
21918,2,150000
21919,4,122500
21920,242,0
21921,2,150000
21922,62,40000
21923,239,300
21924,232,1200
21925,241,100
21926,197,6000
21927,239,300
21928,240,200
21929,242,0
21930,226,2000
21931,232,1250
21932,242,0
21933,0,1000000
21934,235,800
21935,226,2000
21936,235,800
21937,242,0
21938,0,300000
21939,242,0
21940,2,150000
21941,2,150000
21942,242,0
21943,141,16000
21944,242,0
21945,241,150
21946,0,300000
21947,238,500
21948,237,600
21949,239,400
21950,241,100
21951,188,7500
21952,219,3000
21953,211,4000
21954,242,0
21955,235,800
21956,242,0
21957,146,15000
21958,241,100
21959,239,300
21960,242,0
21961,234,1000
21962,242,0
21963,242,0
21964,2,150000
21965,241,150
21966,6,107600
21967,241,100
21968,240,200
21969,177,9300
21970,240,200
21971,242,0
21972,185,8000
21973,242,0
21974,242,0
21975,242,0
21976,242,0
21977,242,0
21978,219,3000
21979,242,0
21980,2,150000
21981,242,0
21982,242,0
21983,232,1300
21984,242,0
21985,242,0
21986,2,150000
21987,242,0
21988,241,100
21989,239,400
21990,242,0
21991,5,112500
21992,242,0
21993,242,0
21994,227,1900
21995,183,8300
21996,242,0
21997,234,1000
21998,242,0
21999,0,300000
22000,242,0
22001,242,0
22002,226,2000
22003,242,0
22004,145,15200
22005,242,0
22006,204,5000
22007,0,200000
22008,242,0
22009,237,650
22010,242,0
22011,238,450
22012,2,150000
22013,242,0
22014,237,600
22015,241,100
22016,242,0
22017,2,150000
22018,241,150
22019,242,0
22020,242,0
22021,242,0
22022,229,1600
22023,242,0
22024,242,0
22025,230,1500
22026,239,300
22027,242,0
22028,79,33200
22029,242,0
22030,232,1200
22031,2,150000
22032,242,0
22033,242,0
22034,141,16000
22035,242,0
22036,242,0
22037,2,150000
22038,138,16600
22039,240,250
22040,242,0
22041,242,0
22042,242,0
22043,241,150
22044,242,0
22045,242,0
22046,242,0
22047,242,0
22048,241,100
22049,219,3000
22050,2,150000
22051,187,7600
22052,0,700000
22053,239,300
22054,242,0
22055,242,0
22056,236,750
22057,145,15200
22058,211,4000
22059,240,200
22060,235,800
22061,107,24000
22062,0,450000
22063,241,150
22064,204,5000
22065,242,0
22066,235,800
22067,41,52500
22068,239,300
22069,242,0
22070,53,45000
22071,239,400
22072,242,0
22073,211,4000
22074,123,20000
22075,197,6000
22076,240,250
22077,241,150
22078,237,600
22079,240,200
22080,235,900
22081,188,7500
22082,242,0
22083,242,0
22084,242,0
22085,237,600
22086,235,900
22087,241,100
22088,242,0
22089,235,900
22090,197,6000
22091,242,0
22092,242,0
22093,242,0
22094,242,0
22095,235,900
22096,242,0
22097,230,1500
22098,242,0
22099,242,0
22100,237,600
22101,240,200
22102,237,600
22103,242,0
22104,242,0
22105,242,0
22106,141,15950
22107,47,48600
22108,2,150000
22109,2,150000
22110,235,800
22111,242,0
22112,242,0
22113,242,0
22114,123,20000
22115,237,600
22116,242,0
22117,240,200
22118,242,0
22119,242,0
22120,242,0
22121,235,800
22122,242,0
22123,242,0
22124,241,100
22125,239,400
22126,241,100
22127,235,800
22128,132,18000
22129,242,0
22130,0,300000
22131,242,0
22132,242,0
22133,2,150000
22134,242,0
22135,240,200
22136,219,3000
22137,241,150
22138,216,3300
22139,2,150000
22140,242,0
22141,241,100
22142,235,900
22143,242,0
22144,2,150000
22145,211,4000
22146,242,0
22147,235,800
22148,226,2000
22149,229,1600
22150,242,0
22151,188,7500
22152,240,200
22153,242,0
22154,242,0
22155,242,0
22156,239,300
22157,242,0
22158,0,450000
22159,141,16000
22160,211,4000
22161,236,700
22162,242,0
22163,2,150000
22164,242,0
22165,188,7500
22166,240,200
22167,241,100
22168,240,200
22169,0,300000
22170,237,600
22171,242,0
22172,137,16900
22173,242,0
22174,242,0
22175,242,0
22176,242,0
22177,242,0
22178,241,100
22179,242,0
22180,238,500
22181,225,2150
22182,179,8900
22183,242,0
22184,242,0
22185,240,200
22186,242,0
22187,242,0
22188,2,150000
22189,242,0
22190,19,75000
22191,235,850
22192,0,350000
22193,240,250
22194,242,0
22195,178,9050
22196,242,0
22197,2,150000
22198,237,600
22199,242,0
22200,211,4000
22201,240,200
22202,240,200
22203,240,200
22204,197,6000
22205,239,400
22206,239,300
22207,241,100
22208,242,0
22209,107,24000
22210,242,0
22211,141,16000
22212,232,1250
22213,241,150
22214,242,0
22215,242,0
22216,242,0
22217,225,2100
22218,235,900
22219,239,300
22220,242,0
22221,242,0
22222,242,0
22223,242,0
22224,242,0
22225,242,0
22226,240,250
22227,235,800
22228,240,200
22229,242,0
22230,241,100
22231,242,0
22232,242,0
22233,242,0
22234,242,0
22235,239,300
22236,239,300
22237,236,750
22238,240,200
22239,242,0
22240,141,16000
22241,238,500
22242,241,100
22243,123,20000
22244,242,0
22245,242,0
22246,242,0
22247,242,0
22248,141,16000
22249,0,300000
22250,188,7500
22251,237,600
22252,226,2000
22253,240,200
22254,242,0
22255,88,30000
22256,242,0
22257,204,5000
22258,242,0
22259,219,2900
22260,45,49500
22261,241,100
22262,241,100
22263,235,900
22264,172,10000
22265,242,0
22266,2,150000
22267,0,350000
22268,232,1200
22269,0,200000
22270,226,2000
22271,242,0
22272,237,600
22273,242,0
22274,240,200
22275,225,2100
22276,239,400
22277,225,2200
22278,242,0
22279,239,400
22280,242,0
22281,229,1650
22282,242,0
22283,242,0
22284,240,250
22285,242,0
22286,186,7800
22287,242,0
22288,218,3100
22289,242,0
22290,240,200
22291,242,0
22292,242,0
22293,229,1600
22294,141,16000
22295,242,0
22296,237,600
22297,6,107600
22298,242,0
22299,242,0
22300,241,100
22301,239,300
22302,242,0
22303,242,0
22304,238,500
22305,241,100
22306,62,40000
22307,242,0
22308,0,450000
22309,228,1700
22310,242,0
22311,242,0
22312,242,0
22313,188,7500
22314,235,800
22315,239,400
22316,146,15000
22317,242,0
22318,238,500
22319,242,0
22320,242,0
22321,138,16600
22322,239,300
22323,239,300
22324,2,150000
22325,242,0
22326,197,6000
22327,239,300
22328,242,0
22329,144,15350
22330,228,1800
22331,242,0
22332,62,40000
22333,187,7600
22334,62,40000
22335,0,350000
22336,241,100
22337,240,200
22338,242,0
22339,242,0
22340,204,5000
22341,242,0
22342,236,750
22343,242,0
22344,242,0
22345,242,0
22346,242,0
22347,236,750
22348,241,150
22349,236,700
22350,204,5000
22351,107,24000
22352,239,300
22353,242,0
22354,10,93000
22355,23,70000
22356,2,150000
22357,229,1600
22358,237,600
22359,242,0
22360,241,100
22361,242,0
22362,2,150000
22363,242,0
22364,39,53800
22365,170,10400
22366,229,1600
22367,242,0
22368,242,0
22369,242,0
22370,242,0
22371,242,0
22372,242,0
22373,240,200
22374,185,7850
22375,231,1350
22376,239,400
22377,234,1000
22378,242,0
22379,230,1500
22380,238,500
22381,241,100
22382,242,0
22383,239,300
22384,242,0
22385,242,0
22386,146,15000
22387,141,16000
22388,235,800
22389,226,2000
22390,242,0
22391,39,54000
22392,226,2000
22393,241,100
22394,242,0
22395,0,700000
22396,144,15400
22397,242,0
22398,242,0
22399,180,8700
22400,183,8300
22401,237,550
22402,234,1000
22403,239,300
22404,242,0
22405,242,0
22406,239,300
22407,239,300
22408,241,100
22409,226,2000
22410,240,250
22411,242,0
22412,206,4800
22413,226,2000
22414,240,200
22415,242,0
22416,242,0
22417,242,0
22418,103,25300
22419,242,0
22420,239,400
22421,1,175000
22422,241,100
22423,240,250
22424,241,100
22425,234,1000
22426,2,150000
22427,240,200
22428,214,3600
22429,242,0
22430,239,300
22431,133,17750
22432,0,350000
22433,241,150
22434,0,300000
22435,206,4800
22436,242,0
22437,232,1200
22438,142,15800
22439,242,0
22440,242,0
22441,239,400
22442,238,500
22443,0,300000
22444,53,45000
22445,225,2200
22446,211,4000
22447,62,40000
22448,242,0
22449,242,0
22450,239,300
22451,238,500
22452,242,0
22453,2,150000
22454,242,0
22455,242,0
22456,242,0
22457,240,200
22458,235,800
22459,242,0
22460,242,0
22461,236,750
22462,86,30400
22463,62,40000
22464,242,0
22465,242,0
22466,242,0
22467,242,0
22468,242,0
22469,242,0
22470,242,0
22471,240,250
22472,88,30000
22473,123,20000
22474,235,800
22475,242,0
22476,231,1400
22477,242,0
22478,234,1000
22479,240,200
22480,242,0
22481,242,0
22482,241,100
22483,160,12300
22484,0,1000000
22485,236,750
22486,239,300
22487,237,600
22488,242,0
22489,242,0
22490,242,0
22491,242,0
22492,2,150000
22493,242,0
22494,242,0
22495,240,200
22496,242,0
22497,240,200
22498,242,0
22499,0,750000
22500,242,0
22501,242,0
22502,235,900
22503,0,200000
22504,237,600
22505,239,300
22506,242,0
22507,239,400
22508,2,150000
22509,240,200
22510,241,100
22511,242,0
22512,242,0
22513,234,1000
22514,181,8600
22515,239,300
22516,237,600
22517,197,6000
22518,172,10000
22519,242,0
22520,242,0
22521,228,1700
22522,32,60000
22523,87,30200
22524,242,0
22525,2,150000
22526,240,200
22527,221,2700
22528,242,0
22529,226,2000
22530,237,650
22531,242,0
22532,239,300
22533,8,100000
22534,242,0
22535,235,800
22536,242,0
22537,239,400
22538,241,100
22539,172,10000
22540,242,0
22541,242,0
22542,225,2100
22543,242,0
22544,234,1000
22545,242,0
22546,197,6000
22547,242,0
22548,238,500
22549,241,100
22550,240,200
22551,242,0
22552,239,300
22553,211,4000
22554,242,0
22555,242,0
22556,204,5000
22557,226,2000
22558,242,0
22559,242,0
22560,233,1100
22561,242,0
22562,242,0
22563,240,200
22564,2,150000
22565,242,0
22566,235,800
22567,5,112500
22568,242,0
22569,240,250
22570,241,100
22571,242,0
22572,240,200
22573,240,200
22574,1,160000
22575,177,9200
22576,242,0
22577,172,10000
22578,242,0
22579,240,200
22580,242,0
22581,242,0
22582,21,72000
22583,242,0
22584,141,16000
22585,188,7500
22586,107,24000
22587,242,0
22588,242,0
22589,240,200
22590,242,0
22591,242,0
22592,242,0
22593,242,0
22594,226,2000
22595,242,0
22596,235,800
22597,242,0
22598,211,4000
22599,240,200
22600,242,0
22601,49,47400
22602,242,0
22603,224,2300
22604,239,400
22605,188,7500
22606,242,0
22607,242,0
22608,41,52500
22609,242,0
22610,0,300000
22611,0,350000
22612,241,150
22613,241,100
22614,235,800
22615,241,100
22616,238,500
22617,233,1050
22618,240,200
22619,242,0
22620,232,1200
22621,105,24750
22622,241,100
22623,242,0
22624,225,2200
22625,242,0
22626,242,0
22627,238,450
22628,241,100
22629,242,0
22630,241,100
22631,239,300
22632,241,100
22633,242,0
22634,0,500000
22635,228,1800
22636,197,6000
22637,2,150000
22638,235,800
22639,233,1100
22640,204,5000
22641,197,6000
22642,241,100
22643,240,200
22644,242,0
22645,239,400
22646,241,100
22647,2,150000
22648,242,0
22649,2,150000
22650,2,150000
22651,229,1600
22652,229,1600
22653,141,16000
22654,242,0
22655,0,1000000
22656,235,800
22657,242,0
22658,242,0
22659,240,200
22660,225,2100
22661,230,1500
22662,242,0
22663,0,450000
22664,138,16600
22665,242,0
22666,204,5000
22667,242,0
22668,2,150000
22669,242,0
22670,242,0
22671,242,0
22672,242,0
22673,227,1850
22674,239,400
22675,242,0
22676,242,0
22677,235,800
22678,242,0
22679,242,0
22680,211,4000
22681,107,24000
22682,240,200
22683,241,100
22684,197,6000
22685,235,800
22686,238,500
22687,146,15000
22688,232,1300
22689,242,0
22690,211,4000
22691,222,2500
22692,242,0
22693,239,300
22694,242,0
22695,2,150000
22696,236,700
22697,173,9900
22698,62,40000
22699,208,4400
22700,242,0
22701,16,80000
22702,0,600000
22703,113,22500
22704,204,5000
22705,229,1600
22706,235,850
22707,240,250
22708,241,100
22709,104,25000
22710,68,37500
22711,242,0
22712,141,16000
22713,191,7000
22714,235,800
22715,242,0
22716,229,1600
22717,211,4000
22718,219,3000
22719,2,150000
22720,62,40000
22721,242,0
22722,242,0
22723,223,2400
22724,242,0
22725,235,800
22726,229,1600
22727,242,0
22728,242,0
22729,242,0
22730,242,0
22731,134,17400
22732,242,0
22733,240,250
22734,161,12000
22735,188,7500
22736,242,0
22737,141,16000
22738,226,2000
22739,204,5000
22740,240,250
22741,16,80000
22742,242,0
22743,242,0
22744,242,0
22745,211,4000
22746,0,300000
22747,2,150000
22748,242,0
22749,242,0
22750,82,32000
22751,237,600
22752,238,500
22753,242,0
22754,183,8300
22755,240,200
22756,242,0
22757,242,0
22758,41,52500
22759,237,600
22760,242,0
22761,2,150000
22762,133,17600
22763,235,900
22764,228,1800
22765,242,0
22766,197,6000
22767,239,400
22768,241,150
22769,242,0
22770,82,32000
22771,242,0
22772,211,4000
22773,239,300
22774,0,300000
22775,219,3000
22776,242,0
22777,237,600
22778,188,7500
22779,74,35000
22780,240,200
22781,235,800
22782,242,0
22783,233,1100
22784,227,1900
22785,242,0
22786,182,8400
22787,225,2200
22788,45,49500
22789,232,1200
22790,242,0
22791,242,0
22792,197,6000
22793,242,0
22794,242,0
22795,242,0
22796,102,25500
22797,188,7500
22798,242,0
22799,241,150
22800,242,0
22801,242,0
22802,242,0
22803,211,4000
22804,239,300
22805,242,0
22806,0,350000
22807,240,200
22808,242,0
22809,241,100
22810,0,200000
22811,239,400
22812,132,17950
22813,48,48000
22814,223,2400
22815,239,300
22816,242,0
22817,0,300000
22818,242,0
22819,197,6000
22820,242,0
22821,82,32000
22822,241,100
22823,242,0
22824,239,300
22825,235,800
22826,235,800
22827,242,0
22828,2,150000
22829,240,200
22830,232,1200
22831,234,1000
22832,242,0
22833,242,0
22834,242,0
22835,242,0
22836,239,400
22837,242,0
22838,241,100
22839,197,6000
22840,242,0
22841,187,7600
22842,242,0
22843,235,900
22844,134,17500
22845,2,150000
22846,242,0
22847,242,0
22848,197,6000
22849,242,0
22850,238,500
22851,242,0
22852,69,37200
22853,240,250
22854,0,350000
22855,241,100
22856,242,0
22857,242,0
22858,0,1500000
22859,219,3000
22860,242,0
22861,242,0
22862,197,6000
22863,2,150000
22864,68,37500
22865,242,0
22866,242,0
22867,241,100
22868,238,450
22869,211,4000
22870,2,150000
22871,242,0
22872,242,0
22873,242,0
22874,242,0
22875,239,300
22876,238,500
22877,242,0
22878,242,0
22879,0,500000
22880,242,0
22881,25,67500
22882,188,7500
22883,206,4800
22884,242,0
22885,242,0
22886,172,10000
22887,237,600
22888,235,800
22889,242,0
22890,235,900
22891,240,250
22892,242,0
22893,242,0
22894,186,7750
22895,223,2400
22896,240,200
22897,2,150000
22898,242,0
22899,240,200
22900,2,150000
22901,242,0
22902,146,15000
22903,233,1100
22904,242,0
22905,0,300000
22906,123,20000
22907,141,16000
22908,241,150
22909,239,300
22910,239,350
22911,239,300
22912,242,0
22913,235,900
22914,239,300
22915,226,2000
22916,242,0
22917,242,0
22918,242,0
22919,239,300
22920,239,400
22921,242,0
22922,211,4000
22923,0,450000
22924,242,0
22925,137,16800
22926,219,3000
22927,242,0
22928,0,2000000
22929,239,300
22930,182,8400
22931,113,22500
22932,229,1600
22933,241,100
22934,242,0
22935,239,400
22936,241,150
22937,241,150
22938,242,0
22939,242,0
22940,242,0
22941,242,0
22942,241,150
22943,183,8300
22944,242,0
22945,242,0
22946,239,400
22947,228,1800
22948,240,200
22949,239,400
22950,242,0
22951,2,150000
22952,242,0
22953,242,0
22954,2,150000
22955,242,0
22956,239,400
22957,240,250
22958,242,0
22959,242,0
22960,234,1000
22961,239,300
22962,242,0
22963,242,0
22964,32,60000
22965,242,0
22966,242,0
22967,225,2100
22968,242,0
22969,242,0
22970,239,300
22971,242,0
22972,197,6000
22973,2,150000
22974,242,0
22975,240,250
22976,242,0
22977,242,0
22978,242,0
22979,242,0
22980,242,0
22981,235,800
22982,242,0
22983,240,200
22984,202,5400
22985,219,3000
22986,88,30000
22987,0,300000
22988,219,3000
22989,242,0
22990,2,150000
22991,242,0
22992,232,1250
22993,242,0
22994,197,6000
22995,151,14000
22996,242,0
22997,239,300
22998,242,0
22999,188,7500
23000,2,150000
23001,242,0
23002,242,0
23003,237,600
23004,242,0
23005,240,200
23006,62,40000
23007,242,0
23008,219,3000
23009,197,6000
23010,229,1600
23011,242,0
23012,242,0
23013,239,300
23014,144,15400
23015,239,400
23016,240,200
23017,242,0
23018,161,12000
23019,242,0
23020,242,0
23021,197,6000
23022,242,0
23023,241,100
23024,0,350000
23025,164,11500
23026,242,0
23027,240,200
23028,2,150000
23029,2,150000
23030,242,0
23031,235,900
23032,242,0
23033,152,13750
23034,238,500
23035,242,0
23036,240,200
23037,239,300
23038,2,150000
23039,222,2500
23040,242,0
23041,197,6000
23042,242,0
23043,242,0
23044,62,40000
23045,239,300
23046,242,0
23047,237,600
23048,241,150
23049,242,0
23050,242,0
23051,242,0
23052,239,300
23053,233,1100
23054,240,250
23055,238,500
23056,242,0
23057,242,0
23058,242,0
23059,242,0
23060,241,100
23061,172,10000
23062,240,250
23063,242,0
23064,242,0
23065,238,500
23066,219,3000
23067,103,25200
23068,53,45000
23069,241,100
23070,241,100
23071,242,0
23072,0,300000
23073,239,300
23074,239,300
23075,241,150
23076,242,0
23077,211,4000
23078,234,1000
23079,78,33600
23080,0,300000
23081,233,1100
23082,241,100
23083,242,0
23084,242,0
23085,2,150000
23086,242,0
23087,242,0
23088,229,1600
23089,2,150000
23090,214,3600
23091,240,200
23092,242,0
23093,234,1000
23094,242,0
23095,0,320000
23096,242,0
23097,242,0
23098,240,250
23099,240,200
23100,219,3000
23101,0,500000
23102,186,7750
23103,186,7700
23104,242,0
23105,242,0
23106,235,900
23107,188,7500
23108,241,100
23109,242,0
23110,239,300
23111,240,200
23112,240,250
23113,239,400
23114,235,800
23115,145,15200
23116,242,0
23117,242,0
23118,237,600
23119,242,0
23120,242,0
23121,242,0
23122,242,0
23123,242,0
23124,68,37700
23125,240,200
23126,102,25500
23127,242,0
23128,242,0
23129,239,300
23130,242,0
23131,242,0
23132,242,0
23133,226,2000
23134,240,250
23135,0,350000
23136,242,0
23137,240,200
23138,242,0
23139,242,0
23140,240,250
23141,242,0
23142,211,4000
23143,242,0
23144,226,2000
23145,146,15000
23146,242,0
23147,234,1000
23148,238,500
23149,242,0
23150,240,200
23151,242,0
23152,242,0
23153,80,32550
23154,242,0
23155,237,600
23156,242,0
23157,242,0
23158,242,0
23159,186,7700
23160,242,0
23161,238,500
23162,242,0
23163,226,2000
23164,242,0
23165,18,76200
23166,233,1100
23167,242,0
23168,237,600
23169,2,150000
23170,242,0
23171,242,0
23172,242,0
23173,242,0
23174,242,0
23175,242,0
23176,18,76500
23177,240,200
23178,242,0
23179,242,0
23180,0,350000
23181,242,0
23182,235,900
23183,242,0
23184,229,1600
23185,232,1200
23186,226,2000
23187,236,700
23188,146,15000
23189,242,0
23190,161,12000
23191,232,1200
23192,242,0
23193,239,400
23194,242,0
23195,241,100
23196,233,1050
23197,242,0
23198,242,0
23199,226,2000
23200,242,0
23201,235,800
23202,241,150
23203,242,0
23204,229,1600
23205,240,200
23206,242,0
23207,242,0
23208,241,100
23209,87,30200
23210,223,2400
23211,211,4000
23212,231,1350
23213,239,300
23214,223,2400
23215,242,0
23216,242,0
23217,242,0
23218,240,200
23219,235,900
23220,242,0
23221,2,150000
23222,242,0
23223,241,100
23224,235,900
23225,219,3000
23226,235,900
23227,210,4200
23228,234,1000
23229,242,0
23230,242,0
23231,235,900
23232,2,150000
23233,2,150000
23234,2,150000
23235,240,200
23236,172,10000
23237,242,0
23238,235,800
23239,242,0
23240,241,100
23241,241,100
23242,242,0
23243,239,300
23244,242,0
23245,186,7800
23246,238,500
23247,242,0
23248,240,200
23249,241,100
23250,78,33250
23251,242,0
23252,239,400
23253,226,2000
23254,242,0
23255,242,0
23256,242,0
23257,141,16000
23258,242,0
23259,236,750
23260,228,1800
23261,242,0
23262,141,16000
23263,242,0
23264,242,0
23265,239,400
23266,242,0
23267,0,1750000
23268,41,52500
23269,223,2400
23270,186,7700
23271,141,16000
23272,234,1000
23273,242,0
23274,141,16000
23275,236,700
23276,242,0
23277,242,0
23278,240,200
23279,241,100
23280,141,16000
23281,10,93000
23282,241,150
23283,88,30000
23284,236,750
23285,239,300
23286,242,0
23287,242,0
23288,0,300000
23289,234,1000
23290,239,300
23291,80,32550
23292,242,0
23293,232,1200
23294,242,0
23295,233,1100
23296,229,1600
23297,242,0
23298,235,900
23299,235,900
23300,242,0
23301,234,1000
23302,226,2000
23303,242,0
23304,241,100
23305,242,0
23306,229,1600
23307,242,0
23308,0,300000
23309,238,500
23310,242,0
23311,236,700
23312,242,0
23313,241,100
23314,242,0
23315,242,0
23316,242,0
23317,188,7500
23318,242,0
23319,242,0
23320,138,16600
23321,239,300
23322,0,300000
23323,239,400
23324,242,0
23325,242,0
23326,104,25000
23327,2,150000
23328,242,0
23329,239,300
23330,238,450
23331,242,0
23332,240,250
23333,241,100
23334,229,1600
23335,242,0
23336,242,0
23337,242,0
23338,242,0
23339,235,900
23340,242,0
23341,242,0
23342,241,100
23343,226,2000
23344,229,1600
23345,234,1000
23346,242,0
23347,242,0
23348,242,0
23349,242,0
23350,240,200
23351,242,0
23352,16,80000
23353,242,0
23354,229,1600
23355,239,350
23356,227,1900
23357,242,0
23358,70,36500
23359,241,150
23360,151,14000
23361,2,150000
23362,21,71950
23363,230,1500
23364,113,22600
23365,242,0
23366,242,0
23367,242,0
23368,240,250
23369,0,300000
23370,240,200
23371,229,1600
23372,0,300000
23373,19,75000
23374,242,0
23375,188,7500
23376,225,2200
23377,241,100
23378,242,0
23379,225,2100
23380,242,0
23381,242,0
23382,188,7500
23383,242,0
23384,242,0
23385,226,2000
23386,187,7600
23387,233,1100
23388,240,250
23389,238,500
23390,107,24000
23391,0,200000
23392,141,16000
23393,19,75000
23394,242,0
23395,237,600
23396,240,250
23397,219,3000
23398,242,0
23399,233,1150
23400,242,0
23401,226,2000
23402,242,0
23403,228,1800
23404,242,0
23405,2,150000
23406,242,0
23407,241,100
23408,2,150000
23409,239,400
23410,239,300
23411,123,20000
23412,242,0
23413,235,900
23414,242,0
23415,242,0
23416,234,1000
23417,226,2000
23418,242,0
23419,242,0
23420,172,10000
23421,242,0
23422,230,1500
23423,225,2100
23424,242,0
23425,241,150
23426,2,150000
23427,242,0
23428,239,300
23429,237,600
23430,211,4000
23431,242,0
23432,236,700
23433,229,1600
23434,211,4000
23435,242,0
23436,235,800
23437,2,150000
23438,240,200
23439,219,3000
23440,204,5000
23441,0,500000
23442,242,0
23443,234,1000
23444,242,0
23445,48,48000
23446,238,450
23447,2,150000
23448,0,700000
23449,242,0
23450,219,3000
23451,242,0
23452,242,0
23453,242,0
23454,239,300
23455,242,0
23456,239,300
23457,241,100
23458,101,25900
23459,242,0
23460,143,15600
23461,242,0
23462,239,350
23463,112,22750
23464,240,200
23465,242,0
23466,211,4000
23467,2,150000
23468,242,0
23469,2,150000
23470,238,450
23471,242,0
23472,228,1800
23473,242,0
23474,242,0
23475,203,5250
23476,241,100
23477,238,450
23478,0,500000
23479,242,0
23480,242,0
23481,239,300
23482,241,100
23483,242,0
23484,235,800
23485,242,0
23486,242,0
23487,242,0
23488,27,65000
23489,2,150000
23490,226,2000
23491,240,200
23492,132,17900
23493,242,0
23494,242,0
23495,0,350000
23496,242,0
23497,2,150000
23498,241,150
23499,241,100
23500,0,300000
23501,242,0
23502,226,2000
23503,242,0
23504,242,0
23505,241,100
23506,2,150000
23507,222,2600
23508,242,0
23509,235,800
23510,242,0
23511,229,1600
23512,0,300000
23513,82,32000
23514,53,45000
23515,32,60000
23516,242,0
23517,235,800
23518,229,1600
23519,204,5000
23520,240,200
23521,0,600000
23522,242,0
23523,9,97650
23524,240,250
23525,123,20000
23526,171,10300
23527,229,1600
23528,234,1000
23529,0,500000
23530,181,8500
23531,242,0
23532,238,500
23533,2,150000
23534,52,45600
23535,242,0
23536,241,150
23537,239,400
23538,242,0
23539,242,0
23540,239,300
23541,242,0
23542,242,0
23543,242,0
23544,242,0
23545,242,0
23546,240,250
23547,242,0
23548,242,0
23549,242,0
23550,232,1200
23551,211,4000
23552,188,7500
23553,242,0
23554,241,100
23555,2,150000
23556,242,0
23557,107,24000
23558,242,0
23559,185,8000
23560,186,7700
23561,242,0
23562,216,3400
23563,237,600
23564,239,400
23565,238,500
23566,240,200
23567,238,500
23568,242,0
23569,234,950
23570,240,200
23571,227,1900
23572,242,0
23573,239,300
23574,239,300
23575,242,0
23576,242,0
23577,240,200
23578,81,32300
23579,242,0
23580,240,200
23581,204,5000
23582,242,0
23583,242,0
23584,170,10500
23585,232,1200
23586,242,0
23587,104,25000
23588,237,600
23589,242,0
23590,239,300
23591,229,1600
23592,141,16000
23593,2,150000
23594,238,500
23595,242,0
23596,242,0
23597,2,150000
23598,239,400
23599,242,0
23600,242,0
23601,88,30000
23602,110,23300
23603,242,0
23604,217,3200
23605,0,300000
23606,242,0
23607,241,100
23608,185,7850
23609,225,2200
23610,242,0
23611,242,0
23612,237,600
23613,62,40000
23614,211,4000
23615,222,2500
23616,241,100
23617,156,13000
23618,242,0
23619,223,2400
23620,2,150000
23621,239,300
23622,188,7500
23623,234,950
23624,239,350
23625,71,36150
23626,18,76000
23627,242,0
23628,242,0
23629,23,70000
23630,240,200
23631,235,800
23632,2,150000
23633,242,0
23634,0,200000
23635,239,300
23636,241,150
23637,242,0
23638,242,0
23639,188,7500
23640,242,0
23641,0,350000
23642,211,4000
23643,242,0
23644,239,300
23645,242,0
23646,242,0
23647,2,150000
23648,240,200
23649,235,800
23650,242,0
23651,240,200
23652,242,0
23653,8,99000
23654,240,250
23655,242,0
23656,178,9100
23657,242,0
23658,242,0
23659,242,0
23660,242,0
23661,242,0
23662,146,15000
23663,185,7850
23664,242,0
23665,242,0
23666,242,0
23667,242,0
23668,0,750000
23669,236,700
23670,0,300000
23671,123,20000
23672,240,250
23673,240,200
23674,242,0
23675,2,150000
23676,240,200
23677,211,4000
23678,242,0
23679,242,0
23680,229,1600
23681,82,32000
23682,242,0
23683,237,600
23684,242,0
23685,241,100
23686,240,200
23687,242,0
23688,242,0
23689,228,1700
23690,141,16000
23691,0,300000
23692,242,0
23693,217,3250
23694,242,0
23695,188,7500
23696,233,1050
23697,141,15900
23698,227,1900
23699,242,0
23700,141,16000
23701,235,800
23702,228,1800
23703,239,400
23704,235,800
23705,0,300000
23706,2,150000
23707,226,2000
23708,235,900
23709,238,500
23710,240,200
23711,239,400
23712,242,0
23713,237,550
23714,239,300
23715,241,150
23716,240,200
23717,242,0
23718,238,500
23719,188,7500
23720,242,0
23721,197,6000
23722,2,150000
23723,229,1600
23724,242,0
23725,242,0
23726,242,0
23727,240,250
23728,242,0
23729,235,800
23730,242,0
23731,241,100
23732,0,300000
23733,242,0
23734,242,0
23735,242,0
23736,240,200
23737,242,0
23738,112,22800
23739,242,0
23740,242,0
23741,239,300
23742,241,100
23743,2,150000
23744,172,10000
23745,238,500
23746,240,250
23747,197,6000
23748,242,0
23749,242,0
23750,238,450
23751,242,0
23752,51,45900
23753,242,0
23754,242,0
23755,2,150000
23756,242,0
23757,211,4000
23758,241,100
23759,240,250
23760,242,0
23761,214,3600
23762,242,0
23763,238,500
23764,242,0
23765,240,250
23766,242,0
23767,242,0
23768,219,3000
23769,242,0
23770,235,800
23771,226,2000
23772,240,250
23773,241,100
23774,241,150
23775,242,0
23776,239,300
23777,242,0
23778,241,100
23779,2,150000
23780,185,8000
23781,186,7700
23782,239,300
23783,0,200000
23784,240,250
23785,229,1600
23786,241,100
23787,242,0
23788,242,0
23789,239,300
23790,239,300
23791,240,250
23792,219,3000
23793,242,0
23794,226,2000
23795,242,0
23796,237,600
23797,241,100
23798,186,7800
23799,242,0
23800,239,300
23801,233,1050
23802,240,200
23803,82,32000
23804,242,0
23805,242,0
23806,242,0
23807,242,0
23808,242,0
23809,239,300
23810,186,7700
23811,237,550
23812,242,0
23813,242,0
23814,242,0
23815,242,0
23816,242,0
23817,240,200
23818,242,0
23819,242,0
23820,229,1600
23821,242,0
23822,242,0
23823,231,1400
23824,242,0
23825,239,300
23826,239,300
23827,0,350000
23828,242,0
23829,240,200
23830,2,150000
23831,1,178900
23832,242,0
23833,242,0
23834,237,600
23835,242,0
23836,238,500
23837,242,0
23838,0,300000
23839,234,1000
23840,240,200
23841,242,0
23842,242,0
23843,240,200
23844,238,500
23845,0,600000
23846,68,37500
23847,242,0
23848,240,200
23849,242,0
23850,241,100
23851,111,23100
23852,238,500
23853,242,0
23854,187,7600
23855,235,800
23856,214,3600
23857,172,10000
23858,241,100
23859,242,0
23860,242,0
23861,82,32000
23862,219,3000
23863,242,0
23864,238,500
23865,242,0
23866,215,3500
23867,68,37500
23868,2,150000
23869,242,0
23870,0,1000000
23871,0,233000
23872,140,16100
23873,239,400
23874,241,150
23875,62,40000
23876,239,350
23877,185,7900
23878,229,1600
23879,226,2000
23880,219,3000
23881,45,50000
23882,236,700
23883,2,150000
23884,0,450000
23885,238,500
23886,232,1200
23887,235,800
23888,242,0
23889,242,0
23890,239,300
23891,242,0
23892,242,0
23893,239,300
23894,237,600
23895,242,0
23896,239,300
23897,235,800
23898,240,200
23899,2,150000
23900,235,800
23901,241,100
23902,242,0
23903,242,0
23904,238,500
23905,239,300
23906,242,0
23907,201,5550
23908,232,1300
23909,242,0
23910,242,0
23911,242,0
23912,240,200
23913,218,3100
23914,132,17800
23915,188,7500
23916,242,0
23917,237,600
23918,0,300000
23919,241,100
23920,2,150000
23921,204,5100
23922,141,16000
23923,242,0
23924,242,0
23925,242,0
23926,242,0
23927,206,4800
23928,242,0
23929,241,100
23930,242,0
23931,242,0
23932,242,0
23933,142,15800
23934,125,19400
23935,242,0
23936,242,0
23937,161,12000
23938,211,4000
23939,211,4000
23940,242,0
23941,0,300000
23942,84,31100
23943,228,1800
23944,242,0
23945,240,200
23946,2,150000
23947,2,150000
23948,136,17100
23949,229,1600
23950,13,87500
23951,242,0
23952,130,18400
23953,242,0
23954,123,20000
23955,227,1900
23956,141,16000
23957,242,0
23958,242,0
23959,231,1400
23960,239,300
23961,242,0
23962,141,16000
23963,141,16000
23964,242,0
23965,197,6000
23966,242,0
23967,2,150000
23968,188,7500
23969,235,850
23970,242,0
23971,242,0
23972,242,0
23973,229,1600
23974,172,10000
23975,242,0
23976,239,300
23977,242,0
23978,0,200000
23979,239,300
23980,242,0
23981,230,1500
23982,229,1600
23983,226,2000
23984,4,120000
23985,234,1000
23986,242,0
23987,240,200
23988,238,500
23989,239,300
23990,2,150000
23991,242,0
23992,242,0
23993,226,2000
23994,242,0
23995,242,0
23996,242,0
23997,240,200
23998,242,0
23999,237,600
24000,240,200
24001,0,300000
24002,239,400
24003,240,200
24004,240,200
24005,242,0
24006,242,0
24007,223,2400
24008,239,300
24009,242,0
24010,204,5000
24011,242,0
24012,186,7700
24013,242,0
24014,240,200
24015,204,5000
24016,240,200
24017,242,0
24018,187,7650
24019,242,0
24020,211,4000
24021,2,150000
24022,0,500000
24023,241,100
24024,240,200
24025,242,0
24026,239,350
24027,240,200
24028,242,0
24029,0,300000
24030,185,8000
24031,241,100
24032,242,0
24033,241,100
24034,242,0
24035,235,900
24036,0,300000
24037,187,7600
24038,235,800
24039,242,0
24040,242,0
24041,241,100
24042,64,39100
24043,197,6000
24044,188,7500
24045,240,200
24046,239,400
24047,235,800
24048,166,11100
24049,242,0
24050,242,0
24051,242,0
24052,242,0
24053,231,1350
24054,242,0
24055,239,400
24056,242,0
24057,239,300
24058,242,0
24059,239,400
24060,0,750000
24061,82,32000
24062,242,0
24063,242,0
24064,240,200
24065,242,0
24066,242,0
24067,238,500
24068,242,0
24069,237,600
24070,0,1500000
24071,239,400
24072,239,300
24073,2,150000
24074,230,1500
24075,242,0
24076,240,200
24077,216,3400
24078,242,0
24079,228,1800
24080,242,0
24081,141,16000
24082,226,2000
24083,242,0
24084,242,0
24085,241,100
24086,236,750
24087,4,121800
24088,0,375000
24089,242,0
24090,242,0
24091,242,0
24092,226,2000
24093,237,600
24094,242,0
24095,228,1800
24096,212,3900
24097,235,900
24098,19,75000
24099,239,400
24100,219,3000
24101,219,3000
24102,242,0
24103,242,0
24104,242,0
24105,242,0
24106,242,0
24107,239,300
24108,45,50000
24109,241,100
24110,185,8000
24111,211,4000
24112,241,100
24113,2,150000
24114,166,11100
24115,242,0
24116,188,7500
24117,242,0
24118,226,2000
24119,242,0
24120,188,7500
24121,239,300
24122,242,0
24123,211,4000
24124,242,0
24125,0,1000000
24126,242,0
24127,161,12000
24128,242,0
24129,2,150000
24130,240,200
24131,204,5000
24132,62,40000
24133,242,0
24134,242,0
24135,242,0
24136,235,800
24137,225,2100
24138,219,3000
24139,238,450
24140,241,100
24141,239,400
24142,225,2100
24143,0,300000
24144,242,0
24145,240,200
24146,242,0
24147,238,450
24148,231,1400
24149,240,250
24150,242,0
24151,242,0
24152,0,1000000
24153,226,2000
24154,242,0
24155,132,18000
24156,241,100
24157,242,0
24158,240,200
24159,240,200
24160,239,400
24161,241,100
24162,242,0
24163,242,0
24164,242,0
24165,241,150
24166,211,4000
24167,235,900
24168,173,9900
24169,242,0
24170,242,0
24171,242,0
24172,238,450
24173,242,0
24174,241,100
24175,242,0
24176,242,0
24177,241,100
24178,237,600
24179,241,100
24180,242,0
24181,2,150000
24182,242,0
24183,242,0
24184,242,0
24185,242,0
24186,123,20000
24187,176,9400
24188,242,0
24189,141,16000
24190,242,0
24191,242,0
24192,239,300
24193,242,0
24194,242,0
24195,41,52450
24196,221,2700
24197,195,6300
24198,2,150000
24199,235,800
24200,242,0
24201,87,30200
24202,2,150000
24203,242,0
24204,229,1600
24205,229,1600
24206,242,0
24207,242,0
24208,2,150000
24209,146,15000
24210,239,350
24211,242,0
24212,146,15000
24213,241,150
24214,242,0
24215,2,150000
24216,242,0
24217,242,0
24218,233,1150
24219,242,0
24220,228,1700
24221,0,500000
24222,242,0
24223,242,0
24224,179,8900
24225,204,5000
24226,238,450
24227,222,2600
24228,242,0
24229,242,0
24230,188,7500
24231,242,0
24232,242,0
24233,242,0
24234,0,300000
24235,2,150000
24236,141,16000
24237,204,5000
24238,237,600
24239,242,0
24240,242,0
24241,242,0
24242,235,800
24243,68,37500
24244,0,500000
24245,235,800
24246,241,100
24247,2,150000
24248,241,100
24249,242,0
24250,172,10000
24251,240,200
24252,0,2000000
24253,242,0
24254,242,0
24255,242,0
24256,2,150000
24257,238,500
24258,242,0
24259,187,7600
24260,239,400
24261,234,1000
24262,242,0
24263,242,0
24264,239,300
24265,239,400
24266,219,3000
24267,2,150000
24268,242,0
24269,242,0
24270,242,0
24271,240,200
24272,242,0
24273,197,6000
24274,240,200
24275,145,15200
24276,219,3000
24277,19,75000
24278,239,300
24279,237,600
24280,235,800
24281,235,900
24282,234,1000
24283,242,0
24284,180,8700
24285,99,26500
24286,242,0
24287,240,200
24288,238,450
24289,242,0
24290,241,100
24291,242,0
24292,242,0
24293,240,250
24294,240,200
24295,220,2800
24296,242,0
24297,235,800
24298,242,0
24299,240,200
24300,242,0
24301,242,0
24302,239,400
24303,237,600
24304,141,16000
24305,239,300
24306,242,0
24307,145,15100
24308,232,1200
24309,204,5000
24310,240,250
24311,146,15000
24312,241,100
24313,242,0
24314,242,0
24315,242,0
24316,242,0
24317,242,0
24318,2,150000
24319,239,300
24320,144,15400
24321,235,800
24322,240,200
24323,238,500
24324,242,0
24325,242,0
24326,241,100
24327,242,0
24328,239,300
24329,219,3000
24330,242,0
24331,241,100
24332,241,100
24333,170,10500
24334,242,0
24335,0,500000
24336,241,150
24337,0,350000
24338,104,25000
24339,242,0
24340,239,300
24341,2,150000
24342,2,150000
24343,242,0
24344,231,1400
24345,236,700
24346,0,300000
24347,237,600
24348,242,0
24349,242,0
24350,242,0
24351,242,0
24352,242,0
24353,242,0
24354,242,0
24355,240,200
24356,183,8300
24357,220,2800
24358,226,2000
24359,226,2000
24360,242,0
24361,183,8300
24362,226,2000
24363,241,150
24364,242,0
24365,240,250
24366,187,7600
24367,242,0
24368,242,0
24369,182,8400
24370,242,0
24371,242,0
24372,240,250
24373,241,100
24374,242,0
24375,88,30000
24376,242,0
24377,59,41600
24378,241,100
24379,242,0
24380,242,0
24381,0,300000
24382,242,0
24383,242,0
24384,241,150
24385,0,450000
24386,233,1150
24387,237,600
24388,233,1050
24389,242,0
24390,242,0
24391,238,450
24392,228,1800
24393,242,0
24394,242,0
24395,242,0
24396,232,1200
24397,178,9000
24398,240,200
24399,223,2400
24400,237,600
24401,242,0
24402,230,1500
24403,242,0
24404,239,300
24405,41,52500
24406,230,1500
24407,237,600
24408,242,0
24409,242,0
24410,229,1600
24411,238,500
24412,242,0
24413,239,400
24414,2,150000
24415,232,1200
24416,242,0
24417,242,0
24418,107,24200
24419,0,400000
24420,241,100
24421,82,32000
24422,219,3000
24423,45,50000
24424,197,6000
24425,242,0
24426,241,100
24427,242,0
24428,185,8000
24429,242,0
24430,239,300
24431,240,200
24432,242,0
24433,242,0
24434,208,4500
24435,242,0
24436,242,0
24437,235,800
24438,242,0
24439,226,2000
24440,242,0
24441,186,7700
24442,141,16000
24443,242,0
24444,241,100
24445,242,0
24446,217,3200
24447,242,0
24448,241,100
24449,235,900
24450,242,0
24451,2,150000
24452,240,250
24453,238,450
24454,240,200
24455,242,0
24456,132,18000
24457,242,0
24458,242,0
24459,240,200
24460,82,32000
24461,242,0
24462,242,0
24463,188,7500
24464,242,0
24465,242,0
24466,242,0
24467,242,0
24468,241,150
24469,204,5000
24470,200,5600
24471,240,250
24472,239,300
24473,145,15100
24474,229,1600
24475,0,538000
24476,242,0
24477,62,40000
24478,242,0
24479,123,20000
24480,226,2000
24481,161,12000
24482,242,0
24483,133,17750
24484,68,37500
24485,242,0
24486,241,100
24487,238,500
24488,242,0
24489,0,500000
24490,242,0
24491,0,300000
24492,103,25200
24493,138,16600
24494,226,2000
24495,235,800
24496,242,0
24497,219,3000
24498,226,2000
24499,242,0
24500,241,100
24501,211,4000
24502,82,32000
24503,242,0
24504,242,0
24505,242,0
24506,242,0
24507,237,550
24508,242,0
24509,242,0
24510,240,200
24511,241,100
24512,144,15400
24513,0,375000
24514,240,200
24515,242,0
24516,2,150000
24517,242,0
24518,242,0
24519,0,200000
24520,202,5400
24521,237,600
24522,239,300
24523,242,0
24524,242,0
24525,241,100
24526,126,19350
24527,242,0
24528,191,7000
24529,219,3000
24530,242,0
24531,241,150
24532,113,22500
24533,242,0
24534,242,0
24535,242,0
24536,240,200
24537,110,23300
24538,241,100
24539,240,250
24540,242,0
24541,241,100
24542,235,900
24543,241,150
24544,232,1300
24545,228,1800
24546,240,200
24547,239,300
24548,242,0
24549,132,18000
24550,242,0
24551,239,350
24552,0,300000
24553,2,150000
24554,241,100
24555,237,600
24556,241,100
24557,242,0
24558,234,1000
24559,242,0
24560,225,2100
24561,241,100
24562,242,0
24563,242,0
24564,242,0
24565,240,250
24566,0,300000
24567,236,700
24568,185,7900
24569,242,0
24570,235,800
24571,242,0
24572,240,200
24573,187,7600
24574,242,0
24575,219,3000
24576,186,7800
24577,242,0
24578,191,7000
24579,238,500
24580,183,8300
24581,141,16000
24582,229,1600
24583,242,0
24584,242,0
24585,240,250
24586,142,15800
24587,241,100
24588,240,200
24589,235,900
24590,242,0
24591,242,0
24592,242,0
24593,172,10000
24594,242,0
24595,234,1000
24596,242,0
24597,242,0
24598,242,0
24599,242,0
24600,241,100
24601,204,5000
24602,240,200
24603,241,100
24604,240,200
24605,242,0
24606,242,0
24607,241,100
24608,241,150
24609,226,2000
24610,68,37500
24611,242,0
24612,241,100
24613,241,100
24614,0,300000
24615,242,0
24616,242,0
24617,242,0
24618,242,0
24619,240,250
24620,229,1600
24621,242,0
24622,238,450
24623,240,200
24624,233,1100
24625,242,0
24626,239,300
24627,2,150000
24628,239,300
24629,242,0
24630,241,150
24631,235,800
24632,242,0
24633,240,200
24634,242,0
24635,242,0
24636,197,6000
24637,234,1000
24638,242,0
24639,62,40000
24640,242,0
24641,0,300000
24642,242,0
24643,219,3000
24644,172,10000
24645,242,0
24646,239,300
24647,13,87500
24648,185,7900
24649,223,2400
24650,134,17400
24651,23,70000
24652,204,5000
24653,219,3000
24654,240,200
24655,242,0
24656,242,0
24657,239,300
24658,242,0
24659,240,200
24660,242,0
24661,240,200
24662,238,450
24663,242,0
24664,242,0
24665,242,0
24666,242,0
24667,238,500
24668,242,0
24669,239,400
24670,242,0
24671,242,0
24672,239,300
24673,242,0
24674,235,800
24675,230,1500
24676,242,0
24677,242,0
24678,240,200
24679,224,2250
24680,233,1100
24681,197,6000
24682,0,300000
24683,242,0
24684,240,200
24685,241,150
24686,242,0
24687,2,150000
24688,242,0
24689,239,400
24690,242,0
24691,229,1600
24692,242,0
24693,241,100
24694,62,40000
24695,142,15800
24696,0,500000
24697,239,300
24698,232,1300
24699,239,300
24700,167,11000
24701,242,0
24702,226,2000
24703,242,0
24704,110,23200
24705,241,100
24706,242,0
24707,242,0
24708,240,200
24709,12,89500
24710,19,75000
24711,242,0
24712,242,0
24713,241,100
24714,241,100
24715,242,0
24716,241,100
24717,241,100
24718,242,0
24719,197,6000
24720,242,0
24721,107,24000
24722,235,800
24723,240,250
24724,242,0
24725,187,7600
24726,183,8300
24727,239,400
24728,242,0
24729,242,0
24730,242,0
24731,211,4000
24732,240,200
24733,241,100
24734,235,900
24735,107,24000
24736,8,99000
24737,7,105000
24738,188,7500
24739,242,0
24740,242,0
24741,240,200
24742,242,0
24743,242,0
24744,240,200
24745,236,700
24746,239,400
24747,197,6000
24748,242,0
24749,242,0
24750,0,450000
24751,188,7500
24752,2,150000
24753,240,200
24754,242,0
24755,237,650
24756,242,0
24757,88,30000
24758,242,0
24759,2,150000
24760,242,0
24761,141,16000
24762,2,150000
24763,142,15800
24764,0,300000
24765,239,350
24766,2,150000
24767,235,800
24768,192,6800
24769,242,0
24770,226,2000
24771,241,100
24772,242,0
24773,242,0
24774,242,0
24775,197,6000
24776,242,0
24777,242,0
24778,223,2400
24779,235,800
24780,241,100
24781,241,100
24782,104,25000
24783,242,0
24784,242,0
24785,239,300
24786,204,5000
24787,146,15000
24788,82,32000
24789,211,4000
24790,242,0
24791,242,0
24792,242,0
24793,221,2700
24794,242,0
24795,228,1800
24796,234,1000
24797,0,500000
24798,225,2100
24799,237,550
24800,0,300000
24801,242,0
24802,233,1150
24803,62,40000
24804,240,250
24805,21,71950
24806,236,750
24807,224,2300
24808,242,0
24809,2,150000
24810,234,1000
24811,239,300
24812,239,300
24813,235,800
24814,239,300
24815,2,150000
24816,4,125000
24817,2,150000
24818,242,0
24819,242,0
24820,145,15200
24821,242,0
24822,238,500
24823,242,0
24824,204,5000
24825,241,100
24826,240,200
24827,242,0
24828,241,100
24829,242,0
24830,242,0
24831,0,2000000
24832,226,2000
24833,146,15000
24834,16,80100
24835,242,0
24836,230,1500
24837,242,0
24838,6,110000
24839,2,150000
24840,2,150000
24841,239,400
24842,2,150000
24843,62,40000
24844,240,200
24845,211,4000
24846,237,600
24847,123,20000
24848,242,0
24849,242,0
24850,2,150000
24851,242,0
24852,211,4000
24853,183,8300
24854,240,250
24855,218,3100
24856,242,0
24857,242,0
24858,242,0
24859,242,0
24860,242,0
24861,0,330000
24862,239,300
24863,242,0
24864,217,3200
24865,242,0
24866,178,9000
24867,238,500
24868,242,0
24869,2,150000
24870,242,0
24871,197,6000
24872,238,500
24873,230,1500
24874,240,200
24875,242,0
24876,2,150000
24877,242,0
24878,242,0
24879,242,0
24880,2,150000
24881,242,0
24882,242,0
24883,242,0
24884,242,0
24885,188,7500
24886,226,2000
24887,242,0
24888,204,5000
24889,242,0
24890,2,150000
24891,242,0
24892,242,0
24893,242,0
24894,2,150000
24895,237,600
24896,226,2000
24897,242,0
24898,240,200
24899,242,0
24900,240,200
24901,2,150000
24902,242,0
24903,242,0
24904,242,0
24905,242,0
24906,242,0
24907,242,0
24908,242,0
24909,242,0
24910,242,0
24911,242,0
24912,241,100
24913,241,100
24914,242,0
24915,239,300
24916,242,0
24917,228,1800
24918,240,200
24919,211,4000
24920,241,100
24921,242,0
24922,234,1000
24923,242,0
24924,242,0
24925,242,0
24926,2,150000
24927,211,4000
24928,242,0
24929,235,800
24930,242,0
24931,242,0
24932,236,750
24933,242,0
24934,0,350000
24935,240,200
24936,235,800
24937,226,2000
24938,241,100
24939,242,0
24940,242,0
24941,242,0
24942,235,800
24943,232,1200
24944,200,5600
24945,2,150000
24946,242,0
24947,224,2250
24948,240,250
24949,242,0
24950,219,3000
24951,242,0
24952,242,0
24953,107,24000
24954,238,450
24955,241,100
24956,242,0
24957,229,1600
24958,242,0
24959,141,16000
24960,242,0
24961,242,0
24962,241,150
24963,237,600
24964,227,1900
24965,242,0
24966,141,16000
24967,242,0
24968,242,0
24969,237,600
24970,241,100
24971,242,0
24972,242,0
24973,242,0
24974,242,0
24975,88,30000
24976,143,15600
24977,240,200
24978,231,1400
24979,242,0
24980,240,250
24981,197,6000
24982,242,0
24983,204,5000
24984,241,100
24985,188,7500
24986,0,2000000
24987,62,40000
24988,107,24000
24989,2,150000
24990,229,1600
24991,242,0
24992,239,400
24993,242,0
24994,242,0
24995,242,0
24996,242,0
24997,240,200
24998,242,0
24999,235,800
25000,241,150
25001,211,4000
25002,2,150000
25003,0,700000
25004,0,300000
25005,239,350
25006,242,0
25007,239,300
25008,242,0
25009,226,2000
25010,242,0
25011,240,250
25012,242,0
25013,123,20000
25014,181,8500
25015,236,700
25016,140,16200
25017,242,0
25018,232,1200
25019,241,100
25020,235,900
25021,242,0
25022,242,0
25023,23,70000
25024,242,0
25025,231,1350
25026,177,9200
25027,242,0
25028,242,0
25029,239,400
25030,242,0
25031,239,400
25032,242,0
25033,226,2000
25034,242,0
25035,237,600
25036,229,1600
25037,88,30000
25038,242,0
25039,161,12000
25040,232,1200
25041,238,500
25042,240,200
25043,235,800
25044,242,0
25045,242,0
25046,242,0
25047,0,350000
25048,242,0
25049,242,0
25050,242,0
25051,242,0
25052,106,24400
25053,237,600
25054,197,6000
25055,242,0
25056,242,0
25057,238,450
25058,2,150000
25059,241,100
25060,0,350000
25061,183,8300
25062,240,200
25063,229,1600
25064,242,0
25065,241,100
25066,146,15000
25067,2,150000
25068,239,300
25069,19,75000
25070,242,0
25071,88,30000
25072,242,0
25073,242,0
25074,235,900
25075,232,1200
25076,242,0
25077,239,350
25078,185,8000
25079,239,350
25080,2,150000
25081,240,200
25082,178,9000
25083,0,300000
25084,226,2000
25085,226,2000
25086,241,100
25087,242,0
25088,229,1600
25089,229,1600
25090,239,300
25091,242,0
25092,107,24000
25093,242,0
25094,242,0
25095,242,0
25096,232,1200
25097,242,0
25098,242,0
25099,242,0
25100,232,1250
25101,242,0
25102,2,150000
25103,238,500
25104,242,0
25105,231,1400
25106,45,50000
25107,242,0
25108,241,100
25109,233,1050
25110,242,0
25111,141,16000
25112,137,16800
25113,242,0
25114,97,27000
25115,239,300
25116,242,0
25117,240,200
25118,242,0
25119,197,6000
25120,0,300000
25121,242,0
25122,226,2000
25123,211,4000
25124,241,100
25125,203,5200
25126,242,0
25127,141,16000
25128,242,0
25129,242,0
25130,242,0
25131,242,0
25132,2,150000
25133,185,8000
25134,2,150000
25135,242,0
25136,242,0
25137,242,0
25138,242,0
25139,0,500000
25140,242,0
25141,234,1000
25142,235,800
25143,242,0
25144,226,2000
25145,241,100
25146,107,24200
25147,242,0
25148,62,40000
25149,242,0
25150,241,100
25151,0,1000000
25152,242,0
25153,242,0
25154,62,40000
25155,141,16000
25156,2,150000
25157,219,3000
25158,242,0
25159,4,122500
25160,242,0
25161,240,250
25162,228,1800
25163,188,7500
25164,187,7600
25165,242,0
25166,242,0
25167,242,0
25168,0,350000
25169,2,150000
25170,82,32000
25171,242,0
25172,238,500
25173,233,1100
25174,113,22500
25175,242,0
25176,204,5000
25177,239,300
25178,240,250
25179,239,300
25180,241,100
25181,242,0
25182,167,10950
25183,235,800
25184,88,30000
25185,2,150000
25186,141,16000
25187,2,150000
25188,235,800
25189,239,300
25190,141,16000
25191,242,0
25192,219,3000
25193,242,0
25194,234,1000
25195,242,0
25196,0,350000
25197,238,500
25198,235,900
25199,200,5600
25200,241,100
25201,141,16000
25202,242,0
25203,0,350000
25204,228,1800
25205,226,2000
25206,241,100
25207,226,2000
25208,0,300000
25209,2,150000
25210,57,42500
25211,239,400
25212,242,0
25213,219,3000
25214,242,0
25215,235,900
25216,242,0
25217,242,0
25218,242,0
25219,242,0
25220,242,0
25221,240,250
25222,241,100
25223,242,0
25224,242,0
25225,242,0
25226,2,150000
25227,238,450
25228,242,0
25229,235,800
25230,242,0
25231,168,10700
25232,239,400
25233,112,22800
25234,141,15900
25235,242,0
25236,233,1150
25237,242,0
25238,2,150000
25239,227,1900
25240,103,25100
25241,242,0
25242,242,0
25243,242,0
25244,239,300
25245,242,0
25246,240,250
25247,238,500
25248,236,700
25249,242,0
25250,2,150000
25251,242,0
25252,242,0
25253,123,20000
25254,242,0
25255,204,5000
25256,242,0
25257,197,6000
25258,242,0
25259,242,0
25260,141,16000
25261,197,6000
25262,239,300
25263,237,600
25264,240,200
25265,239,400
25266,239,400
25267,242,0
25268,242,0
25269,242,0
25270,233,1050
25271,219,3000
25272,0,900000
25273,219,3000
25274,242,0
25275,240,250
25276,242,0
25277,242,0
25278,7,105000
25279,241,150
25280,241,100
25281,242,0
25282,223,2350
25283,242,0
25284,242,0
25285,230,1500
25286,241,100
25287,0,500000
25288,233,1100
25289,240,200
25290,238,450
25291,240,200
25292,239,350
25293,235,850
25294,242,0
25295,241,100
25296,242,0
25297,242,0
25298,242,0
25299,0,300000
25300,234,1000
25301,2,150000
25302,186,7700
25303,235,800
25304,2,150000
25305,239,300
25306,242,0
25307,242,0
25308,113,22500
25309,242,0
25310,234,1000
25311,239,400
25312,241,100
25313,1,150300
25314,242,0
25315,238,500
25316,239,300
25317,236,700
25318,234,1000
25319,241,150
25320,242,0
25321,241,100
25322,242,0
25323,237,600
25324,242,0
25325,239,300
25326,242,0
25327,242,0
25328,242,0
25329,32,60000
25330,241,100
25331,234,1000
25332,231,1400
25333,226,2000
25334,23,70000
25335,242,0
25336,62,40300
25337,228,1800
25338,242,0
25339,242,0
25340,239,400
25341,242,0
25342,242,0
25343,242,0
25344,188,7500
25345,242,0
25346,242,0
25347,242,0
25348,240,250
25349,238,450
25350,242,0
25351,238,500
25352,1,157500
25353,242,0
25354,237,600
25355,220,2800
25356,239,300
25357,211,4000
25358,242,0
25359,228,1800
25360,223,2400
25361,242,0
25362,207,4600
25363,219,3000
25364,7,105000
25365,242,0
25366,240,250
25367,239,300
25368,242,0
25369,53,45000
25370,32,60000
25371,240,200
25372,242,0
25373,240,250
25374,123,20000
25375,242,0
25376,242,0
25377,215,3500
25378,242,0
25379,208,4500
25380,238,500
25381,242,0
25382,242,0
25383,2,150000
25384,228,1700
25385,242,0
25386,2,150000
25387,219,3000
25388,240,200
25389,242,0
25390,235,800
25391,241,100
25392,235,800
25393,239,300
25394,216,3300
25395,242,0
25396,233,1150
25397,240,200
25398,242,0
25399,2,150000
25400,197,6000
25401,239,300
25402,241,100
25403,242,0
25404,0,350000
25405,235,800
25406,239,300
25407,62,40000
25408,241,100
25409,242,0
25410,228,1700
25411,2,150000
25412,239,300
25413,242,0
25414,242,0
25415,242,0
25416,241,100
25417,0,500000
25418,237,550
25419,240,200
25420,241,100
25421,0,300000
25422,113,22500
25423,211,4000
25424,242,0
25425,242,0
25426,188,7500
25427,242,0
25428,240,250
25429,240,200
25430,88,30000
25431,42,51600
25432,140,16250
25433,172,10000
25434,242,0
25435,242,0
25436,239,300
25437,239,400
25438,235,900
25439,242,0
25440,232,1200
25441,234,1000
25442,45,50000
25443,187,7600
25444,235,800
25445,19,75000
25446,241,100
25447,239,400
25448,2,150000
25449,241,100
25450,2,150000
25451,241,100
25452,239,400
25453,222,2600
25454,240,200
25455,240,250
25456,241,100
25457,242,0
25458,239,400
25459,225,2100
25460,241,100
25461,229,1600
25462,239,350
25463,242,0
25464,235,900
25465,141,16000
25466,0,500000
25467,236,700
25468,242,0
25469,242,0
25470,0,350000
25471,242,0
25472,241,100
25473,242,0
25474,241,100
25475,242,0
25476,241,100
25477,242,0
25478,241,100
25479,240,250
25480,242,0
25481,226,2000
25482,242,0
25483,235,900
25484,238,500
25485,2,150000
25486,210,4200
25487,242,0
25488,238,450
25489,181,8500
25490,241,150
25491,226,2000
25492,242,0
25493,204,5000
25494,240,250
25495,226,2000
25496,242,0
25497,242,0
25498,239,400
25499,241,150
25500,186,7700
25501,242,0
25502,2,150000
25503,242,0
25504,11,90000
25505,242,0
25506,234,1000
25507,2,150000
25508,241,150
25509,188,7500
25510,242,0
25511,242,0
25512,238,500
25513,242,0
25514,240,200
25515,2,150000
25516,141,16000
25517,4,125000
25518,242,0
25519,242,0
25520,0,300000
25521,226,2000
25522,239,300
25523,188,7500
25524,239,400
25525,235,800
25526,241,100
25527,242,0
25528,2,150000
25529,242,0
25530,240,200
25531,242,0
25532,242,0
25533,0,200000
25534,226,2000
25535,240,200
25536,0,500000
25537,138,16600
25538,242,0
25539,242,0
25540,242,0
25541,240,200
25542,241,150
25543,235,900
25544,239,400
25545,238,500
25546,2,150000
25547,242,0
25548,141,16000
25549,242,0
25550,242,0
25551,0,187500
25552,181,8500
25553,242,0
25554,242,0
25555,239,300
25556,4,125000
25557,242,0
25558,242,0
25559,242,0
25560,242,0
25561,242,0
25562,242,0
25563,242,0
25564,242,0
25565,239,400
25566,237,600
25567,241,150
25568,226,2050
25569,242,0
25570,235,900
25571,242,0
25572,237,600
25573,242,0
25574,242,0
25575,242,0
25576,240,200
25577,181,8500
25578,242,0
25579,238,450
25580,222,2600
25581,197,6000
25582,242,0
25583,140,16100
25584,0,300000
25585,226,2000
25586,242,0
25587,242,0
25588,242,0
25589,242,0
25590,225,2150
25591,158,12500
25592,242,0
25593,226,2000
25594,242,0
25595,240,200
25596,242,0
25597,240,200
25598,197,6000
25599,242,0
25600,242,0
25601,242,0
25602,242,0
25603,242,0
25604,235,900
25605,242,0
25606,242,0
25607,186,7700
25608,88,30000
25609,240,200
25610,242,0
25611,47,48400
25612,242,0
25613,242,0
25614,240,200
25615,219,3000
25616,2,150000
25617,13,87500
25618,242,0
25619,242,0
25620,242,0
25621,242,0
25622,0,500000
25623,242,0
25624,239,300
25625,0,300000
25626,16,80000
25627,204,5000
25628,240,200
25629,242,0
25630,241,100
25631,241,100
25632,242,0
25633,241,150
25634,226,2000
25635,214,3600
25636,242,0
25637,242,0
25638,237,600
25639,0,450000
25640,242,0
25641,242,0
25642,0,500000
25643,113,22500
25644,242,0
25645,242,0
25646,229,1600
25647,242,0
25648,187,7600
25649,236,750
25650,242,0
25651,235,800
25652,240,200
25653,241,100
25654,241,150
25655,242,0
25656,161,12000
25657,238,450
25658,2,150000
25659,222,2600
25660,242,0
25661,242,0
25662,242,0
25663,233,1100
25664,242,0
25665,219,3000
25666,217,3150
25667,242,0
25668,242,0
25669,238,500
25670,242,0
25671,242,0
25672,242,0
25673,240,200
25674,2,150000
25675,240,200
25676,242,0
25677,53,45000
25678,1,166000
25679,0,2000000
25680,235,800
25681,237,550
25682,242,0
25683,242,0
25684,242,0
25685,237,600
25686,238,500
25687,241,100
25688,185,8000
25689,242,0
25690,88,30000
25691,107,24000
25692,2,150000
25693,242,0
25694,0,350000
25695,242,0
25696,242,0
25697,239,300
25698,2,150000
25699,239,400
25700,239,400
25701,242,0
25702,242,0
25703,228,1700
25704,242,0
25705,242,0
25706,242,0
25707,240,250
25708,200,5600
25709,161,12000
25710,229,1600
25711,242,0
25712,237,600
25713,241,100
25714,133,17600
25715,2,150000
25716,241,100
25717,242,0
25718,226,2000
25719,107,24000
25720,242,0
25721,237,600
25722,235,800
25723,240,200
25724,235,800
25725,235,800
25726,242,0
25727,241,150
25728,2,150000
25729,233,1100
25730,242,0
25731,242,0
25732,110,23300
25733,241,100
25734,242,0
25735,239,300
25736,188,7500
25737,240,200
25738,2,150000
25739,211,4000
25740,242,0
25741,242,0
25742,235,900
25743,197,6000
25744,186,7800
25745,242,0
25746,242,0
25747,228,1750
25748,242,0
25749,240,250
25750,242,0
25751,242,0
25752,204,5000
25753,239,300
25754,62,40000
25755,186,7700
25756,242,0
25757,230,1500
25758,239,400
25759,242,0
25760,242,0
25761,214,3600
25762,2,150000
25763,230,1500
25764,242,0
25765,239,300
25766,242,0
25767,2,150000
25768,188,7500
25769,2,150000
25770,240,200
25771,242,0
25772,242,0
25773,242,0
25774,242,0
25775,242,0
25776,161,12000
25777,242,0
25778,232,1300
25779,238,500
25780,242,0
25781,219,3000
25782,242,0
25783,2,150000
25784,239,300
25785,242,0
25786,240,250
25787,236,750
25788,232,1200
25789,240,200
25790,53,45000
25791,238,500
25792,226,2000
25793,235,800
25794,204,5000
25795,0,215200
25796,2,150000
25797,2,150000
25798,146,15000
25799,240,200
25800,242,0
25801,0,450000
25802,137,16800
25803,0,2000000
25804,242,0
25805,242,0
25806,183,8300
25807,242,0
25808,241,100
25809,241,100
25810,242,0
25811,235,900
25812,0,2000000
25813,32,60000
25814,242,0
25815,226,2000
25816,232,1200
25817,242,0
25818,238,500
25819,242,0
25820,2,150000
25821,242,0
25822,242,0
25823,239,300
25824,242,0
25825,141,16000
25826,239,350
25827,236,700
25828,234,1000
25829,141,16000
25830,242,0
25831,242,0
25832,232,1200
25833,242,0
25834,0,2000000
25835,240,200
25836,238,500
25837,204,5000
25838,0,500000
25839,238,450
25840,242,0
25841,242,0
25842,240,200
25843,242,0
25844,143,15500
25845,242,0
25846,242,0
25847,241,100
25848,88,30000
25849,240,200
25850,239,300
25851,107,24000
25852,197,6000
25853,133,17750
25854,241,150
25855,241,100
25856,242,0
25857,234,1000
25858,242,0
25859,107,24000
25860,242,0
25861,235,900
25862,242,0
25863,0,350000
25864,181,8500
25865,242,0
25866,242,0
25867,242,0
25868,242,0
25869,241,100
25870,240,200
25871,242,0
25872,183,8300
25873,62,40000
25874,187,7600
25875,242,0
25876,237,600
25877,146,15000
25878,242,0
25879,235,800
25880,204,5000
25881,239,300
25882,232,1200
25883,232,1200
25884,231,1400
25885,242,0
25886,242,0
25887,242,0
25888,242,0
25889,242,0
25890,0,350000
25891,204,5000
25892,197,6000
25893,242,0
25894,182,8400
25895,19,75000
25896,242,0
25897,242,0
25898,235,900
25899,241,150
25900,188,7500
25901,62,40000
25902,232,1200
25903,210,4200
25904,237,600
25905,2,150000
25906,234,1000
25907,185,8000
25908,2,150000
25909,240,200
25910,237,550
25911,239,300
25912,242,0
25913,241,100
25914,242,0
25915,232,1200
25916,240,250
25917,242,0
25918,204,5000
25919,0,400000
25920,242,0
25921,242,0
25922,0,200000
25923,239,400
25924,234,1000
25925,236,750
25926,240,200
25927,242,0
25928,242,0
25929,242,0
25930,242,0
25931,242,0
25932,242,0
25933,242,0
25934,235,900
25935,225,2100
25936,211,4000
25937,242,0
25938,242,0
25939,197,6000
25940,240,200
25941,237,600
25942,233,1100
25943,172,10000
25944,235,900
25945,70,36500
25946,240,200
25947,242,0
25948,242,0
25949,238,500
25950,242,0
25951,240,200
25952,123,20000
25953,231,1400
25954,183,8300
25955,241,100
25956,242,0
25957,242,0
25958,242,0
25959,242,0
25960,242,0
25961,0,300000
25962,242,0
25963,242,0
25964,242,0
25965,239,400
25966,242,0
25967,242,0
25968,242,0
25969,242,0
25970,242,0
25971,242,0
25972,62,40000
25973,240,200
25974,230,1500
25975,242,0
25976,235,900
25977,139,16400
25978,237,600
25979,222,2600
25980,146,15000
25981,242,0
25982,239,300
25983,242,0
25984,219,3000
25985,0,1000000
25986,242,0
25987,186,7750
25988,240,250
25989,235,800
25990,0,2000000
25991,242,0
25992,7,105000
25993,241,100
25994,172,10000
25995,242,0
25996,242,0
25997,241,100
25998,178,9100
25999,241,150
26000,242,0
26001,240,250
26002,242,0
26003,240,200
26004,235,900
26005,233,1050
26006,242,0
26007,242,0
26008,107,24000
26009,239,400
26010,242,0
26011,0,500000
26012,242,0
26013,230,1500
26014,240,200
26015,146,15000
26016,237,600
26017,235,800
26018,240,250
26019,242,0
26020,88,30000
26021,242,0
26022,242,0
26023,239,350
26024,206,4800
26025,236,700
26026,242,0
26027,235,800
26028,236,750
26029,242,0
26030,19,75000
26031,242,0
26032,0,500000
26033,242,0
26034,241,100
26035,242,0
26036,237,600
26037,242,0
26038,239,300
26039,242,0
26040,145,15200
26041,219,3000
26042,242,0
26043,237,600
26044,2,150000
26045,175,9500
26046,242,0
26047,239,400
26048,2,150000
26049,242,0
26050,242,0
26051,113,22500
26052,222,2500
26053,226,2000
26054,242,0
26055,48,48000
26056,185,7900
26057,239,300
26058,226,2000
26059,241,100
26060,0,200000
26061,242,0
26062,239,350
26063,2,150000
26064,232,1200
26065,234,1000
26066,226,2000
26067,242,0
26068,242,0
26069,210,4200
26070,242,0
26071,197,6000
26072,223,2400
26073,242,0
26074,242,0
26075,240,200
26076,204,5000
26077,2,150000
26078,241,100
26079,211,4000
26080,226,2000
26081,242,0
26082,226,2000
26083,242,0
26084,242,0
26085,239,300
26086,242,0
26087,233,1100
26088,242,0
26089,242,0
26090,219,3000
26091,241,100
26092,238,500
26093,2,150000
26094,82,32000
26095,226,2000
26096,231,1400
26097,2,150000
26098,240,200
26099,242,0
26100,239,300
26101,62,40000
26102,240,250
26103,235,800
26104,242,0
26105,113,22500
26106,240,200
26107,107,24000
26108,2,150000
26109,242,0
26110,239,300
26111,242,0
26112,241,100
26113,242,0
26114,241,100
26115,241,150
26116,242,0
26117,197,6000
26118,0,1500000
26119,242,0
26120,146,15000
26121,113,22600
26122,241,100
26123,242,0
26124,242,0
26125,2,150000
26126,239,400
26127,242,0
26128,226,2000
26129,228,1700
26130,242,0
26131,219,3000
26132,240,250
26133,2,150000
26134,0,350000
26135,242,0
26136,133,17700
26137,239,300
26138,242,0
26139,183,8300
26140,234,1000
26141,53,45000
26142,241,150
26143,88,30000
26144,236,700
26145,242,0
26146,0,500000
26147,238,500
26148,238,450
26149,235,900
26150,242,0
26151,141,16000
26152,224,2300
26153,242,0
26154,241,100
26155,16,80000
26156,141,16000
26157,240,200
26158,2,150000
26159,2,150000
26160,242,0
26161,235,800
26162,240,200
26163,241,100
26164,207,4600
26165,232,1200
26166,242,0
26167,242,0
26168,2,150000
26169,218,3100
26170,242,0
26171,242,0
26172,242,0
26173,241,150
26174,19,75000
26175,242,0
26176,235,800
26177,240,200
26178,236,700
26179,240,200
26180,242,0
26181,242,0
26182,239,300
26183,242,0
26184,141,16000
26185,187,7600
26186,233,1100
26187,141,16000
26188,239,300
26189,242,0
26190,242,0
26191,2,150000
26192,239,300
26193,185,8000
26194,2,150000
26195,241,100
26196,113,22500
26197,107,24000
26198,235,900
26199,242,0
26200,237,550
26201,242,0
26202,239,300
26203,240,200
26204,0,400000
26205,234,1000
26206,240,200
26207,2,150000
26208,235,800
26209,242,0
26210,241,100
26211,242,0
26212,2,150000
26213,235,900
26214,242,0
26215,0,700000
26216,235,900
26217,0,350000
26218,242,0
26219,238,500
26220,242,0
26221,0,450000
26222,197,6000
26223,2,150000
26224,110,23300
26225,233,1100
26226,242,0
26227,239,300
26228,238,500
26229,172,10000
26230,240,200
26231,19,75000
26232,242,0
26233,242,0
26234,2,150000
26235,242,0
26236,242,0
26237,240,250
26238,242,0
26239,242,0
26240,141,16000
26241,242,0
26242,2,150000
26243,239,300
26244,241,100
26245,235,800
26246,229,1600
26247,234,1000
26248,235,800
26249,211,4000
26250,2,150000
26251,242,0
26252,235,900
26253,2,150000
26254,235,800
26255,239,400
26256,239,400
26257,242,0
26258,241,100
26259,242,0
26260,242,0
26261,242,0
26262,242,0
26263,242,0
26264,231,1350
26265,230,1500
26266,0,350000
26267,2,150000
26268,62,40000
26269,241,150
26270,235,800
26271,242,0
26272,97,27000
26273,183,8300
26274,242,0
26275,236,750
26276,242,0
26277,2,150000
26278,242,0
26279,0,300000
26280,242,0
26281,178,9100
26282,232,1250
26283,242,0
26284,226,2000
26285,242,0
26286,230,1500
26287,236,700
26288,242,0
26289,242,0
26290,242,0
26291,186,7750
26292,141,16000
26293,181,8500
26294,191,7000
26295,240,200
26296,242,0
26297,53,45000
26298,107,24000
26299,175,9600
26300,242,0
26301,241,100
26302,141,16000
26303,241,100
26304,80,32550
26305,62,40000
26306,242,0
26307,240,200
26308,235,800
26309,23,70000
26310,242,0
26311,2,150000
26312,226,2000
26313,239,400
26314,2,150000
26315,242,0
26316,229,1600
26317,242,0
26318,242,0
26319,240,200
26320,242,0
26321,242,0
26322,141,16000
26323,242,0
26324,242,0
26325,233,1100
26326,138,16600
26327,241,100
26328,236,750
26329,204,5000
26330,242,0
26331,242,0
26332,241,150
26333,241,100
26334,240,250
26335,242,0
26336,2,150000
26337,242,0
26338,242,0
26339,242,0
26340,239,300
26341,228,1800
26342,242,0
26343,138,16600
26344,240,200
26345,240,200
26346,2,150000
26347,0,300000
26348,242,0
26349,239,400
26350,242,0
26351,2,150000
26352,242,0
26353,242,0
26354,239,300
26355,242,0
26356,241,150
26357,239,300
26358,242,0
26359,242,0
26360,242,0
26361,242,0
26362,188,7500
26363,3,135000
26364,242,0
26365,241,150
26366,242,0
26367,242,0
26368,240,200
26369,242,0
26370,242,0
26371,2,150000
26372,240,200
26373,219,3000
26374,41,52500
26375,242,0
26376,242,0
26377,242,0
26378,242,0
26379,226,2000
26380,240,200
26381,242,0
26382,0,350000
26383,242,0
26384,237,600
26385,242,0
26386,0,350000
26387,237,600
26388,237,600
26389,242,0
26390,240,200
26391,239,300
26392,240,200
26393,242,0
26394,238,500
26395,73,35350
26396,242,0
26397,242,0
26398,242,0
26399,242,0
26400,0,600000
26401,234,1000
26402,242,0
26403,241,150
26404,242,0
26405,237,550
26406,235,800
26407,0,350000
26408,242,0
26409,242,0
26410,240,200
26411,242,0
26412,206,4800
26413,242,0
26414,242,0
26415,226,2000
26416,239,300
26417,242,0
26418,88,30000
26419,226,2000
26420,242,0
26421,242,0
26422,242,0
26423,235,800
26424,241,150
26425,241,150
26426,188,7500
26427,240,250
26428,2,150000
26429,146,15000
26430,0,500000
26431,219,3000
26432,242,0
26433,239,400
26434,2,150000
26435,237,600
26436,132,18000
26437,0,350000
26438,242,0
26439,144,15400
26440,242,0
26441,242,0
26442,235,900
26443,197,6000
26444,242,0
26445,53,45000
26446,242,0
26447,226,2000
26448,141,16000
26449,242,0
26450,239,300
26451,211,4000
26452,242,0
26453,242,0
26454,242,0
26455,241,100
26456,235,900
26457,0,350000
26458,1,175000
26459,235,800
26460,239,400
26461,219,3000
26462,242,0
26463,240,200
26464,242,0
26465,88,30000
26466,242,0
26467,242,0
26468,242,0
26469,242,0
26470,242,0
26471,113,22500
26472,236,750
26473,240,200
26474,242,0
26475,240,250
26476,242,0
26477,240,200
26478,242,0
26479,229,1600
26480,229,1600
26481,242,0
26482,185,7900
26483,232,1200
26484,242,0
26485,226,2000
26486,239,400
26487,229,1600
26488,0,300000
26489,2,150000
26490,239,300
26491,53,45000
26492,240,200
26493,242,0
26494,2,150000
26495,242,0
26496,241,100
26497,241,100
26498,229,1600
26499,241,100
26500,242,0
26501,242,0
26502,237,600
26503,239,400
26504,45,50000
26505,242,0
26506,242,0
26507,242,0
26508,237,600
26509,242,0
26510,242,0
26511,204,5000
26512,241,100
26513,240,250
26514,239,300
26515,242,0
26516,240,200
26517,240,200
26518,236,700
26519,242,0
26520,242,0
26521,242,0
26522,242,0
26523,240,200
26524,242,0
26525,242,0
26526,242,0
26527,172,10000
26528,185,8000
26529,242,0
26530,2,150000
26531,241,150
26532,188,7500
26533,239,300
26534,241,100
26535,239,300
26536,224,2250
26537,241,100
26538,242,0
26539,197,6000
26540,234,1000
26541,242,0
26542,234,1000
26543,107,24000
26544,190,7200
26545,242,0
26546,240,200
26547,229,1600
26548,236,750
26549,242,0
26550,219,3000
26551,242,0
26552,197,6000
26553,242,0
26554,242,0
26555,234,1000
26556,2,150000
26557,241,100
26558,242,0
26559,241,150
26560,126,19250
26561,242,0
26562,2,150000
26563,240,250
26564,0,300000
26565,242,0
26566,48,48000
26567,240,200
26568,241,100
26569,242,0
26570,2,150000
26571,235,800
26572,240,250
26573,2,150000
26574,2,150000
26575,240,200
26576,241,100
26577,187,7600
26578,107,24100
26579,242,0
26580,211,4000
26581,0,300000
26582,242,0
26583,242,0
26584,226,2000
26585,242,0
26586,242,0
26587,230,1500
26588,241,100
26589,242,0
26590,232,1200
26591,219,3000
26592,9,96800
26593,242,0
26594,241,100
26595,235,800
26596,242,0
26597,242,0
26598,211,4000
26599,0,500000
26600,242,0
26601,242,0
26602,2,150000
26603,240,200
26604,242,0
26605,223,2400
26606,230,1500
26607,240,200
26608,228,1800
26609,241,100
26610,123,20000
26611,242,0
26612,242,0
26613,242,0
26614,241,100
26615,204,5000
26616,45,49500
26617,239,400
26618,242,0
26619,242,0
26620,242,0
26621,204,5000
26622,242,0
26623,240,250
26624,240,250
26625,242,0
26626,226,2000
26627,241,100
26628,0,300000
26629,2,150000
26630,226,2000
26631,223,2400
26632,232,1200
26633,242,0
26634,242,0
26635,0,300000
26636,0,200000
26637,0,300000
26638,242,0
26639,242,0
26640,240,200
26641,242,0
26642,242,0
26643,215,3500
26644,240,200
26645,2,150000
26646,240,200
26647,242,0
26648,186,7800
26649,240,200
26650,236,750
26651,239,300
26652,242,0
26653,241,100
26654,241,100
26655,242,0
26656,88,30000
26657,239,300
26658,227,1900
26659,242,0
26660,77,34000
26661,242,0
26662,242,0
26663,242,0
26664,239,300
26665,242,0
26666,2,150000
26667,242,0
26668,0,300000
26669,0,200000
26670,242,0
26671,242,0
26672,123,20000
26673,242,0
26674,241,150
26675,242,0
26676,240,200
26677,242,0
26678,239,300
26679,2,150000
26680,241,100
26681,240,200
26682,242,0
26683,229,1600
26684,242,0
26685,242,0
26686,239,300
26687,242,0
26688,242,0
26689,240,200
26690,235,800
26691,242,0
26692,240,250
26693,242,0
26694,0,200000
26695,242,0
26696,237,550
26697,242,0
26698,242,0
26699,241,100
26700,235,900
26701,240,200
26702,88,30000
26703,239,300
26704,2,150000
26705,214,3600
26706,239,300
26707,241,100
26708,241,150
26709,236,750
26710,240,250
26711,241,150
26712,236,750
26713,2,150000
26714,235,900
26715,219,3000
26716,228,1750
26717,112,22650
26718,211,4000
26719,237,600
26720,242,0
26721,240,200
26722,221,2700
26723,242,0
26724,197,6000
26725,241,100
26726,228,1800
26727,234,1000
26728,204,5000
26729,242,0
26730,107,24000
26731,240,250
26732,225,2100
26733,75,34500
26734,241,100
26735,239,400
26736,230,1500
26737,242,0
26738,242,0
26739,242,0
26740,166,11100
26741,242,0
26742,242,0
26743,242,0
26744,242,0
26745,239,400
26746,0,200000
26747,238,500
26748,2,150000
26749,0,1000000
26750,219,3000
26751,242,0
26752,241,100
26753,0,300000
26754,239,300
26755,235,900
26756,242,0
26757,146,15000
26758,242,0
26759,242,0
26760,242,0
26761,242,0
26762,226,2000
26763,2,150000
26764,242,0
26765,32,60000
26766,242,0
26767,62,40000
26768,0,400000
26769,197,6000
26770,228,1800
26771,107,24200
26772,242,0
26773,197,6000
26774,242,0
26775,239,300
26776,242,0
26777,237,600
26778,242,0
26779,239,300
26780,229,1600
26781,7,105000
26782,242,0
26783,242,0
26784,242,0
26785,240,200
26786,242,0
26787,242,0
26788,242,0
26789,0,750000
26790,242,0
26791,235,800
26792,242,0
26793,229,1600
26794,219,3000
26795,239,300
26796,2,150000
26797,242,0
26798,48,48000
26799,242,0
26800,226,2000
26801,4,122500
26802,241,100
26803,0,450000
26804,242,0
26805,240,250
26806,239,400
26807,239,300
26808,230,1500
26809,48,48000
26810,211,4000
26811,240,200
26812,119,21000
26813,242,0
26814,242,0
26815,242,0
26816,242,0
26817,213,3700
26818,228,1800
26819,242,0
26820,0,300000
26821,234,1000
26822,239,350
26823,0,300000
26824,226,2000
26825,242,0
26826,239,300
26827,113,22500
26828,220,2800
26829,0,300000
26830,240,200
26831,188,7500
26832,241,100
26833,226,2000
26834,211,4100
26835,242,0
26836,188,7500
26837,2,150000
26838,204,5000
26839,229,1600
26840,146,15000
26841,225,2100
26842,230,1500
26843,242,0
26844,228,1800
26845,161,12000
26846,0,1000000
26847,211,4000
26848,197,6000
26849,225,2100
26850,242,0
26851,239,300
26852,239,400
26853,25,67500
26854,2,150000
26855,141,16000
26856,242,0
26857,239,300
26858,240,200
26859,242,0
26860,241,100
26861,242,0
26862,226,2000
26863,226,2000
26864,241,100
26865,242,0
26866,239,400
26867,233,1100
26868,79,33100
26869,197,6000
26870,2,150000
26871,225,2100
26872,223,2400
26873,98,26700
26874,228,1700
26875,241,150
26876,53,45000
26877,242,0
26878,242,0
26879,241,150
26880,230,1500
26881,242,0
26882,239,300
26883,0,300000
26884,241,150
26885,242,0
26886,242,0
26887,242,0
26888,231,1350
26889,242,0
26890,242,0
26891,241,150
26892,185,8000
26893,241,100
26894,2,150000
26895,239,300
26896,242,0
26897,241,100
26898,242,0
26899,242,0
26900,242,0
26901,242,0
26902,240,200
26903,242,0
26904,197,6000
26905,240,200
26906,238,500
26907,242,0
26908,193,6700
26909,242,0
26910,242,0
26911,239,300
26912,145,15200
26913,242,0
26914,242,0
26915,242,0
26916,197,6000
26917,240,200
26918,242,0
26919,239,300
26920,242,0
26921,242,0
26922,2,150000
26923,226,2000
26924,206,4800
26925,239,400
26926,242,0
26927,240,200
26928,240,200
26929,237,600
26930,242,0
26931,241,150
26932,240,200
26933,183,8300
26934,0,200000
26935,242,0
26936,206,4800
26937,141,16000
26938,237,600
26939,226,2000
26940,239,300
26941,211,4000
26942,240,200
26943,0,350000
26944,242,0
26945,237,600
26946,239,300
26947,240,200
26948,234,1000
26949,237,600
26950,242,0
26951,166,11150
26952,238,500
26953,211,4000
26954,242,0
26955,242,0
26956,242,0
26957,241,100
26958,242,0
26959,242,0
26960,235,800
26961,242,0
26962,145,15200
26963,188,7500
26964,226,2000
26965,188,7500
26966,238,500
26967,242,0
26968,239,300
26969,242,0
26970,242,0
26971,240,250
26972,242,0
26973,241,100
26974,241,100
26975,223,2400
26976,240,200
26977,242,0
26978,240,200
26979,242,0
26980,240,200
26981,242,0
26982,242,0
26983,228,1700
26984,232,1300
26985,241,100
26986,219,3000
26987,87,30100
26988,242,0
26989,237,600
26990,242,0
26991,2,150000
26992,238,500
26993,240,250
26994,236,750
26995,195,6300
26996,239,300
26997,232,1200
26998,233,1100
26999,241,150
27000,242,0
27001,186,7750
27002,48,48000
27003,242,0
27004,238,500
27005,242,0
27006,0,750000
27007,241,100
27008,235,800
27009,205,4900
27010,206,4800
27011,242,0
27012,241,100
27013,137,16800
27014,137,16800
27015,242,0
27016,240,200
27017,242,0
27018,2,150000
27019,2,150000
27020,235,800
27021,188,7500
27022,242,0
27023,242,0
27024,226,2000
27025,229,1600
27026,242,0
27027,219,3000
27028,242,0
27029,242,0
27030,141,16000
27031,237,600
27032,172,10000
27033,19,75000
27034,239,300
27035,241,100
27036,235,800
27037,2,150000
27038,242,0
27039,241,100
27040,240,200
27041,230,1500
27042,241,100
27043,239,400
27044,2,150000
27045,186,7800
27046,235,800
27047,211,4000
27048,2,150000
27049,242,0
27050,242,0
27051,242,0
27052,242,0
27053,240,200
27054,242,0
27055,242,0
27056,238,500
27057,236,750
27058,242,0
27059,88,30000
27060,242,0
27061,242,0
27062,2,150000
27063,240,200
27064,235,900
27065,197,6000
27066,242,0
27067,2,150000
27068,242,0
27069,113,22500
27070,242,0
27071,141,16000
27072,231,1400
27073,242,0
27074,242,0
27075,242,0
27076,242,0
27077,241,100
27078,241,100
27079,242,0
27080,2,150000
27081,241,100
27082,238,500
27083,206,4800
27084,230,1500
27085,242,0
27086,240,200
27087,242,0
27088,242,0
27089,239,300
27090,224,2300
27091,242,0
27092,242,0
27093,2,150000
27094,230,1500
27095,242,0
27096,240,250
27097,53,45000
27098,242,0
27099,242,0
27100,0,186000
27101,2,150000
27102,240,200
27103,240,200
27104,229,1600
27105,0,450000
27106,239,300
27107,197,6000
27108,239,400
27109,240,250
27110,242,0
27111,241,100
27112,142,15800
27113,2,150000
27114,0,300000
27115,242,0
27116,191,7000
27117,241,150
27118,242,0
27119,235,800
27120,242,0
27121,16,80000
27122,242,0
27123,2,150000
27124,2,150000
27125,242,0
27126,239,400
27127,242,0
27128,242,0
27129,242,0
27130,241,150
27131,208,4400
27132,242,0
27133,185,7850
27134,242,0
27135,242,0
27136,242,0
27137,111,23100
27138,141,16000
27139,223,2400
27140,242,0
27141,32,60000
27142,242,0
27143,144,15300
27144,242,0
27145,240,250
27146,242,0
27147,242,0
27148,226,2000
27149,242,0
27150,242,0
27151,240,200
27152,242,0
27153,228,1700
27154,242,0
27155,233,1050
27156,107,24000
27157,221,2700
27158,240,200
27159,211,4000
27160,0,189000
27161,88,30000
27162,218,3100
27163,242,0
27164,242,0
27165,1,175000
27166,242,0
27167,235,900
27168,242,0
27169,239,300
27170,188,7500
27171,27,65000
27172,241,150
27173,241,100
27174,242,0
27175,0,500000
27176,242,0
27177,242,0
27178,226,2000
27179,197,6000
27180,219,3000
27181,242,0
27182,0,300000
27183,242,0
27184,242,0
27185,226,2000
27186,224,2300
27187,242,0
27188,197,6000
27189,141,16000
27190,229,1600
27191,242,0
27192,197,6000
27193,242,0
27194,242,0
27195,225,2200
27196,240,200
27197,241,100
27198,240,200
27199,240,200
27200,242,0
27201,187,7600
27202,231,1400
27203,242,0
27204,240,250
27205,242,0
27206,242,0
27207,211,4000
27208,239,300
27209,235,800
27210,242,0
27211,143,15500
27212,241,100
27213,74,35000
27214,0,500000
27215,242,0
27216,241,150
27217,242,0
27218,237,600
27219,172,10000
27220,242,0
27221,242,0
27222,112,22800
27223,242,0
27224,0,700000
27225,224,2300
27226,141,16000
27227,239,300
27228,242,0
27229,183,8250
27230,141,16000
27231,237,600
27232,242,0
27233,242,0
27234,242,0
27235,242,0
27236,229,1600
27237,241,100
27238,242,0
27239,239,350
27240,0,1500000
27241,45,50000
27242,242,0
27243,237,600
27244,242,0
27245,242,0
27246,242,0
27247,0,600000
27248,242,0
27249,242,0
27250,234,1000
27251,209,4350
27252,242,0
27253,241,100
27254,242,0
27255,239,300
27256,221,2700
27257,242,0
27258,235,800
27259,242,0
27260,237,600
27261,183,8300
27262,104,25000
27263,145,15200
27264,219,3000
27265,0,225000
27266,241,100
27267,239,400
27268,242,0
27269,242,0
27270,0,1500000
27271,107,24000
27272,233,1100
27273,219,3000
27274,0,200000
27275,239,400
27276,240,200
27277,82,32000
27278,239,400
27279,242,0
27280,2,150000
27281,0,301550
27282,235,900
27283,240,200
27284,16,80000
27285,242,0
27286,242,0
27287,102,25500
27288,113,22500
27289,88,30000
27290,242,0
27291,242,0
27292,241,150
27293,219,3000
27294,242,0
27295,240,250
27296,242,0
27297,241,100
27298,211,4000
27299,240,200
27300,239,300
27301,141,16000
27302,0,300000
27303,62,40000
27304,219,3000
27305,183,8300
27306,141,16000
27307,242,0
27308,2,150000
27309,211,4000
27310,236,750
27311,242,0
27312,2,150000
27313,241,100
27314,242,0
27315,16,79500
27316,238,500
27317,242,0
27318,242,0
27319,241,100
27320,1,175000
27321,242,0
27322,241,100
27323,242,0
27324,242,0
27325,242,0
27326,242,0
27327,242,0
27328,242,0
27329,242,0
27330,188,7500
27331,242,0
27332,226,2000
27333,239,300
27334,86,30400
27335,242,0
27336,242,0
27337,0,300000
27338,242,0
27339,11,90000
27340,219,3000
27341,241,100
27342,242,0
27343,242,0
27344,235,900
27345,228,1700
27346,191,7000
27347,241,100
27348,241,100
27349,204,5000
27350,242,0
27351,234,950
27352,241,100
27353,2,150000
27354,242,0
27355,242,0
27356,237,600
27357,23,70000
27358,237,600
27359,242,0
27360,242,0
27361,242,0
27362,197,6000
27363,235,800
27364,242,0
27365,242,0
27366,242,0
27367,242,0
27368,0,350000
27369,242,0
27370,62,40000
27371,239,300
27372,226,2000
27373,239,300
27374,240,200
27375,241,100
27376,0,350000
27377,242,0
27378,242,0
27379,238,500
27380,242,0
27381,238,500
27382,242,0
27383,241,100
27384,19,75000
27385,235,800
27386,0,2000000
27387,239,400
27388,242,0
27389,146,15000
27390,239,400
27391,0,300000
27392,239,400
27393,85,30900
27394,242,0
27395,242,0
27396,242,0
27397,242,0
27398,242,0
27399,241,100
27400,204,5000
27401,241,100
27402,204,5000
27403,232,1200
27404,197,6000
27405,239,300
27406,242,0
27407,232,1250
27408,242,0
27409,239,350
27410,240,200
27411,234,1000
27412,240,200
27413,0,300000
27414,41,52500
27415,4,122500
27416,188,7500
27417,2,150000
27418,242,0
27419,235,800
27420,113,22500
27421,239,300
27422,226,2000
27423,233,1100
27424,1,175000
27425,211,4000
27426,242,0
27427,229,1600
27428,185,8000
27429,242,0
27430,138,16600
27431,234,1000
27432,32,60000
27433,238,500
27434,240,200
27435,237,600
27436,242,0
27437,242,0
27438,240,250
27439,235,800
27440,242,0
27441,197,6000
27442,242,0
27443,241,100
27444,226,2000
27445,211,4000
27446,240,200
27447,236,700
27448,242,0
27449,241,100
27450,242,0
27451,242,0
27452,242,0
27453,223,2400
27454,242,0
27455,234,1000
27456,53,45000
27457,2,150000
27458,88,30000
27459,222,2500
27460,242,0
27461,240,200
27462,242,0
27463,2,150000
27464,241,150
27465,241,100
27466,242,0
27467,233,1050
27468,238,500
27469,242,0
27470,242,0
27471,239,300
27472,242,0
27473,235,800
27474,2,150000
27475,240,200
27476,242,0
27477,242,0
27478,239,300
27479,219,3000
27480,242,0
27481,235,800
27482,242,0
27483,141,16000
27484,228,1800
27485,242,0
27486,2,150000
27487,242,0
27488,242,0
27489,235,800
27490,226,2000
27491,240,250
27492,241,100
27493,241,100
27494,242,0
27495,2,150000
27496,204,5000
27497,242,0
27498,242,0
27499,242,0
27500,242,0
27501,238,450
27502,242,0
27503,227,1900
27504,242,0
27505,240,200
27506,239,400
27507,238,500
27508,2,150000
27509,211,4000
27510,239,300
27511,242,0
27512,242,0
27513,238,500
27514,186,7750
27515,242,0
27516,240,200
27517,0,300000
27518,242,0
27519,242,0
27520,235,900
27521,237,600
27522,242,0
27523,242,0
27524,242,0
27525,240,200
27526,242,0
27527,242,0
27528,242,0
27529,240,250
27530,236,750
27531,185,8000
27532,240,200
27533,242,0
27534,240,200
27535,234,1000
27536,238,500
27537,240,250
27538,242,0
27539,236,700
27540,242,0
27541,239,300
27542,242,0
27543,2,150000
27544,230,1500
27545,242,0
27546,241,150
27547,242,0
27548,242,0
27549,16,80100
27550,241,150
27551,0,450000
27552,242,0
27553,88,30000
27554,239,350
27555,141,16000
27556,211,4000
27557,62,40000
27558,242,0
27559,197,6000
27560,237,600
27561,2,150000
27562,242,0
27563,240,200
27564,232,1200
27565,219,3000
27566,242,0
27567,129,18500
27568,10,93000
27569,240,200
27570,141,16000
27571,232,1250
27572,241,150
27573,140,16200
27574,32,60000
27575,204,5000
27576,0,300000
27577,223,2400
27578,242,0
27579,235,800
27580,32,60000
27581,242,0
27582,242,0
27583,217,3150
27584,242,0
27585,204,5000
27586,188,7500
27587,242,0
27588,240,250
27589,240,200
27590,242,0
27591,239,300
27592,242,0
27593,237,600
27594,239,300
27595,239,400
27596,237,600
27597,242,0
27598,242,0
27599,242,0
27600,2,150000
27601,62,40000
27602,229,1600
27603,240,200
27604,16,80000
27605,242,0
27606,2,150000
27607,239,300
27608,2,150000
27609,204,5000
27610,197,6000
27611,242,0
27612,2,150000
27613,241,100
27614,0,300000
27615,242,0
27616,242,0
27617,211,4000
27618,242,0
27619,2,150000
27620,242,0
27621,242,0
27622,141,16000
27623,242,0
27624,236,700
27625,214,3600
27626,0,300000
27627,230,1500
27628,242,0
27629,242,0
27630,240,200
27631,237,600
27632,240,250
27633,241,100
27634,2,150000
27635,240,200
27636,211,4000
27637,107,24000
27638,242,0
27639,172,10000
27640,242,0
27641,238,500
27642,239,400
27643,234,1000
27644,234,950
27645,229,1600
27646,241,100
27647,48,48000
27648,239,300
27649,242,0
27650,238,500
27651,242,0
27652,242,0
27653,242,0
27654,242,0
27655,241,100
27656,145,15200
27657,2,150000
27658,242,0
27659,88,30000
27660,219,3000
27661,211,4000
27662,240,250
27663,241,100
27664,88,30000
27665,242,0
27666,172,10000
27667,232,1300
27668,2,150000
27669,236,700
27670,242,0
27671,142,15800
27672,27,65000
27673,236,700
27674,226,2000
27675,242,0
27676,227,1900
27677,223,2400
27678,242,0
27679,242,0
27680,238,450
27681,2,150000
27682,161,12000
27683,240,200
27684,241,100
27685,242,0
27686,238,500
27687,141,15900
27688,0,500000
27689,242,0
27690,2,150000
27691,145,15200
27692,113,22500
27693,0,750000
27694,235,800
27695,242,0
27696,240,200
27697,242,0
27698,0,350000
27699,236,700
27700,237,600
27701,240,200
27702,62,40000
27703,242,0
27704,242,0
27705,62,40000
27706,242,0
27707,241,100
27708,2,150000
27709,242,0
27710,183,8300
27711,239,300
27712,197,6000
27713,236,750
27714,242,0
27715,2,150000
27716,242,0
27717,234,1000
27718,241,100
27719,206,4800
27720,241,150
27721,238,450
27722,141,16000
27723,0,300000
27724,242,0
27725,242,0
27726,242,0
27727,241,100
27728,242,0
27729,186,7700
27730,242,0
27731,242,0
27732,240,200
27733,2,150000
27734,0,300000
27735,225,2150
27736,0,300000
27737,242,0
27738,242,0
27739,241,100
27740,185,8000
27741,232,1200
27742,232,1250
27743,19,75000
27744,241,100
27745,2,150000
27746,239,300
27747,239,300
27748,242,0
27749,224,2250
27750,240,200
27751,241,100
27752,228,1700
27753,188,7500
27754,239,400
27755,0,450000
27756,230,1500
27757,242,0
27758,239,300
27759,239,300
27760,219,3000
27761,222,2600
27762,236,750
27763,242,0
27764,242,0
27765,197,6000
27766,239,400
27767,239,300
27768,242,0
27769,0,900000
27770,233,1050
27771,242,0
27772,242,0
27773,242,0
27774,242,0
27775,112,22700
27776,192,6800
27777,240,250
27778,240,200
27779,226,2000
27780,242,0
27781,235,800
27782,242,0
27783,228,1800
27784,219,3000
27785,242,0
27786,241,150
27787,17,78000
27788,2,150000
27789,242,0
27790,242,0
27791,234,1000
27792,113,22600
27793,242,0
27794,242,0
27795,239,400
27796,241,100
27797,197,6000
27798,241,100
27799,242,0
27800,228,1800
27801,242,0
27802,242,0
27803,242,0
27804,191,7000
27805,238,500
27806,242,0
27807,242,0
27808,0,300000
27809,242,0
27810,237,600
27811,242,0
27812,242,0
27813,240,250
27814,242,0
27815,239,300
27816,242,0
27817,211,4000
27818,240,200
27819,2,150000
27820,238,500
27821,239,300
27822,93,28100
27823,238,500
27824,211,4000
27825,242,0
27826,242,0
27827,240,200
27828,240,200
27829,240,200
27830,242,0
27831,82,32000
27832,239,300
27833,242,0
27834,242,0
27835,123,20000
27836,188,7500
27837,238,500
27838,197,6000
27839,242,0
27840,2,150000
27841,197,6000
27842,242,0
27843,242,0
27844,241,150
27845,237,600
27846,21,72000
27847,217,3200
27848,242,0
27849,242,0
27850,0,600000
27851,242,0
27852,241,150
27853,242,0
27854,226,2000
27855,242,0
27856,242,0
27857,2,150000
27858,2,150000
27859,242,0
27860,226,2000
27861,242,0
27862,241,100
27863,240,200
27864,242,0
27865,242,0
27866,2,150000
27867,239,300
27868,241,150
27869,226,2000
27870,234,1000
27871,242,0
27872,241,150
27873,2,150000
27874,242,0
27875,141,16000
27876,242,0
27877,242,0
27878,242,0
27879,215,3550
27880,211,4000
27881,239,300
27882,242,0
27883,235,800
27884,211,4000
27885,242,0
27886,0,500000
27887,238,500
27888,241,150
27889,0,300000
27890,240,200
27891,2,150000
27892,242,0
27893,238,500
27894,242,0
27895,239,300
27896,242,0
27897,242,0
27898,240,250
27899,242,0
27900,224,2300
27901,188,7500
27902,242,0
27903,226,2000
27904,242,0
27905,0,200000
27906,240,200
27907,188,7500
27908,240,200
27909,240,200
27910,240,200
27911,204,5000
27912,241,100
27913,239,300
27914,241,100
27915,242,0
27916,0,300000
27917,239,400
27918,242,0
27919,242,0
27920,242,0
27921,242,0
27922,242,0
27923,226,2000
27924,239,300
27925,242,0
27926,242,0
27927,242,0
27928,242,0
27929,2,150000
27930,232,1200
27931,242,0
27932,239,300
27933,226,2000
27934,232,1300
27935,240,250
27936,228,1800
27937,242,0
27938,242,0
27939,241,100
27940,141,16000
27941,242,0
27942,242,0
27943,240,250
27944,242,0
27945,242,0
27946,211,4000
27947,240,200
27948,197,6000
27949,239,300
27950,238,500
27951,240,200
27952,239,300
27953,241,100
27954,241,100
27955,123,20000
27956,237,600
27957,240,200
27958,226,2000
27959,4,125000
27960,228,1800
27961,197,6000
27962,234,1000
27963,242,0
27964,123,20000
27965,242,0
27966,107,24000
27967,240,200
27968,242,0
27969,204,5000
27970,0,500000
27971,240,250
27972,188,7500
27973,242,0
27974,0,300000
27975,0,300000
27976,211,4000
27977,232,1200
27978,242,0
27979,242,0
27980,242,0
27981,242,0
27982,242,0
27983,240,200
27984,227,1900
27985,242,0
27986,242,0
27987,232,1250
27988,241,100
27989,241,100
27990,134,17400
27991,0,600000
27992,127,19000
27993,242,0
27994,237,600
27995,204,5000
27996,240,200
27997,226,2000
27998,41,52500
27999,238,500
28000,242,0
28001,242,0
28002,2,150000
28003,242,0
28004,241,100
28005,242,0
28006,242,0
28007,0,500000
28008,225,2100
28009,242,0
28010,242,0
28011,242,0
28012,8,100000
28013,113,22500
28014,235,900
28015,242,0
28016,242,0
28017,2,150000
28018,235,800
28019,242,0
28020,238,450
28021,242,0
28022,2,150000
28023,177,9200
28024,62,40000
28025,226,2000
28026,242,0
28027,242,0
28028,229,1600
28029,225,2100
28030,226,2000
28031,242,0
28032,242,0
28033,240,200
28034,235,900
28035,0,300000
28036,242,0
28037,240,200
28038,146,15000
28039,242,0
28040,242,0
28041,242,0
28042,242,0
28043,242,0
28044,226,2000
28045,242,0
28046,211,4000
28047,239,300
28048,242,0
28049,242,0
28050,242,0
28051,242,0
28052,241,150
28053,0,200000
28054,235,800
28055,242,0
28056,239,400
28057,213,3700
28058,0,300000
28059,242,0
28060,240,250
28061,204,5000
28062,234,1000
28063,171,10200
28064,242,0
28065,241,100
28066,242,0
28067,23,70000
28068,242,0
28069,217,3200
28070,242,0
28071,242,0
28072,237,550
28073,234,1000
28074,2,150000
28075,230,1500
28076,235,800
28077,219,3000
28078,242,0
28079,235,800
28080,242,0
28081,145,15100
28082,1,169500
28083,242,0
28084,237,600
28085,240,250
28086,242,0
28087,2,150000
28088,123,20000
28089,62,40000
28090,241,150
28091,225,2100
28092,242,0
28093,241,100
28094,217,3200
28095,241,100
28096,145,15200
28097,242,0
28098,211,4000
28099,0,500000
28100,237,600
28101,242,0
28102,242,0
28103,172,10000
28104,239,400
28105,239,300
28106,241,150
28107,2,150000
28108,123,20000
28109,235,900
28110,242,0
28111,242,0
28112,240,250
28113,241,100
28114,241,100
28115,229,1600
28116,242,0
28117,62,40000
28118,141,16000
28119,242,0
28120,41,52500
28121,82,32000
28122,240,200
28123,146,15000
28124,242,0
28125,241,150
28126,241,150
28127,62,40000
28128,239,400
28129,242,0
28130,237,600
28131,239,300
28132,241,100
28133,242,0
28134,240,250
28135,239,400
28136,242,0
28137,242,0
28138,242,0
28139,119,21000
28140,170,10500
28141,182,8400
28142,240,200
28143,242,0
28144,242,0
28145,242,0
28146,242,0
28147,242,0
28148,242,0
28149,188,7500
28150,237,600
28151,241,100
28152,241,100
28153,242,0
28154,239,300
28155,242,0
28156,238,450
28157,0,200000
28158,188,7500
28159,242,0
28160,242,0
28161,234,1000
28162,0,300000
28163,188,7500
28164,242,0
28165,234,1000
28166,242,0
28167,242,0
28168,141,16000
28169,228,1800
28170,242,0
28171,239,300
28172,233,1100
28173,242,0
28174,0,500000
28175,240,200
28176,242,0
28177,242,0
28178,173,9900
28179,242,0
28180,2,150000
28181,242,0
28182,241,100
28183,233,1100
28184,32,60000
28185,239,300
28186,242,0
28187,0,350000
28188,240,200
28189,211,4000
28190,185,8000
28191,0,500000
28192,239,350
28193,240,250
28194,242,0
28195,211,4000
28196,2,150000
28197,242,0
28198,187,7600
28199,239,400
28200,242,0
28201,229,1600
28202,242,0
28203,88,30000
28204,242,0
28205,237,550
28206,239,350
28207,242,0
28208,226,2000
28209,220,2800
28210,242,0
28211,239,300
28212,242,0
28213,240,200
28214,242,0
28215,242,0
28216,2,150000
28217,242,0
28218,186,7700
28219,239,300
28220,240,200
28221,239,300
28222,242,0
28223,242,0
28224,242,0
28225,241,100
28226,237,600
28227,146,15000
28228,242,0
28229,242,0
28230,242,0
28231,242,0
28232,242,0
28233,242,0
28234,2,150000
28235,242,0
28236,2,150000
28237,242,0
28238,229,1650
28239,211,4000
28240,240,200
28241,242,0
28242,240,250
28243,239,400
28244,242,0
28245,233,1050
28246,242,0
28247,242,0
28248,223,2400
28249,240,200
28250,241,150
28251,197,6000
28252,239,400
28253,242,0
28254,242,0
28255,211,4000
28256,242,0
28257,241,100
28258,228,1700
28259,223,2400
28260,242,0
28261,241,100
28262,232,1250
28263,237,600
28264,242,0
28265,242,0
28266,241,100
28267,232,1250
28268,242,0
28269,230,1500
28270,238,500
28271,211,4000
28272,241,150
28273,240,200
28274,80,32550
28275,242,0
28276,242,0
28277,241,100
28278,241,100
28279,141,16000
28280,188,7500
28281,242,0
28282,211,4000
28283,242,0
28284,232,1200
28285,0,600000
28286,242,0
28287,241,100
28288,239,300
28289,242,0
28290,242,0
28291,0,300000
28292,242,0
28293,188,7500
28294,240,200
28295,242,0
28296,240,200
28297,242,0
28298,242,0
28299,242,0
28300,242,0
28301,188,7500
28302,242,0
28303,2,150000
28304,242,0
28305,239,300
28306,227,1900
28307,237,550
28308,240,200
28309,242,0
28310,238,500
28311,242,0
28312,88,30000
28313,242,0
28314,242,0
28315,235,800
28316,242,0
28317,242,0
28318,242,0
28319,242,0
28320,242,0
28321,242,0
28322,240,250
28323,238,500
28324,242,0
28325,235,900
28326,242,0
28327,240,200
28328,62,40000
28329,0,200000
28330,0,700000
28331,235,800
28332,217,3200
28333,242,0
28334,242,0
28335,223,2400
28336,226,2000
28337,188,7500
28338,123,20000
28339,242,0
28340,0,350000
28341,242,0
28342,238,450
28343,0,300000
28344,123,20000
28345,238,500
28346,141,16000
28347,236,700
28348,242,0
28349,141,16000
28350,242,0
28351,206,4800
28352,208,4500
28353,141,16000
28354,242,0
28355,222,2500
28356,242,0
28357,241,100
28358,242,0
28359,234,1000
28360,2,150000
28361,239,400
28362,242,0
28363,229,1600
28364,240,200
28365,4,120000
28366,239,300
28367,2,150000
28368,241,150
28369,242,0
28370,237,600
28371,242,0
28372,237,600
28373,241,100
28374,241,100
28375,178,9100
28376,242,0
28377,233,1150
28378,0,300000
28379,2,150000
28380,242,0
28381,123,20000
28382,141,16000
28383,169,10600
28384,242,0
28385,230,1550
28386,123,20000
28387,242,0
28388,137,16800
28389,239,300
28390,241,100
28391,237,600
28392,241,100
28393,4,125000
28394,242,0
28395,2,150000
28396,242,0
28397,239,400
28398,238,500
28399,242,0
28400,235,900
28401,239,300
28402,241,150
28403,242,0
28404,221,2700
28405,242,0
28406,2,150000
28407,242,0
28408,219,3000
28409,188,7500
28410,242,0
28411,240,200
28412,239,300
28413,107,24000
28414,240,250
28415,239,400
28416,242,0
28417,2,150000
28418,242,0
28419,242,0
28420,113,22500
28421,242,0
28422,62,40000
28423,197,6000
28424,242,0
28425,235,800
28426,213,3750
28427,242,0
28428,242,0
28429,211,4000
28430,241,100
28431,2,150000
28432,242,0
28433,21,71950
28434,241,100
28435,62,40000
28436,0,300000
28437,242,0
28438,242,0
28439,242,0
28440,242,0
28441,240,200
28442,242,0
28443,242,0
28444,242,0
28445,242,0
28446,240,200
28447,177,9300
28448,226,2000
28449,229,1600
28450,0,200000
28451,241,100
28452,235,800
28453,239,300
28454,214,3600
28455,239,400
28456,4,125000
28457,229,1600
28458,242,0
28459,0,1600000
28460,211,4000
28461,242,0
28462,240,250
28463,239,300
28464,183,8300
28465,241,150
28466,242,0
28467,0,300000
28468,167,11000
28469,242,0
28470,242,0
28471,238,500
28472,211,4000
28473,0,200000
28474,242,0
28475,236,750
28476,242,0
28477,238,500
28478,241,150
28479,242,0
28480,219,3000
28481,2,150000
28482,234,1000
28483,226,2000
28484,242,0
28485,237,600
28486,219,3000
28487,119,21000
28488,2,150000
28489,219,3000
28490,241,100
28491,234,1000
28492,242,0
28493,222,2600
28494,242,0
28495,241,100
28496,235,800
28497,240,200
28498,242,0
28499,223,2400
28500,242,0
28501,211,4000
28502,226,2000
28503,242,0
28504,242,0
28505,242,0
28506,242,0
28507,242,0
28508,226,2000
28509,242,0
28510,235,900
28511,242,0
28512,242,0
28513,217,3200
28514,241,100
28515,239,300
28516,187,7600
28517,197,6000
28518,0,300000
28519,239,300
28520,242,0
28521,197,6000
28522,242,0
28523,229,1600
28524,144,15400
28525,240,200
28526,242,0
28527,242,0
28528,242,0
28529,242,0
28530,241,100
28531,0,300000
28532,188,7500
28533,211,4000
28534,107,24200
28535,242,0
28536,242,0
28537,242,0
28538,241,100
28539,236,750
28540,229,1600
28541,0,300000
28542,237,600
28543,242,0
28544,242,0
28545,234,1000
28546,242,0
28547,239,300
28548,2,150000
28549,0,500000
28550,2,150000
28551,242,0
28552,240,250
28553,235,800
28554,241,100
28555,241,150
28556,183,8300
28557,235,800
28558,226,2000
28559,242,0
28560,242,0
28561,242,0
28562,242,0
28563,219,3000
28564,241,100
28565,242,0
28566,239,400
28567,242,0
28568,242,0
28569,113,22500
28570,0,300000
28571,2,150000
28572,242,0
28573,242,0
28574,242,0
28575,237,600
28576,238,450
28577,242,0
28578,241,100
28579,235,800
28580,242,0
28581,240,200
28582,242,0
28583,242,0
28584,242,0
28585,242,0
28586,236,700
28587,242,0
28588,242,0
28589,226,2000
28590,238,500
28591,233,1100
28592,242,0
28593,230,1500
28594,232,1200
28595,242,0
28596,53,45000
28597,239,300
28598,197,6000
28599,241,100
28600,241,150
28601,241,100
28602,242,0
28603,242,0
28604,146,15000
28605,186,7700
28606,211,4000
28607,242,0
28608,208,4400
28609,242,0
28610,241,150
28611,242,0
28612,228,1800
28613,0,200000
28614,229,1600
28615,1,170000
28616,234,1000
28617,239,300
28618,239,300
28619,242,0
28620,229,1600
28621,241,100
28622,141,16000
28623,237,600
28624,242,0
28625,238,500
28626,242,0
28627,242,0
28628,242,0
28629,242,0
28630,242,0
28631,41,52500
28632,242,0
28633,161,12000
28634,235,900
28635,242,0
28636,239,300
28637,0,200000
28638,241,100
28639,242,0
28640,0,300000
28641,141,16000
28642,241,100
28643,235,800
28644,239,300
28645,242,0
28646,197,6000
28647,238,500
28648,219,3000
28649,242,0
28650,242,0
28651,239,300
28652,242,0
28653,2,150000
28654,242,0
28655,242,0
28656,141,16000
28657,235,900
28658,0,450000
28659,226,2000
28660,242,0
28661,0,500000
28662,240,200
28663,241,100
28664,235,800
28665,240,200
28666,242,0
28667,161,12000
28668,230,1500
28669,219,3000
28670,10,93000
28671,242,0
28672,242,0
28673,242,0
28674,242,0
28675,211,4000
28676,2,150000
28677,242,0
28678,237,600
28679,239,300
28680,239,400
28681,0,300000
28682,242,0
28683,19,75000
28684,181,8500
28685,240,200
28686,242,0
28687,241,150
28688,241,100
28689,235,800
28690,242,0
28691,227,1900
28692,242,0
28693,141,16000
28694,229,1600
28695,239,300
28696,242,0
28697,224,2250
28698,2,150000
28699,2,150000
28700,134,17500
28701,235,800
28702,242,0
28703,234,1000
28704,242,0
28705,242,0
28706,123,20000
28707,242,0
28708,242,0
28709,226,2000
28710,242,0
28711,216,3400
28712,2,150000
28713,242,0
28714,242,0
28715,242,0
28716,237,600
28717,242,0
28718,242,0
28719,230,1500
28720,242,0
28721,241,150
28722,242,0
28723,226,2000
28724,242,0
28725,204,5000
28726,240,200
28727,85,30800
28728,230,1500
28729,242,0
28730,2,150000
28731,242,0
28732,242,0
28733,242,0
28734,242,0
28735,242,0
28736,238,500
28737,178,9100
28738,242,0
28739,225,2200
28740,238,500
28741,94,27900
28742,235,900
28743,240,200
28744,235,900
28745,242,0
28746,230,1500
28747,188,7500
28748,241,100
28749,241,150
28750,237,600
28751,237,600
28752,242,0
28753,53,45000
28754,242,0
28755,234,1000
28756,242,0
28757,2,150000
28758,238,450
28759,233,1100
28760,145,15200
28761,239,400
28762,119,21000
28763,242,0
28764,0,300000
28765,2,150000
28766,242,0
28767,241,100
28768,104,25000
28769,0,350000
28770,242,0
28771,226,2000
28772,0,200000
28773,240,250
28774,242,0
28775,242,0
28776,2,150000
28777,204,5000
28778,242,0
28779,239,300
28780,141,16000
28781,242,0
28782,228,1700
28783,2,150000
28784,2,150000
28785,240,200
28786,242,0
28787,240,250
28788,242,0
28789,226,2000
28790,242,0
28791,234,1000
28792,223,2400
28793,242,0
28794,242,0
28795,242,0
28796,242,0
28797,186,7800
28798,228,1800
28799,240,200
28800,239,300
28801,240,250
28802,242,0
28803,242,0
28804,242,0
28805,235,800
28806,242,0
28807,82,32000
28808,240,200
28809,242,0
28810,242,0
28811,2,150000
28812,240,200
28813,242,0
28814,242,0
28815,239,400
28816,242,0
28817,123,20000
28818,2,150000
28819,242,0
28820,242,0
28821,197,6000
28822,172,10000
28823,242,0
28824,242,0
28825,231,1400
28826,242,0
28827,211,4000
28828,238,450
28829,232,1200
28830,240,200
28831,188,7500
28832,242,0
28833,142,15800
28834,239,350
28835,242,0
28836,229,1600
28837,235,900
28838,233,1150
28839,242,0
28840,242,0
28841,242,0
28842,236,750
28843,107,24000
28844,242,0
28845,214,3600
28846,242,0
28847,242,0
28848,241,100
28849,0,500000
28850,241,100
28851,242,0
28852,234,1000
28853,242,0
28854,2,150000
28855,242,0
28856,2,150000
28857,242,0
28858,239,350
28859,240,250
28860,1,160000
28861,242,0
28862,185,8000
28863,226,2000
28864,0,300000
28865,239,300
28866,234,1000
28867,2,150000
28868,242,0
28869,161,12000
28870,242,0
28871,208,4500
28872,242,0
28873,188,7500
28874,223,2400
28875,241,100
28876,242,0
28877,0,700000
28878,240,200
28879,241,100
28880,226,1950
28881,242,0
28882,0,500000
28883,240,200
28884,242,0
28885,242,0
28886,240,200
28887,242,0
28888,242,0
28889,242,0
28890,238,500
28891,239,400
28892,240,200
28893,62,40000
28894,242,0
28895,241,150
28896,68,37500
28897,242,0
28898,242,0
28899,241,100
28900,0,200000
28901,241,150
28902,242,0
28903,242,0
28904,204,5000
28905,242,0
28906,242,0
28907,242,0
28908,242,0
28909,242,0
28910,239,400
28911,234,1000
28912,62,40000
28913,241,100
28914,242,0
28915,242,0
28916,235,900
28917,242,0
28918,197,6000
28919,235,800
28920,242,0
28921,232,1300
28922,242,0
28923,241,100
28924,242,0
28925,242,0
28926,242,0
28927,240,200
28928,83,31600
28929,2,150000
28930,226,2000
28931,241,100
28932,2,150000
28933,141,16000
28934,242,0
28935,233,1050
28936,219,3000
28937,239,300
28938,141,16000
28939,183,8300
28940,240,250
28941,242,0
28942,235,800
28943,0,200000
28944,242,0
28945,242,0
28946,235,800
28947,241,150
28948,242,0
28949,242,0
28950,88,30000
28951,228,1800
28952,211,4000
28953,242,0
28954,240,200
28955,241,150
28956,242,0
28957,226,2000
28958,48,48000
28959,242,0
28960,222,2600
28961,241,100
28962,242,0
28963,141,16000
28964,240,250
28965,242,0
28966,226,2000
28967,242,0
28968,242,0
28969,238,500
28970,235,800
28971,242,0
28972,242,0
28973,240,200
28974,242,0
28975,240,200
28976,242,0
28977,239,300
28978,144,15300
28979,227,1900
28980,238,500
28981,141,16000
28982,2,150000
28983,242,0
28984,242,0
28985,226,2000
28986,236,750
28987,242,0
28988,240,200
28989,226,2000
28990,242,0
28991,134,17400
28992,241,100
28993,241,100
28994,229,1600
28995,242,0
28996,242,0
28997,16,80000
28998,242,0
28999,240,250
29000,242,0
29001,32,60000
29002,241,100
29003,240,250
29004,242,0
29005,238,500
29006,239,300
29007,0,600000
29008,239,300
29009,239,300
29010,242,0
29011,242,0
29012,197,6000
29013,226,2000
29014,240,200
29015,242,0
29016,242,0
29017,185,8000
29018,240,200
29019,239,400
29020,242,0
29021,242,0
29022,2,150000
29023,242,0
29024,242,0
29025,240,250
29026,242,0
29027,2,150000
29028,240,200
29029,222,2500
29030,2,150000
29031,239,300
29032,242,0
29033,242,0
29034,242,0
29035,242,0
29036,242,0
29037,222,2600
29038,242,0
29039,242,0
29040,232,1200
29041,242,0
29042,241,100
29043,239,300
29044,240,200
29045,0,500000
29046,235,800
29047,240,200
29048,237,600
29049,239,300
29050,241,100
29051,242,0
29052,242,0
29053,2,150000
29054,242,0
29055,242,0
29056,242,0
29057,240,250
29058,242,0
29059,242,0
29060,242,0
29061,7,105000
29062,242,0
29063,242,0
29064,240,200
29065,1,160000
29066,242,0
29067,226,2000
29068,242,0
29069,107,24000
29070,0,300000
29071,0,300000
29072,242,0
29073,225,2150
29074,113,22500
29075,191,7000
29076,242,0
29077,234,1000
29078,241,100
29079,62,40000
29080,236,750
29081,187,7600
29082,238,500
29083,211,4000
29084,123,20000
29085,242,0
29086,240,200
29087,240,200
29088,242,0
29089,242,0
29090,240,200
29091,242,0
29092,229,1600
29093,217,3200
29094,242,0
29095,235,800
29096,215,3500
29097,172,10000
29098,241,100
29099,107,24000
29100,183,8300
29101,223,2400
29102,188,7500
29103,223,2400
29104,146,15000
29105,242,0
29106,242,0
29107,186,7800
29108,242,0
29109,242,0
29110,238,500
29111,241,100
29112,217,3200
29113,242,0
29114,241,100
29115,62,40000
29116,185,8000
29117,235,900
29118,229,1600
29119,239,400
29120,0,200000
29121,0,300000
29122,197,6000
29123,242,0
29124,241,150
29125,240,200
29126,242,0
29127,242,0
29128,242,0
29129,241,100
29130,226,2000
29131,235,900
29132,178,9000
29133,2,150000
29134,232,1200
29135,242,0
29136,242,0
29137,187,7600
29138,240,250
29139,242,0
29140,240,200
29141,0,300000
29142,242,0
29143,0,300000
29144,241,150
29145,0,450000
29146,241,100
29147,242,0
29148,242,0
29149,242,0
29150,240,250
29151,239,300
29152,204,5000
29153,239,400
29154,234,950
29155,242,0
29156,2,150000
29157,2,150000
29158,240,200
29159,242,0
29160,242,0
29161,242,0
29162,2,150000
29163,241,100
29164,2,150000
29165,228,1800
29166,229,1600
29167,242,0
29168,211,4000
29169,229,1600
29170,219,3000
29171,242,0
29172,2,150000
29173,242,0
29174,241,150
29175,19,75000
29176,242,0
29177,239,300
29178,239,300
29179,211,4000
29180,238,450
29181,113,22500
29182,242,0
29183,197,6000
29184,242,0
29185,241,150
29186,211,4000
29187,2,150000
29188,242,0
29189,52,45600
29190,226,2000
29191,241,100
29192,242,0
29193,2,150000
29194,238,500
29195,2,150000
29196,229,1600
29197,2,150000
29198,229,1600
29199,229,1600
29200,238,500
29201,241,100
29202,2,150000
29203,237,600
29204,239,300
29205,88,30000
29206,2,150000
29207,235,900
29208,241,100
29209,204,5000
29210,242,0
29211,242,0
29212,241,150
29213,242,0
29214,242,0
29215,242,0
29216,237,550
29217,2,150000
29218,5,112500
29219,242,0
29220,141,16000
29221,239,300
29222,237,600
29223,242,0
29224,242,0
29225,240,200
29226,242,0
29227,90,29300
29228,239,300
29229,242,0
29230,186,7800
29231,2,150000
29232,237,600
29233,242,0
29234,239,300
29235,240,250
29236,242,0
29237,141,16000
29238,242,0
29239,62,40000
29240,2,150000
29241,241,100
29242,62,40000
29243,2,150000
29244,235,800
29245,242,0
29246,242,0
29247,239,300
29248,241,100
29249,144,15400
29250,242,0
29251,239,400
29252,0,300000
29253,213,3800
29254,219,3000
29255,211,4000
29256,242,0
29257,242,0
29258,107,24200
29259,240,200
29260,242,0
29261,242,0
29262,172,10000
29263,240,200
29264,234,1000
29265,161,12000
29266,217,3250
29267,239,300
29268,2,150000
29269,0,187500
29270,242,0
29271,145,15200
29272,242,0
29273,182,8400
29274,242,0
29275,242,0
29276,242,0
29277,240,200
29278,241,100
29279,233,1050
29280,242,0
29281,238,500
29282,235,800
29283,239,400
29284,2,150000
29285,187,7600
29286,242,0
29287,241,100
29288,242,0
29289,226,2000
29290,235,800
29291,242,0
29292,241,100
29293,241,150
29294,193,6600
29295,242,0
29296,204,5000
29297,239,300
29298,242,0
29299,141,16000
29300,211,4000
29301,242,0
29302,2,150000
29303,228,1700
29304,235,900
29305,45,50000
29306,239,300
29307,141,16000
29308,242,0
29309,197,6000
29310,242,0
29311,107,24000
29312,231,1350
29313,238,450
29314,242,0
29315,242,0
29316,242,0
29317,239,400
29318,45,50000
29319,238,500
29320,0,200000
29321,242,0
29322,239,300
29323,219,3000
29324,242,0
29325,2,150000
29326,240,250
29327,242,0
29328,242,0
29329,226,2000
29330,242,0
29331,242,0
29332,242,0
29333,214,3600
29334,242,0
29335,242,0
29336,0,200000
29337,88,30000
29338,242,0
29339,242,0
29340,242,0
29341,240,250
29342,242,0
29343,219,3000
29344,239,300
29345,240,200
29346,239,300
29347,240,200
29348,123,20000
29349,242,0
29350,171,10200
29351,228,1800
29352,242,0
29353,0,300000
29354,242,0
29355,239,300
29356,183,8300
29357,242,0
29358,241,100
29359,242,0
29360,242,0
29361,242,0
29362,242,0
29363,240,200
29364,230,1500
29365,216,3300
29366,229,1600
29367,242,0
29368,242,0
29369,41,52500
29370,242,0
29371,188,7500
29372,242,0
29373,239,300
29374,240,200
29375,242,0
29376,226,2000
29377,238,500
29378,237,600
29379,242,0
29380,226,2000
29381,241,100
29382,242,0
29383,239,400
29384,242,0
29385,242,0
29386,68,37500
29387,197,6000
29388,107,24000
29389,231,1400
29390,235,800
29391,242,0
29392,222,2500
29393,235,800
29394,240,200
29395,239,400
29396,230,1500
29397,123,20000
29398,88,30000
29399,235,800
29400,242,0
29401,235,800
29402,239,400
29403,242,0
29404,242,0
29405,88,30000
29406,219,3000
29407,235,900
29408,241,150
29409,242,0
29410,219,3000
29411,242,0
29412,240,250
29413,141,16000
29414,211,4000
29415,241,100
29416,242,0
29417,242,0
29418,146,15000
29419,241,100
29420,242,0
29421,242,0
29422,234,1000
29423,242,0
29424,240,250
29425,232,1250
29426,242,0
29427,242,0
29428,242,0
29429,242,0
29430,226,2000
29431,239,300
29432,242,0
29433,161,12000
29434,238,500
29435,226,2000
29436,134,17500
29437,242,0
29438,240,200
29439,242,0
29440,234,1000
29441,0,200000
29442,242,0
29443,45,49500
29444,238,500
29445,241,100
29446,242,0
29447,103,25300
29448,234,950
29449,238,500
29450,197,6000
29451,238,500
29452,236,750
29453,239,400
29454,242,0
29455,141,16000
29456,242,0
29457,239,300
29458,211,4000
29459,234,1000
29460,242,0
29461,242,0
29462,133,17650
29463,242,0
29464,242,0
29465,242,0
29466,239,300
29467,219,3000
29468,242,0
29469,32,60000
29470,241,100
29471,237,600
29472,141,16000
29473,235,800
29474,2,150000
29475,232,1200
29476,242,0
29477,242,0
29478,242,0
29479,242,0
29480,239,300
29481,74,35000
29482,242,0
29483,188,7500
29484,242,0
29485,241,150
29486,242,0
29487,242,0
29488,240,200
29489,236,700
29490,237,550
29491,219,3000
29492,62,40000
29493,241,100
29494,235,800
29495,242,0
29496,242,0
29497,62,40000
29498,242,0
29499,240,200
29500,0,2000000
29501,240,200
29502,82,32000
29503,204,5000
29504,4,125000
29505,0,500000
29506,242,0
29507,242,0
29508,242,0
29509,197,6000
29510,240,250
29511,242,0
29512,242,0
29513,242,0
29514,240,250
29515,242,0
29516,180,8700
29517,185,8000
29518,186,7700
29519,113,22500
29520,242,0
29521,197,6000
29522,204,5000
29523,242,0
29524,104,25000
29525,240,250
29526,219,3000
29527,242,0
29528,238,450
29529,241,100
29530,242,0
29531,242,0
29532,226,2000
29533,2,150000
29534,242,0
29535,241,150
29536,242,0
29537,197,6000
29538,130,18250
29539,242,0
29540,242,0
29541,237,600
29542,237,600
29543,134,17400
29544,242,0
29545,242,0
29546,240,200
29547,123,20000
29548,183,8300
29549,242,0
29550,242,0
29551,2,150000
29552,238,500
29553,239,300
29554,0,350000
29555,242,0
29556,242,0
29557,240,200
29558,239,300
29559,239,400
29560,242,0
29561,237,600
29562,240,200
29563,242,0
29564,242,0
29565,242,0
29566,0,200000
29567,2,150000
29568,242,0
29569,239,300
29570,242,0
29571,242,0
29572,239,300
29573,236,700
29574,242,0
29575,173,9900
29576,242,0
29577,242,0
29578,242,0
29579,242,0
29580,4,125000
29581,225,2200
29582,242,0
29583,240,200
29584,242,0
29585,242,0
29586,212,3900
29587,242,0
29588,67,38000
29589,242,0
29590,0,350000
29591,233,1150
29592,239,300
29593,235,800
29594,242,0
29595,230,1500
29596,242,0
29597,0,400000
29598,241,100
29599,242,0
29600,234,1000
29601,242,0
29602,242,0
29603,146,15000
29604,223,2400
29605,242,0
29606,204,5000
29607,242,0
29608,2,150000
29609,211,4000
29610,238,500
29611,226,2000
29612,211,4000
29613,242,0
29614,235,900
29615,242,0
29616,242,0
29617,239,300
29618,242,0
29619,242,0
29620,242,0
29621,229,1600
29622,82,32000
29623,242,0
29624,238,450
29625,62,40000
29626,237,650
29627,242,0
29628,238,500
29629,88,30000
29630,241,100
29631,62,40000
29632,242,0
29633,0,500000
29634,211,4000
29635,240,200
29636,234,1000
29637,232,1200
29638,232,1200
29639,242,0
29640,240,200
29641,242,0
29642,241,100
29643,183,8300
29644,238,500
29645,113,22500
29646,239,400
29647,242,0
29648,242,0
29649,2,150000
29650,237,650
29651,2,150000
29652,235,800
29653,240,200
29654,240,200
29655,86,30700
29656,242,0
29657,242,0
29658,235,900
29659,226,2000
29660,241,100
29661,234,1000
29662,241,100
29663,242,0
29664,226,2000
29665,242,0
29666,242,0
29667,225,2100
29668,241,100
29669,62,40000
29670,242,0
29671,0,450000
29672,206,4800
29673,204,5000
29674,0,350000
29675,240,250
29676,242,0
29677,242,0
29678,223,2400
29679,242,0
29680,242,0
29681,178,9100
29682,242,0
29683,0,250000
29684,215,3500
29685,242,0
29686,242,0
29687,151,14000
29688,242,0
29689,239,300
29690,178,9100
29691,242,0
29692,238,500
29693,242,0
29694,240,200
29695,226,2000
29696,242,0
29697,240,200
29698,235,800
29699,242,0
29700,241,100
29701,235,800
29702,68,37500
29703,240,200
29704,242,0
29705,241,100
29706,241,150
29707,242,0
29708,107,24100
29709,236,750
29710,242,0
29711,232,1200
29712,229,1600
29713,197,6000
29714,235,900
29715,226,2000
29716,242,0
29717,88,30000
29718,241,100
29719,239,300
29720,0,300000
29721,242,0
29722,242,0
29723,242,0
29724,242,0
29725,242,0
29726,242,0
29727,242,0
29728,242,0
29729,242,0
29730,237,600
29731,197,6000
29732,48,48000
29733,107,24000
29734,0,300000
29735,242,0
29736,235,900
29737,242,0
29738,166,11150
29739,242,0
29740,237,550
29741,242,0
29742,225,2200
29743,242,0
29744,242,0
29745,241,150
29746,206,4800
29747,242,0
29748,242,0
29749,242,0
29750,242,0
29751,2,150000
29752,181,8550
29753,220,2800
29754,239,400
29755,240,200
29756,161,12000
29757,172,10000
29758,223,2400
29759,104,24900
29760,183,8300
29761,216,3300
29762,242,0
29763,0,350000
29764,0,500000
29765,235,800
29766,242,0
29767,236,750
29768,242,0
29769,242,0
29770,211,4000
29771,107,24000
29772,237,600
29773,242,0
29774,240,200
29775,242,0
29776,241,150
29777,222,2500
29778,68,37500
29779,188,7500
29780,211,4000
29781,232,1200
29782,234,1000
29783,240,250
29784,230,1500
29785,2,150000
29786,242,0
29787,242,0
29788,211,4000
29789,241,150
29790,242,0
29791,241,100
29792,242,0
29793,241,100
29794,223,2400
29795,2,150000
29796,242,0
29797,62,40000
29798,197,6000
29799,240,200
29800,45,50000
29801,238,500
29802,239,350
29803,32,60000
29804,242,0
29805,242,0
29806,74,35000
29807,242,0
29808,188,7500
29809,183,8300
29810,232,1200
29811,226,2000
29812,226,2000
29813,239,350
29814,242,0
29815,239,300
29816,237,600
29817,242,0
29818,88,30000
29819,240,250
29820,240,200
29821,211,4000
29822,242,0
29823,180,8750
29824,234,1000
29825,226,2000
29826,242,0
29827,242,0
29828,242,0
29829,241,150
29830,242,0
29831,242,0
29832,242,0
29833,239,400
29834,226,2000
29835,242,0
29836,242,0
29837,228,1800
29838,88,30000
29839,242,0
29840,219,3000
29841,2,150000
29842,242,0
29843,242,0
29844,242,0
29845,235,900
29846,228,1700
29847,172,10000
29848,242,0
29849,0,200000
29850,239,400
29851,240,200
29852,241,150
29853,2,150000
29854,27,65000
29855,237,550
29856,239,300
29857,141,16000
29858,242,0
29859,123,20000
29860,136,17000
29861,226,2000
29862,242,0
29863,0,500000
29864,2,150000
29865,242,0
29866,145,15200
29867,242,0
29868,2,150000
29869,222,2600
29870,242,0
29871,237,600
29872,178,9100
29873,216,3300
29874,88,30000
29875,242,0
29876,62,40000
29877,242,0
29878,240,250
29879,242,0
29880,204,5000
29881,242,0
29882,235,800
29883,223,2400
29884,112,22800
29885,197,6000
29886,239,300
29887,123,20000
29888,217,3200
29889,145,15100
29890,229,1600
29891,242,0
29892,242,0
29893,241,100
29894,239,300
29895,235,900
29896,242,0
29897,239,300
29898,80,32550
29899,239,400
29900,232,1250
29901,242,0
29902,242,0
29903,242,0
29904,242,0
29905,240,250
29906,2,150000
29907,242,0
29908,226,2000
29909,221,2700
29910,219,3000
29911,226,2000
29912,141,16000
29913,242,0
29914,242,0
29915,107,24000
29916,241,100
29917,242,0
29918,223,2400
29919,242,0
29920,242,0
29921,242,0
29922,241,100
29923,107,24000
29924,141,16000
29925,242,0
29926,242,0
29927,0,450000
29928,182,8400
29929,236,750
29930,226,2000
29931,215,3450
29932,240,250
29933,216,3400
29934,235,800
29935,239,300
29936,236,700
29937,238,450
29938,214,3600
29939,204,5000
29940,242,0
29941,242,0
29942,242,0
29943,241,100
29944,197,6000
29945,241,100
29946,175,9600
29947,242,0
29948,188,7500
29949,211,4000
29950,241,100
29951,0,200000
29952,239,300
29953,132,18000
29954,242,0
29955,230,1500
29956,211,4000
29957,242,0
29958,241,150
29959,187,7600
29960,217,3200
29961,242,0
29962,2,150000
29963,238,450
29964,242,0
29965,235,800
29966,237,600
29967,242,0
29968,240,200
29969,211,4000
29970,226,2000
29971,242,0
29972,242,0
29973,2,150000
29974,241,100
29975,0,500000
29976,242,0
29977,0,300000
29978,242,0
29979,240,250
29980,242,0
29981,204,5000
29982,226,2000
29983,242,0
29984,242,0
29985,242,0
29986,242,0
29987,237,600
29988,239,300
29989,82,32000
29990,242,0
29991,214,3600
29992,240,200
29993,2,150000
29994,0,200000
29995,242,0
29996,236,750
29997,242,0
29998,229,1600
29999,242,0
30000,107,24000
30001,211,4000
30002,242,0
30003,237,600
30004,242,0
30005,0,2000000
30006,242,0
30007,82,32000
30008,172,10000
30009,226,2000
30010,0,300000
30011,242,0
30012,236,750
30013,168,10700
30014,241,100
30015,242,0
30016,0,350000
30017,239,400
30018,242,0
30019,241,150
30020,185,7850
30021,242,0
30022,239,400
30023,0,2000000
30024,237,600
30025,107,24000
30026,242,0
30027,2,150000
30028,185,8000
30029,2,150000
30030,180,8700
30031,235,900
30032,141,16000
30033,2,150000
30034,237,550
30035,242,0
30036,242,0
30037,242,0
30038,240,200
30039,242,0
30040,242,0
30041,0,320000
30042,2,150000
30043,241,100
30044,219,3000
30045,45,49800
30046,239,300
30047,230,1450
30048,242,0
30049,242,0
30050,242,0
30051,23,70000
30052,242,0
30053,0,495000
30054,242,0
30055,240,200
30056,242,0
30057,242,0
30058,225,2100
30059,241,100
30060,242,0
30061,0,300000
30062,239,400
30063,241,150
30064,236,750
30065,240,250
30066,240,200
30067,2,150000
30068,88,30000
30069,228,1800
30070,242,0
30071,88,30000
30072,242,0
30073,2,150000
30074,242,0
30075,234,1000
30076,240,200
30077,242,0
30078,242,0
30079,241,100
30080,0,300000
30081,242,0
30082,107,24000
30083,2,150000
30084,141,16000
30085,241,100
30086,240,200
30087,242,0
30088,178,9100
30089,197,6000
30090,241,100
30091,239,300
30092,239,350
30093,239,300
30094,185,8000
30095,238,500
30096,242,0
30097,241,100
30098,237,600
30099,242,0
30100,242,0
30101,107,24100
30102,242,0
30103,241,100
30104,242,0
30105,242,0
30106,226,2000
30107,237,550
30108,219,3000
30109,166,11100
30110,226,2000
30111,197,6000
30112,235,800
30113,242,0
30114,241,100
30115,209,4300
30116,241,150
30117,242,0
30118,240,200
30119,241,100
30120,211,4000
30121,240,200
30122,241,100
30123,242,0
30124,242,0
30125,242,0
30126,238,500
30127,241,100
30128,241,100
30129,241,150
30130,41,52500
30131,242,0
30132,242,0
30133,237,600
30134,180,8800
30135,211,4000
30136,2,150000
30137,242,0
30138,242,0
30139,242,0
30140,242,0
30141,242,0
30142,239,400
30143,240,200
30144,242,0
30145,239,300
30146,242,0
30147,0,500000
30148,228,1750
30149,241,100
30150,226,2000
30151,197,6000
30152,0,300000
30153,228,1800
30154,230,1500
30155,242,0
30156,240,200
30157,242,0
30158,242,0
30159,2,150000
30160,0,1600000
30161,240,250
30162,239,350
30163,237,600
30164,239,400
30165,242,0
30166,2,150000
30167,242,0
30168,239,300
30169,2,150000
30170,211,4000
30171,239,300
30172,242,0
30173,241,100
30174,242,0
30175,239,300
30176,239,300
30177,242,0
30178,242,0
30179,242,0
30180,113,22500
30181,240,200
30182,242,0
30183,242,0
30184,242,0
30185,242,0
30186,242,0
30187,242,0
30188,239,400
30189,239,300
30190,242,0
30191,239,300
30192,242,0
30193,235,900
30194,216,3400
30195,241,100
30196,239,300
30197,0,300000
30198,19,75000
30199,211,4000
30200,242,0
30201,236,700
30202,241,100
30203,238,500
30204,242,0
30205,240,250
30206,79,33000
30207,242,0
30208,188,7500
30209,242,0
30210,240,250
30211,8,99000
30212,242,0
30213,238,500
30214,233,1100
30215,242,0
30216,242,0
30217,123,20000
30218,239,400
30219,238,500
30220,1,175000
30221,188,7500
30222,242,0
30223,192,6800
30224,242,0
30225,242,0
30226,230,1500
30227,242,0
30228,242,0
30229,239,300
30230,204,5000
30231,241,100
30232,242,0
30233,235,900
30234,237,600
30235,242,0
30236,239,300
30237,241,100
30238,2,150000
30239,239,400
30240,242,0
30241,86,30400
30242,242,0
30243,237,600
30244,242,0
30245,141,16000
30246,197,6000
30247,237,600
30248,242,0
30249,235,800
30250,239,300
30251,2,150000
30252,132,17800
30253,242,0
30254,226,2000
30255,242,0
30256,239,400
30257,145,15200
30258,2,150000
30259,2,150000
30260,242,0
30261,228,1700
30262,226,2000
30263,242,0
30264,230,1500
30265,242,0
30266,242,0
30267,242,0
30268,237,600
30269,241,100
30270,0,1500000
30271,242,0
30272,197,6000
30273,211,4000
30274,185,8000
30275,226,2000
30276,0,450000
30277,241,150
30278,226,2000
30279,2,150000
30280,242,0
30281,242,0
30282,240,200
30283,242,0
30284,2,150000
30285,235,800
30286,242,0
30287,242,0
30288,21,71950
30289,197,6000
30290,242,0
30291,242,0
30292,242,0
30293,241,100
30294,242,0
30295,146,15000
30296,236,750
30297,235,800
30298,239,400
30299,242,0
30300,242,0
30301,242,0
30302,241,100
30303,141,16000
30304,234,1000
30305,241,100
30306,242,0
30307,2,150000
30308,240,200
30309,0,500000
30310,239,400
30311,242,0
30312,1,178900
30313,183,8300
30314,45,49500
30315,0,300000
30316,242,0
30317,230,1500
30318,242,0
30319,242,0
30320,242,0
30321,152,13750
30322,146,15000
30323,240,200
30324,127,19000
30325,242,0
30326,240,200
30327,242,0
30328,242,0
30329,242,0
30330,242,0
30331,0,1500000
30332,204,5000
30333,242,0
30334,242,0
30335,242,0
30336,48,48000
30337,242,0
30338,242,0
30339,242,0
30340,242,0
30341,2,150000
30342,2,150000
30343,242,0
30344,242,0
30345,226,2000
30346,242,0
30347,211,4000
30348,242,0
30349,239,300
30350,235,800
30351,242,0
30352,2,150000
30353,242,0
30354,242,0
30355,242,0
30356,229,1600
30357,146,15000
30358,239,300
30359,235,800
30360,242,0
30361,2,150000
30362,242,0
30363,183,8300
30364,237,600
30365,242,0
30366,240,250
30367,123,20000
30368,2,150000
30369,242,0
30370,242,0
30371,239,300
30372,239,350
30373,240,250
30374,211,4000
30375,0,1000000
30376,241,100
30377,242,0
30378,242,0
30379,238,500
30380,242,0
30381,241,150
30382,242,0
30383,241,100
30384,234,1000
30385,242,0
30386,241,150
30387,242,0
30388,242,0
30389,233,1150
30390,242,0
30391,242,0
30392,68,37500
30393,239,300
30394,235,800
30395,0,400000
30396,240,200
30397,230,1500
30398,242,0
30399,242,0
30400,0,300000
30401,239,400
30402,0,300000
30403,185,8000
30404,242,0
30405,211,4000
30406,47,48400
30407,228,1800
30408,172,10000
30409,133,17750
30410,242,0
30411,240,200
30412,242,0
30413,141,16000
30414,242,0
30415,240,250
30416,219,3000
30417,123,20000
30418,242,0
30419,242,0
30420,170,10500
30421,241,100
30422,242,0
30423,241,150
30424,238,500
30425,240,200
30426,242,0
30427,240,200
30428,242,0
30429,183,8300
30430,242,0
30431,242,0
30432,242,0
30433,241,100
30434,242,0
30435,236,750
30436,235,900
30437,242,0
30438,141,16000
30439,242,0
30440,240,250
30441,242,0
30442,242,0
30443,242,0
30444,242,0
30445,242,0
30446,229,1600
30447,219,3000
30448,187,7600
30449,242,0
30450,48,48000
30451,226,2000
30452,2,150000
30453,134,17500
30454,242,0
30455,146,15000
30456,242,0
30457,145,15100
30458,242,0
30459,235,900
30460,242,0
30461,242,0
30462,242,0
30463,229,1600
30464,236,750
30465,226,2000
30466,234,1000
30467,188,7500
30468,151,14000
30469,241,100
30470,229,1600
30471,241,100
30472,223,2400
30473,242,0
30474,2,150000
30475,230,1500
30476,237,600
30477,170,10500
30478,240,250
30479,242,0
30480,242,0
30481,239,300
30482,226,2000
30483,240,250
30484,2,150000
30485,0,300000
30486,242,0
30487,239,300
30488,242,0
30489,242,0
30490,242,0
30491,242,0
30492,242,0
30493,123,20000
30494,239,300
30495,242,0
30496,197,6000
30497,187,7600
30498,219,3000
30499,234,1000
30500,234,1000
30501,2,150000
30502,2,150000
30503,237,600
30504,241,100
30505,204,5000
30506,240,200
30507,242,0
30508,241,100
30509,242,0
30510,242,0
30511,219,3000
30512,242,0
30513,197,6000
30514,240,200
30515,2,150000
30516,242,0
30517,242,0
30518,242,0
30519,242,0
30520,239,300
30521,239,300
30522,242,0
30523,242,0
30524,242,0
30525,242,0
30526,240,200
30527,2,150000
30528,242,0
30529,242,0
30530,0,300000
30531,242,0
30532,240,200
30533,242,0
30534,0,300000
30535,239,300
30536,239,400
30537,16,80100
30538,235,800
30539,238,500
30540,0,500000
30541,241,150
30542,242,0
30543,242,0
30544,123,20000
30545,186,7800
30546,242,0
30547,242,0
30548,188,7500
30549,206,4800
30550,240,200
30551,242,0
30552,242,0
30553,242,0
30554,242,0
30555,232,1200
30556,242,0
30557,235,800
30558,242,0
30559,241,100
30560,234,1000
30561,242,0
30562,237,550
30563,242,0
30564,234,1000
30565,2,150000
30566,238,450
30567,6,107600
30568,242,0
30569,242,0
30570,219,3000
30571,2,150000
30572,242,0
30573,68,37500
30574,242,0
30575,241,150
30576,242,0
30577,239,300
30578,242,0
30579,242,0
30580,242,0
30581,1,175000
30582,199,5750
30583,242,0
30584,239,400
30585,2,150000
30586,226,2000
30587,242,0
30588,242,0
30589,235,800
30590,2,150000
30591,141,16000
30592,239,300
30593,219,3000
30594,2,150000
30595,2,150000
30596,242,0
30597,0,300000
30598,242,0
30599,2,150000
30600,242,0
30601,186,7700
30602,242,0
30603,242,0
30604,242,0
30605,242,0
30606,242,0
30607,0,450000
30608,242,0
30609,225,2100
30610,144,15400
30611,241,100
30612,2,150000
30613,235,800
30614,239,300
30615,241,150
30616,6,110000
30617,242,0
30618,242,0
30619,239,300
30620,241,100
30621,113,22500
30622,242,0
30623,242,0
30624,234,1000
30625,197,6000
30626,2,150000
30627,241,100
30628,239,400
30629,204,5000
30630,242,0
30631,240,250
30632,242,0
30633,242,0
30634,242,0
30635,226,2000
30636,242,0
30637,242,0
30638,172,10000
30639,185,8000
30640,107,24000
30641,242,0
30642,242,0
30643,242,0
30644,242,0
30645,242,0
30646,177,9200
30647,242,0
30648,242,0
30649,238,450
30650,242,0
30651,223,2400
30652,242,0
30653,242,0
30654,242,0
30655,242,0
30656,242,0
30657,0,350000
30658,0,200000
30659,241,150
30660,235,800
30661,242,0
30662,242,0
30663,242,0
30664,2,150000
30665,239,300
30666,237,600
30667,2,150000
30668,241,100
30669,242,0
30670,172,10000
30671,240,250
30672,242,0
30673,240,250
30674,236,750
30675,238,500
30676,242,0
30677,2,150000
30678,204,5000
30679,182,8400
30680,238,500
30681,186,7800
30682,242,0
30683,242,0
30684,235,900
30685,242,0
30686,239,300
30687,242,0
30688,2,150000
30689,2,150000
30690,242,0
30691,238,500
30692,239,300
30693,223,2400
30694,228,1750
30695,240,200
30696,242,0
30697,242,0
30698,236,700
30699,196,6250
30700,141,16000
30701,235,800
30702,0,200000
30703,234,1000
30704,242,0
30705,239,400
30706,242,0
30707,242,0
30708,241,100
30709,181,8600
30710,112,22800
30711,240,200
30712,2,150000
30713,242,0
30714,229,1600
30715,242,0
30716,238,500
30717,241,100
30718,241,100
30719,231,1400
30720,242,0
30721,242,0
30722,107,24000
30723,242,0
30724,241,100
30725,237,600
30726,161,12000
30727,2,150000
30728,226,2000
30729,211,4000
30730,141,16000
30731,219,3000
30732,242,0
30733,219,3000
30734,232,1200
30735,226,2000
30736,2,150000
30737,238,500
30738,242,0
30739,238,450
30740,222,2600
30741,228,1800
30742,242,0
30743,240,250
30744,242,0
30745,187,7600
30746,2,150000
30747,242,0
30748,211,4000
30749,242,0
30750,242,0
30751,2,150000
30752,242,0
30753,242,0
30754,242,0
30755,242,0
30756,242,0
30757,141,16000
30758,242,0
30759,225,2100
30760,2,150000
30761,178,9000
30762,242,0
30763,241,100
30764,242,0
30765,242,0
30766,232,1250
30767,232,1200
30768,41,52500
30769,242,0
30770,226,2000
30771,222,2600
30772,242,0
30773,242,0
30774,242,0
30775,0,450000
30776,229,1600
30777,19,75000
30778,242,0
30779,242,0
30780,123,20000
30781,236,750
30782,241,100
30783,242,0
30784,242,0
30785,238,500
30786,238,500
30787,2,150000
30788,242,0
30789,230,1500
30790,242,0
30791,0,500000
30792,241,150
30793,211,4000
30794,242,0
30795,242,0
30796,229,1600
30797,239,400
30798,242,0
30799,2,150000
30800,217,3200
30801,107,24000
30802,242,0
30803,226,2000
30804,242,0
30805,241,100
30806,242,0
30807,242,0
30808,172,10000
30809,239,400
30810,242,0
30811,235,800
30812,242,0
30813,242,0
30814,228,1800
30815,235,800
30816,241,100
30817,242,0
30818,2,150000
30819,211,4000
30820,242,0
30821,242,0
30822,219,3000
30823,242,0
30824,76,34200
30825,146,15000
30826,225,2200
30827,240,200
30828,242,0
30829,146,15000
30830,219,3000
30831,2,150000
30832,241,100
30833,88,30000
30834,241,100
30835,88,30000
30836,242,0
30837,240,200
30838,242,0
30839,240,200
30840,242,0
30841,146,15000
30842,237,550
30843,242,0
30844,226,2000
30845,242,0
30846,242,0
30847,242,0
30848,197,6000
30849,240,250
30850,0,300000
30851,239,400
30852,242,0
30853,242,0
30854,229,1600
30855,4,122500
30856,235,800
30857,241,150
30858,242,0
30859,242,0
30860,242,0
30861,238,500
30862,242,0
30863,19,75000
30864,239,350
30865,41,52500
30866,2,150000
30867,62,40000
30868,239,300
30869,235,900
30870,242,0
30871,204,5000
30872,239,400
30873,226,2000
30874,240,200
30875,4,122500
30876,242,0
30877,141,16000
30878,240,200
30879,242,0
30880,241,150
30881,239,300
30882,242,0
30883,242,0
30884,240,250
30885,206,4800
30886,146,15000
30887,2,150000
30888,211,4000
30889,232,1250
30890,242,0
30891,197,6000
30892,239,300
30893,241,150
30894,237,600
30895,242,0
30896,240,250
30897,209,4300
30898,241,100
30899,241,100
30900,2,150000
30901,240,250
30902,242,0
30903,0,750000
30904,234,1000
30905,238,500
30906,242,0
30907,0,900000
30908,242,0
30909,47,48400
30910,242,0
30911,239,400
30912,241,100
30913,242,0
30914,242,0
30915,240,250
30916,197,6000
30917,241,150
30918,141,16000
30919,0,500000
30920,239,300
30921,48,48000
30922,235,900
30923,242,0
30924,241,100
30925,242,0
30926,239,300
30927,0,200000
30928,241,100
30929,242,0
30930,0,400000
30931,220,2750
30932,242,0
30933,2,150000
30934,241,100
30935,241,100
30936,242,0
30937,242,0
30938,230,1500
30939,222,2600
30940,241,100
30941,0,300000
30942,242,0
30943,242,0
30944,242,0
30945,228,1800
30946,242,0
30947,239,350
30948,242,0
30949,241,100
30950,8,101500
30951,242,0
30952,172,10000
30953,242,0
30954,242,0
30955,230,1500
30956,183,8300
30957,219,3000
30958,242,0
30959,134,17500
30960,229,1600
30961,242,0
30962,241,150
30963,242,0
30964,238,500
30965,2,150000
30966,242,0
30967,121,20500
30968,241,100
30969,230,1500
30970,242,0
30971,2,150000
30972,242,0
30973,242,0
30974,239,400
30975,242,0
30976,141,16000
30977,237,600
30978,242,0
30979,240,200
30980,188,7500
30981,32,60000
30982,240,250
30983,242,0
30984,241,150
30985,242,0
30986,242,0
30987,0,300000
30988,242,0
30989,2,150000
30990,107,24000
30991,242,0
30992,211,4000
30993,145,15200
30994,242,0
30995,242,0
30996,234,1000
30997,222,2500
30998,123,20000
30999,239,300
31000,240,200
31001,240,200
31002,0,350000
31003,232,1250
31004,182,8400
31005,211,4000
31006,211,4000
31007,2,150000
31008,204,5000
31009,235,800
31010,219,3000
31011,0,350000
31012,41,52500
31013,0,450000
31014,32,60000
31015,242,0
31016,240,200
31017,242,0
31018,239,400
31019,241,150
31020,0,1500000
31021,239,300
31022,242,0
31023,0,350000
31024,239,400
31025,2,150000
31026,239,400
31027,219,3000
31028,242,0
31029,238,500
31030,240,200
31031,242,0
31032,242,0
31033,242,0
31034,242,0
31035,242,0
31036,151,14000
31037,242,0
31038,242,0
31039,242,0
31040,239,400
31041,240,200
31042,2,150000
31043,107,24200
31044,242,0
31045,240,200
31046,23,70000
31047,161,12000
31048,235,800
31049,123,20000
31050,235,800
31051,242,0
31052,239,300
31053,242,0
31054,242,0
31055,242,0
31056,241,100
31057,236,700
31058,242,0
31059,240,200
31060,177,9150
31061,242,0
31062,242,0
31063,242,0
31064,242,0
31065,235,900
31066,235,800
31067,239,350
31068,242,0
31069,2,150000
31070,239,400
31071,240,200
31072,241,100
31073,204,5000
31074,16,80000
31075,242,0
31076,45,49500
31077,240,250
31078,113,22500
31079,232,1200
31080,240,250
31081,226,2000
31082,239,400
31083,2,150000
31084,123,20000
31085,230,1500
31086,242,0
31087,242,0
31088,237,600
31089,223,2400
31090,172,10000
31091,242,0
31092,2,150000
31093,242,0
31094,242,0
31095,239,300
31096,242,0
31097,242,0
31098,242,0
31099,242,0
31100,242,0
31101,242,0
31102,240,200
31103,0,450000
31104,211,4000
31105,237,650
31106,219,3000
31107,242,0
31108,242,0
31109,242,0
31110,226,2000
31111,226,2000
31112,242,0
31113,226,2000
31114,242,0
31115,238,500
31116,242,0
31117,2,150000
31118,242,0
31119,242,0
31120,241,100
31121,241,100
31122,197,6000
31123,242,0
31124,226,2000
31125,242,0
31126,225,2150
31127,232,1200
31128,241,100
31129,2,150000
31130,242,0
31131,242,0
31132,242,0
31133,123,20000
31134,241,100
31135,184,8100
31136,19,75900
31137,197,6000
31138,239,400
31139,242,0
31140,241,100
31141,211,4000
31142,242,0
31143,242,0
31144,241,100
31145,215,3500
31146,242,0
31147,88,30000
31148,242,0
31149,239,300
31150,242,0
31151,241,150
31152,242,0
31153,235,800
31154,237,600
31155,242,0
31156,242,0
31157,2,150000
31158,242,0
31159,242,0
31160,242,0
31161,242,0
31162,240,200
31163,237,600
31164,232,1200
31165,242,0
31166,242,0
31167,2,150000
31168,242,0
31169,197,6000
31170,2,150000
31171,242,0
31172,237,600
31173,179,8950
31174,241,100
31175,228,1700
31176,197,6000
31177,2,150000
31178,242,0
31179,223,2400
31180,242,0
31181,239,350
31182,2,150000
31183,242,0
31184,242,0
31185,240,250
31186,242,0
31187,0,500000
31188,2,150000
31189,242,0
31190,237,600
31191,194,6500
31192,240,200
31193,2,150000
31194,242,0
31195,242,0
31196,242,0
31197,242,0
31198,242,0
31199,2,150000
31200,239,300
31201,242,0
31202,242,0
31203,240,200
31204,241,100
31205,235,800
31206,6,110000
31207,45,49500
31208,242,0
31209,172,10000
31210,242,0
31211,242,0
31212,242,0
31213,2,150000
31214,240,200
31215,241,150
31216,230,1500
31217,242,0
31218,242,0
31219,229,1600
31220,233,1050
31221,240,200
31222,242,0
31223,239,400
31224,242,0
31225,242,0
31226,239,300
31227,242,0
31228,235,800
31229,2,150000
31230,131,18200
31231,204,5000
31232,0,484000
31233,231,1400
31234,239,300
31235,232,1200
31236,235,800
31237,242,0
31238,62,40000
31239,242,0
31240,242,0
31241,242,0
31242,240,200
31243,239,400
31244,13,87500
31245,242,0
31246,242,0
31247,1,155000
31248,242,0
31249,188,7500
31250,242,0
31251,240,200
31252,230,1550
31253,240,200
31254,0,750000
31255,104,25000
31256,242,0
31257,62,40000
31258,240,250
31259,242,0
31260,219,3000
31261,239,400
31262,240,250
31263,214,3600
31264,39,53800
31265,226,2000
31266,186,7800
31267,242,0
31268,242,0
31269,235,900
31270,242,0
31271,173,9900
31272,234,1000
31273,242,0
31274,99,26400
31275,240,200
31276,235,900
31277,238,500
31278,242,0
31279,241,100
31280,226,2000
31281,242,0
31282,242,0
31283,211,4000
31284,2,150000
31285,242,0
31286,242,0
31287,240,250
31288,242,0
31289,219,3000
31290,242,0
31291,146,15000
31292,225,2150
31293,204,5000
31294,242,0
31295,188,7500
31296,242,0
31297,235,900
31298,242,0
31299,41,52500
31300,242,0
31301,113,22500
31302,239,300
31303,241,150
31304,242,0
31305,238,450
31306,235,800
31307,2,150000
31308,242,0
31309,208,4500
31310,242,0
31311,235,800
31312,2,150000
31313,234,1000
31314,239,300
31315,241,100
31316,1,166000
31317,242,0
31318,48,48000
31319,236,750
31320,240,250
31321,242,0
31322,242,0
31323,232,1200
31324,242,0
31325,242,0
31326,241,150
31327,230,1550
31328,242,0
31329,231,1400
31330,237,600
31331,88,30000
31332,242,0
31333,2,150000
31334,242,0
31335,242,0
31336,62,40000
31337,240,200
31338,242,0
31339,241,100
31340,237,600
31341,242,0
31342,0,350000
31343,242,0
31344,62,40000
31345,230,1500
31346,242,0
31347,242,0
31348,242,0
31349,0,500000
31350,16,80100
31351,226,2000
31352,238,500
31353,151,14000
31354,211,4000
31355,242,0
31356,242,0
31357,2,150000
31358,242,0
31359,242,0
31360,242,0
31361,242,0
31362,228,1800
31363,242,0
31364,242,0
31365,219,3000
31366,232,1250
31367,242,0
31368,242,0
31369,242,0
31370,239,300
31371,242,0
31372,229,1600
31373,240,200
31374,241,100
31375,240,200
31376,188,7500
31377,242,0
31378,242,0
31379,2,150000
31380,240,200
31381,134,17500
31382,242,0
31383,241,100
31384,235,900
31385,188,7500
31386,219,3000
31387,242,0
31388,242,0
31389,235,900
31390,242,0
31391,226,2000
31392,211,4000
31393,242,0
31394,242,0
31395,239,400
31396,219,3000
31397,0,200000
31398,2,150000
31399,240,250
31400,107,24000
31401,40,52800
31402,0,300000
31403,242,0
31404,242,0
31405,242,0
31406,223,2400
31407,240,200
31408,240,250
31409,242,0
31410,226,2000
31411,230,1500
31412,242,0
31413,242,0
31414,219,3000
31415,242,0
31416,242,0
31417,235,800
31418,237,600
31419,2,150000
31420,242,0
31421,241,150
31422,242,0
31423,0,500000
31424,180,8750
31425,242,0
31426,188,7500
31427,68,37500
31428,225,2200
31429,188,7500
31430,235,800
31431,97,26950
31432,237,600
31433,242,0
31434,222,2600
31435,235,800
31436,0,200000
31437,242,0
31438,0,280000
31439,242,0
31440,230,1500
31441,226,2000
31442,242,0
31443,219,3000
31444,1,155000
31445,107,24000
31446,242,0
31447,0,300000
31448,239,300
31449,242,0
31450,241,100
31451,242,0
31452,2,150000
31453,242,0
31454,242,0
31455,241,100
31456,242,0
31457,240,250
31458,62,40000
31459,241,100
31460,127,19000
31461,240,200
31462,242,0
31463,242,0
31464,16,80100
31465,2,150000
31466,142,15800
31467,242,0
31468,240,200
31469,239,400
31470,242,0
31471,183,8300
31472,242,0
31473,242,0
31474,239,300
31475,242,0
31476,141,16000
31477,235,800
31478,241,100
31479,178,9000
31480,238,450
31481,235,800
31482,240,200
31483,2,150000
31484,242,0
31485,240,200
31486,242,0
31487,241,100
31488,2,150000
31489,41,52500
31490,242,0
31491,88,30000
31492,0,350000
31493,241,100
31494,242,0
31495,188,7500
31496,242,0
31497,234,1000
31498,242,0
31499,146,15000
31500,172,10000
31501,242,0
31502,222,2600
31503,242,0
31504,242,0
31505,49,47400
31506,242,0
31507,242,0
31508,2,150000
31509,242,0
31510,188,7500
31511,0,2000000
31512,187,7650
31513,239,300
31514,239,400
31515,242,0
31516,0,350000
31517,226,2000
31518,219,3000
31519,240,200
31520,242,0
31521,239,400
31522,219,3000
31523,241,100
31524,240,200
31525,123,20000
31526,225,2150
31527,239,400
31528,242,0
31529,176,9400
31530,242,0
31531,241,100
31532,242,0
31533,241,150
31534,242,0
31535,240,200
31536,240,200
31537,242,0
31538,234,1000
31539,242,0
31540,242,0
31541,239,300
31542,2,150000
31543,219,3000
31544,240,200
31545,222,2500
31546,234,1000
31547,236,750
31548,242,0
31549,113,22500
31550,242,0
31551,232,1300
31552,188,7500
31553,188,7500
31554,235,800
31555,226,2000
31556,242,0
31557,242,0
31558,226,2000
31559,240,200
31560,107,24000
31561,238,500
31562,123,20000
31563,191,7000
31564,41,52500
31565,242,0
31566,107,24000
31567,239,300
31568,225,2200
31569,242,0
31570,219,3000
31571,242,0
31572,219,3000
31573,242,0
31574,146,15000
31575,238,500
31576,219,3000
31577,242,0
31578,242,0
31579,242,0
31580,2,150000
31581,53,45000
31582,242,0
31583,241,100
31584,242,0
31585,0,350000
31586,239,400
31587,107,24100
31588,62,40000
31589,228,1750
31590,240,200
31591,45,49500
31592,242,0
31593,240,200
31594,2,150000
31595,214,3600
31596,0,300000
31597,235,800
31598,2,150000
31599,242,0
31600,242,0
31601,242,0
31602,0,600000
31603,236,750
31604,2,150000
31605,2,150000
31606,241,100
31607,230,1500
31608,240,250
31609,242,0
31610,226,2000
31611,242,0
31612,239,300
31613,242,0
31614,228,1800
31615,219,3000
31616,0,300000
31617,172,10000
31618,241,100
31619,242,0
31620,223,2450
31621,211,4000
31622,242,0
31623,241,100
31624,242,0
31625,239,400
31626,0,350000
31627,233,1100
31628,239,350
31629,242,0
31630,242,0
31631,242,0
31632,242,0
31633,242,0
31634,151,14000
31635,242,0
31636,242,0
31637,2,150000
31638,232,1300
31639,242,0
31640,242,0
31641,242,0
31642,2,150000
31643,242,0
31644,238,450
31645,185,8000
31646,141,16000
31647,242,0
31648,242,0
31649,242,0
31650,239,300
31651,242,0
31652,242,0
31653,217,3200
31654,226,2000
31655,242,0
31656,240,250
31657,242,0
31658,239,300
31659,242,0
31660,186,7700
31661,242,0
31662,242,0
31663,233,1100
31664,242,0
31665,141,16000
31666,88,30000
31667,242,0
31668,233,1050
31669,240,200
31670,2,150000
31671,240,200
31672,239,400
31673,226,2000
31674,219,3000
31675,123,20000
31676,138,16600
31677,2,150000
31678,237,600
31679,141,16000
31680,242,0
31681,185,8000
31682,242,0
31683,2,150000
31684,227,1900
31685,242,0
31686,240,200
31687,235,800
31688,107,24000
31689,226,2000
31690,2,150000
31691,211,4000
31692,226,2000
31693,242,0
31694,227,1900
31695,242,0
31696,240,200
31697,239,300
31698,240,200
31699,242,0
31700,239,400
31701,242,0
31702,232,1200
31703,141,16000
31704,242,0
31705,227,1850
31706,242,0
31707,231,1350
31708,185,8000
31709,242,0
31710,242,0
31711,242,0
31712,239,300
31713,242,0
31714,211,4000
31715,242,0
31716,137,16900
31717,242,0
31718,241,100
31719,242,0
31720,239,300
31721,237,600
31722,241,100
31723,242,0
31724,236,700
31725,211,4000
31726,242,0
31727,239,400
31728,217,3200
31729,240,200
31730,0,700000
31731,0,500000
31732,0,500000
31733,242,0
31734,107,24000
31735,242,0
31736,242,0
31737,242,0
31738,233,1150
31739,241,100
31740,242,0
31741,172,10000
31742,239,300
31743,240,250
31744,228,1750
31745,242,0
31746,229,1600
31747,232,1200
31748,242,0
31749,123,20000
31750,241,100
31751,242,0
31752,238,500
31753,242,0
31754,204,5000
31755,241,100
31756,239,400
31757,240,200
31758,240,200
31759,242,0
31760,188,7500
31761,146,15000
31762,2,150000
31763,228,1700
31764,204,5000
31765,242,0
31766,197,6000
31767,236,750
31768,182,8450
31769,242,0
31770,141,16000
31771,242,0
31772,242,0
31773,239,300
31774,240,200
31775,141,16000
31776,242,0
31777,123,20000
31778,240,200
31779,229,1600
31780,62,40000
31781,235,800
31782,242,0
31783,240,250
31784,242,0
31785,237,600
31786,242,0
31787,228,1750
31788,2,150000
31789,242,0
31790,146,15000
31791,19,75000
31792,242,0
31793,242,0
31794,242,0
31795,185,8000
31796,240,200
31797,242,0
31798,210,4200
31799,242,0
31800,107,24000
31801,242,0
31802,80,32550
31803,240,200
31804,213,3800
31805,240,200
31806,2,150000
31807,226,2000
31808,241,100
31809,141,16000
31810,242,0
31811,186,7700
31812,242,0
31813,242,0
31814,242,0
31815,219,3000
31816,225,2100
31817,107,24000
31818,240,200
31819,237,600
31820,226,2000
31821,242,0
31822,242,0
31823,32,60000
31824,41,52500
31825,2,150000
31826,242,0
31827,240,250
31828,238,500
31829,235,800
31830,241,100
31831,242,0
31832,231,1400
31833,2,150000
31834,242,0
31835,232,1200
31836,219,3000
31837,240,200
31838,242,0
31839,241,100
31840,41,52500
31841,240,200
31842,1,160000
31843,242,0
31844,242,0
31845,242,0
31846,228,1750
31847,242,0
31848,104,25000
31849,242,0
31850,0,450000
31851,236,750
31852,2,150000
31853,2,150000
31854,234,950
31855,241,100
31856,242,0
31857,242,0
31858,241,150
31859,239,300
31860,0,250000
31861,242,0
31862,96,27300
31863,2,150000
31864,242,0
31865,234,1000
31866,242,0
31867,230,1500
31868,240,200
31869,242,0
31870,2,150000
31871,242,0
31872,242,0
31873,240,250
31874,242,0
31875,236,700
31876,225,2200
31877,82,32000
31878,82,32000
31879,242,0
31880,239,400
31881,145,15200
31882,233,1050
31883,172,10000
31884,228,1700
31885,16,80000
31886,242,0
31887,238,450
31888,172,10000
31889,237,600
31890,242,0
31891,238,500
31892,242,0
31893,238,450
31894,242,0
31895,2,150000
31896,242,0
31897,183,8200
31898,98,26600
31899,136,17000
31900,242,0
31901,242,0
31902,197,6000
31903,141,16000
31904,41,52500
31905,242,0
31906,240,200
31907,242,0
31908,0,500000
31909,236,700
31910,48,48000
31911,187,7600
31912,241,150
31913,242,0
31914,235,800
31915,242,0
31916,240,200
31917,242,0
31918,146,15000
31919,242,0
31920,240,200
31921,242,0
31922,242,0
31923,242,0
31924,239,300
31925,241,100
31926,239,300
31927,211,4000
31928,241,100
31929,241,100
31930,242,0
31931,242,0
31932,187,7600
31933,241,100
31934,2,150000
31935,239,400
31936,242,0
31937,197,6000
31938,241,100
31939,236,750
31940,217,3150
31941,188,7500
31942,241,100
31943,242,0
31944,242,0
31945,2,150000
31946,211,4000
31947,242,0
31948,229,1600
31949,242,0
31950,0,500000
31951,242,0
31952,12,88750
31953,0,300000
31954,241,100
31955,242,0
31956,242,0
31957,241,100
31958,242,0
31959,219,3000
31960,235,800
31961,232,1250
31962,242,0
31963,242,0
31964,226,2000
31965,242,0
31966,239,400
31967,211,4000
31968,242,0
31969,241,100
31970,2,150000
31971,229,1600
31972,226,2000
31973,123,20000
31974,236,700
31975,219,3000
31976,242,0
31977,242,0
31978,242,0
31979,240,200
31980,242,0
31981,226,2000
31982,239,400
31983,237,600
31984,0,300000
31985,242,0
31986,242,0
31987,239,300
31988,239,300
31989,237,600
31990,238,500
31991,234,1000
31992,107,24000
31993,239,400
31994,242,0
31995,51,45750
31996,236,750
31997,240,250
31998,242,0
31999,226,2000
32000,242,0
32001,0,600000
32002,234,1000
32003,235,900
32004,242,0
32005,228,1700
32006,45,50000
32007,239,300
32008,242,0
32009,211,4000
32010,88,30000
32011,240,200
32012,242,0
32013,229,1600
32014,235,800
32015,123,20000
32016,242,0
32017,182,8400
32018,242,0
32019,240,200
32020,242,0
32021,19,75000
32022,242,0
32023,239,300
32024,242,0
32025,241,100
32026,238,500
32027,238,500
32028,237,600
32029,242,0
32030,113,22500
32031,225,2100
32032,239,300
32033,242,0
32034,2,150000
32035,240,200
32036,206,4800
32037,242,0
32038,222,2500
32039,232,1200
32040,242,0
32041,238,500
32042,242,0
32043,240,200
32044,242,0
32045,242,0
32046,240,250
32047,242,0
32048,211,4000
32049,238,500
32050,240,200
32051,242,0
32052,241,150
32053,235,900
32054,242,0
32055,239,300
32056,2,150000
32057,242,0
32058,2,150000
32059,242,0
32060,241,100
32061,240,200
32062,242,0
32063,242,0
32064,242,0
32065,242,0
32066,237,600
32067,242,0
32068,0,300000
32069,211,4000
32070,242,0
32071,67,37800
32072,239,350
32073,242,0
32074,242,0
32075,242,0
32076,16,80000
32077,242,0
32078,229,1600
32079,41,52500
32080,242,0
32081,242,0
32082,242,0
32083,242,0
32084,2,150000
32085,229,1600
32086,242,0
32087,242,0
32088,242,0
32089,239,400
32090,242,0
32091,161,12000
32092,217,3200
32093,239,400
32094,2,150000
32095,211,4000
32096,240,200
32097,239,300
32098,242,0
32099,242,0
32100,242,0
32101,242,0
32102,0,350000
32103,242,0
32104,242,0
32105,2,150000
32106,242,0
32107,241,100
32108,214,3600
32109,242,0
32110,188,7500
32111,239,350
32112,242,0
32113,234,1000
32114,242,0
32115,0,315000
32116,0,450000
32117,226,2000
32118,242,0
32119,242,0
32120,2,150000
32121,242,0
32122,235,900
32123,145,15200
32124,2,150000
32125,233,1100
32126,234,1000
32127,188,7500
32128,242,0
32129,242,0
32130,242,0
32131,139,16400
32132,187,7600
32133,232,1200
32134,226,2000
32135,62,40000
32136,27,65000
32137,236,700
32138,188,7500
32139,188,7500
32140,242,0
32141,226,2000
32142,241,100
32143,237,600
32144,216,3400
32145,219,3000
32146,239,400
32147,240,200
32148,241,150
32149,242,0
32150,242,0
32151,238,500
32152,242,0
32153,242,0
32154,242,0
32155,242,0
32156,242,0
32157,242,0
32158,242,0
32159,2,150000
32160,0,600000
32161,226,2000
32162,242,0
32163,0,2000000
32164,204,5000
32165,240,200
32166,230,1500
32167,123,20000
32168,241,150
32169,242,0
32170,240,250
32171,241,100
32172,242,0
32173,233,1050
32174,242,0
32175,104,24900
32176,2,150000
32177,233,1100
32178,183,8300
32179,161,12000
32180,197,6000
32181,241,150
32182,2,150000
32183,138,16600
32184,235,800
32185,242,0
32186,217,3200
32187,238,450
32188,240,200
32189,238,500
32190,141,16000
32191,242,0
32192,204,5000
32193,242,0
32194,208,4500
32195,241,100
32196,234,1000
32197,242,0
32198,220,2800
32199,241,150
32200,0,400000
32201,161,12000
32202,239,400
32203,217,3200
32204,107,24000
32205,197,6000
32206,226,2000
32207,242,0
32208,2,150000
32209,242,0
32210,167,11000
32211,2,150000
32212,242,0
32213,0,300000
32214,242,0
32215,239,300
32216,242,0
32217,239,300
32218,197,6000
32219,242,0
32220,216,3300
32221,242,0
32222,146,15000
32223,242,0
32224,242,0
32225,242,0
32226,242,0
32227,241,150
32228,241,100
32229,241,100
32230,235,800
32231,2,150000
32232,240,200
32233,2,150000
32234,197,6000
32235,241,100
32236,0,300000
32237,237,600
32238,238,500
32239,238,500
32240,242,0
32241,236,700
32242,241,150
32243,0,300000
32244,242,0
32245,235,800
32246,241,100
32247,191,7000
32248,204,5000
32249,242,0
32250,204,5000
32251,242,0
32252,238,500
32253,219,3000
32254,4,120000
32255,242,0
32256,242,0
32257,242,0
32258,188,7500
32259,242,0
32260,239,300
32261,242,0
32262,229,1600
32263,242,0
32264,242,0
32265,242,0
32266,229,1600
32267,242,0
32268,242,0
32269,242,0
32270,237,600
32271,242,0
32272,223,2400
32273,226,2000
32274,229,1600
32275,241,150
32276,0,400000
32277,232,1200
32278,188,7500
32279,197,6000
32280,132,18000
32281,242,0
32282,242,0
32283,242,0
32284,223,2400
32285,242,0
32286,242,0
32287,242,0
32288,242,0
32289,0,1000000
32290,242,0
32291,242,0
32292,241,100
32293,151,14000
32294,211,4000
32295,226,2000
32296,197,6000
32297,226,2000
32298,241,150
32299,242,0
32300,238,500
32301,2,150000
32302,242,0
32303,85,30800
32304,240,250
32305,242,0
32306,239,300
32307,234,1000
32308,237,600
32309,242,0
32310,111,22950
32311,242,0
32312,242,0
32313,146,15000
32314,241,100
32315,88,30000
32316,226,2000
32317,161,12000
32318,241,100
32319,242,0
32320,228,1750
32321,242,0
32322,242,0
32323,235,800
32324,240,200
32325,2,150000
32326,221,2700
32327,236,750
32328,197,6000
32329,239,300
32330,242,0
32331,242,0
32332,239,400
32333,242,0
32334,219,3000
32335,210,4150
32336,0,450000
32337,238,450
32338,226,2000
32339,182,8400
32340,0,2000000
32341,219,3000
32342,211,4000
32343,183,8300
32344,223,2400
32345,239,300
32346,242,0
32347,242,0
32348,88,30000
32349,242,0
32350,242,0
32351,62,40000
32352,0,1600000
32353,241,100
32354,242,0
32355,235,800
32356,241,150
32357,239,350
32358,242,0
32359,226,2000
32360,235,800
32361,234,1000
32362,242,0
32363,226,2000
32364,242,0
32365,145,15100
32366,242,0
32367,235,900
32368,188,7500
32369,107,24000
32370,235,800
32371,240,200
32372,242,0
32373,242,0
32374,242,0
32375,234,1000
32376,242,0
32377,242,0
32378,242,0
32379,242,0
32380,0,300000
32381,241,150
32382,242,0
32383,242,0
32384,242,0
32385,2,150000
32386,225,2200
32387,240,250
32388,242,0
32389,242,0
32390,242,0
32391,219,3000
32392,242,0
32393,240,250
32394,235,800
32395,234,1000
32396,242,0
32397,141,16000
32398,240,250
32399,138,16600
32400,239,400
32401,239,300
32402,242,0
32403,234,1000
32404,242,0
32405,242,0
32406,241,100
32407,242,0
32408,239,400
32409,242,0
32410,0,350000
32411,141,16000
32412,204,5000
32413,240,200
32414,240,200
32415,242,0
32416,241,100
32417,2,150000
32418,242,0
32419,240,200
32420,242,0
32421,242,0
32422,0,200000
32423,242,0
32424,45,49500
32425,235,800
32426,236,750
32427,204,5000
32428,242,0
32429,0,300000
32430,185,8000
32431,240,200
32432,211,4000
32433,242,0
32434,237,600
32435,242,0
32436,242,0
32437,242,0
32438,2,150000
32439,242,0
32440,242,0
32441,234,1000
32442,242,0
32443,239,300
32444,239,400
32445,240,200
32446,225,2100
32447,123,20000
32448,45,49500
32449,242,0
32450,151,14000
32451,242,0
32452,197,6000
32453,41,52500
32454,242,0
32455,178,9100
32456,242,0
32457,235,800
32458,211,4000
32459,62,40000
32460,71,36250
32461,0,300000
32462,242,0
32463,225,2100
32464,241,100
32465,242,0
32466,187,7600
32467,219,3000
32468,240,200
32469,235,800
32470,241,100
32471,197,6000
32472,242,0
32473,242,0
32474,239,300
32475,222,2500
32476,2,150000
32477,0,450000
32478,241,100
32479,241,100
32480,126,19300
32481,242,0
32482,227,1850
32483,242,0
32484,2,150000
32485,229,1600
32486,240,200
32487,242,0
32488,242,0
32489,242,0
32490,242,0
32491,238,500
32492,242,0
32493,181,8500
32494,242,0
32495,239,400
32496,16,80000
32497,145,15100
32498,113,22500
32499,68,37500
32500,226,2000
32501,242,0
32502,239,300
32503,235,800
32504,23,70000
32505,237,600
32506,242,0
32507,226,2000
32508,240,250
32509,242,0
32510,242,0
32511,211,4000
32512,13,87500
32513,188,7500
32514,123,20000
32515,185,7900
32516,211,4000
32517,226,2000
32518,188,7500
32519,239,350
32520,242,0
32521,224,2300
32522,242,0
32523,211,4000
32524,234,1000
32525,27,65000
32526,211,4000
32527,6,110000
32528,242,0
32529,32,60000
32530,242,0
32531,242,0
32532,242,0
32533,2,150000
32534,239,400
32535,230,1500
32536,190,7200
32537,241,100
32538,241,100
32539,221,2700
32540,2,150000
32541,240,250
32542,88,30000
32543,141,16000
32544,242,0
32545,2,150000
32546,242,0
32547,141,16000
32548,241,150
32549,242,0
32550,197,6000
32551,2,150000
32552,62,40000
32553,242,0
32554,240,250
32555,235,800
32556,239,400
32557,241,100
32558,230,1500
32559,242,0
32560,242,0
32561,242,0
32562,240,200
32563,237,600
32564,242,0
32565,242,0
32566,242,0
32567,0,350000
32568,240,250
32569,136,17100
32570,242,0
32571,242,0
32572,242,0
32573,241,150
32574,141,16000
32575,0,500000
32576,240,200
32577,237,600
32578,242,0
32579,242,0
32580,242,0
32581,239,300
32582,0,500000
32583,141,16000
32584,240,200
32585,223,2400
32586,240,200
32587,242,0
32588,0,300000
32589,9,96800
32590,242,0
32591,242,0
32592,235,800
32593,240,200
32594,35,57200
32595,242,0
32596,242,0
32597,204,5000
32598,235,800
32599,242,0
32600,185,7900
32601,172,10000
32602,239,300
32603,242,0
32604,10,93000
32605,235,800
32606,19,75000
32607,241,100
32608,242,0
32609,242,0
32610,242,0
32611,242,0
32612,240,250
32613,237,600
32614,211,4100
32615,211,4000
32616,45,49500
32617,242,0
32618,226,2000
32619,242,0
32620,235,800
32621,242,0
32622,242,0
32623,238,450
32624,240,200
32625,232,1300
32626,242,0
32627,0,300000
32628,242,0
32629,242,0
32630,239,300
32631,204,5000
32632,242,0
32633,237,600
32634,239,400
32635,217,3200
32636,239,350
32637,27,65000
32638,242,0
32639,242,0
32640,238,500
32641,242,0
32642,242,0
32643,219,3000
32644,235,800
32645,242,0
32646,239,300
32647,2,150000
32648,240,200
32649,241,100
32650,188,7500
32651,0,350000
32652,238,500
32653,241,100
32654,242,0
32655,222,2500
32656,242,0
32657,241,100
32658,239,400
32659,242,0
32660,242,0
32661,242,0
32662,2,150000
32663,240,200
32664,223,2450
32665,240,200
32666,237,600
32667,240,250
32668,242,0
32669,240,200
32670,25,67500
32671,242,0
32672,239,300
32673,242,0
32674,0,600000
32675,27,65000
32676,4,120000
32677,204,5000
32678,241,100
32679,242,0
32680,242,0
32681,242,0
32682,242,0
32683,62,40000
32684,235,800
32685,241,100
32686,242,0
32687,242,0
32688,237,600
32689,88,30000
32690,233,1050
32691,239,300
32692,216,3400
32693,242,0
32694,211,4000
32695,242,0
32696,0,300000
32697,242,0
32698,230,1500
32699,240,200
32700,223,2400
32701,242,0
32702,242,0
32703,242,0
32704,242,0
32705,242,0
32706,238,500
32707,241,150
32708,223,2400
32709,237,550
32710,239,300
32711,234,1000
32712,188,7500
32713,219,3000
32714,241,100
32715,235,900
32716,238,500
32717,229,1600
32718,242,0
32719,228,1700
32720,242,0
32721,7,105000
32722,123,20000
32723,146,15000
32724,242,0
32725,242,0
32726,234,1000
32727,242,0
32728,239,400
32729,0,450000
32730,236,700
32731,235,800
32732,239,400
32733,242,0
32734,234,1000
32735,242,0
32736,242,0
32737,0,200000
32738,239,300
32739,242,0
32740,242,0
32741,242,0
32742,107,24000
32743,242,0
32744,0,300000
32745,241,100
32746,242,0
32747,242,0
32748,228,1800
32749,242,0
32750,242,0
32751,2,150000
32752,2,150000
32753,233,1050
32754,226,2000
32755,211,4000
32756,242,0
32757,242,0
32758,242,0
32759,62,40000
32760,141,16000
32761,187,7650
32762,204,5100
32763,242,0
32764,242,0
32765,240,200
32766,0,350000
32767,242,0
32768,242,0
32769,185,7900
32770,242,0
32771,167,11000
32772,242,0
32773,242,0
32774,242,0
32775,242,0
32776,2,150000
32777,242,0
32778,242,0
32779,242,0
32780,242,0
32781,242,0
32782,237,650
32783,241,100
32784,232,1200
32785,211,4000
32786,237,600
32787,242,0
32788,242,0
32789,241,100
32790,241,100
32791,0,350000
32792,233,1150
32793,239,400
32794,232,1200
32795,88,30000
32796,242,0
32797,238,500
32798,242,0
32799,0,350000
32800,0,750000
32801,239,300
32802,239,300
32803,235,800
32804,240,200
32805,2,150000
32806,239,300
32807,240,200
32808,165,11300
32809,242,0
32810,2,150000
32811,241,100
32812,232,1200
32813,0,200000
32814,228,1700
32815,146,15000
32816,242,0
32817,225,2200
32818,239,400
32819,82,32000
32820,242,0
32821,0,300000
32822,141,16000
32823,242,0
32824,242,0
32825,0,200000
32826,172,10100
32827,231,1400
32828,239,300
32829,242,0
32830,242,0
32831,204,5000
32832,0,200000
32833,235,800
32834,141,16000
32835,32,60000
32836,232,1200
32837,62,40000
32838,230,1500
32839,107,24000
32840,2,150000
32841,0,350000
32842,241,100
32843,0,300000
32844,242,0
32845,242,0
32846,197,6000
32847,226,2000
32848,240,200
32849,21,71950
32850,2,150000
32851,0,300000
32852,62,40000
32853,233,1100
32854,145,15200
32855,240,200
32856,233,1100
32857,242,0
32858,242,0
32859,2,150000
32860,241,150
32861,204,5000
32862,94,28000
32863,230,1550
32864,2,150000
32865,241,100
32866,242,0
32867,242,0
32868,175,9600
32869,242,0
32870,217,3200
32871,242,0
32872,183,8300
32873,2,150000
32874,242,0
32875,242,0
32876,2,150000
32877,234,1000
32878,235,900
32879,242,0
32880,242,0
32881,242,0
32882,225,2100
32883,229,1600
32884,242,0
32885,242,0
32886,226,2000
32887,197,6000
32888,242,0
32889,211,4000
32890,242,0
32891,235,900
32892,242,0
32893,234,1000
32894,242,0
32895,219,3000
32896,240,200
32897,239,300
32898,7,105000
32899,2,150000
32900,242,0
32901,2,150000
32902,239,300
32903,242,0
32904,240,200
32905,240,200
32906,0,200000
32907,240,200
32908,234,1000
32909,242,0
32910,242,0
32911,242,0
32912,2,150000
32913,134,17400
32914,242,0
32915,204,5000
32916,242,0
32917,242,0
32918,242,0
32919,238,500
32920,242,0
32921,242,0
32922,241,150
32923,232,1250
32924,2,150000
32925,229,1600
32926,241,150
32927,240,200
32928,2,150000
32929,220,2800
32930,242,0
32931,229,1600
32932,242,0
32933,228,1750
32934,138,16600
32935,240,200
32936,242,0
32937,2,150000
32938,225,2100
32939,241,100
32940,242,0
32941,242,0
32942,242,0
32943,242,0
32944,242,0
32945,240,250
32946,242,0
32947,211,4000
32948,32,60000
32949,107,24000
32950,242,0
32951,241,150
32952,232,1200
32953,242,0
32954,232,1200
32955,242,0
32956,0,200000
32957,233,1150
32958,239,300
32959,7,105000
32960,242,0
32961,62,40000
32962,0,2000000
32963,242,0
32964,239,400
32965,62,40000
32966,242,0
32967,241,100
32968,68,37500
32969,227,1900
32970,240,250
32971,242,0
32972,0,500000
32973,226,2000
32974,88,30000
32975,242,0
32976,240,200
32977,219,3000
32978,242,0
32979,161,12100
32980,242,0
32981,234,1000
32982,237,600
32983,239,400
32984,223,2400
32985,240,200
32986,242,0
32987,240,200
32988,242,0
32989,226,2000
32990,240,200
32991,242,0
32992,113,22500
32993,240,200
32994,241,150
32995,239,400
32996,242,0
32997,242,0
32998,74,35000
32999,219,3000
33000,239,400
33001,0,300000
33002,242,0
33003,242,0
33004,2,150000
33005,242,0
33006,239,300
33007,2,150000
33008,239,300
33009,204,5000
33010,235,900
33011,239,400
33012,241,100
33013,2,150000
33014,211,4000
33015,242,0
33016,219,3000
33017,226,2000
33018,204,5000
33019,234,1000
33020,21,71950
33021,242,0
33022,0,400000
33023,235,800
33024,204,5000
33025,241,150
33026,2,150000
33027,222,2500
33028,2,150000
33029,240,200
33030,242,0
33031,242,0
33032,2,150000
33033,236,750
33034,242,0
33035,242,0
33036,241,100
33037,141,16000
33038,242,0
33039,197,6000
33040,241,100
33041,232,1200
33042,242,0
33043,241,100
33044,241,100
33045,242,0
33046,242,0
33047,239,400
33048,240,200
33049,242,0
33050,240,200
33051,197,6000
33052,242,0
33053,231,1400
33054,242,0
33055,229,1600
33056,235,900
33057,0,200000
33058,240,200
33059,242,0
33060,2,150000
33061,239,300
33062,241,100
33063,242,0
33064,241,100
33065,241,150
33066,242,0
33067,240,200
33068,242,0
33069,242,0
33070,242,0
33071,240,200
33072,177,9200
33073,242,0
33074,107,24000
33075,2,150000
33076,237,600
33077,0,600000
33078,242,0
33079,242,0
33080,240,200
33081,232,1200
33082,242,0
33083,48,48000
33084,228,1700
33085,239,400
33086,239,400
33087,235,800
33088,236,750
33089,2,150000
33090,240,200
33091,183,8300
33092,240,250
33093,241,100
33094,117,21500
33095,242,0
33096,2,150000
33097,2,150000
33098,232,1200
33099,237,600
33100,47,48400
33101,0,450000
33102,235,800
33103,0,500000
33104,242,0
33105,211,4000
33106,242,0
33107,222,2600
33108,242,0
33109,235,800
33110,232,1200
33111,242,0
33112,2,150000
33113,214,3600
33114,242,0
33115,241,150
33116,241,100
33117,238,450
33118,226,2000
33119,242,0
33120,238,500
33121,242,0
33122,239,300
33123,242,0
33124,242,0
33125,0,500000
33126,242,0
33127,197,6000
33128,232,1200
33129,204,5000
33130,242,0
33131,242,0
33132,242,0
33133,242,0
33134,242,0
33135,242,0
33136,0,300000
33137,242,0
33138,242,0
33139,88,30000
33140,242,0
33141,240,250
33142,219,3000
33143,242,0
33144,242,0
33145,237,600
33146,242,0
33147,208,4500
33148,239,300
33149,242,0
33150,242,0
33151,242,0
33152,242,0
33153,242,0
33154,32,60000
33155,88,30000
33156,242,0
33157,241,100
33158,240,200
33159,230,1500
33160,0,700000
33161,242,0
33162,242,0
33163,203,5200
33164,239,300
33165,242,0
33166,88,30000
33167,242,0
33168,186,7700
33169,240,200
33170,188,7500
33171,242,0
33172,230,1500
33173,178,9000
33174,242,0
33175,231,1400
33176,242,0
33177,242,0
33178,141,16000
33179,242,0
33180,240,200
33181,80,32550
33182,237,600
33183,141,16000
33184,242,0
33185,242,0
33186,242,0
33187,222,2600
33188,242,0
33189,2,150000
33190,241,150
33191,241,100
33192,242,0
33193,231,1400
33194,241,100
33195,242,0
33196,242,0
33197,240,200
33198,237,600
33199,234,1000
33200,132,18000
33201,242,0
33202,226,2000
33203,241,150
33204,146,15000
33205,242,0
33206,112,22800
33207,172,10000
33208,48,48000
33209,238,450
33210,242,0
33211,242,0
33212,242,0
33213,0,450000
33214,88,30000
33215,242,0
33216,238,450
33217,242,0
33218,107,24000
33219,235,800
33220,7,105000
33221,240,250
33222,226,2000
33223,242,0
33224,240,250
33225,242,0
33226,2,150000
33227,2,150000
33228,239,300
33229,242,0
33230,178,9000
33231,241,100
33232,242,0
33233,88,30000
33234,219,3000
33235,240,200
33236,242,0
33237,242,0
33238,242,0
33239,242,0
33240,242,0
33241,242,0
33242,2,150000
33243,141,16000
33244,240,200
33245,230,1500
33246,242,0
33247,235,800
33248,236,750
33249,242,0
33250,242,0
33251,234,1000
33252,103,25100
33253,242,0
33254,2,150000
33255,240,250
33256,2,150000
33257,239,400
33258,197,6000
33259,242,0
33260,242,0
33261,239,300
33262,183,8300
33263,141,16000
33264,242,0
33265,240,200
33266,241,150
33267,188,7500
33268,242,0
33269,236,700
33270,239,300
33271,242,0
33272,39,53800
33273,134,17500
33274,121,20400
33275,230,1500
33276,13,87500
33277,242,0
33278,240,200
33279,0,500000
33280,0,355000
33281,234,1000
33282,241,100
33283,239,400
33284,223,2400
33285,242,0
33286,242,0
33287,240,200
33288,242,0
33289,240,200
33290,240,250
33291,239,300
33292,188,7500
33293,239,300
33294,2,150000
33295,197,6000
33296,227,1900
33297,226,2000
33298,0,300000
33299,237,600
33300,242,0
33301,183,8300
33302,2,150000
33303,223,2400
33304,242,0
33305,123,20000
33306,240,200
33307,241,100
33308,242,0
33309,240,200
33310,240,250
33311,83,31600
33312,234,1000
33313,242,0
33314,188,7500
33315,242,0
33316,238,500
33317,2,150000
33318,242,0
33319,2,150000
33320,0,300000
33321,2,150000
33322,242,0
33323,242,0
33324,238,450
33325,10,93000
33326,204,5000
33327,238,500
33328,0,300000
33329,242,0
33330,242,0
33331,241,100
33332,242,0
33333,242,0
33334,45,49500
33335,242,0
33336,242,0
33337,241,100
33338,242,0
33339,235,800
33340,141,16000
33341,23,69300
33342,237,600
33343,242,0
33344,240,250
33345,242,0
33346,242,0
33347,242,0
33348,242,0
33349,240,250
33350,234,1000
33351,241,100
33352,242,0
33353,242,0
33354,239,300
33355,242,0
33356,141,16000
33357,242,0
33358,134,17500
33359,204,5000
33360,242,0
33361,239,300
33362,242,0
33363,234,1000
33364,138,16600
33365,239,300
33366,141,16000
33367,242,0
33368,172,10100
33369,183,8300
33370,242,0
33371,239,300
33372,242,0
33373,242,0
33374,237,600
33375,242,0
33376,241,150
33377,242,0
33378,242,0
33379,241,100
33380,238,500
33381,235,900
33382,0,350000
33383,239,300
33384,242,0
33385,0,300000
33386,241,150
33387,238,500
33388,242,0
33389,219,3000
33390,242,0
33391,68,37500
33392,2,150000
33393,242,0
33394,242,0
33395,225,2100
33396,234,1000
33397,242,0
33398,242,0
33399,239,300
33400,242,0
33401,242,0
33402,6,110000
33403,2,150000
33404,242,0
33405,27,65000
33406,242,0
33407,242,0
33408,242,0
33409,230,1500
33410,241,150
33411,242,0
33412,229,1600
33413,211,4000
33414,242,0
33415,0,2000000
33416,141,16000
33417,242,0
33418,242,0
33419,197,6000
33420,242,0
33421,146,15000
33422,188,7500
33423,123,20000
33424,242,0
33425,242,0
33426,228,1800
33427,242,0
33428,186,7750
33429,242,0
33430,0,500000
33431,0,450000
33432,230,1500
33433,235,800
33434,241,150
33435,241,100
33436,242,0
33437,240,250
33438,242,0
33439,240,200
33440,242,0
33441,242,0
33442,232,1250
33443,242,0
33444,242,0
33445,242,0
33446,242,0
33447,242,0
33448,242,0
33449,242,0
33450,240,250
33451,238,500
33452,242,0
33453,242,0
33454,239,400
33455,204,5000
33456,242,0
33457,1,175000
33458,2,150000
33459,219,3000
33460,242,0
33461,239,300
33462,242,0
33463,242,0
33464,235,800
33465,235,900
33466,140,16200
33467,228,1800
33468,241,100
33469,238,500
33470,242,0
33471,8,100000
33472,0,350000
33473,236,750
33474,228,1700
33475,239,300
33476,242,0
33477,242,0
33478,242,0
33479,197,6000
33480,242,0
33481,4,122500
33482,237,650
33483,239,300
33484,242,0
33485,219,3000
33486,242,0
33487,231,1400
33488,242,0
33489,183,8300
33490,238,500
33491,241,150
33492,239,300
33493,239,400
33494,242,0
33495,41,52600
33496,240,250
33497,186,7700
33498,242,0
33499,242,0
33500,0,1500000
33501,167,11000
33502,242,0
33503,226,2000
33504,242,0
33505,242,0
33506,219,3000
33507,242,0
33508,2,150000
33509,234,1000
33510,239,300
33511,241,100
33512,0,500000
33513,242,0
33514,0,1050000
33515,134,17500
33516,235,800
33517,235,800
33518,235,800
33519,242,0
33520,242,0
33521,88,30000
33522,204,5000
33523,242,0
33524,2,150000
33525,2,150000
33526,242,0
33527,123,20000
33528,239,300
33529,234,1000
33530,239,300
33531,240,200
33532,197,6000
33533,234,1000
33534,241,100
33535,242,0
33536,68,37500
33537,242,0
33538,113,22500
33539,237,600
33540,82,32000
33541,223,2400
33542,242,0
33543,62,40000
33544,242,0
33545,242,0
33546,235,900
33547,242,0
33548,240,200
33549,239,300
33550,242,0
33551,242,0
33552,242,0
33553,236,700
33554,242,0
33555,186,7800
33556,242,0
33557,242,0
33558,242,0
33559,1,160200
33560,241,150
33561,161,12000
33562,170,10500
33563,242,0
33564,242,0
33565,13,87500
33566,242,0
33567,183,8300
33568,242,0
33569,242,0
33570,242,0
33571,240,200
33572,242,0
33573,240,200
33574,197,6000
33575,242,0
33576,241,100
33577,242,0
33578,13,87500
33579,83,31450
33580,240,200
33581,242,0
33582,236,700
33583,231,1350
33584,242,0
33585,240,200
33586,242,0
33587,242,0
33588,242,0
33589,240,200
33590,2,150000
33591,211,4000
33592,242,0
33593,241,100
33594,239,400
33595,229,1600
33596,230,1450
33597,242,0
33598,235,800
33599,239,300
33600,242,0
33601,0,350000
33602,228,1800
33603,242,0
33604,241,100
33605,242,0
33606,141,16000
33607,2,150000
33608,123,20000
33609,242,0
33610,242,0
33611,241,100
33612,238,500
33613,223,2400
33614,185,8000
33615,242,0
33616,240,200
33617,242,0
33618,240,250
33619,242,0
33620,204,5000
33621,238,500
33622,13,87500
33623,188,7500
33624,211,4000
33625,240,200
33626,242,0
33627,239,300
33628,239,300
33629,238,500
33630,242,0
33631,236,750
33632,240,200
33633,239,400
33634,2,150000
33635,202,5400
33636,41,52500
33637,0,600000
33638,222,2600
33639,226,2000
33640,242,0
33641,242,0
33642,2,150000
33643,0,200000
33644,242,0
33645,241,150
33646,238,450
33647,242,0
33648,220,2800
33649,242,0
33650,242,0
33651,242,0
33652,242,0
33653,0,2000000
33654,241,100
33655,242,0
33656,236,750
33657,242,0
33658,237,550
33659,242,0
33660,242,0
33661,242,0
33662,238,450
33663,240,200
33664,242,0
33665,228,1800
33666,239,300
33667,240,200
33668,242,0
33669,242,0
33670,229,1600
33671,223,2400
33672,239,350
33673,242,0
33674,242,0
33675,239,400
33676,88,30000
33677,242,0
33678,242,0
33679,242,0
33680,242,0
33681,242,0
33682,242,0
33683,146,15000
33684,239,300
33685,226,2000
33686,242,0
33687,88,30000
33688,242,0
33689,242,0
33690,239,300
33691,242,0
33692,242,0
33693,234,1000
33694,2,150000
33695,240,200
33696,242,0
33697,188,7500
33698,19,75000
33699,242,0
33700,2,150000
33701,242,0
33702,197,6000
33703,242,0
33704,141,16000
33705,242,0
33706,2,150000
33707,2,150000
33708,232,1200
33709,238,500
33710,242,0
33711,242,0
33712,240,200
33713,2,150000
33714,0,350000
33715,241,100
33716,242,0
33717,242,0
33718,242,0
33719,2,150000
33720,141,16000
33721,242,0
33722,219,3000
33723,242,0
33724,242,0
33725,238,500
33726,107,24000
33727,204,5000
33728,211,4000
33729,197,6000
33730,242,0
33731,141,16000
33732,240,200
33733,235,800
33734,242,0
33735,241,100
33736,242,0
33737,242,0
33738,242,0
33739,242,0
33740,242,0
33741,2,150000
33742,242,0
33743,234,1000
33744,241,100
33745,235,800
33746,242,0
33747,0,350000
33748,2,150000
33749,229,1600
33750,242,0
33751,242,0
33752,240,200
33753,172,10000
33754,240,200
33755,242,0
33756,242,0
33757,242,0
33758,223,2400
33759,235,800
33760,238,500
33761,238,450
33762,242,0
33763,0,2000000
33764,242,0
33765,240,200
33766,239,300
33767,240,200
33768,241,100
33769,240,200
33770,242,0
33771,242,0
33772,0,750000
33773,201,5550
33774,222,2600
33775,211,4000
33776,3,125750
33777,176,9400
33778,0,450000
33779,107,24000
33780,237,600
33781,240,200
33782,240,200
33783,219,3000
33784,239,400
33785,242,0
33786,238,500
33787,242,0
33788,242,0
33789,195,6300
33790,2,150000
33791,2,150000
33792,113,22500
33793,240,200
33794,180,8750
33795,186,7800
33796,237,600
33797,0,200000
33798,2,150000
33799,234,1000
33800,242,0
33801,242,0
33802,233,1150
33803,242,0
33804,62,40000
33805,208,4500
33806,197,6000
33807,191,7000
33808,242,0
33809,235,800
33810,234,1000
33811,82,32000
33812,242,0
33813,242,0
33814,41,52500
33815,0,300000
33816,242,0
33817,240,250
33818,242,0
33819,242,0
33820,240,200
33821,0,324000
33822,242,0
33823,242,0
33824,2,150000
33825,242,0
33826,242,0
33827,188,7500
33828,113,22500
33829,2,150000
33830,242,0
33831,242,0
33832,242,0
33833,211,4000
33834,242,0
33835,239,300
33836,161,12000
33837,240,250
33838,238,500
33839,0,300000
33840,242,0
33841,19,75000
33842,2,150000
33843,242,0
33844,86,30400
33845,241,100
33846,239,300
33847,242,0
33848,107,24000
33849,240,200
33850,238,500
33851,242,0
33852,211,4000
33853,225,2100
33854,235,800
33855,242,0
33856,242,0
33857,240,200
33858,229,1600
33859,211,4000
33860,242,0
33861,242,0
33862,242,0
33863,241,100
33864,240,200
33865,239,300
33866,226,2000
33867,242,0
33868,235,800
33869,219,3000
33870,183,8300
33871,242,0
33872,223,2400
33873,242,0
33874,234,1000
33875,237,600
33876,240,200
33877,235,800
33878,41,52500
33879,242,0
33880,235,900
33881,0,600000
33882,242,0
33883,240,200
33884,241,100
33885,204,5000
33886,238,500
33887,228,1700
33888,234,1000
33889,242,0
33890,242,0
33891,242,0
33892,239,300
33893,235,800
33894,242,0
33895,238,500
33896,2,150000
33897,242,0
33898,242,0
33899,237,600
33900,2,150000
33901,242,0
33902,241,150
33903,107,24000
33904,235,800
33905,132,17900
33906,236,750
33907,242,0
33908,242,0
33909,242,0
33910,242,0
33911,242,0
33912,0,500000
33913,242,0
33914,240,250
33915,242,0
33916,242,0
33917,217,3200
33918,238,500
33919,0,600000
33920,241,100
33921,0,700000
33922,239,300
33923,235,800
33924,242,0
33925,242,0
33926,239,300
33927,242,0
33928,237,600
33929,73,35500
33930,240,200
33931,232,1250
33932,240,200
33933,238,500
33934,2,150000
33935,242,0
33936,240,250
33937,242,0
33938,0,300000
33939,242,0
33940,242,0
33941,241,100
33942,0,350000
33943,242,0
33944,242,0
33945,242,0
33946,238,450
33947,242,0
33948,215,3500
33949,242,0
33950,233,1050
33951,211,4000
33952,240,200
33953,210,4200
33954,242,0
33955,16,80000
33956,242,0
33957,226,2000
33958,197,6000
33959,161,12000
33960,233,1100
33961,242,0
33962,242,0
33963,242,0
33964,239,300
33965,141,16000
33966,131,18200
33967,242,0
33968,242,0
33969,97,27000
33970,238,500
33971,241,150
33972,242,0
33973,242,0
33974,242,0
33975,237,600
33976,68,37500
33977,242,0
33978,242,0
33979,242,0
33980,235,900
33981,242,0
33982,240,200
33983,242,0
33984,235,800
33985,237,600
33986,239,400
33987,2,150000
33988,242,0
33989,235,800
33990,151,14000
33991,240,200
33992,242,0
33993,239,350
33994,239,300
33995,239,300
33996,242,0
33997,0,350000
33998,242,0
33999,2,150000
34000,241,150
34001,53,45000
34002,228,1800
34003,141,16000
34004,242,0
34005,239,400
34006,242,0
34007,242,0
34008,242,0
34009,230,1500
34010,238,500
34011,241,100
34012,242,0
34013,241,150
34014,242,0
34015,188,7500
34016,107,24000
34017,0,300000
34018,242,0
34019,242,0
34020,242,0
34021,242,0
34022,141,16000
34023,242,0
34024,235,900
34025,123,20000
34026,119,21000
34027,239,300
34028,239,400
34029,242,0
34030,241,100
34031,242,0
34032,242,0
34033,235,900
34034,242,0
34035,242,0
34036,242,0
34037,204,5000
34038,231,1400
34039,1,175000
34040,242,0
34041,206,4800
34042,242,0
34043,225,2100
34044,188,7500
34045,234,1000
34046,235,800
34047,62,40000
34048,239,300
34049,0,750000
34050,48,48000
34051,241,100
34052,188,7500
34053,62,40000
34054,242,0
34055,210,4200
34056,239,400
34057,53,45000
34058,238,500
34059,242,0
34060,239,400
34061,242,0
34062,242,0
34063,240,250
34064,237,600
34065,241,150
34066,242,0
34067,141,16000
34068,48,48000
34069,242,0
34070,2,150000
34071,242,0
34072,242,0
34073,242,0
34074,241,100
34075,215,3500
34076,242,0
34077,239,350
34078,211,4000
34079,242,0
34080,235,800
34081,188,7500
34082,242,0
34083,241,100
34084,123,20000
34085,240,200
34086,224,2250
34087,177,9300
34088,239,300
34089,242,0
34090,241,100
34091,242,0
34092,242,0
34093,201,5550
34094,242,0
34095,242,0
34096,2,150000
34097,242,0
34098,241,150
34099,241,150
34100,242,0
34101,241,100
34102,242,0
34103,242,0
34104,234,950
34105,235,900
34106,235,800
34107,242,0
34108,242,0
34109,88,30000
34110,68,37500
34111,240,200
34112,0,300000
34113,242,0
34114,197,6000
34115,0,300000
34116,227,1850
34117,2,150000
34118,187,7600
34119,237,600
34120,242,0
34121,242,0
34122,242,0
34123,235,800
34124,185,8000
34125,2,150000
34126,242,0
34127,0,300000
34128,230,1500
34129,0,200000
34130,240,200
34131,2,150000
34132,241,100
34133,242,0
34134,146,15000
34135,242,0
34136,242,0
34137,239,400
34138,239,300
34139,242,0
34140,188,7500
34141,2,150000
34142,123,20000
34143,239,400
34144,242,0
34145,53,45000
34146,62,40000
34147,235,900
34148,242,0
34149,68,37500
34150,235,800
34151,141,16000
34152,242,0
34153,239,300
34154,239,300
34155,242,0
34156,242,0
34157,226,2000
34158,2,150000
34159,23,70000
34160,240,200
34161,219,3000
34162,241,150
34163,242,0
34164,242,0
34165,223,2400
34166,242,0
34167,2,150000
34168,236,700
34169,240,250
34170,240,200
34171,2,150000
34172,242,0
34173,204,5000
34174,242,0
34175,230,1500
34176,184,8050
34177,204,5000
34178,123,20000
34179,188,7500
34180,113,22500
34181,241,150
34182,242,0
34183,146,15000
34184,107,24000
34185,235,800
34186,239,400
34187,239,400
34188,238,500
34189,242,0
34190,242,0
34191,241,100
34192,0,450000
34193,242,0
34194,240,250
34195,242,0
34196,2,150000
34197,239,300
34198,242,0
34199,239,400
34200,242,0
34201,235,800
34202,2,150000
34203,235,900
34204,242,0
34205,0,200000
34206,235,800
34207,240,200
34208,231,1400
34209,242,0
34210,240,200
34211,242,0
34212,235,800
34213,233,1100
34214,238,500
34215,45,50000
34216,239,300
34217,242,0
34218,242,0
34219,242,0
34220,242,0
34221,242,0
34222,242,0
34223,242,0
34224,241,150
34225,242,0
34226,235,800
34227,235,800
34228,242,0
34229,242,0
34230,242,0
34231,240,200
34232,235,800
34233,146,15000
34234,2,150000
34235,240,200
34236,242,0
34237,242,0
34238,242,0
34239,242,0
34240,242,0
34241,187,7600
34242,237,550
34243,123,20000
34244,242,0
34245,219,3000
34246,241,150
34247,62,40000
34248,241,100
34249,242,0
34250,235,800
34251,226,2000
34252,219,3000
34253,242,0
34254,242,0
34255,228,1750
34256,242,0
34257,242,0
34258,241,100
34259,213,3800
34260,0,450000
34261,239,300
34262,242,0
34263,126,19250
34264,141,16000
34265,228,1750
34266,235,800
34267,242,0
34268,242,0
34269,242,0
34270,241,150
34271,242,0
34272,240,250
34273,239,300
34274,32,60000
34275,236,700
34276,241,100
34277,242,0
34278,230,1500
34279,0,200000
34280,2,150000
34281,242,0
34282,242,0
34283,239,300
34284,242,0
34285,242,0
34286,241,100
34287,239,400
34288,242,0
34289,240,200
34290,19,75000
34291,239,300
34292,240,200
34293,242,0
34294,242,0
34295,232,1200
34296,242,0
34297,123,20000
34298,242,0
34299,2,150000
34300,152,13800
34301,242,0
34302,240,200
34303,223,2400
34304,238,500
34305,242,0
34306,242,0
34307,141,16000
34308,242,0
34309,229,1600
34310,204,5000
34311,200,5600
34312,235,800
34313,2,150000
34314,242,0
34315,239,400
34316,0,300000
34317,146,15000
34318,240,200
34319,242,0
34320,242,0
34321,239,350
34322,2,150000
34323,240,200
34324,48,48000
34325,230,1500
34326,238,500
34327,242,0
34328,237,650
34329,241,150
34330,242,0
34331,219,3000
34332,229,1600
34333,240,200
34334,235,800
34335,242,0
34336,235,800
34337,242,0
34338,226,2000
34339,240,250
34340,239,300
34341,235,800
34342,241,100
34343,242,0
34344,2,150000
34345,242,0
34346,242,0
34347,242,0
34348,242,0
34349,242,0
34350,240,200
34351,242,0
34352,0,300000
34353,0,300000
34354,240,200
34355,219,3000
34356,242,0
34357,88,30000
34358,144,15300
34359,225,2100
34360,242,0
34361,242,0
34362,242,0
34363,242,0
34364,188,7500
34365,242,0
34366,208,4500
34367,242,0
34368,0,300000
34369,239,300
34370,242,0
34371,241,100
34372,240,200
34373,242,0
34374,242,0
34375,181,8500
34376,242,0
34377,241,150
34378,0,900000
34379,229,1600
34380,225,2100
34381,161,12000
34382,242,0
34383,237,600
34384,0,1000000
34385,241,100
34386,240,200
34387,211,4000
34388,219,3000
34389,206,4800
34390,196,6150
34391,178,9100
34392,242,0
34393,219,2950
34394,237,600
34395,237,650
34396,242,0
34397,172,10000
34398,2,150000
34399,226,2000
34400,242,0
34401,242,0
34402,242,0
34403,3,125750
34404,242,0
34405,230,1500
34406,226,2000
34407,240,250
34408,241,100
34409,242,0
34410,0,300000
34411,242,0
34412,242,0
34413,240,200
34414,239,400
34415,241,100
34416,242,0
34417,242,0
34418,240,200
34419,242,0
34420,242,0
34421,2,150000
34422,242,0
34423,242,0
34424,239,400
34425,242,0
34426,238,500
34427,204,5000
34428,241,150
34429,80,32550
34430,242,0
34431,242,0
34432,2,150000
34433,208,4500
34434,242,0
34435,197,6000
34436,242,0
34437,226,2000
34438,242,0
34439,226,2000
34440,239,400
34441,239,300
34442,240,200
34443,242,0
34444,239,300
34445,238,500
34446,2,150000
34447,239,300
34448,239,400
34449,242,0
34450,0,200000
34451,241,100
34452,211,4000
34453,242,0
34454,231,1350
34455,113,22500
34456,242,0
34457,211,4000
34458,242,0
34459,223,2400
34460,239,300
34461,242,0
34462,190,7200
34463,16,80000
34464,188,7500
34465,240,200
34466,242,0
34467,2,150000
34468,228,1800
34469,235,800
34470,123,20000
34471,242,0
34472,197,6000
34473,226,2000
34474,241,100
34475,232,1200
34476,242,0
34477,242,0
34478,242,0
34479,223,2400
34480,242,0
34481,242,0
34482,242,0
34483,211,4000
34484,242,0
34485,242,0
34486,2,150000
34487,240,200
34488,122,20300
34489,235,800
34490,242,0
34491,2,150000
34492,239,300
34493,235,900
34494,242,0
34495,241,100
34496,240,250
34497,197,6000
34498,211,4000
34499,242,0
34500,242,0
34501,236,700
34502,235,800
34503,242,0
34504,0,300000
34505,242,0
34506,107,24000
34507,223,2400
34508,0,500000
34509,242,0
34510,234,1000
34511,204,5000
34512,242,0
34513,183,8300
34514,242,0
34515,240,250
34516,214,3600
34517,242,0
34518,242,0
34519,2,150000
34520,242,0
34521,88,30000
34522,241,100
34523,242,0
34524,123,20000
34525,141,16000
34526,239,400
34527,0,300000
34528,242,0
34529,242,0
34530,0,300000
34531,172,10100
34532,141,16000
34533,141,16000
34534,211,4000
34535,242,0
34536,242,0
34537,239,300
34538,0,200000
34539,242,0
34540,237,600
34541,235,800
34542,242,0
34543,242,0
34544,239,400
34545,241,100
34546,41,52500
34547,62,40000
34548,242,0
34549,241,100
34550,242,0
34551,240,200
34552,242,0
34553,242,0
34554,242,0
34555,146,15000
34556,2,150000
34557,0,300000
34558,242,0
34559,146,15000
34560,242,0
34561,53,45000
34562,240,200
34563,238,500
34564,179,8950
34565,242,0
34566,229,1600
34567,242,0
34568,19,75000
34569,187,7600
34570,226,2000
34571,242,0
34572,241,100
34573,240,200
34574,242,0
34575,240,200
34576,242,0
34577,242,0
34578,0,200000
34579,2,150000
34580,0,200000
34581,242,0
34582,242,0
34583,241,100
34584,240,200
34585,234,1000
34586,185,7900
34587,239,300
34588,238,500
34589,235,800
34590,236,700
34591,242,0
34592,240,200
34593,241,100
34594,0,450000
34595,0,300000
34596,204,5000
34597,242,0
34598,226,1950
34599,236,750
34600,241,100
34601,242,0
34602,197,6000
34603,242,0
34604,2,150000
34605,240,250
34606,240,200
34607,242,0
34608,175,9500
34609,242,0
34610,242,0
34611,242,0
34612,242,0
34613,197,6000
34614,0,500000
34615,187,7600
34616,225,2200
34617,241,150
34618,226,2000
34619,16,80000
34620,0,240000
34621,0,350000
34622,88,30000
34623,141,16000
34624,242,0
34625,242,0
34626,242,0
34627,242,0
34628,242,0
34629,240,200
34630,242,0
34631,204,5000
34632,2,150000
34633,219,3000
34634,1,166250
34635,242,0
34636,242,0
34637,242,0
34638,242,0
34639,241,150
34640,230,1500
34641,242,0
34642,242,0
34643,237,600
34644,145,15100
34645,239,400
34646,235,900
34647,2,150000
34648,202,5400
34649,240,200
34650,240,200
34651,2,150000
34652,242,0
34653,239,400
34654,45,49500
34655,237,600
34656,242,0
34657,88,30000
34658,204,5000
34659,242,0
34660,242,0
34661,242,0
34662,2,150000
34663,132,18000
34664,242,0
34665,238,450
34666,242,0
34667,241,100
34668,242,0
34669,242,0
34670,242,0
34671,141,15900
34672,242,0
34673,235,800
34674,234,1000
34675,241,100
34676,234,1000
34677,239,300
34678,242,0
34679,242,0
34680,242,0
34681,240,250
34682,240,200
34683,242,0
34684,239,300
34685,234,1000
34686,242,0
34687,235,800
34688,239,300
34689,127,19000
34690,239,300
34691,242,0
34692,188,7500
34693,242,0
34694,242,0
34695,240,200
34696,242,0
34697,242,0
34698,113,22500
34699,241,100
34700,242,0
34701,242,0
34702,143,15500
34703,240,250
34704,242,0
34705,216,3300
34706,123,20000
34707,239,300
34708,238,500
34709,242,0
34710,242,0
34711,239,300
34712,75,34600
34713,2,150000
34714,234,1000
34715,242,0
34716,237,600
34717,214,3600
34718,242,0
34719,242,0
34720,239,300
34721,182,8450
34722,142,15800
34723,240,200
34724,236,750
34725,238,500
34726,2,150000
34727,239,300
34728,240,200
34729,208,4500
34730,141,16000
34731,242,0
34732,242,0
34733,88,30000
34734,239,400
34735,239,400
34736,146,15000
34737,239,400
34738,229,1600
34739,235,900
34740,197,6000
34741,234,1000
34742,233,1050
34743,237,600
34744,238,500
34745,242,0
34746,185,8000
34747,242,0
34748,240,250
34749,242,0
34750,188,7500
34751,241,100
34752,239,350
34753,226,2000
34754,62,40000
34755,242,0
34756,240,250
34757,242,0
34758,0,1000000
34759,239,300
34760,239,300
34761,242,0
34762,2,150000
34763,242,0
34764,240,200
34765,62,40000
34766,242,0
34767,241,150
34768,240,250
34769,187,7600
34770,242,0
34771,242,0
34772,62,40000
34773,241,100
34774,236,700
34775,0,310000
34776,107,24000
34777,242,0
34778,242,0
34779,242,0
34780,240,200
34781,197,6000
34782,242,0
34783,242,0
34784,240,200
34785,229,1600
34786,242,0
34787,242,0
34788,242,0
34789,242,0
34790,2,150000
34791,241,150
34792,242,0
34793,242,0
34794,144,15300
34795,238,500
34796,241,100
34797,219,3000
34798,239,300
34799,239,300
34800,82,32000
34801,141,16000
34802,242,0
34803,242,0
34804,242,0
34805,242,0
34806,238,500
34807,240,200
34808,234,1000
34809,219,3000
34810,172,10000
34811,242,0
34812,242,0
34813,242,0
34814,242,0
34815,144,15400
34816,238,500
34817,239,400
34818,242,0
34819,242,0
34820,226,2000
34821,237,600
34822,242,0
34823,0,300000
34824,235,900
34825,221,2700
34826,242,0
34827,242,0
34828,242,0
34829,242,0
34830,240,200
34831,242,0
34832,241,100
34833,232,1200
34834,242,0
34835,242,0
34836,240,200
34837,241,100
34838,235,900
34839,2,150000
34840,2,150000
34841,242,0
34842,242,0
34843,0,300000
34844,0,300000
34845,197,6000
34846,217,3200
34847,0,200000
34848,0,350000
34849,240,200
34850,0,1500000
34851,242,0
34852,0,500000
34853,2,150000
34854,242,0
34855,170,10500
34856,239,300
34857,210,4250
34858,241,100
34859,0,350000
34860,242,0
34861,228,1800
34862,206,4800
34863,242,0
34864,239,300
34865,239,400
34866,242,0
34867,210,4200
34868,2,150000
34869,242,0
34870,2,150000
34871,219,3000
34872,242,0
34873,240,200
34874,107,24000
34875,242,0
34876,88,30000
34877,242,0
34878,242,0
34879,242,0
34880,0,200000
34881,242,0
34882,232,1250
34883,236,750
34884,239,400
34885,242,0
34886,238,500
34887,242,0
34888,239,300
34889,226,2000
34890,229,1600
34891,113,22500
34892,19,75000
34893,0,450000
34894,233,1100
34895,241,150
34896,242,0
34897,241,100
34898,242,0
34899,223,2350
34900,235,800
34901,141,16000
34902,240,250
34903,236,700
34904,13,87500
34905,237,600
34906,242,0
34907,242,0
34908,237,550
34909,242,0
34910,226,2000
34911,242,0
34912,242,0
34913,146,15000
34914,242,0
34915,223,2400
34916,161,12000
34917,242,0
34918,233,1100
34919,242,0
34920,241,150
34921,236,750
34922,0,300000
34923,2,150000
34924,41,52500
34925,240,200
34926,45,49500
34927,242,0
34928,242,0
34929,234,1000
34930,240,200
34931,239,400
34932,233,1100
34933,32,60000
34934,182,8400
34935,242,0
34936,0,500000
34937,2,150000
34938,242,0
34939,0,300000
34940,141,16000
34941,141,16000
34942,242,0
34943,242,0
34944,242,0
34945,242,0
34946,229,1600
34947,226,2000
34948,242,0
34949,197,6000
34950,242,0
34951,161,12000
34952,241,100
34953,211,4000
34954,240,250
34955,0,300000
34956,242,0
34957,195,6400
34958,41,52500
34959,188,7500
34960,242,0
34961,171,10300
34962,240,250
34963,242,0
34964,241,100
34965,242,0
34966,240,250
34967,182,8400
34968,229,1600
34969,241,100
34970,241,150
34971,242,0
34972,239,300
34973,242,0
34974,223,2400
34975,240,200
34976,242,0
34977,241,100
34978,221,2700
34979,239,350
34980,239,300
34981,185,8000
34982,0,300000
34983,170,10500
34984,188,7500
34985,232,1250
34986,223,2400
34987,241,150
34988,2,150000
34989,242,0
34990,241,100
34991,242,0
34992,23,70000
34993,240,200
34994,144,15400
34995,239,300
34996,242,0
34997,0,300000
34998,221,2700
34999,242,0
35000,194,6500
35001,241,100
35002,242,0
35003,241,100
35004,242,0
35005,242,0
35006,62,40000
35007,241,100
35008,242,0
35009,107,24000
35010,2,150000
35011,241,100
35012,237,600
35013,235,800
35014,242,0
35015,239,300
35016,241,100
35017,232,1250
35018,239,300
35019,219,3000
35020,235,800
35021,242,0
35022,197,6000
35023,225,2200
35024,239,300
35025,0,300000
35026,241,100
35027,242,0
35028,242,0
35029,2,150000
35030,242,0
35031,242,0
35032,242,0
35033,239,400
35034,0,200000
35035,242,0
35036,72,36000
35037,237,600
35038,242,0
35039,242,0
35040,0,300000
35041,2,150000
35042,242,0
35043,241,150
35044,242,0
35045,32,60000
35046,242,0
35047,242,0
35048,106,24300
35049,242,0
35050,226,2000
35051,2,150000
35052,188,7500
35053,242,0
35054,242,0
35055,239,300
35056,242,0
35057,88,30000
35058,211,4000
35059,213,3800
35060,219,3000
35061,242,0
35062,242,0
35063,242,0
35064,242,0
35065,235,800
35066,242,0
35067,242,0
35068,240,250
35069,239,400
35070,239,350
35071,233,1100
35072,67,37900
35073,226,2000
35074,240,200
35075,119,21000
35076,236,700
35077,242,0
35078,239,300
35079,228,1700
35080,232,1200
35081,242,0
35082,242,0
35083,236,750
35084,242,0
35085,0,300000
35086,240,200
35087,2,150000
35088,242,0
35089,242,0
35090,235,800
35091,233,1100
35092,242,0
35093,235,800
35094,240,200
35095,2,150000
35096,233,1050
35097,152,13750
35098,242,0
35099,242,0
35100,242,0
35101,141,16000
35102,240,200
35103,242,0
35104,242,0
35105,217,3200
35106,242,0
35107,142,15800
35108,242,0
35109,239,300
35110,242,0
35111,234,1000
35112,238,500
35113,242,0
35114,237,550
35115,242,0
35116,238,500
35117,88,30000
35118,237,600
35119,242,0
35120,240,200
35121,242,0
35122,242,0
35123,240,200
35124,242,0
35125,242,0
35126,2,150000
35127,0,1000000
35128,223,2400
35129,211,4000
35130,242,0
35131,82,32000
35132,235,800
35133,236,700
35134,151,14000
35135,242,0
35136,235,900
35137,229,1600
35138,234,1000
35139,242,0
35140,240,250
35141,235,900
35142,231,1400
35143,242,0
35144,242,0
35145,239,300
35146,191,7000
35147,241,100
35148,172,10000
35149,242,0
35150,242,0
35151,242,0
35152,242,0
35153,242,0
35154,242,0
35155,107,24000
35156,241,100
35157,242,0
35158,239,300
35159,233,1100
35160,228,1800
35161,2,150000
35162,242,0
35163,242,0
35164,242,0
35165,239,300
35166,123,20000
35167,226,2000
35168,48,48000
35169,0,500000
35170,242,0
35171,234,1000
35172,141,16000
35173,241,150
35174,238,500
35175,237,600
35176,242,0
35177,229,1600
35178,242,0
35179,236,750
35180,236,700
35181,2,150000
35182,242,0
35183,242,0
35184,237,550
35185,0,525000
35186,242,0
35187,242,0
35188,242,0
35189,241,100
35190,242,0
35191,2,150000
35192,242,0
35193,242,0
35194,211,4000
35195,239,400
35196,236,700
35197,232,1250
35198,232,1300
35199,242,0
35200,187,7650
35201,242,0
35202,0,750000
35203,239,300
35204,242,0
35205,0,200000
35206,242,0
35207,235,800
35208,2,150000
35209,240,250
35210,241,100
35211,183,8300
35212,242,0
35213,242,0
35214,242,0
35215,242,0
35216,241,150
35217,238,500
35218,223,2400
35219,242,0
35220,241,100
35221,242,0
35222,239,300
35223,242,0
35224,242,0
35225,242,0
35226,107,24000
35227,2,150000
35228,242,0
35229,239,300
35230,242,0
35231,241,150
35232,239,400
35233,242,0
35234,239,400
35235,234,1000
35236,188,7500
35237,226,2000
35238,228,1800
35239,240,200
35240,242,0
35241,242,0
35242,2,150000
35243,239,400
35244,0,1000000
35245,242,0
35246,242,0
35247,240,200
35248,239,300
35249,224,2250
35250,242,0
35251,188,7500
35252,0,500000
35253,239,400
35254,238,500
35255,226,2000
35256,242,0
35257,242,0
35258,242,0
35259,239,300
35260,188,7500
35261,132,18000
35262,239,300
35263,237,600
35264,237,600
35265,242,0
35266,242,0
35267,242,0
35268,10,93000
35269,239,300
35270,182,8400
35271,2,150000
35272,241,150
35273,0,300000
35274,234,1000
35275,223,2400
35276,242,0
35277,239,350
35278,242,0
35279,242,0
35280,204,5000
35281,186,7700
35282,242,0
35283,242,0
35284,178,9100
35285,237,550
35286,242,0
35287,224,2300
35288,241,100
35289,242,0
35290,2,150000
35291,237,600
35292,242,0
35293,242,0
35294,242,0
35295,242,0
35296,134,17400
35297,239,300
35298,241,100
35299,166,11200
35300,242,0
35301,242,0
35302,240,250
35303,242,0
35304,123,20000
35305,242,0
35306,242,0
35307,241,100
35308,2,150000
35309,242,0
35310,242,0
35311,4,120000
35312,242,0
35313,240,200
35314,242,0
35315,123,20000
35316,238,500
35317,226,2000
35318,242,0
35319,240,200
35320,2,150000
35321,180,8700
35322,232,1200
35323,242,0
35324,67,38000
35325,2,150000
35326,241,100
35327,242,0
35328,0,200000
35329,241,100
35330,235,900
35331,242,0
35332,242,0
35333,242,0
35334,242,0
35335,241,150
35336,222,2600
35337,242,0
35338,242,0
35339,242,0
35340,242,0
35341,241,100
35342,239,300
35343,237,600
35344,240,200
35345,240,200
35346,197,6000
35347,242,0
35348,113,22500
35349,242,0
35350,122,20200
35351,237,600
35352,219,3000
35353,2,150000
35354,242,0
35355,178,9000
35356,241,100
35357,233,1100
35358,0,300000
35359,197,6000
35360,239,400
35361,2,150000
35362,242,0
35363,146,15000
35364,240,200
35365,242,0
35366,2,150000
35367,230,1500
35368,242,0
35369,242,0
35370,219,3000
35371,241,100
35372,0,300000
35373,240,250
35374,88,30000
35375,242,0
35376,235,900
35377,242,0
35378,225,2100
35379,242,0
35380,242,0
35381,242,0
35382,226,2000
35383,242,0
35384,204,5000
35385,2,150000
35386,242,0
35387,236,750
35388,242,0
35389,226,2000
35390,123,20000
35391,206,4800
35392,2,150000
35393,23,70000
35394,239,300
35395,242,0
35396,141,16000
35397,187,7600
35398,242,0
35399,226,2000
35400,240,200
35401,239,400
35402,2,150000
35403,241,100
35404,242,0
35405,242,0
35406,242,0
35407,235,900
35408,88,30000
35409,0,300000
35410,241,150
35411,242,0
35412,242,0
35413,239,400
35414,242,0
35415,234,1000
35416,219,3000
35417,242,0
35418,141,16000
35419,242,0
35420,107,24200
35421,239,300
35422,241,100
35423,1,155000
35424,242,0
35425,242,0
35426,242,0
35427,242,0
35428,137,16900
35429,229,1600
35430,242,0
35431,0,215200
35432,242,0
35433,2,150000
35434,233,1100
35435,141,16000
35436,216,3400
35437,240,250
35438,241,100
35439,146,15000
35440,242,0
35441,241,150
35442,241,100
35443,242,0
35444,242,0
35445,241,100
35446,185,8000
35447,241,100
35448,242,0
35449,242,0
35450,204,5000
35451,237,600
35452,242,0
35453,242,0
35454,242,0
35455,242,0
35456,141,16000
35457,229,1600
35458,242,0
35459,240,200
35460,82,32000
35461,233,1150
35462,238,450
35463,238,450
35464,242,0
35465,0,300000
35466,237,600
35467,242,0
35468,240,200
35469,231,1400
35470,242,0
35471,27,64800
35472,238,500
35473,242,0
35474,0,450000
35475,235,900
35476,242,0
35477,0,300000
35478,187,7600
35479,242,0
35480,241,150
35481,242,0
35482,242,0
35483,242,0
35484,242,0
35485,229,1600
35486,230,1500
35487,241,100
35488,242,0
35489,241,100
35490,242,0
35491,235,800
35492,241,150
35493,1,175000
35494,242,0
35495,242,0
35496,16,80000
35497,239,300
35498,242,0
35499,242,0
35500,239,400
35501,188,7500
35502,242,0
35503,242,0
35504,242,0
35505,236,700
35506,242,0
35507,242,0
35508,141,16000
35509,242,0
35510,0,300000
35511,240,200
35512,242,0
35513,206,4800
35514,242,0
35515,242,0
35516,242,0
35517,242,0
35518,2,150000
35519,242,0
35520,239,300
35521,107,24000
35522,240,250
35523,219,3000
35524,242,0
35525,0,200000
35526,239,300
35527,221,2700
35528,2,150000
35529,240,200
35530,186,7700
35531,39,53800
35532,239,400
35533,2,150000
35534,241,150
35535,0,400000
35536,242,0
35537,241,100
35538,2,150000
35539,242,0
35540,242,0
35541,242,0
35542,222,2550
35543,220,2800
35544,242,0
35545,242,0
35546,0,450000
35547,241,100
35548,242,0
35549,242,0
35550,233,1100
35551,240,250
35552,229,1600
35553,235,800
35554,219,3000
35555,141,16000
35556,242,0
35557,242,0
35558,186,7700
35559,242,0
35560,242,0
35561,242,0
35562,239,400
35563,235,800
35564,242,0
35565,242,0
35566,235,800
35567,235,900
35568,242,0
35569,241,150
35570,242,0
35571,242,0
35572,238,500
35573,219,3000
35574,226,2000
35575,240,250
35576,242,0
35577,182,8400
35578,242,0
35579,232,1200
35580,242,0
35581,146,15000
35582,178,9100
35583,241,100
35584,239,300
35585,238,450
35586,242,0
35587,242,0
35588,242,0
35589,239,300
35590,172,10000
35591,206,4800
35592,182,8400
35593,0,300000
35594,242,0
35595,242,0
35596,4,122250
35597,204,5000
35598,226,2000
35599,242,0
35600,242,0
35601,242,0
35602,239,400
35603,242,0
35604,242,0
35605,62,40000
35606,233,1100
35607,242,0
35608,0,350000
35609,2,150000
35610,240,200
35611,239,300
35612,242,0
35613,0,300000
35614,201,5500
35615,241,100
35616,0,1000000
35617,235,800
35618,242,0
35619,242,0
35620,242,0
35621,242,0
35622,228,1800
35623,240,250
35624,242,0
35625,239,300
35626,229,1600
35627,238,500
35628,240,250
35629,239,400
35630,234,1000
35631,241,100
35632,141,16000
35633,242,0
35634,234,1000
35635,237,600
35636,242,0
35637,62,40000
35638,188,7500
35639,217,3200
35640,238,500
35641,240,250
35642,214,3600
35643,219,3000
35644,2,150000
35645,212,3900
35646,0,900000
35647,242,0
35648,239,300
35649,2,150000
35650,242,0
35651,242,0
35652,240,200
35653,242,0
35654,197,6000
35655,217,3250
35656,242,0
35657,2,150000
35658,241,100
35659,242,0
35660,241,100
35661,239,400
35662,242,0
35663,107,24200
35664,232,1200
35665,242,0
35666,185,8000
35667,239,300
35668,240,250
35669,241,150
35670,241,100
35671,242,0
35672,235,800
35673,242,0
35674,113,22500
35675,242,0
35676,242,0
35677,0,300000
35678,235,800
35679,242,0
35680,242,0
35681,242,0
35682,238,450
35683,242,0
35684,240,250
35685,104,25000
35686,226,2000
35687,242,0
35688,242,0
35689,170,10500
35690,2,150000
35691,0,225000
35692,239,300
35693,239,300
35694,188,7500
35695,188,7500
35696,235,800
35697,2,150000
35698,239,300
35699,41,52500
35700,230,1500
35701,242,0
35702,242,0
35703,229,1600
35704,204,5000
35705,218,3100
35706,0,1050000
35707,237,600
35708,2,150000
35709,242,0
35710,226,2000
35711,204,5000
35712,81,32500
35713,227,1900
35714,239,300
35715,241,100
35716,2,150000
35717,107,24000
35718,242,0
35719,225,2100
35720,234,1000
35721,201,5550
35722,141,16000
35723,241,100
35724,2,150000
35725,242,0
35726,211,4000
35727,239,300
35728,239,400
35729,242,0
35730,242,0
35731,239,350
35732,0,300000
35733,242,0
35734,241,150
35735,0,450000
35736,242,0
35737,241,100
35738,242,0
35739,238,500
35740,238,450
35741,241,150
35742,206,4800
35743,2,150000
35744,2,150000
35745,242,0
35746,242,0
35747,211,4000
35748,242,0
35749,235,800
35750,239,400
35751,240,200
35752,242,0
35753,242,0
35754,242,0
35755,234,1000
35756,123,20000
35757,242,0
35758,242,0
35759,240,200
35760,242,0
35761,242,0
35762,240,250
35763,187,7600
35764,229,1650
35765,242,0
35766,232,1200
35767,185,8000
35768,2,150000
35769,242,0
35770,146,15000
35771,242,0
35772,242,0
35773,241,100
35774,242,0
35775,240,250
35776,237,600
35777,183,8300
35778,226,2000
35779,242,0
35780,222,2600
35781,88,30000
35782,152,13750
35783,242,0
35784,242,0
35785,207,4600
35786,197,6000
35787,241,100
35788,239,300
35789,235,800
35790,123,20000
35791,242,0
35792,113,22500
35793,242,0
35794,242,0
35795,238,500
35796,123,20000
35797,238,500
35798,197,6000
35799,235,900
35800,241,100
35801,217,3200
35802,237,600
35803,226,2000
35804,242,0
35805,234,1000
35806,242,0
35807,242,0
35808,141,16000
35809,204,5000
35810,242,0
35811,238,500
35812,242,0
35813,32,60000
35814,107,24000
35815,146,15000
35816,242,0
35817,239,300
35818,161,12000
35819,242,0
35820,239,300
35821,2,150000
35822,188,7500
35823,103,25300
35824,226,2000
35825,236,750
35826,240,200
35827,0,1000000
35828,2,150000
35829,239,350
35830,237,600
35831,242,0
35832,242,0
35833,241,100
35834,0,350000
35835,240,200
35836,242,0
35837,67,37800
35838,241,100
35839,242,0
35840,242,0
35841,242,0
35842,242,0
35843,228,1750
35844,242,0
35845,232,1200
35846,235,800
35847,183,8300
35848,242,0
35849,211,4000
35850,235,800
35851,238,450
35852,226,2000
35853,211,4000
35854,241,100
35855,141,16000
35856,211,4000
35857,242,0
35858,2,150000
35859,236,700
35860,238,500
35861,242,0
35862,229,1600
35863,242,0
35864,242,0
35865,204,5000
35866,240,200
35867,242,0
35868,240,250
35869,242,0
35870,237,600
35871,242,0
35872,140,16200
35873,242,0
35874,242,0
35875,239,300
35876,242,0
35877,241,150
35878,2,150000
35879,219,3000
35880,220,2800
35881,52,45600
35882,242,0
35883,242,0
35884,204,5000
35885,2,150000
35886,242,0
35887,0,300000
35888,242,0
35889,2,150000
35890,242,0
35891,238,500
35892,242,0
35893,242,0
35894,242,0
35895,240,200
35896,241,100
35897,241,100
35898,197,6000
35899,241,100
35900,242,0
35901,242,0
35902,41,52500
35903,242,0
35904,242,0
35905,211,4000
35906,228,1800
35907,229,1600
35908,226,2000
35909,2,150000
35910,242,0
35911,240,200
35912,230,1500
35913,2,150000
35914,188,7500
35915,242,0
35916,2,150000
35917,230,1500
35918,232,1250
35919,0,200000
35920,240,200
35921,241,150
35922,240,200
35923,219,3000
35924,238,450
35925,242,0
35926,239,300
35927,242,0
35928,242,0
35929,242,0
35930,239,300
35931,242,0
35932,242,0
35933,204,5000
35934,197,6000
35935,242,0
35936,242,0
35937,1,152000
35938,144,15250
35939,241,100
35940,88,30000
35941,228,1800
35942,3,125750
35943,2,150000
35944,2,150000
35945,242,0
35946,62,40000
35947,237,600
35948,138,16600
35949,238,450
35950,176,9400
35951,237,600
35952,234,1000
35953,242,0
35954,242,0
35955,242,0
35956,239,300
35957,236,750
35958,240,200
35959,103,25300
35960,231,1400
35961,226,2000
35962,242,0
35963,241,150
35964,62,40000
35965,241,100
35966,107,24200
35967,242,0
35968,242,0
35969,240,200
35970,240,200
35971,242,0
35972,242,0
35973,0,200000
35974,240,200
35975,228,1800
35976,219,3000
35977,240,200
35978,242,0
35979,82,32000
35980,240,200
35981,234,1000
35982,226,2000
35983,242,0
35984,240,200
35985,241,100
35986,242,0
35987,242,0
35988,242,0
35989,240,250
35990,226,2000
35991,242,0
35992,226,2000
35993,242,0
35994,82,32000
35995,242,0
35996,235,800
35997,242,0
35998,241,100
35999,229,1600
36000,242,0
36001,0,500000
36002,242,0
36003,242,0
36004,2,150000
36005,242,0
36006,242,0
36007,241,100
36008,242,0
36009,239,300
36010,241,100
36011,0,350000
36012,242,0
36013,204,5000
36014,240,250
36015,235,800
36016,0,1000000
36017,242,0
36018,242,0
36019,235,800
36020,242,0
36021,242,0
36022,211,4000
36023,239,300
36024,242,0
36025,232,1250
36026,239,400
36027,242,0
36028,177,9200
36029,242,0
36030,242,0
36031,2,150000
36032,238,500
36033,226,2050
36034,242,0
36035,146,15000
36036,239,300
36037,240,200
36038,2,150000
36039,82,32000
36040,241,150
36041,242,0
36042,146,15000
36043,141,16000
36044,242,0
36045,241,100
36046,242,0
36047,226,2000
36048,7,105000
36049,241,100
36050,2,150000
36051,239,400
36052,242,0
36053,242,0
36054,87,30200
36055,134,17500
36056,242,0
36057,242,0
36058,235,900
36059,242,0
36060,237,600
36061,240,200
36062,242,0
36063,242,0
36064,242,0
36065,242,0
36066,0,300000
36067,242,0
36068,221,2700
36069,232,1300
36070,242,0
36071,242,0
36072,242,0
36073,235,900
36074,238,450
36075,242,0
36076,242,0
36077,242,0
36078,223,2450
36079,242,0
36080,226,2000
36081,242,0
36082,68,37500
36083,185,8000
36084,242,0
36085,241,100
36086,242,0
36087,240,200
36088,242,0
36089,0,200000
36090,235,800
36091,240,200
36092,2,150000
36093,211,4000
36094,241,150
36095,206,4800
36096,239,300
36097,206,4800
36098,242,0
36099,239,400
36100,2,150000
36101,242,0
36102,242,0
36103,242,0
36104,2,150000
36105,172,10000
36106,0,350000
36107,241,100
36108,239,300
36109,240,200
36110,242,0
36111,230,1500
36112,2,150000
36113,2,150000
36114,242,0
36115,242,0
36116,242,0
36117,242,0
36118,240,200
36119,2,150000
36120,242,0
36121,239,300
36122,230,1500
36123,161,12000
36124,0,300000
36125,242,0
36126,239,400
36127,242,0
36128,141,16000
36129,242,0
36130,219,3000
36131,242,0
36132,239,300
36133,241,100
36134,237,600
36135,242,0
36136,204,5000
36137,242,0
36138,132,18000
36139,242,0
36140,82,32000
36141,242,0
36142,242,0
36143,242,0
36144,241,100
36145,2,150000
36146,197,6000
36147,239,400
36148,141,16000
36149,0,200000
36150,0,300000
36151,242,0
36152,242,0
36153,242,0
36154,242,0
36155,219,3000
36156,204,5000
36157,240,200
36158,144,15300
36159,197,6000
36160,197,6000
36161,0,300000
36162,242,0
36163,241,150
36164,239,300
36165,242,0
36166,0,500000
36167,234,1000
36168,239,300
36169,107,24000
36170,242,0
36171,0,200000
36172,242,0
36173,241,150
36174,240,200
36175,227,1850
36176,132,18000
36177,2,150000
36178,188,7500
36179,0,300000
36180,242,0
36181,242,0
36182,2,150000
36183,242,0
36184,242,0
36185,204,5000
36186,239,300
36187,188,7500
36188,0,300000
36189,242,0
36190,242,0
36191,240,200
36192,123,20000
36193,219,3000
36194,237,600
36195,204,5000
36196,113,22500
36197,141,16000
36198,242,0
36199,141,16000
36200,242,0
36201,233,1100
36202,187,7600
36203,133,17650
36204,0,300000
36205,242,0
36206,242,0
36207,242,0
36208,242,0
36209,0,2000000
36210,241,100
36211,239,400
36212,242,0
36213,235,900
36214,241,100
36215,0,2000000
36216,242,0
36217,241,100
36218,240,250
36219,238,450
36220,242,0
36221,240,200
36222,242,0
36223,241,100
36224,242,0
36225,141,16000
36226,226,2000
36227,235,800
36228,208,4500
36229,2,150000
36230,242,0
36231,242,0
36232,242,0
36233,242,0
36234,242,0
36235,123,20000
36236,239,300
36237,242,0
36238,242,0
36239,0,2000000
36240,242,0
36241,242,0
36242,242,0
36243,242,0
36244,242,0
36245,236,750
36246,242,0
36247,242,0
36248,242,0
36249,238,500
36250,233,1100
36251,237,600
36252,241,100
36253,41,52500
36254,241,100
36255,235,800
36256,242,0
36257,242,0
36258,240,200
36259,141,16000
36260,32,60000
36261,242,0
36262,242,0
36263,197,6000
36264,197,6000
36265,241,100
36266,179,8950
36267,242,0
36268,242,0
36269,188,7500
36270,242,0
36271,242,0
36272,241,100
36273,242,0
36274,228,1800
36275,2,150000
36276,242,0
36277,225,2100
36278,242,0
36279,211,4000
36280,240,200
36281,235,900
36282,224,2300
36283,240,250
36284,226,2000
36285,242,0
36286,242,0
36287,219,3000
36288,242,0
36289,242,0
36290,242,0
36291,226,2000
36292,242,0
36293,239,400
36294,188,7500
36295,242,0
36296,242,0
36297,242,0
36298,242,0
36299,39,53800
36300,219,3000
36301,240,200
36302,234,1000
36303,238,450
36304,242,0
36305,242,0
36306,235,800
36307,242,0
36308,239,300
36309,241,100
36310,2,150000
36311,242,0
36312,242,0
36313,2,150000
36314,215,3500
36315,186,7700
36316,242,0
36317,225,2100
36318,242,0
36319,238,450
36320,242,0
36321,0,700000
36322,242,0
36323,219,3000
36324,229,1600
36325,186,7700
36326,232,1300
36327,123,20000
36328,240,250
36329,242,0
36330,88,30000
36331,242,0
36332,242,0
36333,242,0
36334,242,0
36335,242,0
36336,241,100
36337,197,6000
36338,242,0
36339,141,16000
36340,235,800
36341,242,0
36342,242,0
36343,223,2400
36344,242,0
36345,242,0
36346,242,0
36347,236,700
36348,0,300000
36349,242,0
36350,242,0
36351,240,250
36352,242,0
36353,82,32000
36354,240,250
36355,230,1500
36356,242,0
36357,239,300
36358,242,0
36359,236,700
36360,45,49500
36361,204,5000
36362,235,900
36363,242,0
36364,219,3000
36365,197,6000
36366,236,750
36367,237,600
36368,238,500
36369,19,75000
36370,241,150
36371,113,22500
36372,242,0
36373,242,0
36374,188,7500
36375,242,0
36376,230,1500
36377,232,1200
36378,219,3000
36379,242,0
36380,242,0
36381,238,500
36382,242,0
36383,104,25000
36384,238,500
36385,232,1250
36386,235,800
36387,240,200
36388,242,0
36389,239,300
36390,0,300000
36391,2,150000
36392,241,150
36393,242,0
36394,242,0
36395,2,150000
36396,226,2000
36397,113,22500
36398,242,0
36399,234,1000
36400,235,800
36401,141,16000
36402,235,800
36403,237,600
36404,240,250
36405,232,1300
36406,242,0
36407,241,100
36408,241,100
36409,242,0
36410,217,3200
36411,232,1300
36412,242,0
36413,242,0
36414,242,0
36415,242,0
36416,239,400
36417,240,200
36418,2,150000
36419,238,450
36420,242,0
36421,242,0
36422,242,0
36423,242,0
36424,236,700
36425,226,2000
36426,242,0
36427,161,12000
36428,236,750
36429,32,60000
36430,242,0
36431,107,24000
36432,76,34100
36433,242,0
36434,242,0
36435,142,15800
36436,242,0
36437,242,0
36438,239,300
36439,242,0
36440,239,300
36441,242,0
36442,242,0
36443,197,6000
36444,197,6000
36445,242,0
36446,242,0
36447,242,0
36448,242,0
36449,232,1200
36450,242,0
36451,242,0
36452,242,0
36453,242,0
36454,204,5000
36455,230,1500
36456,242,0
36457,242,0
36458,242,0
36459,242,0
36460,2,150000
36461,242,0
36462,241,100
36463,242,0
36464,242,0
36465,242,0
36466,239,300
36467,111,22950
36468,172,10000
36469,242,0
36470,242,0
36471,242,0
36472,228,1800
36473,242,0
36474,235,800
36475,242,0
36476,2,150000
36477,242,0
36478,0,200000
36479,226,2000
36480,240,200
36481,16,80000
36482,230,1500
36483,242,0
36484,240,200
36485,242,0
36486,242,0
36487,233,1100
36488,241,100
36489,229,1600
36490,242,0
36491,219,3000
36492,242,0
36493,0,300000
36494,241,150
36495,2,150000
36496,242,0
36497,242,0
36498,231,1400
36499,242,0
36500,242,0
36501,242,0
36502,239,300
36503,161,12000
36504,133,17750
36505,226,2000
36506,242,0
36507,242,0
36508,241,150
36509,178,9000
36510,242,0
36511,231,1400
36512,242,0
36513,146,15000
36514,215,3500
36515,242,0
36516,2,150000
36517,226,2000
36518,241,100
36519,241,150
36520,242,0
36521,239,400
36522,222,2600
36523,228,1800
36524,237,600
36525,240,200
36526,242,0
36527,2,150000
36528,62,40000
36529,242,0
36530,80,32550
36531,242,0
36532,242,0
36533,242,0
36534,208,4500
36535,217,3200
36536,53,45000
36537,2,150000
36538,239,400
36539,242,0
36540,68,37500
36541,235,900
36542,241,100
36543,237,600
36544,242,0
36545,240,250
36546,88,30000
36547,239,300
36548,241,150
36549,239,300
36550,240,200
36551,241,150
36552,242,0
36553,240,200
36554,241,150
36555,242,0
36556,242,0
36557,240,200
36558,239,350
36559,239,300
36560,0,200000
36561,241,100
36562,238,500
36563,242,0
36564,240,200
36565,188,7500
36566,242,0
36567,211,4000
36568,242,0
36569,2,150000
36570,242,0
36571,242,0
36572,242,0
36573,242,0
36574,240,200
36575,242,0
36576,231,1350
36577,242,0
36578,239,300
36579,241,100
36580,242,0
36581,241,100
36582,0,350000
36583,202,5400
36584,239,400
36585,242,0
36586,238,500
36587,242,0
36588,242,0
36589,231,1400
36590,172,10000
36591,242,0
36592,82,32000
36593,235,800
36594,235,800
36595,2,150000
36596,242,0
36597,242,0
36598,221,2700
36599,242,0
36600,219,3000
36601,239,300
36602,2,150000
36603,242,0
36604,0,300000
36605,237,600
36606,230,1500
36607,242,0
36608,183,8300
36609,242,0
36610,224,2250
36611,45,49500
36612,241,100
36613,242,0
36614,242,0
36615,0,200000
36616,232,1200
36617,242,0
36618,242,0
36619,242,0
36620,138,16600
36621,240,200
36622,62,40000
36623,242,0
36624,242,0
36625,238,500
36626,240,200
36627,240,200
36628,241,100
36629,242,0
36630,242,0
36631,240,200
36632,242,0
36633,2,150000
36634,242,0
36635,242,0
36636,242,0
36637,188,7500
36638,242,0
36639,241,100
36640,197,6000
36641,242,0
36642,2,150000
36643,239,300
36644,235,900
36645,241,100
36646,242,0
36647,242,0
36648,241,100
36649,234,1000
36650,239,300
36651,239,400
36652,242,0
36653,242,0
36654,233,1100
36655,123,20000
36656,2,150000
36657,239,300
36658,188,7500
36659,242,0
36660,239,300
36661,240,200
36662,242,0
36663,239,300
36664,237,600
36665,242,0
36666,240,200
36667,241,150
36668,239,300
36669,242,0
36670,41,52500
36671,242,0
36672,242,0
36673,241,100
36674,239,300
36675,240,200
36676,234,1000
36677,241,100
36678,240,250
36679,242,0
36680,242,0
36681,242,0
36682,226,2050
36683,242,0
36684,242,0
36685,204,5000
36686,242,0
36687,53,45000
36688,242,0
36689,53,45000
36690,240,200
36691,242,0
36692,239,350
36693,242,0
36694,197,6000
36695,242,0
36696,240,200
36697,239,400
36698,2,150000
36699,234,1000
36700,241,100
36701,242,0
36702,242,0
36703,242,0
36704,235,800
36705,241,100
36706,235,800
36707,82,32000
36708,230,1500
36709,229,1600
36710,242,0
36711,241,100
36712,145,15100
36713,154,13250
36714,229,1600
36715,240,200
36716,242,0
36717,242,0
36718,242,0
36719,113,22500
36720,141,16000
36721,226,2000
36722,240,200
36723,225,2100
36724,242,0
36725,242,0
36726,242,0
36727,239,300
36728,211,4000
36729,229,1600
36730,235,800
36731,242,0
36732,241,100
36733,242,0
36734,240,200
36735,0,245000
36736,239,300
36737,185,7900
36738,16,80000
36739,242,0
36740,2,150000
36741,181,8500
36742,242,0
36743,240,200
36744,238,500
36745,0,300000
36746,239,400
36747,242,0
36748,242,0
36749,242,0
36750,241,150
36751,242,0
36752,238,500
36753,242,0
36754,240,200
36755,242,0
36756,242,0
36757,237,600
36758,242,0
36759,242,0
36760,144,15350
36761,242,0
36762,178,9100
36763,226,2000
36764,242,0
36765,242,0
36766,235,900
36767,235,900
36768,242,0
36769,241,100
36770,242,0
36771,204,5000
36772,241,100
36773,67,38000
36774,242,0
36775,241,100
36776,242,0
36777,2,150000
36778,242,0
36779,0,600000
36780,239,300
36781,188,7500
36782,242,0
36783,242,0
36784,226,2000
36785,204,5000
36786,242,0
36787,241,100
36788,241,100
36789,242,0
36790,219,3000
36791,241,100
36792,215,3500
36793,240,200
36794,242,0
36795,242,0
36796,242,0
36797,239,350
36798,239,300
36799,242,0
36800,242,0
36801,242,0
36802,211,4000
36803,240,200
36804,242,0
36805,2,150000
36806,242,0
36807,233,1150
36808,241,100
36809,240,200
36810,239,400
36811,242,0
36812,235,800
36813,233,1050
36814,239,300
36815,2,150000
36816,235,800
36817,2,150000
36818,238,500
36819,242,0
36820,240,200
36821,233,1100
36822,161,12000
36823,52,45300
36824,211,4000
36825,242,0
36826,242,0
36827,241,150
36828,240,250
36829,231,1400
36830,236,750
36831,146,15000
36832,242,0
36833,211,4100
36834,242,0
36835,242,0
36836,242,0
36837,239,300
36838,242,0
36839,0,350000
36840,242,0
36841,16,80000
36842,242,0
36843,2,150000
36844,242,0
36845,242,0
36846,242,0
36847,183,8300
36848,242,0
36849,239,400
36850,229,1600
36851,242,0
36852,242,0
36853,242,0
36854,242,0
36855,242,0
36856,242,0
36857,242,0
36858,239,400
36859,242,0
36860,188,7500
36861,211,4000
36862,242,0
36863,219,3000
36864,182,8400
36865,242,0
36866,242,0
36867,237,600
36868,2,150000
36869,242,0
36870,242,0
36871,239,300
36872,242,0
36873,208,4500
36874,242,0
36875,232,1200
36876,242,0
36877,239,300
36878,201,5550
36879,235,900
36880,185,8000
36881,242,0
36882,208,4500
36883,242,0
36884,232,1300
36885,41,52500
36886,146,15000
36887,241,150
36888,242,0
36889,242,0
36890,242,0
36891,241,100
36892,2,150000
36893,240,200
36894,6,110000
36895,242,0
36896,240,200
36897,197,6000
36898,241,100
36899,2,150000
36900,229,1600
36901,242,0
36902,240,250
36903,197,6000
36904,240,250
36905,242,0
36906,242,0
36907,234,1000
36908,241,150
36909,241,100
36910,239,300
36911,242,0
36912,211,4000
36913,242,0
36914,242,0
36915,217,3200
36916,242,0
36917,241,150
36918,242,0
36919,242,0
36920,242,0
36921,242,0
36922,107,24000
36923,0,350000
36924,238,450
36925,241,150
36926,242,0
36927,242,0
36928,239,300
36929,240,200
36930,0,350000
36931,238,450
36932,233,1150
36933,232,1200
36934,141,16000
36935,242,0
36936,230,1500
36937,240,200
36938,235,800
36939,242,0
36940,242,0
36941,219,3000
36942,123,20000
36943,146,15000
36944,242,0
36945,242,0
36946,242,0
36947,242,0
36948,2,150000
36949,242,0
36950,220,2800
36951,211,4000
36952,188,7500
36953,242,0
36954,236,750
36955,242,0
36956,242,0
36957,241,100
36958,235,900
36959,226,2000
36960,238,500
36961,242,0
36962,0,300000
36963,228,1800
36964,240,200
36965,241,150
36966,242,0
36967,241,100
36968,242,0
36969,141,16000
36970,206,4700
36971,107,24000
36972,242,0
36973,240,200
36974,242,0
36975,242,0
36976,241,150
36977,242,0
36978,235,800
36979,239,300
36980,236,750
36981,210,4150
36982,240,200
36983,242,0
36984,48,48000
36985,239,300
36986,2,150000
36987,241,100
36988,242,0
36989,242,0
36990,242,0
36991,208,4400
36992,242,0
36993,230,1500
36994,211,4000
36995,242,0
36996,242,0
36997,234,1000
36998,188,7500
36999,2,150000
37000,2,150000
37001,241,100
37002,197,6000
37003,242,0
37004,236,700
37005,242,0
37006,240,200
37007,242,0
37008,242,0
37009,226,2000
37010,219,3000
37011,16,80000
37012,242,0
37013,239,300
37014,204,5000
37015,242,0
37016,242,0
37017,242,0
37018,242,0
37019,239,400
37020,204,5000
37021,0,300000
37022,235,900
37023,188,7500
37024,239,300
37025,241,100
37026,219,3000
37027,239,400
37028,232,1200
37029,242,0
37030,239,400
37031,239,300
37032,45,50000
37033,141,16000
37034,32,60200
37035,239,400
37036,2,150000
37037,242,0
37038,242,0
37039,242,0
37040,0,300000
37041,242,0
37042,223,2400
37043,234,1000
37044,241,150
37045,242,0
37046,242,0
37047,217,3200
37048,239,300
37049,242,0
37050,238,500
37051,240,200
37052,239,300
37053,2,150000
37054,239,300
37055,183,8300
37056,219,3000
37057,242,0
37058,211,4000
37059,237,600
37060,144,15250
37061,242,0
37062,242,0
37063,240,200
37064,226,2000
37065,104,24900
37066,242,0
37067,240,200
37068,211,4000
37069,239,400
37070,241,100
37071,242,0
37072,240,250
37073,242,0
37074,242,0
37075,188,7500
37076,242,0
37077,242,0
37078,235,800
37079,226,2000
37080,211,4000
37081,240,200
37082,45,50000
37083,242,0
37084,241,100
37085,229,1600
37086,141,16000
37087,239,300
37088,241,100
37089,241,150
37090,207,4600
37091,88,30000
37092,242,0
37093,241,100
37094,2,150000
37095,229,1600
37096,242,0
37097,242,0
37098,242,0
37099,242,0
37100,242,0
37101,239,300
37102,235,900
37103,242,0
37104,240,200
37105,233,1150
37106,0,350000
37107,242,0
37108,239,400
37109,241,100
37110,241,100
37111,223,2400
37112,240,250
37113,2,150000
37114,188,7500
37115,234,1000
37116,204,5000
37117,53,45000
37118,242,0
37119,242,0
37120,242,0
37121,242,0
37122,240,250
37123,232,1200
37124,240,200
37125,123,20000
37126,242,0
37127,188,7500
37128,239,300
37129,239,300
37130,242,0
37131,179,8950
37132,113,22500
37133,242,0
37134,62,40000
37135,88,30000
37136,241,100
37137,2,150000
37138,235,900
37139,240,200
37140,82,32000
37141,242,0
37142,241,100
37143,242,0
37144,186,7700
37145,242,0
37146,242,0
37147,242,0
37148,191,7000
37149,226,2000
37150,240,250
37151,242,0
37152,0,750000
37153,241,150
37154,2,150000
37155,239,400
37156,211,4000
37157,240,200
37158,145,15100
37159,242,0
37160,219,3000
37161,239,300
37162,242,0
37163,239,300
37164,242,0
37165,239,300
37166,241,100
37167,242,0
37168,242,0
37169,242,0
37170,242,0
37171,2,150000
37172,239,350
37173,242,0
37174,242,0
37175,242,0
37176,197,6000
37177,242,0
37178,242,0
37179,242,0
37180,0,251500
37181,242,0
37182,229,1600
37183,211,4000
37184,239,300
37185,226,2000
37186,241,100
37187,239,300
37188,195,6300
37189,242,0
37190,229,1600
37191,242,0
37192,241,100
37193,0,350000
37194,241,100
37195,242,0
37196,239,400
37197,242,0
37198,172,10000
37199,183,8300
37200,230,1500
37201,161,12000
37202,242,0
37203,2,150000
37204,242,0
37205,27,65000
37206,242,0
37207,241,100
37208,230,1500
37209,242,0
37210,241,100
37211,242,0
37212,237,600
37213,242,0
37214,240,200
37215,242,0
37216,242,0
37217,242,0
37218,242,0
37219,242,0
37220,239,300
37221,211,4000
37222,242,0
37223,188,7500
37224,242,0
37225,242,0
37226,232,1200
37227,237,600
37228,88,30000
37229,105,24600
37230,242,0
37231,242,0
37232,242,0
37233,242,0
37234,222,2600
37235,188,7500
37236,242,0
37237,0,300000
37238,242,0
37239,239,400
37240,242,0
37241,242,0
37242,242,0
37243,242,0
37244,242,0
37245,241,150
37246,219,3000
37247,235,800
37248,241,100
37249,2,150000
37250,242,0
37251,242,0
37252,237,600
37253,239,400
37254,242,0
37255,62,40000
37256,0,375000
37257,239,350
37258,242,0
37259,242,0
37260,242,0
37261,242,0
37262,0,200000
37263,233,1150
37264,242,0
37265,239,300
37266,239,300
37267,235,800
37268,239,300
37269,88,30000
37270,241,150
37271,239,400
37272,211,4000
37273,242,0
37274,216,3400
37275,241,100
37276,227,1900
37277,236,750
37278,123,20000
37279,241,150
37280,230,1500
37281,2,150000
37282,232,1200
37283,237,550
37284,32,60000
37285,235,800
37286,41,52500
37287,0,300000
37288,41,52750
37289,241,100
37290,242,0
37291,230,1500
37292,88,30000
37293,240,250
37294,239,300
37295,242,0
37296,242,0
37297,242,0
37298,138,16600
37299,226,2000
37300,0,450000
37301,229,1600
37302,197,6000
37303,141,16000
37304,242,0
37305,241,100
37306,219,3000
37307,141,16000
37308,226,2000
37309,161,12000
37310,242,0
37311,2,150000
37312,107,24000
37313,185,8000
37314,211,4000
37315,2,150000
37316,242,0
37317,242,0
37318,235,800
37319,242,0
37320,242,0
37321,237,600
37322,242,0
37323,62,40000
37324,242,0
37325,82,32000
37326,141,16000
37327,0,350000
37328,226,2000
37329,240,200
37330,229,1600
37331,240,250
37332,242,0
37333,241,150
37334,242,0
37335,241,100
37336,235,900
37337,1,178900
37338,240,200
37339,239,300
37340,240,250
37341,242,0
37342,1,175000
37343,186,7700
37344,211,4000
37345,240,200
37346,241,100
37347,16,80000
37348,239,300
37349,239,400
37350,239,300
37351,242,0
37352,242,0
37353,242,0
37354,242,0
37355,242,0
37356,9,96800
37357,239,300
37358,242,0
37359,242,0
37360,242,0
37361,188,7500
37362,242,0
37363,239,300
37364,229,1600
37365,241,100
37366,242,0
37367,240,200
37368,241,100
37369,239,300
37370,242,0
37371,239,400
37372,242,0
37373,219,3000
37374,242,0
37375,235,800
37376,2,150000
37377,242,0
37378,238,500
37379,239,400
37380,241,100
37381,141,16000
37382,233,1050
37383,242,0
37384,242,0
37385,242,0
37386,237,600
37387,237,600
37388,242,0
37389,64,39100
37390,242,0
37391,242,0
37392,238,450
37393,242,0
37394,234,1000
37395,242,0
37396,113,22500
37397,242,0
37398,146,15000
37399,238,500
37400,236,700
37401,241,100
37402,240,200
37403,242,0
37404,177,9300
37405,242,0
37406,240,250
37407,141,16000
37408,107,24000
37409,239,400
37410,222,2550
37411,230,1500
37412,242,0
37413,239,300
37414,242,0
37415,242,0
37416,242,0
37417,216,3300
37418,237,600
37419,211,4000
37420,242,0
37421,231,1400
37422,242,0
37423,242,0
37424,242,0
37425,182,8400
37426,235,800
37427,2,150000
37428,242,0
37429,242,0
37430,107,24000
37431,2,150000
37432,242,0
37433,242,0
37434,242,0
37435,240,200
37436,242,0
37437,242,0
37438,239,300
37439,230,1500
37440,242,0
37441,238,450
37442,227,1900
37443,242,0
37444,242,0
37445,218,3100
37446,237,600
37447,240,200
37448,242,0
37449,237,600
37450,240,200
37451,2,150000
37452,242,0
37453,242,0
37454,242,0
37455,240,200
37456,242,0
37457,242,0
37458,242,0
37459,238,450
37460,238,450
37461,235,800
37462,211,4000
37463,242,0
37464,222,2500
37465,242,0
37466,123,20000
37467,242,0
37468,239,300
37469,242,0
37470,240,250
37471,242,0
37472,241,100
37473,226,2000
37474,242,0
37475,242,0
37476,242,0
37477,235,800
37478,197,6000
37479,239,300
37480,242,0
37481,172,10000
37482,226,2000
37483,242,0
37484,239,300
37485,240,200
37486,242,0
37487,241,150
37488,241,150
37489,242,0
37490,242,0
37491,242,0
37492,242,0
37493,242,0
37494,0,350000
37495,239,300
37496,223,2400
37497,219,3000
37498,239,300
37499,242,0
37500,242,0
37501,242,0
37502,242,0
37503,227,1850
37504,239,300
37505,0,300000
37506,101,25700
37507,238,500
37508,236,700
37509,242,0
37510,241,150
37511,242,0
37512,204,5000
37513,0,300000
37514,190,7200
37515,208,4500
37516,239,300
37517,240,200
37518,239,300
37519,235,900
37520,229,1600
37521,242,0
37522,242,0
37523,88,30000
37524,226,2000
37525,107,24000
37526,241,150
37527,242,0
37528,236,750
37529,239,400
37530,0,450000
37531,242,0
37532,242,0
37533,239,300
37534,242,0
37535,242,0
37536,15,83000
37537,2,150000
37538,242,0
37539,229,1600
37540,239,300
37541,228,1750
37542,240,200
37543,181,8600
37544,242,0
37545,0,300000
37546,241,100
37547,211,4000
37548,0,500000
37549,239,400
37550,188,7500
37551,239,400
37552,178,9000
37553,242,0
37554,242,0
37555,242,0
37556,230,1500
37557,242,0
37558,240,200
37559,197,6000
37560,240,200
37561,242,0
37562,242,0
37563,242,0
37564,240,200
37565,241,100
37566,123,20000
37567,242,0
37568,242,0
37569,242,0
37570,242,0
37571,242,0
37572,234,1000
37573,242,0
37574,241,100
37575,240,200
37576,141,16000
37577,227,1900
37578,141,16000
37579,183,8300
37580,240,200
37581,242,0
37582,242,0
37583,0,700000
37584,242,0
37585,242,0
37586,239,300
37587,241,100
37588,239,400
37589,242,0
37590,242,0
37591,241,150
37592,238,500
37593,242,0
37594,242,0
37595,237,600
37596,239,400
37597,2,150000
37598,0,400000
37599,242,0
37600,0,350000
37601,242,0
37602,0,300000
37603,141,16000
37604,16,80000
37605,232,1200
37606,241,100
37607,242,0
37608,242,0
37609,227,1900
37610,242,0
37611,242,0
37612,45,50000
37613,0,300000
37614,242,0
37615,242,0
37616,237,600
37617,241,100
37618,228,1750
37619,242,0
37620,242,0
37621,240,250
37622,241,100
37623,0,1076000
37624,188,7500
37625,242,0
37626,197,6000
37627,242,0
37628,238,450
37629,242,0
37630,236,750
37631,239,300
37632,238,500
37633,232,1250
37634,238,500
37635,197,6000
37636,239,300
37637,206,4800
37638,242,0
37639,239,300
37640,204,5000
37641,211,4000
37642,226,2000
37643,242,0
37644,211,4000
37645,240,250
37646,242,0
37647,242,0
37648,239,400
37649,242,0
37650,238,500
37651,197,6000
37652,241,100
37653,2,150000
37654,240,200
37655,238,450
37656,242,0
37657,137,16800
37658,0,600000
37659,242,0
37660,0,500000
37661,237,600
37662,188,7500
37663,242,0
37664,242,0
37665,242,0
37666,242,0
37667,242,0
37668,242,0
37669,88,30000
37670,2,150000
37671,242,0
37672,0,300000
37673,239,400
37674,229,1600
37675,240,200
37676,242,0
37677,242,0
37678,187,7650
37679,242,0
37680,242,0
37681,1,157500
37682,242,0
37683,240,200
37684,240,200
37685,229,1650
37686,242,0
37687,239,300
37688,181,8500
37689,242,0
37690,242,0
37691,239,300
37692,241,100
37693,242,0
37694,0,300000
37695,240,200
37696,237,600
37697,238,500
37698,242,0
37699,241,150
37700,240,250
37701,175,9500
37702,0,200000
37703,239,300
37704,242,0
37705,242,0
37706,242,0
37707,239,300
37708,191,7000
37709,234,1000
37710,242,0
37711,242,0
37712,0,350000
37713,242,0
37714,235,800
37715,242,0
37716,197,6000
37717,242,0
37718,242,0
37719,242,0
37720,0,1500000
37721,242,0
37722,226,2000
37723,242,0
37724,242,0
37725,236,700
37726,242,0
37727,242,0
37728,2,150000
37729,242,0
37730,107,24000
37731,241,100
37732,141,16000
37733,242,0
37734,60,41000
37735,204,5000
37736,139,16400
37737,242,0
37738,235,800
37739,242,0
37740,238,450
37741,242,0
37742,204,5000
37743,242,0
37744,204,5000
37745,242,0
37746,197,6000
37747,211,4000
37748,223,2400
37749,242,0
37750,242,0
37751,242,0
37752,242,0
37753,241,150
37754,240,200
37755,74,35000
37756,2,150000
37757,239,300
37758,242,0
37759,242,0
37760,2,150000
37761,186,7800
37762,2,150000
37763,239,350
37764,232,1200
37765,211,4000
37766,1,178900
37767,223,2400
37768,8,100000
37769,242,0
37770,241,100
37771,240,200
37772,219,3000
37773,240,200
37774,237,550
37775,239,300
37776,2,148500
37777,88,30000
37778,219,3000
37779,241,150
37780,242,0
37781,242,0
37782,188,7500
37783,226,2000
37784,242,0
37785,232,1250
37786,242,0
37787,242,0
37788,0,500000
37789,242,0
37790,0,200000
37791,242,0
37792,19,75000
37793,242,0
37794,16,80000
37795,242,0
37796,45,49500
37797,242,0
37798,241,100
37799,242,0
37800,204,5000
37801,2,150000
37802,242,0
37803,240,200
37804,203,5250
37805,240,200
37806,231,1400
37807,2,150000
37808,232,1200
37809,218,3100
37810,242,0
37811,239,300
37812,237,600
37813,238,500
37814,242,0
37815,242,0
37816,242,0
37817,240,200
37818,242,0
37819,242,0
37820,242,0
37821,2,150000
37822,229,1600
37823,242,0
37824,241,150
37825,241,100
37826,241,150
37827,225,2100
37828,242,0
37829,242,0
37830,242,0
37831,233,1150
37832,232,1300
37833,242,0
37834,187,7600
37835,235,800
37836,232,1300
37837,146,15000
37838,88,30000
37839,242,0
37840,242,0
37841,226,2000
37842,235,800
37843,226,2000
37844,242,0
37845,2,150000
37846,2,150000
37847,242,0
37848,191,7000
37849,142,15800
37850,242,0
37851,219,3000
37852,211,4000
37853,242,0
37854,242,0
37855,242,0
37856,237,600
37857,242,0
37858,239,400
37859,242,0
37860,242,0
37861,242,0
37862,242,0
37863,239,300
37864,226,2000
37865,2,150000
37866,242,0
37867,242,0
37868,242,0
37869,236,750
37870,2,150000
37871,242,0
37872,204,5000
37873,242,0
37874,242,0
37875,211,4100
37876,234,1000
37877,242,0
37878,197,6000
37879,242,0
37880,109,23500
37881,237,600
37882,242,0
37883,242,0
37884,0,350000
37885,172,10000
37886,233,1050
37887,123,20000
37888,234,1000
37889,242,0
37890,234,1000
37891,242,0
37892,242,0
37893,242,0
37894,161,12000
37895,242,0
37896,242,0
37897,143,15600
37898,242,0
37899,225,2200
37900,188,7500
37901,242,0
37902,240,250
37903,242,0
37904,0,251500
37905,242,0
37906,146,15000
37907,228,1800
37908,235,900
37909,242,0
37910,242,0
37911,238,500
37912,240,200
37913,239,300
37914,2,150000
37915,242,0
37916,239,400
37917,232,1200
37918,2,150000
37919,2,150000
37920,235,900
37921,241,100
37922,242,0
37923,204,5000
37924,242,0
37925,242,0
37926,230,1500
37927,242,0
37928,224,2300
37929,239,300
37930,242,0
37931,242,0
37932,232,1200
37933,241,150
37934,242,0
37935,242,0
37936,237,650
37937,240,250
37938,242,0
37939,239,300
37940,239,400
37941,239,300
37942,242,0
37943,242,0
37944,197,6000
37945,107,24000
37946,235,900
37947,240,200
37948,242,0
37949,242,0
37950,242,0
37951,240,200
37952,241,100
37953,0,500000
37954,242,0
37955,242,0
37956,238,500
37957,239,300
37958,123,20000
37959,0,300000
37960,2,150000
37961,73,35200
37962,186,7700
37963,0,500000
37964,229,1600
37965,191,7000
37966,241,150
37967,235,800
37968,239,400
37969,0,300000
37970,239,300
37971,123,20000
37972,240,200
37973,2,150000
37974,241,100
37975,182,8400
37976,242,0
37977,242,0
37978,239,300
37979,242,0
37980,197,6000
37981,239,300
37982,240,250
37983,242,0
37984,241,100
37985,239,300
37986,242,0
37987,240,200
37988,146,15000
37989,219,3000
37990,242,0
37991,197,6000
37992,242,0
37993,242,0
37994,222,2600
37995,242,0
37996,219,3000
37997,0,1500000
37998,107,24000
37999,242,0
38000,242,0
38001,177,9200
38002,241,100
38003,235,800
38004,2,150000
38005,242,0
38006,181,8500
38007,242,0
38008,241,100
38009,234,1000
38010,239,400
38011,242,0
38012,239,300
38013,242,0
38014,88,30000
38015,242,0
38016,62,40000
38017,242,0
38018,241,100
38019,242,0
38020,240,200
38021,228,1700
38022,242,0
38023,146,15000
38024,242,0
38025,0,200000
38026,141,16000
38027,228,1800
38028,0,325000
38029,228,1700
38030,240,250
38031,242,0
38032,242,0
38033,242,0
38034,240,200
38035,242,0
38036,0,350000
38037,238,450
38038,242,0
38039,236,750
38040,134,17400
38041,239,300
38042,197,6000
38043,242,0
38044,197,6000
38045,242,0
38046,104,24900
38047,242,0
38048,0,500000
38049,226,2000
38050,240,200
38051,113,22500
38052,238,500
38053,238,500
38054,241,100
38055,242,0
38056,204,5000
38057,227,1900
38058,242,0
38059,2,150000
38060,242,0
38061,235,900
38062,241,100
38063,239,300
38064,242,0
38065,242,0
38066,240,250
38067,188,7500
38068,238,500
38069,188,7500
38070,234,1000
38071,242,0
38072,242,0
38073,242,0
38074,236,750
38075,242,0
38076,242,0
38077,242,0
38078,166,11100
38079,242,0
38080,239,300
38081,240,250
38082,197,6000
38083,239,300
38084,240,200
38085,242,0
38086,241,150
38087,211,4000
38088,242,0
38089,242,0
38090,239,400
38091,239,400
38092,234,1000
38093,234,1000
38094,226,2000
38095,192,6900
38096,235,800
38097,236,750
38098,228,1800
38099,62,40000
38100,242,0
38101,107,24200
38102,27,65000
38103,239,300
38104,242,0
38105,242,0
38106,242,0
38107,239,400
38108,237,600
38109,197,6000
38110,123,20000
38111,211,4000
38112,242,0
38113,241,100
38114,185,8000
38115,242,0
38116,226,2000
38117,242,0
38118,238,500
38119,233,1100
38120,242,0
38121,224,2250
38122,182,8400
38123,242,0
38124,239,400
38125,237,600
38126,241,100
38127,242,0
38128,242,0
38129,242,0
38130,226,2000
38131,239,300
38132,0,350000
38133,240,250
38134,242,0
38135,242,0
38136,234,1000
38137,242,0
38138,170,10500
38139,235,900
38140,242,0
38141,237,600
38142,0,500000
38143,242,0
38144,242,0
38145,237,600
38146,228,1700
38147,242,0
38148,0,300000
38149,230,1500
38150,188,7500
38151,242,0
38152,234,1000
38153,240,200
38154,2,150000
38155,240,200
38156,223,2400
38157,62,40000
38158,222,2600
38159,141,16000
38160,39,53800
38161,237,600
38162,228,1800
38163,141,16000
38164,188,7500
38165,242,0
38166,210,4200
38167,0,300000
38168,242,0
38169,123,20000
38170,226,2000
38171,225,2100
38172,0,200000
38173,242,0
38174,241,100
38175,242,0
38176,242,0
38177,240,200
38178,242,0
38179,240,250
38180,211,4000
38181,41,52500
38182,239,300
38183,242,0
38184,242,0
38185,241,100
38186,27,65000
38187,0,700000
38188,240,200
38189,240,200
38190,123,20000
38191,228,1700
38192,0,300000
38193,241,100
38194,242,0
38195,240,200
38196,178,9100
38197,242,0
38198,225,2200
38199,240,250
38200,0,500000
38201,113,22500
38202,240,200
38203,214,3600
38204,242,0
38205,2,150000
38206,88,30000
38207,226,2000
38208,225,2100
38209,242,0
38210,242,0
38211,239,300
38212,242,0
38213,242,0
38214,235,800
38215,242,0
38216,242,0
38217,113,22500
38218,0,350000
38219,239,300
38220,241,100
38221,242,0
38222,241,100
38223,242,0
38224,242,0
38225,242,0
38226,235,900
38227,2,150000
38228,204,5000
38229,234,1000
38230,187,7600
38231,2,150000
38232,239,350
38233,240,200
38234,242,0
38235,242,0
38236,242,0
38237,239,300
38238,237,650
38239,242,0
38240,226,2000
38241,239,300
38242,2,150000
38243,2,150000
38244,234,1000
38245,242,0
38246,242,0
38247,242,0
38248,4,125000
38249,236,750
38250,242,0
38251,240,250
38252,242,0
38253,241,100
38254,224,2300
38255,211,4000
38256,242,0
38257,2,150000
38258,233,1100
38259,161,12000
38260,240,250
38261,88,30000
38262,242,0
38263,242,0
38264,0,450000
38265,240,200
38266,88,30000
38267,239,350
38268,219,3000
38269,242,0
38270,239,300
38271,2,150000
38272,239,300
38273,242,0
38274,229,1600
38275,123,20000
38276,242,0
38277,113,22500
38278,242,0
38279,205,4900
38280,242,0
38281,208,4500
38282,242,0
38283,226,2000
38284,241,100
38285,240,200
38286,224,2250
38287,88,30000
38288,113,22500
38289,2,150000
38290,232,1200
38291,240,200
38292,241,150
38293,197,6000
38294,239,350
38295,238,500
38296,2,150000
38297,165,11300
38298,0,500000
38299,242,0
38300,211,4000
38301,242,0
38302,169,10600
38303,242,0
38304,239,300
38305,242,0
38306,241,100
38307,242,0
38308,242,0
38309,235,800
38310,226,2000
38311,242,0
38312,232,1200
38313,241,100
38314,226,2000
38315,240,200
38316,176,9400
38317,241,100
38318,2,150000
38319,242,0
38320,217,3200
38321,62,40000
38322,242,0
38323,239,300
38324,242,0
38325,183,8300
38326,238,450
38327,236,700
38328,242,0
38329,242,0
38330,240,200
38331,16,80000
38332,2,150000
38333,2,150000
38334,240,250
38335,0,300000
38336,242,0
38337,240,200
38338,239,300
38339,240,200
38340,242,0
38341,240,200
38342,234,1000
38343,242,0
38344,219,3000
38345,0,247500
38346,230,1500
38347,0,200000
38348,242,0
38349,242,0
38350,2,150000
38351,228,1750
38352,242,0
38353,242,0
38354,241,150
38355,242,0
38356,235,800
38357,242,0
38358,241,100
38359,230,1500
38360,240,200
38361,239,300
38362,237,600
38363,241,100
38364,226,2000
38365,242,0
38366,113,22500
38367,232,1200
38368,242,0
38369,242,0
38370,242,0
38371,242,0
38372,241,100
38373,239,300
38374,240,200
38375,242,0
38376,241,100
38377,241,100
38378,242,0
38379,242,0
38380,240,250
38381,242,0
38382,242,0
38383,0,2000000
38384,242,0
38385,232,1200
38386,240,200
38387,242,0
38388,2,150000
38389,242,0
38390,242,0
38391,185,8000
38392,242,0
38393,239,300
38394,206,4800
38395,239,300
38396,242,0
38397,242,0
38398,242,0
38399,242,0
38400,78,33450
38401,213,3700
38402,242,0
38403,242,0
38404,242,0
38405,229,1600
38406,242,0
38407,242,0
38408,188,7500
38409,240,250
38410,242,0
38411,242,0
38412,238,500
38413,240,200
38414,242,0
38415,0,300000
38416,241,100
38417,240,200
38418,242,0
38419,241,100
38420,242,0
38421,242,0
38422,242,0
38423,226,2000
38424,242,0
38425,240,200
38426,235,800
38427,240,200
38428,101,25700
38429,242,0
38430,242,0
38431,141,16000
38432,241,100
38433,236,750
38434,2,150000
38435,226,2000
38436,222,2500
38437,0,200000
38438,0,500000
38439,0,200000
38440,242,0
38441,0,500000
38442,242,0
38443,242,0
38444,190,7200
38445,2,150000
38446,240,250
38447,211,4000
38448,242,0
38449,242,0
38450,239,300
38451,242,0
38452,204,5000
38453,242,0
38454,242,0
38455,123,20000
38456,241,100
38457,234,1000
38458,229,1600
38459,240,200
38460,240,200
38461,242,0
38462,241,100
38463,2,150000
38464,0,500000
38465,146,15000
38466,1,175000
38467,242,0
38468,2,150000
38469,237,550
38470,242,0
38471,236,750
38472,239,300
38473,239,300
38474,242,0
38475,242,0
38476,2,150000
38477,232,1200
38478,107,24000
38479,242,0
38480,241,150
38481,242,0
38482,13,87500
38483,242,0
38484,240,250
38485,240,200
38486,236,700
38487,240,200
38488,242,0
38489,242,0
38490,229,1600
38491,235,800
38492,240,200
38493,3,125750
38494,68,37500
38495,0,350000
38496,242,0
38497,0,600000
38498,242,0
38499,211,4000
38500,88,30000
38501,242,0
38502,242,0
38503,242,0
38504,226,2000
38505,242,0
38506,239,400
38507,0,350000
38508,242,0
38509,229,1600
38510,242,0
38511,192,6900
38512,197,6000
38513,242,0
38514,240,200
38515,240,200
38516,242,0
38517,242,0
38518,242,0
38519,204,5000
38520,242,0
38521,239,300
38522,226,2000
38523,242,0
38524,238,500
38525,226,2000
38526,242,0
38527,240,250
38528,141,16000
38529,242,0
38530,141,16000
38531,242,0
38532,242,0
38533,240,250
38534,242,0
38535,242,0
38536,197,6000
38537,230,1500
38538,234,1000
38539,0,500000
38540,242,0
38541,242,0
38542,2,150000
38543,242,0
38544,241,100
38545,236,750
38546,242,0
38547,242,0
38548,242,0
38549,240,250
38550,182,8400
38551,236,750
38552,234,1000
38553,242,0
38554,242,0
38555,242,0
38556,226,2000
38557,242,0
38558,241,100
38559,239,300
38560,104,24900
38561,242,0
38562,228,1800
38563,242,0
38564,242,0
38565,242,0
38566,241,100
38567,242,0
38568,242,0
38569,140,16200
38570,242,0
38571,62,40000
38572,242,0
38573,180,8700
38574,183,8300
38575,211,4000
38576,242,0
38577,182,8400
38578,240,250
38579,242,0
38580,242,0
38581,230,1500
38582,239,400
38583,242,0
38584,241,100
38585,235,800
38586,242,0
38587,242,0
38588,239,300
38589,239,300
38590,240,200
38591,225,2200
38592,242,0
38593,88,30000
38594,2,150000
38595,242,0
38596,242,0
38597,239,350
38598,241,150
38599,239,300
38600,172,10000
38601,241,100
38602,241,100
38603,239,300
38604,232,1200
38605,188,7500
38606,242,0
38607,242,0
38608,241,100
38609,242,0
38610,242,0
38611,239,400
38612,239,300
38613,242,0
38614,0,350000
38615,242,0
38616,239,300
38617,211,4000
38618,241,150
38619,0,500000
38620,223,2400
38621,107,24000
38622,239,350
38623,226,2000
38624,239,400
38625,242,0
38626,2,150000
38627,242,0
38628,234,1000
38629,237,600
38630,0,300000
38631,242,0
38632,239,300
38633,234,1000
38634,175,9500
38635,242,0
38636,181,8500
38637,225,2200
38638,228,1700
38639,2,150000
38640,242,0
38641,232,1250
38642,241,100
38643,242,0
38644,240,200
38645,242,0
38646,233,1150
38647,242,0
38648,62,40000
38649,237,600
38650,0,300000
38651,226,2000
38652,242,0
38653,2,150000
38654,242,0
38655,0,700000
38656,242,0
38657,242,0
38658,2,150000
38659,241,100
38660,4,122500
38661,239,400
38662,239,400
38663,242,0
38664,240,200
38665,187,7600
38666,235,800
38667,242,0
38668,242,0
38669,226,2000
38670,197,6000
38671,141,16000
38672,242,0
38673,241,100
38674,242,0
38675,242,0
38676,0,400000
38677,227,1900
38678,237,600
38679,204,5000
38680,231,1400
38681,204,5000
38682,242,0
38683,242,0
38684,240,200
38685,242,0
38686,242,0
38687,240,200
38688,226,2000
38689,240,200
38690,241,100
38691,239,400
38692,242,0
38693,237,600
38694,61,40800
38695,242,0
38696,237,600
38697,242,0
38698,230,1500
38699,242,0
38700,242,0
38701,188,7500
38702,238,500
38703,188,7500
38704,242,0
38705,0,500000
38706,237,600
38707,240,250
38708,239,300
38709,240,200
38710,242,0
38711,197,6000
38712,242,0
38713,239,300
38714,241,150
38715,241,100
38716,242,0
38717,242,0
38718,242,0
38719,223,2400
38720,242,0
38721,241,100
38722,242,0
38723,172,10000
38724,219,3000
38725,0,500000
38726,240,200
38727,239,400
38728,211,4000
38729,242,0
38730,242,0
38731,242,0
38732,79,33200
38733,241,100
38734,237,600
38735,242,0
38736,240,250
38737,242,0
38738,232,1200
38739,242,0
38740,212,3900
38741,242,0
38742,141,16000
38743,1,175000
38744,226,2000
38745,242,0
38746,242,0
38747,242,0
38748,242,0
38749,239,300
38750,242,0
38751,241,100
38752,242,0
38753,235,800
38754,229,1600
38755,0,200000
38756,240,200
38757,211,4000
38758,242,0
38759,242,0
38760,240,250
38761,228,1700
38762,242,0
38763,242,0
38764,242,0
38765,236,750
38766,206,4800
38767,242,0
38768,242,0
38769,242,0
38770,226,2000
38771,240,200
38772,240,200
38773,48,48000
38774,123,20000
38775,239,300
38776,242,0
38777,233,1150
38778,13,87500
38779,242,0
38780,239,300
38781,241,150
38782,242,0
38783,226,2000
38784,2,150000
38785,242,0
38786,2,150000
38787,229,1600
38788,235,800
38789,242,0
38790,242,0
38791,241,100
38792,188,7500
38793,242,0
38794,242,0
38795,2,150000
38796,240,200
38797,242,0
38798,242,0
38799,228,1800
38800,185,8000
38801,226,2000
38802,242,0
38803,238,500
38804,219,3000
38805,242,0
38806,239,300
38807,242,0
38808,242,0
38809,235,800
38810,2,150000
38811,242,0
38812,227,1900
38813,242,0
38814,226,2000
38815,2,150000
38816,239,300
38817,0,600000
38818,233,1100
38819,240,200
38820,238,450
38821,242,0
38822,220,2800
38823,242,0
38824,226,2000
38825,27,65000
38826,238,450
38827,242,0
38828,235,800
38829,241,150
38830,240,200
38831,239,300
38832,240,200
38833,242,0
38834,223,2400
38835,242,0
38836,2,150000
38837,239,400
38838,238,500
38839,2,150000
38840,239,300
38841,238,500
38842,204,5000
38843,226,2000
38844,242,0
38845,242,0
38846,239,350
38847,235,900
38848,53,45000
38849,21,72900
38850,241,150
38851,239,400
38852,146,15000
38853,172,10000
38854,242,0
38855,242,0
38856,241,100
38857,242,0
38858,242,0
38859,242,0
38860,2,150000
38861,241,100
38862,242,0
38863,240,200
38864,141,16000
38865,240,200
38866,242,0
38867,242,0
38868,229,1600
38869,235,800
38870,242,0
38871,2,150000
38872,242,0
38873,240,200
38874,223,2400
38875,242,0
38876,238,500
38877,232,1200
38878,242,0
38879,241,100
38880,226,2000
38881,2,150000
38882,242,0
38883,235,800
38884,235,800
38885,242,0
38886,242,0
38887,137,16800
38888,242,0
38889,242,0
38890,185,8000
38891,0,450000
38892,242,0
38893,217,3200
38894,240,200
38895,242,0
38896,2,150000
38897,230,1500
38898,242,0
38899,240,200
38900,2,150000
38901,242,0
38902,242,0
38903,239,350
38904,242,0
38905,2,150000
38906,242,0
38907,0,300000
38908,242,0
38909,219,3000
38910,240,200
38911,242,0
38912,242,0
38913,242,0
38914,241,100
38915,228,1750
38916,219,3000
38917,220,2800
38918,232,1200
38919,192,6900
38920,227,1850
38921,242,0
38922,242,0
38923,241,100
38924,242,0
38925,239,300
38926,86,30400
38927,183,8300
38928,235,800
38929,242,0
38930,240,200
38931,241,100
38932,240,200
38933,229,1600
38934,2,150000
38935,236,750
38936,240,200
38937,242,0
38938,242,0
38939,2,150000
38940,242,0
38941,0,200000
38942,240,200
38943,242,0
38944,242,0
38945,234,1000
38946,235,800
38947,230,1500
38948,0,450000
38949,242,0
38950,88,30000
38951,242,0
38952,241,100
38953,242,0
38954,242,0
38955,235,800
38956,0,310000
38957,242,0
38958,242,0
38959,241,150
38960,242,0
38961,88,30000
38962,2,150000
38963,242,0
38964,241,150
38965,233,1100
38966,182,8400
38967,0,450000
38968,242,0
38969,242,0
38970,242,0
38971,242,0
38972,240,200
38973,2,150000
38974,141,16000
38975,113,22500
38976,240,200
38977,238,500
38978,242,0
38979,242,0
38980,242,0
38981,236,700
38982,88,30000
38983,140,16200
38984,242,0
38985,179,8900
38986,2,150000
38987,241,100
38988,242,0
38989,242,0
38990,236,700
38991,242,0
38992,242,0
38993,242,0
38994,242,0
38995,226,2000
38996,242,0
38997,2,150000
38998,232,1300
38999,242,0
39000,217,3200
39001,239,400
39002,231,1400
39003,239,400
39004,237,600
39005,229,1600
39006,185,8000
39007,235,900
39008,242,0
39009,242,0
39010,241,150
39011,241,100
39012,242,0
39013,2,150000
39014,2,150000
39015,242,0
39016,0,350000
39017,242,0
39018,242,0
39019,242,0
39020,242,0
39021,242,0
39022,242,0
39023,187,7600
39024,236,700
39025,0,300000
39026,0,350000
39027,2,150000
39028,2,150000
39029,235,900
39030,242,0
39031,236,700
39032,214,3600
39033,2,150000
39034,229,1600
39035,235,800
39036,3,135000
39037,0,300000
39038,242,0
39039,242,0
39040,240,200
39041,242,0
39042,241,100
39043,242,0
39044,229,1600
39045,41,52500
39046,242,0
39047,242,0
39048,242,0
39049,242,0
39050,242,0
39051,94,28000
39052,240,250
39053,241,150
39054,239,300
39055,239,400
39056,241,100
39057,242,0
39058,197,6000
39059,137,16800
39060,241,100
39061,242,0
39062,226,2000
39063,179,8950
39064,234,1000
39065,242,0
39066,242,0
39067,242,0
39068,186,7800
39069,240,250
39070,233,1100
39071,242,0
39072,240,200
39073,240,200
39074,242,0
39075,211,4000
39076,2,150000
39077,242,0
39078,242,0
39079,2,150000
39080,237,600
39081,242,0
39082,239,300
39083,242,0
39084,240,200
39085,241,100
39086,242,0
39087,0,300000
39088,239,400
39089,237,600
39090,242,0
39091,242,0
39092,229,1600
39093,242,0
39094,242,0
39095,2,150000
39096,242,0
39097,242,0
39098,0,350000
39099,240,200
39100,241,100
39101,242,0
39102,21,72000
39103,242,0
39104,235,800
39105,241,100
39106,226,2000
39107,146,15000
39108,0,2000000
39109,211,4000
39110,242,0
39111,0,600000
39112,188,7500
39113,239,300
39114,242,0
39115,186,7700
39116,188,7500
39117,226,2000
39118,242,0
39119,242,0
39120,141,16000
39121,237,600
39122,0,500000
39123,235,800
39124,0,200000
39125,88,30000
39126,232,1200
39127,241,150
39128,229,1600
39129,242,0
39130,242,0
39131,226,2000
39132,0,450000
39133,242,0
39134,242,0
39135,242,0
39136,222,2600
39137,237,600
39138,239,300
39139,226,2000
39140,0,450000
39141,2,150000
39142,242,0
39143,242,0
39144,242,0
39145,237,600
39146,241,100
39147,242,0
39148,2,150000
39149,178,9000
39150,242,0
39151,242,0
39152,241,150
39153,242,0
39154,235,900
39155,241,100
39156,241,100
39157,241,100
39158,241,100
39159,242,0
39160,240,250
39161,19,75000
39162,239,300
39163,2,150000
39164,242,0
39165,62,40000
39166,242,0
39167,197,6000
39168,242,0
39169,2,150000
39170,2,150000
39171,240,200
39172,242,0
39173,219,3000
39174,242,0
39175,240,250
39176,226,2000
39177,242,0
39178,239,300
39179,219,3000
39180,242,0
39181,242,0
39182,88,30000
39183,242,0
39184,241,100
39185,242,0
39186,222,2600
39187,242,0
39188,172,10000
39189,242,0
39190,2,150000
39191,241,100
39192,242,0
39193,240,200
39194,240,200
39195,135,17200
39196,183,8300
39197,239,300
39198,242,0
39199,242,0
39200,234,1000
39201,239,350
39202,235,800
39203,239,300
39204,242,0
39205,242,0
39206,240,200
39207,238,500
39208,234,1000
39209,67,38000
39210,241,100
39211,242,0
39212,242,0
39213,242,0
39214,0,500000
39215,232,1200
39216,240,200
39217,242,0
39218,242,0
39219,241,100
39220,240,200
39221,227,1900
39222,237,600
39223,1,160000
39224,242,0
39225,238,500
39226,241,150
39227,217,3200
39228,141,16000
39229,161,12000
39230,2,150000
39231,242,0
39232,222,2500
39233,2,150000
39234,231,1400
39235,242,0
39236,242,0
39237,62,40000
39238,242,0
39239,239,400
39240,242,0
39241,242,0
39242,241,100
39243,222,2600
39244,241,100
39245,188,7500
39246,181,8550
39247,242,0
39248,242,0
39249,242,0
39250,0,300000
39251,242,0
39252,238,500
39253,242,0
39254,241,150
39255,219,3000
39256,240,200
39257,230,1500
39258,242,0
39259,242,0
39260,239,300
39261,2,150000
39262,52,45400
39263,242,0
39264,242,0
39265,242,0
39266,242,0
39267,242,0
39268,242,0
39269,233,1100
39270,239,300
39271,197,6000
39272,0,300000
39273,237,600
39274,242,0
39275,48,48000
39276,66,38500
39277,242,0
39278,242,0
39279,242,0
39280,242,0
39281,242,0
39282,240,200
39283,242,0
39284,226,2000
39285,242,0
39286,242,0
39287,241,100
39288,242,0
39289,240,200
39290,242,0
39291,239,300
39292,191,7000
39293,0,300000
39294,242,0
39295,242,0
39296,242,0
39297,197,6000
39298,239,400
39299,222,2600
39300,219,3000
39301,242,0
39302,242,0
39303,242,0
39304,240,200
39305,2,150000
39306,231,1400
39307,240,200
39308,242,0
39309,242,0
39310,188,7500
39311,242,0
39312,230,1500
39313,190,7200
39314,242,0
39315,242,0
39316,242,0
39317,0,242000
39318,242,0
39319,237,600
39320,242,0
39321,240,200
39322,242,0
39323,242,0
39324,235,800
39325,242,0
39326,242,0
39327,2,150000
39328,242,0
39329,217,3200
39330,88,30000
39331,231,1400
39332,240,250
39333,242,0
39334,242,0
39335,242,0
39336,242,0
39337,0,200000
39338,232,1200
39339,113,22500
39340,239,300
39341,236,700
39342,235,800
39343,0,300000
39344,241,100
39345,8,99000
39346,240,200
39347,217,3200
39348,242,0
39349,236,750
39350,211,4000
39351,240,250
39352,242,0
39353,237,600
39354,240,250
39355,242,0
39356,235,800
39357,62,40000
39358,231,1400
39359,236,700
39360,2,150000
39361,233,1100
39362,241,100
39363,234,1000
39364,239,300
39365,242,0
39366,239,300
39367,242,0
39368,242,0
39369,226,2000
39370,2,150000
39371,211,4000
39372,219,3000
39373,242,0
39374,0,300000
39375,242,0
39376,239,300
39377,104,25000
39378,142,15800
39379,242,0
39380,242,0
39381,242,0
39382,242,0
39383,240,200
39384,242,0
39385,242,0
39386,242,0
39387,2,150000
39388,172,10000
39389,242,0
39390,240,250
39391,242,0
39392,226,2000
39393,242,0
39394,242,0
39395,225,2150
39396,2,150000
39397,232,1200
39398,239,400
39399,0,350000
39400,138,16600
39401,242,0
39402,240,200
39403,235,900
39404,0,500000
39405,68,37500
39406,242,0
39407,2,150000
39408,219,3000
39409,242,0
39410,238,450
39411,242,0
39412,218,3100
39413,123,20000
39414,242,0
39415,235,800
39416,2,150000
39417,197,6000
39418,234,1000
39419,242,0
39420,242,0
39421,141,16000
39422,235,800
39423,238,450
39424,0,300000
39425,186,7700
39426,2,150000
39427,241,100
39428,240,200
39429,2,150000
39430,229,1600
39431,232,1300
39432,133,17600
39433,229,1600
39434,242,0
39435,19,75000
39436,242,0
39437,1,155000
39438,235,800
39439,225,2100
39440,237,600
39441,242,0
39442,241,100
39443,242,0
39444,235,800
39445,185,8000
39446,204,5000
39447,242,0
39448,242,0
39449,242,0
39450,236,700
39451,235,800
39452,240,200
39453,235,900
39454,233,1050
39455,242,0
39456,242,0
39457,239,400
39458,241,150
39459,239,300
39460,239,400
39461,229,1600
39462,236,700
39463,242,0
39464,0,2000000
39465,242,0
39466,242,0
39467,242,0
39468,242,0
39469,226,2000
39470,226,2000
39471,242,0
39472,235,800
39473,240,250
39474,238,500
39475,228,1700
39476,188,7500
39477,242,0
39478,234,1000
39479,242,0
39480,180,8750
39481,238,500
39482,2,150000
39483,242,0
39484,228,1750
39485,226,2000
39486,185,8000
39487,242,0
39488,141,16000
39489,242,0
39490,204,5000
39491,242,0
39492,230,1500
39493,241,100
39494,242,0
39495,107,24000
39496,240,200
39497,240,200
39498,238,450
39499,113,22600
39500,242,0
39501,0,300000
39502,0,350000
39503,242,0
39504,237,600
39505,242,0
39506,242,0
39507,242,0
39508,240,200
39509,0,200000
39510,242,0
39511,239,300
39512,237,600
39513,242,0
39514,141,16000
39515,232,1200
39516,237,600
39517,233,1100
39518,242,0
39519,123,20000
39520,242,0
39521,197,6000
39522,206,4800
39523,242,0
39524,0,500000
39525,219,3000
39526,0,400000
39527,242,0
39528,0,200000
39529,242,0
39530,242,0
39531,239,400
39532,215,3500
39533,223,2400
39534,242,0
39535,113,22500
39536,237,600
39537,242,0
39538,242,0
39539,242,0
39540,242,0
39541,241,100
39542,242,0
39543,242,0
39544,242,0
39545,197,6000
39546,242,0
39547,241,150
39548,242,0
39549,2,150000
39550,242,0
39551,242,0
39552,239,300
39553,237,600
39554,242,0
39555,242,0
39556,242,0
39557,27,65000
39558,242,0
39559,2,150000
39560,242,0
39561,204,5000
39562,123,20000
39563,235,800
39564,240,200
39565,241,100
39566,239,400
39567,2,150000
39568,141,16000
39569,223,2400
39570,230,1550
39571,242,0
39572,242,0
39573,242,0
39574,242,0
39575,242,0
39576,239,300
39577,229,1600
39578,242,0
39579,241,150
39580,239,300
39581,235,800
39582,241,100
39583,239,300
39584,242,0
39585,242,0
39586,242,0
39587,242,0
39588,239,300
39589,241,100
39590,242,0
39591,240,200
39592,241,150
39593,242,0
39594,242,0
39595,211,4000
39596,242,0
39597,242,0
39598,238,500
39599,0,200000
39600,0,200000
39601,239,400
39602,107,24000
39603,242,0
39604,234,1000
39605,2,150000
39606,2,150000
39607,242,0
39608,86,30400
39609,107,24000
39610,229,1600
39611,242,0
39612,240,200
39613,242,0
39614,242,0
39615,2,150000
39616,242,0
39617,242,0
39618,242,0
39619,242,0
39620,234,1000
39621,242,0
39622,239,300
39623,239,400
39624,242,0
39625,240,200
39626,239,300
39627,237,600
39628,231,1400
39629,197,6000
39630,0,350000
39631,235,900
39632,241,100
39633,240,250
39634,138,16600
39635,232,1200
39636,236,700
39637,242,0
39638,146,15000
39639,239,300
39640,0,300000
39641,234,1000
39642,242,0
39643,214,3600
39644,239,400
39645,242,0
39646,242,0
39647,239,300
39648,239,300
39649,193,6600
39650,145,15200
39651,229,1600
39652,241,100
39653,234,1000
39654,240,200
39655,241,100
39656,48,48000
39657,208,4500
39658,242,0
39659,242,0
39660,226,2000
39661,242,0
39662,239,400
39663,233,1100
39664,0,300000
39665,242,0
39666,238,500
39667,0,500000
39668,241,100
39669,242,0
39670,197,6000
39671,237,600
39672,16,80000
39673,242,0
39674,6,110000
39675,13,87500
39676,239,300
39677,242,0
39678,242,0
39679,102,25550
39680,211,4000
39681,242,0
39682,240,200
39683,242,0
39684,188,7500
39685,128,18700
39686,107,24200
39687,242,0
39688,240,200
39689,241,100
39690,240,200
39691,239,350
39692,242,0
39693,226,2000
39694,239,300
39695,242,0
39696,242,0
39697,242,0
39698,2,150000
39699,242,0
39700,141,16000
39701,242,0
39702,242,0
39703,238,450
39704,240,250
39705,242,0
39706,240,250
39707,240,200
39708,208,4500
39709,242,0
39710,188,7500
39711,242,0
39712,204,5000
39713,44,50250
39714,2,150000
39715,239,300
39716,242,0
39717,242,0
39718,242,0
39719,236,750
39720,235,900
39721,234,1000
39722,231,1400
39723,200,5600
39724,240,200
39725,241,100
39726,241,100
39727,242,0
39728,241,100
39729,242,0
39730,191,7000
39731,229,1600
39732,219,3000
39733,241,100
39734,240,200
39735,235,800
39736,241,150
39737,242,0
39738,19,75000
39739,242,0
39740,242,0
39741,242,0
39742,127,19000
39743,222,2500
39744,0,750000
39745,242,0
39746,187,7600
39747,0,300000
39748,232,1200
39749,242,0
39750,237,600
39751,240,200
39752,242,0
39753,228,1800
39754,242,0
39755,2,150000
39756,235,900
39757,242,0
39758,242,0
39759,242,0
39760,219,3000
39761,240,250
39762,41,52500
39763,239,300
39764,194,6500
39765,0,300000
39766,240,200
39767,241,100
39768,242,0
39769,242,0
39770,219,3000
39771,242,0
39772,242,0
39773,222,2500
39774,242,0
39775,215,3500
39776,242,0
39777,211,4000
39778,226,2000
39779,113,22500
39780,242,0
39781,240,200
39782,240,250
39783,211,4000
39784,242,0
39785,242,0
39786,52,45250
39787,242,0
39788,197,6000
39789,242,0
39790,239,300
39791,242,0
39792,145,15100
39793,242,0
39794,239,300
39795,0,200000
39796,104,24900
39797,141,16000
39798,240,200
39799,242,0
39800,2,150000
39801,240,250
39802,0,300000
39803,185,7900
39804,217,3200
39805,237,600
39806,241,100
39807,239,300
39808,228,1800
39809,242,0
39810,0,300000
39811,242,0
39812,242,0
39813,242,0
39814,226,2000
39815,242,0
39816,241,100
39817,242,0
39818,238,450
39819,158,12500
39820,239,300
39821,141,16000
39822,230,1500
39823,236,750
39824,2,150000
39825,235,900
39826,242,0
39827,234,1000
39828,240,200
39829,183,8300
39830,239,400
39831,39,53800
39832,0,750000
39833,2,150000
39834,197,6000
39835,242,0
39836,228,1800
39837,219,2900
39838,239,300
39839,242,0
39840,233,1100
39841,242,0
39842,242,0
39843,27,65000
39844,240,200
39845,242,0
39846,146,15000
39847,240,200
39848,240,200
39849,242,0
39850,242,0
39851,233,1050
39852,242,0
39853,239,400
39854,0,500000
39855,242,0
39856,240,200
39857,242,0
39858,242,0
39859,242,0
39860,228,1750
39861,2,150000
39862,240,200
39863,197,6000
39864,2,150000
39865,241,150
39866,240,200
39867,226,2000
39868,241,150
39869,188,7500
39870,242,0
39871,239,400
39872,197,6000
39873,211,4000
39874,242,0
39875,113,22500
39876,241,100
39877,239,300
39878,2,150000
39879,240,200
39880,242,0
39881,242,0
39882,182,8400
39883,240,200
39884,88,30000
39885,242,0
39886,88,30000
39887,19,75000
39888,242,0
39889,238,450
39890,239,300
39891,242,0
39892,0,1500000
39893,242,0
39894,240,200
39895,242,0
39896,237,600
39897,242,0
39898,239,300
39899,239,300
39900,242,0
39901,188,7500
39902,242,0
39903,241,150
39904,237,600
39905,240,200
39906,242,0
39907,237,600
39908,236,750
39909,45,50000
39910,241,150
39911,242,0
39912,242,0
39913,242,0
39914,242,0
39915,239,400
39916,235,900
39917,185,8000
39918,242,0
39919,242,0
39920,240,200
39921,242,0
39922,242,0
39923,186,7700
39924,186,7700
39925,240,200
39926,242,0
39927,195,6400
39928,219,3000
39929,0,300000
39930,242,0
39931,242,0
39932,242,0
39933,88,30000
39934,242,0
39935,240,200
39936,235,800
39937,240,200
39938,239,400
39939,239,400
39940,219,2900
39941,141,16000
39942,235,900
39943,235,800
39944,240,200
39945,242,0
39946,235,800
39947,227,1900
39948,185,8000
39949,239,300
39950,242,0
39951,226,2000
39952,242,0
39953,13,87500
39954,19,75000
39955,242,0
39956,2,150000
39957,230,1500
39958,233,1050
39959,188,7500
39960,242,0
39961,241,150
39962,242,0
39963,241,100
39964,234,950
39965,239,400
39966,204,5000
39967,211,4000
39968,2,150000
39969,242,0
39970,240,200
39971,0,300000
39972,0,350000
39973,242,0
39974,241,100
39975,237,600
39976,241,100
39977,242,0
39978,145,15100
39979,235,900
39980,242,0
39981,2,150000
39982,222,2550
39983,239,300
39984,226,2000
39985,242,0
39986,232,1200
39987,2,150000
39988,239,400
39989,242,0
39990,242,0
39991,223,2400
39992,242,0
39993,2,150000
39994,183,8300
39995,2,150000
39996,242,0
39997,233,1050
39998,242,0
39999,239,300
40000,232,1300
40001,2,150000
40002,242,0
40003,242,0
40004,235,800
40005,242,0
40006,239,400
40007,67,38000
40008,239,300
40009,242,0
40010,48,48000
40011,239,300
40012,41,52500
40013,236,700
40014,242,0
40015,242,0
40016,4,125000
40017,204,5000
40018,62,40000
40019,228,1800
40020,241,100
40021,242,0
40022,242,0
40023,242,0
40024,2,150000
40025,4,125000
40026,0,200000
40027,242,0
40028,2,150000
40029,2,150000
40030,2,150000
40031,217,3200
40032,238,500
40033,53,45000
40034,197,6000
40035,242,0
40036,0,400000
40037,2,150000
40038,146,15000
40039,45,49800
40040,241,100
40041,226,2000
40042,0,1500000
40043,242,0
40044,2,150000
40045,226,2000
40046,242,0
40047,222,2500
40048,235,800
40049,204,5000
40050,235,800
40051,188,7500
40052,208,4500
40053,242,0
40054,240,200
40055,240,200
40056,82,32000
40057,242,0
40058,0,300000
40059,241,150
40060,226,2000
40061,241,150
40062,242,0
40063,242,0
40064,222,2500
40065,242,0
40066,242,0
40067,141,15900
40068,239,300
40069,239,300
40070,242,0
40071,88,30000
40072,226,2000
40073,242,0
40074,242,0
40075,239,300
40076,240,250
40077,239,300
40078,137,16900
40079,240,250
40080,242,0
40081,227,1900
40082,204,5000
40083,239,350
40084,242,0
40085,27,65000
40086,242,0
40087,235,900
40088,241,100
40089,0,300000
40090,226,2000
40091,239,400
40092,242,0
40093,47,48400
40094,242,0
40095,2,150000
40096,242,0
40097,242,0
40098,241,100
40099,2,150000
40100,81,32500
40101,242,0
40102,240,200
40103,242,0
40104,242,0
40105,2,150000
40106,242,0
40107,0,400000
40108,242,0
40109,234,1000
40110,242,0
40111,242,0
40112,242,0
40113,240,200
40114,2,150000
40115,214,3600
40116,239,400
40117,241,100
40118,239,300
40119,242,0
40120,242,0
40121,242,0
40122,88,30000
40123,238,500
40124,240,200
40125,242,0
40126,242,0
40127,242,0
40128,234,1000
40129,0,400000
40130,240,200
40131,2,150000
40132,242,0
40133,146,15000
40134,239,300
40135,241,100
40136,235,800
40137,2,150000
40138,211,4000
40139,188,7400
40140,239,300
40141,111,23000
40142,242,0
40143,228,1700
40144,0,200000
40145,219,3000
40146,201,5500
40147,146,15000
40148,226,2000
40149,127,19100
40150,242,0
40151,107,24000
40152,239,300
40153,241,100
40154,231,1400
40155,2,150000
40156,241,100
40157,211,4000
40158,242,0
40159,235,800
40160,242,0
40161,242,0
40162,226,2000
40163,242,0
40164,242,0
40165,241,150
40166,170,10500
40167,242,0
40168,0,500000
40169,240,200
40170,230,1550
40171,242,0
40172,242,0
40173,241,150
40174,242,0
40175,219,3000
40176,242,0
40177,0,500000
40178,188,7500
40179,188,7500
40180,234,1000
40181,239,300
40182,239,300
40183,242,0
40184,242,0
40185,242,0
40186,242,0
40187,242,0
40188,242,0
40189,241,100
40190,142,15800
40191,237,600
40192,242,0
40193,240,200
40194,228,1800
40195,45,49500
40196,226,2000
40197,219,3000
40198,240,200
40199,242,0
40200,240,200
40201,234,950
40202,242,0
40203,141,16000
40204,235,800
40205,234,1000
40206,242,0
40207,242,0
40208,242,0
40209,242,0
40210,242,0
40211,235,800
40212,0,300000
40213,242,0
40214,242,0
40215,242,0
40216,240,250
40217,242,0
40218,242,0
40219,242,0
40220,172,10000
40221,241,150
40222,235,800
40223,240,200
40224,242,0
40225,242,0
40226,0,350000
40227,242,0
40228,239,400
40229,242,0
40230,238,500
40231,197,6000
40232,241,150
40233,226,2000
40234,242,0
40235,242,0
40236,242,0
40237,211,4000
40238,242,0
40239,240,200
40240,192,6900
40241,242,0
40242,219,3000
40243,204,5000
40244,2,150000
40245,242,0
40246,241,150
40247,229,1600
40248,237,600
40249,241,100
40250,107,24000
40251,242,0
40252,242,0
40253,240,250
40254,242,0
40255,2,150000
40256,240,200
40257,237,600
40258,211,4000
40259,242,0
40260,242,0
40261,241,150
40262,227,1900
40263,242,0
40264,225,2100
40265,2,150000
40266,1,155000
40267,240,200
40268,239,300
40269,239,300
40270,242,0
40271,240,250
40272,226,2000
40273,238,500
40274,242,0
40275,132,18000
40276,242,0
40277,141,16000
40278,241,100
40279,242,0
40280,222,2600
40281,161,12000
40282,239,400
40283,242,0
40284,226,2000
40285,223,2400
40286,242,0
40287,242,0
40288,239,400
40289,229,1600
40290,242,0
40291,223,2400
40292,242,0
40293,242,0
40294,225,2200
40295,191,7000
40296,242,0
40297,242,0
40298,242,0
40299,242,0
40300,1,175000
40301,242,0
40302,2,150000
40303,53,45000
40304,239,300
40305,242,0
40306,242,0
40307,240,200
40308,242,0
40309,240,250
40310,242,0
40311,242,0
40312,240,200
40313,237,600
40314,185,7900
40315,2,150000
40316,242,0
40317,235,800
40318,242,0
40319,242,0
40320,229,1600
40321,197,6000
40322,242,0
40323,242,0
40324,242,0
40325,85,30900
40326,242,0
40327,242,0
40328,242,0
40329,239,400
40330,242,0
40331,97,27150
40332,206,4800
40333,242,0
40334,235,900
40335,240,250
40336,242,0
40337,0,2000000
40338,242,0
40339,206,4800
40340,241,100
40341,242,0
40342,187,7600
40343,229,1600
40344,241,100
40345,242,0
40346,183,8300
40347,242,0
40348,219,3000
40349,0,262500
40350,2,150000
40351,242,0
40352,220,2800
40353,113,22500
40354,242,0
40355,242,0
40356,197,6000
40357,242,0
40358,239,400
40359,2,150000
40360,240,200
40361,242,0
40362,235,800
40363,242,0
40364,228,1800
40365,241,100
40366,242,0
40367,241,150
40368,240,200
40369,242,0
40370,62,40000
40371,236,700
40372,107,24000
40373,2,150000
40374,242,0
40375,235,900
40376,240,200
40377,242,0
40378,185,8000
40379,229,1600
40380,222,2600
40381,242,0
40382,219,2900
40383,219,3000
40384,142,15800
40385,242,0
40386,234,1000
40387,242,0
40388,2,150000
40389,242,0
40390,242,0
40391,235,800
40392,226,2000
40393,242,0
40394,204,5000
40395,239,300
40396,242,0
40397,233,1100
40398,0,300000
40399,0,200000
40400,237,600
40401,240,250
40402,242,0
40403,141,16000
40404,237,600
40405,236,750
40406,242,0
40407,242,0
40408,227,1900
40409,138,16600
40410,238,450
40411,67,38000
40412,242,0
40413,2,150000
40414,234,1000
40415,240,200
40416,242,0
40417,2,150000
40418,239,300
40419,239,300
40420,242,0
40421,2,150000
40422,242,0
40423,242,0
40424,235,850
40425,2,150000
40426,229,1600
40427,241,100
40428,235,800
40429,226,2000
40430,240,200
40431,241,100
40432,141,16000
40433,242,0
40434,0,500000
40435,235,800
40436,219,3000
40437,242,0
40438,240,250
40439,2,150000
40440,240,200
40441,235,900
40442,242,0
40443,242,0
40444,2,150000
40445,35,56750
40446,107,24000
40447,239,350
40448,242,0
40449,242,0
40450,229,1600
40451,68,37500
40452,242,0
40453,242,0
40454,226,2000
40455,242,0
40456,0,300000
40457,242,0
40458,242,0
40459,242,0
40460,240,200
40461,183,8300
40462,242,0
40463,226,2000
40464,241,100
40465,2,150000
40466,2,150000
40467,197,6000
40468,141,16000
40469,2,150000
40470,211,4000
40471,204,5000
40472,235,900
40473,123,20000
40474,242,0
40475,141,16000
40476,240,250
40477,242,0
40478,186,7800
40479,88,30000
40480,242,0
40481,242,0
40482,242,0
40483,181,8550
40484,232,1200
40485,235,900
40486,232,1200
40487,240,250
40488,186,7700
40489,2,150000
40490,240,200
40491,239,300
40492,185,8000
40493,239,400
40494,239,300
40495,242,0
40496,242,0
40497,241,100
40498,242,0
40499,188,7500
40500,242,0
40501,241,100
40502,242,0
40503,239,400
40504,235,800
40505,172,10000
40506,211,4000
40507,0,200000
40508,242,0
40509,242,0
40510,181,8500
40511,242,0
40512,241,100
40513,242,0
40514,0,300000
40515,219,3000
40516,2,150000
40517,197,6000
40518,2,150000
40519,141,16000
40520,226,2000
40521,242,0
40522,242,0
40523,242,0
40524,242,0
40525,242,0
40526,242,0
40527,219,3000
40528,242,0
40529,242,0
40530,197,6000
40531,88,30000
40532,195,6400
40533,240,200
40534,239,300
40535,242,0
40536,242,0
40537,2,150000
40538,242,0
40539,242,0
40540,234,1000
40541,180,8750
40542,242,0
40543,235,800
40544,242,0
40545,226,2000
40546,242,0
40547,2,150000
40548,235,800
40549,242,0
40550,242,0
40551,229,1600
40552,206,4800
40553,240,200
40554,240,250
40555,2,150000
40556,0,450000
40557,241,150
40558,234,1000
40559,240,200
40560,240,200
40561,229,1600
40562,240,250
40563,242,0
40564,187,7600
40565,242,0
40566,232,1300
40567,240,200
40568,235,900
40569,242,0
40570,241,100
40571,197,6000
40572,226,2000
40573,242,0
40574,0,300000
40575,242,0
40576,107,24000
40577,242,0
40578,41,52500
40579,242,0
40580,241,100
40581,239,350
40582,238,500
40583,227,1850
40584,235,800
40585,211,4000
40586,239,300
40587,235,900
40588,4,125000
40589,2,150000
40590,242,0
40591,235,900
40592,238,500
40593,211,4000
40594,229,1650
40595,2,150000
40596,61,40500
40597,239,400
40598,240,200
40599,230,1500
40600,241,100
40601,242,0
40602,242,0
40603,62,40000
40604,242,0
40605,219,3000
40606,141,16000
40607,242,0
40608,242,0
40609,242,0
40610,242,0
40611,2,150000
40612,236,750
40613,241,100
40614,204,5000
40615,242,0
40616,241,100
40617,0,300000
40618,240,250
40619,197,6000
40620,235,800
40621,237,600
40622,242,0
40623,238,500
40624,240,250
40625,2,150000
40626,242,0
40627,237,600
40628,197,6000
40629,228,1800
40630,242,0
40631,2,150000
40632,225,2100
40633,2,150000
40634,242,0
40635,242,0
40636,237,600
40637,197,6000
40638,242,0
40639,232,1200
40640,242,0
40641,242,0
40642,0,450000
40643,242,0
40644,239,300
40645,230,1450
40646,242,0
40647,97,27000
40648,233,1100
40649,23,70000
40650,242,0
40651,242,0
40652,141,16000
40653,221,2700
40654,0,466000
40655,123,20000
40656,226,2000
40657,242,0
40658,240,200
40659,242,0
40660,197,6000
40661,144,15300
40662,240,200
40663,242,0
40664,242,0
40665,242,0
40666,238,500
40667,214,3600
40668,242,0
40669,225,2200
40670,2,150000
40671,242,0
40672,242,0
40673,197,6000
40674,242,0
40675,242,0
40676,242,0
40677,123,20000
40678,242,0
40679,59,41500
40680,1,180000
40681,242,0
40682,240,200
40683,242,0
40684,241,100
40685,211,4000
40686,8,100600
40687,239,300
40688,242,0
40689,41,52500
40690,239,400
40691,242,0
40692,211,4000
40693,240,250
40694,211,4000
40695,241,100
40696,242,0
40697,242,0
40698,141,16000
40699,237,600
40700,233,1100
40701,240,200
40702,1,178900
40703,211,4000
40704,0,300000
40705,188,7500
40706,242,0
40707,197,6000
40708,242,0
40709,242,0
40710,2,150000
40711,242,0
40712,242,0
40713,240,200
40714,226,2000
40715,242,0
40716,2,150000
40717,238,500
40718,0,400000
40719,242,0
40720,123,20000
40721,232,1200
40722,242,0
40723,242,0
40724,226,2000
40725,242,0
40726,45,50000
40727,16,80000
40728,223,2400
40729,242,0
40730,242,0
40731,229,1600
40732,242,0
40733,239,400
40734,241,100
40735,141,16000
40736,242,0
40737,223,2400
40738,232,1250
40739,241,100
40740,239,300
40741,242,0
40742,239,400
40743,241,150
40744,242,0
40745,240,200
40746,240,200
40747,240,200
40748,242,0
40749,62,40000
40750,242,0
40751,239,300
40752,239,300
40753,235,900
40754,242,0
40755,242,0
40756,242,0
40757,242,0
40758,239,400
40759,242,0
40760,242,0
40761,197,6000
40762,0,350000
40763,209,4300
40764,242,0
40765,242,0
40766,242,0
40767,239,400
40768,242,0
40769,242,0
40770,235,800
40771,0,500000
40772,204,5000
40773,239,400
40774,183,8300
40775,32,60000
40776,238,500
40777,235,800
40778,242,0
40779,141,16000
40780,242,0
40781,0,400000
40782,241,100
40783,113,22500
40784,0,310000
40785,2,150000
40786,242,0
40787,242,0
40788,219,3000
40789,242,0
40790,242,0
40791,235,800
40792,239,400
40793,235,800
40794,239,300
40795,240,200
40796,88,30000
40797,2,150000
40798,197,6000
40799,238,500
40800,0,350000
40801,2,150000
40802,2,150000
40803,239,300
40804,2,150000
40805,242,0
40806,237,600
40807,242,0
40808,2,150000
40809,242,0
40810,241,100
40811,242,0
40812,241,100
40813,88,30000
40814,240,200
40815,242,0
40816,240,250
40817,241,100
40818,223,2400
40819,240,200
40820,211,4000
40821,107,24000
40822,5,113500
40823,242,0
40824,241,100
40825,239,400
40826,242,0
40827,190,7200
40828,242,0
40829,161,12000
40830,242,0
40831,242,0
40832,240,200
40833,0,400000
40834,88,30000
40835,2,150000
40836,232,1300
40837,234,1000
40838,242,0
40839,1,155000
40840,225,2200
40841,242,0
40842,2,150000
40843,41,52500
40844,88,30000
40845,242,0
40846,221,2700
40847,236,750
40848,240,250
40849,240,200
40850,242,0
40851,226,2000
40852,242,0
40853,238,450
40854,242,0
40855,239,400
40856,235,800
40857,242,0
40858,146,15000
40859,242,0
40860,242,0
40861,237,600
40862,0,350000
40863,242,0
40864,242,0
40865,242,0
40866,242,0
40867,188,7500
40868,242,0
40869,242,0
40870,242,0
40871,242,0
40872,240,250
40873,239,400
40874,2,150000
40875,141,16000
40876,219,3000
40877,2,150000
40878,2,150000
40879,204,5000
40880,241,150
40881,242,0
40882,242,0
40883,13,87500
40884,223,2400
40885,242,0
40886,242,0
40887,141,16000
40888,242,0
40889,235,900
40890,2,150000
40891,229,1600
40892,235,800
40893,240,200
40894,238,500
40895,191,7000
40896,242,0
40897,2,150000
40898,242,0
40899,72,36000
40900,239,300
40901,242,0
40902,133,17750
40903,2,150000
40904,0,350000
40905,2,150000
40906,242,0
40907,0,350000
40908,242,0
40909,242,0
40910,242,0
40911,242,0
40912,68,37500
40913,2,150000
40914,235,800
40915,242,0
40916,242,0
40917,0,500000
40918,242,0
40919,238,500
40920,242,0
40921,242,0
40922,208,4500
40923,2,150000
40924,242,0
40925,226,2000
40926,240,200
40927,242,0
40928,240,200
40929,242,0
40930,242,0
40931,239,300
40932,239,400
40933,232,1200
40934,240,200
40935,242,0
40936,2,150000
40937,123,20000
40938,239,300
40939,242,0
40940,172,10150
40941,242,0
40942,145,15100
40943,242,0
40944,223,2400
40945,19,75000
40946,145,15200
40947,181,8500
40948,237,600
40949,188,7500
40950,107,24000
40951,242,0
40952,241,100
40953,242,0
40954,237,600
40955,156,12900
40956,241,100
40957,235,800
40958,240,200
40959,236,750
40960,240,200
40961,237,600
40962,239,300
40963,141,16000
40964,104,25000
40965,241,100
40966,239,350
40967,239,300
40968,211,4000
40969,240,200
40970,242,0
40971,2,150000
40972,242,0
40973,242,0
40974,235,900
40975,204,5000
40976,240,200
40977,240,200
40978,107,24000
40979,242,0
40980,242,0
40981,237,600
40982,239,300
40983,2,150000
40984,234,1000
40985,242,0
40986,242,0
40987,2,150000
40988,240,200
40989,211,4000
40990,239,400
40991,141,16000
40992,234,1000
40993,237,600
40994,242,0
40995,141,16000
40996,242,0
40997,241,100
40998,242,0
40999,242,0
41000,185,7900
41001,188,7500
41002,239,300
41003,242,0
41004,242,0
41005,237,600
41006,167,11000
41007,195,6400
41008,113,22500
41009,242,0
41010,0,350000
41011,242,0
41012,242,0
41013,240,250
41014,204,5000
41015,0,500000
41016,232,1200
41017,242,0
41018,238,450
41019,242,0
41020,240,200
41021,237,600
41022,242,0
41023,241,100
41024,239,400
41025,242,0
41026,0,750000
41027,242,0
41028,2,150000
41029,242,0
41030,197,6000
41031,185,8000
41032,0,215200
41033,239,400
41034,235,900
41035,240,200
41036,237,600
41037,172,10000
41038,239,300
41039,0,750000
41040,82,32000
41041,242,0
41042,2,150000
41043,242,0
41044,2,150000
41045,239,300
41046,235,800
41047,242,0
41048,242,0
41049,242,0
41050,234,1000
41051,242,0
41052,62,40000
41053,241,100
41054,242,0
41055,239,400
41056,242,0
41057,107,24000
41058,240,200
41059,235,800
41060,242,0
41061,242,0
41062,242,0
41063,242,0
41064,237,600
41065,178,9100
41066,0,300000
41067,242,0
41068,228,1700
41069,239,400
41070,219,3000
41071,242,0
41072,101,25700
41073,239,300
41074,241,100
41075,197,6000
41076,235,800
41077,0,200000
41078,242,0
41079,240,250
41080,2,150000
41081,237,600
41082,188,7500
41083,242,0
41084,0,1000000
41085,239,300
41086,242,0
41087,229,1600
41088,240,200
41089,2,150000
41090,240,200
41091,239,300
41092,242,0
41093,240,200
41094,2,150000
41095,237,600
41096,240,200
41097,219,3000
41098,242,0
41099,242,0
41100,242,0
41101,206,4700
41102,240,250
41103,240,200
41104,188,7500
41105,242,0
41106,161,12000
41107,237,600
41108,242,0
41109,219,3000
41110,242,0
41111,241,100
41112,204,5000
41113,242,0
41114,145,15100
41115,242,0
41116,242,0
41117,242,0
41118,242,0
41119,240,250
41120,241,150
41121,242,0
41122,240,200
41123,242,0
41124,219,3000
41125,123,20000
41126,240,200
41127,143,15500
41128,239,300
41129,235,900
41130,242,0
41131,2,150000
41132,242,0
41133,241,150
41134,242,0
41135,141,16000
41136,53,45000
41137,242,0
41138,3,125750
41139,235,800
41140,226,2000
41141,242,0
41142,242,0
41143,242,0
41144,242,0
41145,242,0
41146,238,500
41147,242,0
41148,141,16000
41149,241,100
41150,239,400
41151,242,0
41152,242,0
41153,241,100
41154,0,300000
41155,214,3600
41156,242,0
41157,226,2000
41158,242,0
41159,235,800
41160,240,250
41161,239,300
41162,242,0
41163,2,150000
41164,211,4000
41165,197,6000
41166,186,7700
41167,227,1850
41168,239,400
41169,241,100
41170,242,0
41171,234,1000
41172,187,7650
41173,242,0
41174,242,0
41175,238,450
41176,242,0
41177,229,1600
41178,223,2400
41179,0,300000
41180,241,100
41181,204,5000
41182,242,0
41183,242,0
41184,190,7200
41185,223,2400
41186,242,0
41187,240,200
41188,229,1600
41189,0,500000
41190,2,150000
41191,242,0
41192,240,200
41193,226,2000
41194,188,7500
41195,242,0
41196,242,0
41197,239,300
41198,242,0
41199,242,0
41200,226,2000
41201,242,0
41202,242,0
41203,226,2000
41204,242,0
41205,240,250
41206,188,7500
41207,197,6000
41208,226,2000
41209,181,8600
41210,241,100
41211,0,500000
41212,188,7500
41213,242,0
41214,2,150000
41215,2,150000
41216,188,7500
41217,239,400
41218,62,40000
41219,242,0
41220,0,300000
41221,234,1000
41222,242,0
41223,242,0
41224,242,0
41225,141,16000
41226,213,3800
41227,242,0
41228,242,0
41229,242,0
41230,226,2000
41231,241,150
41232,0,300000
41233,229,1600
41234,240,200
41235,232,1200
41236,240,200
41237,228,1800
41238,242,0
41239,217,3200
41240,241,100
41241,241,100
41242,242,0
41243,242,0
41244,242,0
41245,226,2000
41246,242,0
41247,240,200
41248,2,150000
41249,242,0
41250,242,0
41251,2,150000
41252,242,0
41253,242,0
41254,127,19000
41255,222,2600
41256,242,0
41257,238,500
41258,242,0
41259,235,900
41260,204,5000
41261,242,0
41262,2,150000
41263,234,1000
41264,239,300
41265,204,5000
41266,0,300000
41267,242,0
41268,211,4000
41269,239,400
41270,204,5000
41271,242,0
41272,197,6000
41273,211,4000
41274,219,3000
41275,240,200
41276,104,25000
41277,240,250
41278,88,30000
41279,242,0
41280,238,450
41281,217,3200
41282,141,16000
41283,241,100
41284,242,0
41285,242,0
41286,237,600
41287,240,200
41288,1,157500
41289,240,250
41290,88,30000
41291,225,2100
41292,240,250
41293,242,0
41294,242,0
41295,225,2100
41296,242,0
41297,226,2000
41298,242,0
41299,242,0
41300,0,350000
41301,204,5000
41302,242,0
41303,239,400
41304,197,6000
41305,88,30000
41306,241,150
41307,239,400
41308,123,20000
41309,242,0
41310,232,1250
41311,242,0
41312,239,300
41313,239,300
41314,161,12000
41315,224,2300
41316,204,5000
41317,242,0
41318,240,200
41319,240,200
41320,242,0
41321,183,8300
41322,0,1000000
41323,183,8300
41324,241,150
41325,219,3000
41326,242,0
41327,241,100
41328,242,0
41329,240,200
41330,188,7500
41331,237,550
41332,240,200
41333,222,2500
41334,242,0
41335,221,2700
41336,242,0
41337,2,150000
41338,237,600
41339,242,0
41340,0,500000
41341,2,150000
41342,242,0
41343,242,0
41344,240,200
41345,146,15000
41346,208,4500
41347,242,0
41348,239,400
41349,242,0
41350,242,0
41351,240,200
41352,241,100
41353,188,7500
41354,0,300000
41355,2,150000
41356,242,0
41357,240,250
41358,235,800
41359,241,100
41360,240,250
41361,219,3000
41362,242,0
41363,226,2000
41364,242,0
41365,2,150000
41366,242,0
41367,242,0
41368,238,450
41369,241,100
41370,234,1000
41371,240,200
41372,2,150000
41373,241,100
41374,141,16000
41375,232,1200
41376,241,150
41377,226,2000
41378,182,8400
41379,229,1650
41380,242,0
41381,242,0
41382,242,0
41383,242,0
41384,242,0
41385,242,0
41386,239,300
41387,242,0
41388,68,37500
41389,235,800
41390,242,0
41391,2,150000
41392,238,500
41393,232,1200
41394,242,0
41395,235,800
41396,242,0
41397,82,32000
41398,0,500000
41399,4,121000
41400,242,0
41401,238,500
41402,242,0
41403,242,0
41404,223,2400
41405,232,1200
41406,242,0
41407,161,12000
41408,242,0
41409,2,150000
41410,197,6000
41411,240,200
41412,185,7850
41413,242,0
41414,206,4800
41415,239,300
41416,82,32000
41417,208,4500
41418,239,300
41419,237,550
41420,242,0
41421,242,0
41422,107,24000
41423,0,450000
41424,242,0
41425,242,0
41426,141,16000
41427,242,0
41428,67,38000
41429,2,150000
41430,242,0
41431,242,0
41432,242,0
41433,0,300000
41434,238,500
41435,226,2000
41436,242,0
41437,242,0
41438,226,2000
41439,242,0
41440,123,20000
41441,242,0
41442,242,0
41443,240,200
41444,0,300000
41445,242,0
41446,242,0
41447,242,0
41448,242,0
41449,138,16600
41450,62,40200
41451,241,100
41452,123,20000
41453,242,0
41454,238,500
41455,235,800
41456,242,0
41457,146,15000
41458,242,0
41459,234,1000
41460,239,300
41461,239,400
41462,242,0
41463,242,0
41464,232,1200
41465,242,0
41466,242,0
41467,234,1000
41468,242,0
41469,242,0
41470,240,200
41471,2,150000
41472,242,0
41473,211,4000
41474,0,200000
41475,2,150000
41476,242,0
41477,242,0
41478,2,150000
41479,242,0
41480,204,5000
41481,188,7500
41482,0,500000
41483,228,1800
41484,239,300
41485,242,0
41486,242,0
41487,88,30000
41488,2,150000
41489,0,200000
41490,226,2000
41491,242,0
41492,211,4000
41493,141,16000
41494,223,2400
41495,188,7500
41496,242,0
41497,242,0
41498,41,52500
41499,239,350
41500,233,1100
41501,241,150
41502,242,0
41503,235,800
41504,187,7600
41505,241,100
41506,242,0
41507,232,1200
41508,0,500000
41509,2,150000
41510,2,150000
41511,88,30000
41512,240,200
41513,240,250
41514,237,600
41515,242,0
41516,235,800
41517,242,0
41518,235,800
41519,241,100
41520,242,0
41521,242,0
41522,21,71950
41523,235,800
41524,187,7600
41525,242,0
41526,242,0
41527,241,100
41528,242,0
41529,242,0
41530,141,16000
41531,242,0
41532,235,800
41533,240,200
41534,107,24000
41535,238,500
41536,242,0
41537,211,4000
41538,229,1600
41539,239,400
41540,242,0
41541,226,2000
41542,241,100
41543,204,5000
41544,197,6000
41545,172,10000
41546,242,0
41547,238,500
41548,237,600
41549,204,5000
41550,242,0
41551,239,400
41552,4,120000
41553,230,1500
41554,240,200
41555,146,15000
41556,242,0
41557,241,100
41558,242,0
41559,41,52500
41560,2,150000
41561,242,0
41562,0,355400
41563,242,0
41564,242,0
41565,242,0
41566,240,250
41567,241,100
41568,211,4000
41569,219,3000
41570,241,100
41571,141,16000
41572,0,300000
41573,241,100
41574,0,300000
41575,242,0
41576,242,0
41577,241,100
41578,2,150000
41579,141,16000
41580,242,0
41581,241,100
41582,242,0
41583,2,150000
41584,242,0
41585,19,75500
41586,242,0
41587,242,0
41588,242,0
41589,240,200
41590,242,0
41591,241,100
41592,242,0
41593,242,0
41594,239,400
41595,134,17400
41596,242,0
41597,242,0
41598,0,200000
41599,211,4000
41600,242,0
41601,40,53250
41602,226,2000
41603,242,0
41604,237,550
41605,242,0
41606,88,30000
41607,242,0
41608,234,1000
41609,242,0
41610,240,200
41611,21,72000
41612,2,150000
41613,242,0
41614,237,600
41615,0,300000
41616,238,500
41617,242,0
41618,242,0
41619,242,0
41620,242,0
41621,242,0
41622,242,0
41623,242,0
41624,242,0
41625,241,100
41626,242,0
41627,2,150000
41628,242,0
41629,2,150000
41630,242,0
41631,242,0
41632,242,0
41633,229,1600
41634,238,450
41635,241,100
41636,242,0
41637,141,16000
41638,242,0
41639,228,1700
41640,239,400
41641,0,1500000
41642,242,0
41643,241,100
41644,242,0
41645,242,0
41646,242,0
41647,141,16000
41648,239,300
41649,242,0
41650,188,7500
41651,239,400
41652,242,0
41653,239,400
41654,235,800
41655,242,0
41656,242,0
41657,242,0
41658,242,0
41659,242,0
41660,226,2000
41661,0,450000
41662,242,0
41663,242,0
41664,242,0
41665,242,0
41666,226,2000
41667,239,400
41668,242,0
41669,229,1600
41670,107,24200
41671,240,250
41672,234,1000
41673,238,500
41674,19,75000
41675,242,0
41676,228,1750
41677,240,200
41678,241,100
41679,241,100
41680,0,350000
41681,2,150000
41682,239,300
41683,241,100
41684,242,0
41685,0,450000
41686,242,0
41687,238,500
41688,242,0
41689,242,0
41690,242,0
41691,242,0
41692,242,0
41693,239,400
41694,242,0
41695,170,10450
41696,242,0
41697,240,250
41698,235,800
41699,242,0
41700,187,7650
41701,219,3000
41702,242,0
41703,240,200
41704,53,45000
41705,241,150
41706,238,450
41707,2,150000
41708,178,9100
41709,242,0
41710,188,7500
41711,228,1800
41712,242,0
41713,240,200
41714,237,600
41715,204,5000
41716,242,0
41717,235,800
41718,232,1250
41719,188,7500
41720,211,4000
41721,227,1900
41722,242,0
41723,242,0
41724,241,100
41725,241,100
41726,242,0
41727,242,0
41728,242,0
41729,238,450
41730,240,250
41731,181,8600
41732,239,400
41733,242,0
41734,197,6000
41735,242,0
41736,16,80000
41737,242,0
41738,2,150000
41739,242,0
41740,0,251500
41741,113,22500
41742,232,1250
41743,239,400
41744,239,400
41745,242,0
41746,242,0
41747,242,0
41748,204,5000
41749,239,300
41750,234,1000
41751,240,250
41752,184,8100
41753,239,300
41754,197,6000
41755,242,0
41756,242,0
41757,2,150000
41758,242,0
41759,53,45000
41760,226,2000
41761,241,150
41762,239,350
41763,225,2100
41764,239,400
41765,208,4500
41766,0,300000
41767,146,15000
41768,241,100
41769,152,13750
41770,242,0
41771,242,0
41772,242,0
41773,2,150000
41774,239,400
41775,113,22500
41776,233,1100
41777,240,200
41778,240,200
41779,222,2550
41780,242,0
41781,240,200
41782,0,300000
41783,242,0
41784,188,7500
41785,242,0
41786,219,3000
41787,234,1000
41788,239,400
41789,242,0
41790,239,300
41791,231,1400
41792,134,17500
41793,242,0
41794,242,0
41795,242,0
41796,235,800
41797,0,300000
41798,235,800
41799,238,500
41800,242,0
41801,242,0
41802,241,100
41803,241,100
41804,223,2400
41805,239,350
41806,0,300000
41807,240,250
41808,226,2000
41809,238,500
41810,242,0
41811,240,200
41812,242,0
41813,235,900
41814,242,0
41815,211,4000
41816,239,300
41817,195,6400
41818,242,0
41819,0,350000
41820,238,500
41821,242,0
41822,241,100
41823,242,0
41824,231,1400
41825,242,0
41826,0,300000
41827,204,5000
41828,242,0
41829,2,150000
41830,39,53800
41831,242,0
41832,0,200000
41833,211,4000
41834,129,18500
41835,239,400
41836,197,6000
41837,241,100
41838,2,150000
41839,211,4000
41840,219,3000
41841,239,300
41842,242,0
41843,242,0
41844,242,0
41845,242,0
41846,242,0
41847,234,1000
41848,241,100
41849,0,350000
41850,242,0
41851,242,0
41852,199,5750
41853,226,2000
41854,0,300000
41855,237,600
41856,211,4000
41857,242,0
41858,134,17400
41859,242,0
41860,2,150000
41861,0,300000
41862,239,300
41863,236,700
41864,113,22500
41865,242,0
41866,242,0
41867,0,500000
41868,237,600
41869,242,0
41870,233,1100
41871,240,200
41872,240,200
41873,235,800
41874,235,900
41875,242,0
41876,161,12000
41877,241,100
41878,2,150000
41879,242,0
41880,242,0
41881,242,0
41882,226,2000
41883,229,1600
41884,188,7500
41885,219,3000
41886,242,0
41887,238,500
41888,242,0
41889,234,1000
41890,242,0
41891,242,0
41892,242,0
41893,240,200
41894,234,1000
41895,239,300
41896,241,150
41897,242,0
41898,242,0
41899,188,7500
41900,242,0
41901,242,0
41902,240,250
41903,229,1600
41904,240,200
41905,2,150000
41906,232,1200
41907,226,2000
41908,240,200
41909,241,100
41910,200,5600
41911,239,300
41912,230,1500
41913,226,2000
41914,242,0
41915,242,0
41916,242,0
41917,242,0
41918,239,300
41919,242,0
41920,239,300
41921,242,0
41922,242,0
41923,242,0
41924,178,9100
41925,242,0
41926,242,0
41927,188,7500
41928,238,500
41929,242,0
41930,242,0
41931,242,0
41932,239,400
41933,204,5000
41934,240,200
41935,235,900
41936,188,7500
41937,239,300
41938,141,16000
41939,241,150
41940,239,300
41941,141,16000
41942,2,150000
41943,240,200
41944,141,16000
41945,240,200
41946,242,0
41947,143,15500
41948,242,0
41949,240,200
41950,234,1000
41951,2,150000
41952,242,0
41953,239,300
41954,226,2000
41955,234,1000
41956,240,200
41957,242,0
41958,2,150000
41959,232,1250
41960,242,0
41961,235,800
41962,242,0
41963,242,0
41964,132,18000
41965,240,200
41966,242,0
41967,181,8500
41968,239,300
41969,226,2000
41970,211,4000
41971,242,0
41972,0,450000
41973,228,1750
41974,242,0
41975,226,2000
41976,2,150000
41977,224,2300
41978,188,7500
41979,242,0
41980,242,0
41981,222,2600
41982,242,0
41983,242,0
41984,2,150000
41985,242,0
41986,113,22500
41987,2,150000
41988,241,100
41989,2,150000
41990,234,1000
41991,239,400
41992,232,1200
41993,239,400
41994,146,15000
41995,239,300
41996,242,0
41997,240,200
41998,242,0
41999,239,300
42000,106,24300
42001,240,200
42002,241,100
42003,242,0
42004,137,16800
42005,242,0
42006,242,0
42007,242,0
42008,242,0
42009,242,0
42010,237,600
42011,242,0
42012,242,0
42013,237,600
42014,239,400
42015,242,0
42016,235,900
42017,226,2000
42018,242,0
42019,86,30500
42020,242,0
42021,2,150000
42022,242,0
42023,239,400
42024,4,122500
42025,2,150000
42026,2,150000
42027,242,0
42028,240,250
42029,242,0
42030,239,400
42031,242,0
42032,141,16000
42033,242,0
42034,240,200
42035,239,300
42036,0,500000
42037,239,300
42038,225,2100
42039,186,7700
42040,232,1250
42041,219,3000
42042,2,150000
42043,242,0
42044,241,100
42045,239,400
42046,242,0
42047,237,600
42048,88,30000
42049,240,200
42050,242,0
42051,16,80000
42052,208,4500
42053,230,1500
42054,197,6000
42055,242,0
42056,137,16900
42057,242,0
42058,2,150000
42059,239,300
42060,211,4000
42061,226,2000
42062,229,1600
42063,240,250
42064,88,30000
42065,242,0
42066,242,0
42067,242,0
42068,234,1000
42069,239,300
42070,230,1500
42071,242,0
42072,239,400
42073,241,100
42074,107,24000
42075,242,0
42076,242,0
42077,232,1200
42078,242,0
42079,145,15200
42080,237,600
42081,242,0
42082,197,6000
42083,242,0
42084,0,200000
42085,187,7600
42086,232,1200
42087,141,16000
42088,107,24000
42089,242,0
42090,242,0
42091,242,0
42092,239,400
42093,237,600
42094,204,5000
42095,242,0
42096,242,0
42097,242,0
42098,204,5000
42099,242,0
42100,242,0
42101,211,4000
42102,213,3700
42103,242,0
42104,242,0
42105,238,450
42106,235,800
42107,239,400
42108,242,0
42109,242,0
42110,219,3000
42111,229,1600
42112,2,150000
42113,242,0
42114,239,400
42115,242,0
42116,223,2400
42117,237,550
42118,181,8500
42119,2,150000
42120,242,0
42121,239,400
42122,242,0
42123,242,0
42124,82,32000
42125,240,200
42126,211,4000
42127,242,0
42128,241,100
42129,239,400
42130,62,40000
42131,235,900
42132,242,0
42133,242,0
42134,240,250
42135,235,800
42136,242,0
42137,0,300000
42138,240,200
42139,239,300
42140,242,0
42141,242,0
42142,242,0
42143,241,150
42144,242,0
42145,239,350
42146,242,0
42147,230,1500
42148,242,0
42149,239,300
42150,241,150
42151,242,0
42152,240,200
42153,242,0
42154,242,0
42155,161,12000
42156,197,6000
42157,242,0
42158,242,0
42159,239,300
42160,241,150
42161,190,7200
42162,219,3000
42163,2,150000
42164,2,150000
42165,239,300
42166,238,500
42167,242,0
42168,242,0
42169,123,20000
42170,241,100
42171,235,900
42172,2,150000
42173,0,300000
42174,19,75000
42175,242,0
42176,242,0
42177,242,0
42178,187,7600
42179,241,100
42180,240,200
42181,242,0
42182,2,150000
42183,7,105000
42184,242,0
42185,239,400
42186,242,0
42187,235,800
42188,6,107600
42189,239,350
42190,2,150000
42191,242,0
42192,242,0
42193,242,0
42194,211,4000
42195,242,0
42196,219,3000
42197,211,4000
42198,242,0
42199,242,0
42200,242,0
42201,216,3400
42202,239,300
42203,242,0
42204,241,100
42205,110,23300
42206,204,5000
42207,0,750000
42208,242,0
42209,239,350
42210,242,0
42211,239,300
42212,242,0
42213,236,750
42214,232,1300
42215,239,400
42216,235,850
42217,239,300
42218,242,0
42219,240,200
42220,242,0
42221,242,0
42222,44,50400
42223,242,0
42224,241,100
42225,236,700
42226,242,0
42227,242,0
42228,242,0
42229,240,200
42230,2,150000
42231,239,300
42232,232,1300
42233,146,15000
42234,229,1600
42235,0,300000
42236,242,0
42237,202,5400
42238,242,0
42239,242,0
42240,239,300
42241,242,0
42242,242,0
42243,172,10150
42244,242,0
42245,2,150000
42246,239,300
42247,242,0
42248,185,7950
42249,242,0
42250,242,0
42251,241,100
42252,242,0
42253,213,3750
42254,234,1000
42255,242,0
42256,241,100
42257,242,0
42258,235,800
42259,197,6000
42260,241,100
42261,0,450000
42262,242,0
42263,238,500
42264,242,0
42265,242,0
42266,242,0
42267,242,0
42268,205,4900
42269,242,0
42270,242,0
42271,242,0
42272,2,150000
42273,230,1500
42274,242,0
42275,242,0
42276,241,100
42277,0,450000
42278,215,3500
42279,237,600
42280,242,0
42281,242,0
42282,241,150
42283,107,24000
42284,241,150
42285,225,2100
42286,239,400
42287,241,100
42288,242,0
42289,241,100
42290,203,5250
42291,220,2800
42292,241,150
42293,240,200
42294,242,0
42295,1,160200
42296,113,22500
42297,242,0
42298,197,6000
42299,237,650
42300,123,20000
42301,236,700
42302,241,100
42303,242,0
42304,241,150
42305,175,9500
42306,2,150000
42307,2,150000
42308,241,100
42309,235,800
42310,236,750
42311,219,3000
42312,241,100
42313,242,0
42314,239,400
42315,242,0
42316,242,0
42317,242,0
42318,240,250
42319,237,600
42320,82,32000
42321,242,0
42322,192,6900
42323,41,52500
42324,208,4500
42325,240,200
42326,142,15800
42327,241,100
42328,242,0
42329,141,16000
42330,242,0
42331,242,0
42332,238,500
42333,242,0
42334,240,200
42335,68,37500
42336,141,16000
42337,241,100
42338,0,200000
42339,242,0
42340,242,0
42341,242,0
42342,242,0
42343,235,800
42344,0,500000
42345,186,7700
42346,235,800
42347,242,0
42348,232,1200
42349,180,8700
42350,146,15000
42351,1,175000
42352,242,0
42353,237,600
42354,113,22500
42355,219,3000
42356,211,4000
42357,183,8300
42358,0,200000
42359,141,16000
42360,161,12000
42361,239,300
42362,1,155000
42363,242,0
42364,223,2400
42365,242,0
42366,239,300
42367,242,0
42368,82,32000
42369,242,0
42370,219,3000
42371,237,600
42372,242,0
42373,239,300
42374,242,0
42375,242,0
42376,0,500000
42377,0,200000
42378,235,900
42379,235,900
42380,2,150000
42381,237,600
42382,242,0
42383,242,0
42384,234,1000
42385,211,4000
42386,242,0
42387,88,30000
42388,242,0
42389,213,3800
42390,242,0
42391,242,0
42392,0,600000
42393,239,300
42394,242,0
42395,242,0
42396,242,0
42397,242,0
42398,211,4000
42399,5,112000
42400,242,0
42401,237,600
42402,0,450000
42403,237,600
42404,242,0
42405,240,200
42406,242,0
42407,229,1600
42408,242,0
42409,237,600
42410,242,0
42411,0,300000
42412,235,800
42413,242,0
42414,242,0
42415,242,0
42416,242,0
42417,242,0
42418,241,150
42419,236,750
42420,242,0
42421,229,1600
42422,188,7500
42423,19,75000
42424,242,0
42425,238,500
42426,240,200
42427,242,0
42428,242,0
42429,229,1600
42430,241,100
42431,41,52500
42432,242,0
42433,211,4000
42434,232,1200
42435,226,2000
42436,240,200
42437,204,5000
42438,241,100
42439,234,1000
42440,241,100
42441,228,1700
42442,242,0
42443,2,150000
42444,242,0
42445,242,0
42446,2,150000
42447,138,16600
42448,146,15000
42449,242,0
42450,0,350000
42451,241,100
42452,211,4000
42453,242,0
42454,242,0
42455,240,200
42456,242,0
42457,242,0
42458,208,4500
42459,242,0
42460,32,60000
42461,235,900
42462,242,0
42463,88,30000
42464,230,1500
42465,241,100
42466,239,300
42467,242,0
42468,240,200
42469,240,200
42470,242,0
42471,113,22500
42472,0,600000
42473,240,200
42474,188,7500
42475,235,900
42476,226,2000
42477,2,150000
42478,239,400
42479,19,75000
42480,188,7500
42481,235,800
42482,238,500
42483,2,150000
42484,242,0
42485,142,15800
42486,235,800
42487,204,5000
42488,2,150000
42489,242,0
42490,239,300
42491,240,250
42492,235,800
42493,242,0
42494,241,100
42495,242,0
42496,0,300000
42497,211,4000
42498,175,9650
42499,2,150000
42500,234,1000
42501,187,7600
42502,235,800
42503,239,300
42504,0,350000
42505,242,0
42506,142,15800
42507,2,150000
42508,233,1100
42509,240,200
42510,242,0
42511,197,6000
42512,242,0
42513,134,17500
42514,229,1600
42515,242,0
42516,191,7000
42517,229,1600
42518,242,0
42519,188,7500
42520,241,100
42521,239,400
42522,241,100
42523,242,0
42524,242,0
42525,242,0
42526,2,150000
42527,239,400
42528,242,0
42529,201,5550
42530,238,450
42531,242,0
42532,2,150000
42533,2,150000
42534,235,800
42535,242,0
42536,2,150000
42537,228,1700
42538,242,0
42539,240,200
42540,240,200
42541,211,4000
42542,242,0
42543,242,0
42544,211,4000
42545,242,0
42546,242,0
42547,240,200
42548,242,0
42549,182,8400
42550,242,0
42551,242,0
42552,240,200
42553,240,250
42554,242,0
42555,2,150000
42556,242,0
42557,242,0
42558,232,1200
42559,238,500
42560,141,16000
42561,226,2000
42562,211,4000
42563,62,40000
42564,232,1250
42565,241,100
42566,241,100
42567,19,75000
42568,242,0
42569,140,16200
42570,242,0
42571,240,200
42572,240,200
42573,211,4000
42574,88,30000
42575,0,1000000
42576,239,300
42577,240,200
42578,229,1600
42579,2,150000
42580,229,1600
42581,242,0
42582,238,500
42583,188,7500
42584,234,950
42585,242,0
42586,0,300000
42587,242,0
42588,242,0
42589,242,0
42590,188,7500
42591,2,150000
42592,234,1000
42593,242,0
42594,35,56750
42595,238,500
42596,2,150000
42597,107,24000
42598,222,2600
42599,235,800
42600,240,200
42601,2,150000
42602,241,100
42603,239,300
42604,234,1000
42605,2,150000
42606,134,17400
42607,141,16000
42608,232,1200
42609,0,450000
42610,2,150000
42611,2,150000
42612,242,0
42613,164,11500
42614,219,3000
42615,242,0
42616,237,600
42617,0,300000
42618,241,100
42619,230,1500
42620,242,0
42621,62,40000
42622,188,7500
42623,242,0
42624,197,6000
42625,242,0
42626,236,700
42627,240,200
42628,226,2000
42629,2,150000
42630,242,0
42631,242,0
42632,241,100
42633,242,0
42634,211,4000
42635,242,0
42636,239,300
42637,233,1100
42638,238,500
42639,2,150000
42640,239,300
42641,237,600
42642,240,250
42643,242,0
42644,242,0
42645,242,0
42646,238,450
42647,236,750
42648,2,150000
42649,242,0
42650,242,0
42651,0,320000
42652,242,0
42653,235,800
42654,141,16000
42655,240,200
42656,242,0
42657,241,100
42658,242,0
42659,240,250
42660,242,0
42661,237,600
42662,141,16000
42663,0,700000
42664,236,750
42665,242,0
42666,2,150000
42667,241,150
42668,242,0
42669,242,0
42670,240,200
42671,242,0
42672,242,0
42673,2,150000
42674,226,2000
42675,7,105000
42676,242,0
42677,242,0
42678,0,200000
42679,242,0
42680,239,400
42681,239,300
42682,242,0
42683,228,1750
42684,241,100
42685,19,75000
42686,235,800
42687,211,4000
42688,242,0
42689,166,11100
42690,242,0
42691,242,0
42692,242,0
42693,242,0
42694,145,15100
42695,242,0
42696,242,0
42697,172,10000
42698,242,0
42699,242,0
42700,240,250
42701,233,1050
42702,242,0
42703,241,100
42704,242,0
42705,232,1250
42706,242,0
42707,0,300000
42708,226,2000
42709,0,350000
42710,242,0
42711,239,300
42712,232,1200
42713,240,200
42714,241,100
42715,240,200
42716,242,0
42717,238,500
42718,123,20000
42719,88,30000
42720,229,1600
42721,45,49500
42722,0,200000
42723,237,600
42724,242,0
42725,185,8000
42726,197,6000
42727,106,24300
42728,151,14000
42729,242,0
42730,242,0
42731,242,0
42732,217,3200
42733,0,300000
42734,238,450
42735,236,750
42736,236,700
42737,241,100
42738,238,500
42739,145,15100
42740,242,0
42741,242,0
42742,211,4000
42743,240,200
42744,242,0
42745,242,0
42746,233,1150
42747,242,0
42748,107,24000
42749,242,0
42750,113,22600
42751,235,900
42752,241,100
42753,240,200
42754,231,1400
42755,241,100
42756,16,80300
42757,242,0
42758,0,200000
42759,242,0
42760,242,0
42761,233,1100
42762,2,150000
42763,242,0
42764,242,0
42765,239,400
42766,230,1500
42767,230,1450
42768,242,0
42769,2,150000
42770,242,0
42771,242,0
42772,219,3000
42773,238,500
42774,242,0
42775,141,16000
42776,233,1100
42777,2,150000
42778,242,0
42779,242,0
42780,235,800
42781,242,0
42782,242,0
42783,241,100
42784,242,0
42785,226,2000
42786,2,150000
42787,239,300
42788,143,15600
42789,141,16000
42790,197,6000
42791,39,53800
42792,141,16000
42793,235,800
42794,242,0
42795,242,0
42796,242,0
42797,2,150000
42798,235,900
42799,242,0
42800,0,750000
42801,226,2000
42802,2,150000
42803,242,0
42804,242,0
42805,188,7500
42806,239,300
42807,242,0
42808,183,8300
42809,240,250
42810,68,37500
42811,242,0
42812,107,24000
42813,239,400
42814,242,0
42815,229,1600
42816,242,0
42817,239,350
42818,1,160000
42819,239,300
42820,223,2350
42821,242,0
42822,229,1600
42823,242,0
42824,186,7700
42825,242,0
42826,239,300
42827,2,150000
42828,237,600
42829,219,3000
42830,242,0
42831,239,300
42832,241,100
42833,234,950
42834,236,700
42835,240,200
42836,242,0
42837,141,16000
42838,239,300
42839,232,1250
42840,242,0
42841,242,0
42842,240,200
42843,171,10300
42844,235,900
42845,242,0
42846,2,150000
42847,241,150
42848,239,400
42849,242,0
42850,242,0
42851,242,0
42852,222,2600
42853,242,0
42854,141,16000
42855,242,0
42856,2,150000
42857,240,200
42858,2,150000
42859,242,0
42860,2,150000
42861,242,0
42862,211,4000
42863,2,150000
42864,62,40000
42865,242,0
42866,242,0
42867,123,20000
42868,242,0
42869,2,150000
42870,235,800
42871,2,150000
42872,237,550
42873,242,0
42874,234,1000
42875,242,0
42876,197,6000
42877,242,0
42878,227,1850
42879,242,0
42880,0,401050
42881,229,1600
42882,218,3100
42883,0,350000
42884,0,300000
42885,217,3200
42886,2,150000
42887,240,200
42888,242,0
42889,191,7000
42890,235,800
42891,242,0
42892,27,65100
42893,217,3200
42894,0,750000
42895,242,0
42896,238,450
42897,242,0
42898,242,0
42899,234,1000
42900,238,500
42901,2,150000
42902,239,300
42903,242,0
42904,242,0
42905,242,0
42906,141,16000
42907,242,0
42908,242,0
42909,242,0
42910,0,500000
42911,239,400
42912,240,250
42913,242,0
42914,2,150000
42915,235,900
42916,241,150
42917,219,3000
42918,230,1500
42919,235,800
42920,242,0
42921,242,0
42922,240,200
42923,237,600
42924,242,0
42925,242,0
42926,242,0
42927,62,40000
42928,197,6000
42929,238,450
42930,236,700
42931,226,2000
42932,242,0
42933,230,1500
42934,239,350
42935,228,1700
42936,242,0
42937,242,0
42938,237,600
42939,31,60900
42940,240,200
42941,226,2000
42942,123,20000
42943,242,0
42944,242,0
42945,197,6000
42946,0,1500000
42947,242,0
42948,235,800
42949,242,0
42950,172,10000
42951,237,600
42952,239,400
42953,242,0
42954,242,0
42955,242,0
42956,242,0
42957,242,0
42958,107,24000
42959,241,150
42960,219,3000
42961,240,200
42962,235,900
42963,232,1200
42964,242,0
42965,104,25000
42966,141,16000
42967,53,45000
42968,242,0
42969,0,1500000
42970,242,0
42971,242,0
42972,241,100
42973,242,0
42974,241,100
42975,240,250
42976,242,0
42977,242,0
42978,242,0
42979,186,7800
42980,0,1000000
42981,235,800
42982,242,0
42983,242,0
42984,238,500
42985,240,250
42986,241,150
42987,242,0
42988,242,0
42989,230,1500
42990,220,2800
42991,242,0
42992,242,0
42993,225,2150
42994,211,4000
42995,239,300
42996,242,0
42997,2,150000
42998,219,3000
42999,242,0
43000,223,2400
43001,239,300
43002,2,150000
43003,242,0
43004,2,150000
43005,242,0
43006,242,0
43007,242,0
43008,238,450
43009,240,250
43010,242,0
43011,187,7650
43012,145,15200
43013,236,700
43014,231,1400
43015,123,20000
43016,187,7600
43017,242,0
43018,242,0
43019,115,22000
43020,235,800
43021,239,300
43022,191,7000
43023,141,16000
43024,107,24000
43025,242,0
43026,242,0
43027,188,7500
43028,242,0
43029,181,8500
43030,239,300
43031,242,0
43032,242,0
43033,242,0
43034,242,0
43035,242,0
43036,238,500
43037,41,52500
43038,234,1000
43039,240,200
43040,206,4800
43041,183,8300
43042,242,0
43043,242,0
43044,242,0
43045,242,0
43046,241,100
43047,231,1400
43048,235,800
43049,226,2000
43050,2,150000
43051,242,0
43052,242,0
43053,240,200
43054,242,0
43055,242,0
43056,238,450
43057,242,0
43058,242,0
43059,2,150000
43060,2,150000
43061,235,800
43062,107,24200
43063,111,23000
43064,240,200
43065,180,8750
43066,161,12000
43067,242,0
43068,211,4000
43069,86,30400
43070,238,500
43071,82,32000
43072,241,150
43073,2,150000
43074,241,100
43075,240,200
43076,242,0
43077,145,15200
43078,240,200
43079,141,16000
43080,232,1250
43081,241,100
43082,226,2000
43083,238,500
43084,240,200
43085,188,7500
43086,232,1200
43087,240,200
43088,183,8300
43089,242,0
43090,242,0
43091,0,600000
43092,230,1500
43093,240,250
43094,88,30000
43095,237,600
43096,239,400
43097,231,1400
43098,242,0
43099,242,0
43100,113,22500
43101,242,0
43102,242,0
43103,236,750
43104,233,1100
43105,242,0
43106,239,300
43107,242,0
43108,185,8000
43109,146,15000
43110,183,8300
43111,242,0
43112,241,100
43113,237,600
43114,242,0
43115,228,1800
43116,226,2000
43117,181,8500
43118,242,0
43119,242,0
43120,242,0
43121,242,0
43122,41,52500
43123,242,0
43124,237,600
43125,240,200
43126,241,100
43127,242,0
43128,242,0
43129,41,52500
43130,242,0
43131,241,100
43132,62,40000
43133,211,4000
43134,242,0
43135,2,150000
43136,242,0
43137,7,105000
43138,242,0
43139,62,40000
43140,242,0
43141,240,200
43142,217,3200
43143,242,0
43144,241,100
43145,0,300000
43146,28,63900
43147,240,200
43148,236,750
43149,242,0
43150,241,150
43151,211,4000
43152,239,350
43153,242,0
43154,242,0
43155,241,100
43156,226,2000
43157,82,32000
43158,197,6000
43159,235,800
43160,0,2000000
43161,232,1250
43162,242,0
43163,141,16000
43164,241,100
43165,242,0
43166,242,0
43167,173,9900
43168,236,750
43169,190,7200
43170,242,0
43171,242,0
43172,242,0
43173,238,500
43174,207,4600
43175,242,0
43176,242,0
43177,235,800
43178,242,0
43179,242,0
43180,211,4000
43181,242,0
43182,242,0
43183,239,300
43184,241,100
43185,242,0
43186,242,0
43187,226,2000
43188,226,2000
43189,242,0
43190,219,3000
43191,0,300000
43192,239,300
43193,239,300
43194,141,16000
43195,242,0
43196,237,600
43197,113,22500
43198,188,7500
43199,188,7500
43200,242,0
43201,238,500
43202,226,2000
43203,2,150000
43204,242,0
43205,226,2000
43206,2,150000
43207,241,150
43208,242,0
43209,171,10200
43210,168,10800
43211,238,500
43212,239,300
43213,242,0
43214,7,105000
43215,2,150000
43216,242,0
43217,240,200
43218,239,350
43219,123,20000
43220,2,150000
43221,237,600
43222,235,900
43223,242,0
43224,209,4300
43225,6,110000
43226,239,300
43227,161,12000
43228,235,800
43229,133,17700
43230,242,0
43231,238,450
43232,242,0
43233,242,0
43234,228,1800
43235,240,250
43236,229,1600
43237,241,100
43238,234,1000
43239,242,0
43240,242,0
43241,239,300
43242,242,0
43243,240,200
43244,242,0
43245,141,16000
43246,242,0
43247,2,150000
43248,241,100
43249,240,200
43250,188,7500
43251,239,300
43252,241,100
43253,241,100
43254,0,500000
43255,204,5000
43256,239,400
43257,178,9000
43258,242,0
43259,2,150000
43260,242,0
43261,242,0
43262,242,0
43263,238,500
43264,242,0
43265,236,750
43266,242,0
43267,239,300
43268,0,450000
43269,242,0
43270,233,1050
43271,2,150000
43272,242,0
43273,241,100
43274,211,4000
43275,242,0
43276,239,300
43277,234,1000
43278,240,250
43279,242,0
43280,237,600
43281,2,150000
43282,2,150000
43283,242,0
43284,242,0
43285,234,950
43286,237,600
43287,242,0
43288,17,78000
43289,235,900
43290,235,800
43291,214,3600
43292,13,87500
43293,238,500
43294,1,175000
43295,197,6000
43296,242,0
43297,239,300
43298,240,250
43299,242,0
43300,240,250
43301,204,5000
43302,232,1200
43303,6,110000
43304,241,100
43305,242,0
43306,242,0
43307,240,200
43308,242,0
43309,242,0
43310,242,0
43311,241,100
43312,197,6000
43313,242,0
43314,240,200
43315,235,800
43316,237,600
43317,230,1500
43318,242,0
43319,223,2400
43320,242,0
43321,214,3600
43322,7,105000
43323,188,7500
43324,226,2000
43325,48,48000
43326,241,100
43327,204,5000
43328,239,300
43329,242,0
43330,242,0
43331,225,2150
43332,180,8700
43333,240,250
43334,239,300
43335,2,150000
43336,219,3000
43337,196,6200
43338,237,600
43339,0,350000
43340,41,52500
43341,242,0
43342,242,0
43343,241,100
43344,238,500
43345,239,300
43346,113,22500
43347,240,200
43348,239,400
43349,211,4000
43350,242,0
43351,237,550
43352,5,112500
43353,242,0
43354,219,3000
43355,232,1200
43356,241,100
43357,241,100
43358,242,0
43359,242,0
43360,242,0
43361,235,800
43362,19,75000
43363,241,100
43364,235,800
43365,242,0
43366,242,0
43367,242,0
43368,242,0
43369,132,17900
43370,242,0
43371,242,0
43372,242,0
43373,242,0
43374,242,0
43375,242,0
43376,185,8000
43377,226,2000
43378,241,150
43379,204,5000
43380,242,0
43381,2,150000
43382,181,8500
43383,239,300
43384,242,0
43385,239,300
43386,242,0
43387,242,0
43388,5,112000
43389,238,500
43390,229,1600
43391,226,2000
43392,226,2000
43393,242,0
43394,240,200
43395,236,750
43396,240,200
43397,32,60000
43398,240,200
43399,2,150000
43400,239,350
43401,242,0
43402,6,107600
43403,242,0
43404,238,500
43405,240,200
43406,242,0
43407,240,200
43408,240,200
43409,240,250
43410,74,35000
43411,211,4000
43412,241,150
43413,242,0
43414,239,400
43415,242,0
43416,161,12000
43417,242,0
43418,242,0
43419,226,2000
43420,2,150000
43421,229,1600
43422,242,0
43423,235,800
43424,242,0
43425,242,0
43426,219,3000
43427,242,0
43428,238,500
43429,2,150000
43430,239,400
43431,242,0
43432,242,0
43433,242,0
43434,197,6000
43435,236,700
43436,165,11300
43437,241,100
43438,242,0
43439,239,400
43440,241,100
43441,242,0
43442,242,0
43443,242,0
43444,27,65000
43445,228,1800
43446,242,0
43447,239,300
43448,0,200000
43449,88,30000
43450,230,1500
43451,239,400
43452,217,3200
43453,241,100
43454,242,0
43455,239,300
43456,239,300
43457,235,900
43458,238,500
43459,242,0
43460,239,300
43461,242,0
43462,242,0
43463,239,350
43464,239,300
43465,238,500
43466,232,1250
43467,242,0
43468,242,0
43469,242,0
43470,239,300
43471,242,0
43472,242,0
43473,242,0
43474,242,0
43475,141,16000
43476,141,16000
43477,242,0
43478,242,0
43479,219,3000
43480,241,100
43481,242,0
43482,2,150000
43483,175,9600
43484,242,0
43485,242,0
43486,240,200
43487,242,0
43488,11,90000
43489,242,0
43490,242,0
43491,0,750000
43492,241,100
43493,186,7700
43494,239,300
43495,242,0
43496,241,100
43497,242,0
43498,242,0
43499,238,500
43500,241,150
43501,242,0
43502,242,0
43503,235,800
43504,237,600
43505,107,24000
43506,2,150000
43507,32,60000
43508,242,0
43509,2,150000
43510,107,24200
43511,241,100
43512,210,4200
43513,242,0
43514,0,300000
43515,238,500
43516,239,300
43517,238,450
43518,242,0
43519,0,302000
43520,0,450000
43521,229,1600
43522,240,250
43523,242,0
43524,197,6000
43525,231,1400
43526,9,96800
43527,45,50000
43528,242,0
43529,226,2000
43530,242,0
43531,241,100
43532,242,0
43533,239,300
43534,2,150000
43535,242,0
43536,207,4600
43537,41,52500
43538,232,1300
43539,219,3000
43540,242,0
43541,242,0
43542,242,0
43543,197,6000
43544,161,12000
43545,2,150000
43546,242,0
43547,242,0
43548,242,0
43549,235,800
43550,242,0
43551,197,6000
43552,182,8400
43553,242,0
43554,242,0
43555,242,0
43556,242,0
43557,228,1800
43558,242,0
43559,242,0
43560,242,0
43561,188,7500
43562,107,24000
43563,242,0
43564,0,300000
43565,0,300000
43566,242,0
43567,242,0
43568,239,350
43569,0,300000
43570,197,6000
43571,239,300
43572,242,0
43573,242,0
43574,234,1000
43575,188,7500
43576,235,800
43577,232,1250
43578,2,150000
43579,239,400
43580,235,900
43581,0,1000000
43582,242,0
43583,242,0
43584,1,175000
43585,240,200
43586,242,0
43587,242,0
43588,36,56100
43589,2,150000
43590,242,0
43591,242,0
43592,242,0
43593,242,0
43594,240,200
43595,242,0
43596,161,12000
43597,242,0
43598,239,400
43599,242,0
43600,223,2400
43601,241,100
43602,219,3000
43603,242,0
43604,236,700
43605,2,150000
43606,107,24100
43607,186,7750
43608,23,70000
43609,237,600
43610,229,1600
43611,235,900
43612,229,1600
43613,242,0
43614,240,200
43615,219,3000
43616,242,0
43617,238,500
43618,229,1600
43619,242,0
43620,144,15300
43621,237,600
43622,242,0
43623,240,200
43624,242,0
43625,240,250
43626,234,1000
43627,242,0
43628,146,15000
43629,172,10150
43630,239,300
43631,188,7500
43632,235,800
43633,186,7700
43634,104,25000
43635,0,300000
43636,0,300000
43637,228,1800
43638,241,150
43639,242,0
43640,237,600
43641,0,300000
43642,242,0
43643,237,600
43644,2,150000
43645,185,8000
43646,236,750
43647,242,0
43648,241,100
43649,48,48000
43650,0,700000
43651,242,0
43652,219,3000
43653,2,150000
43654,241,100
43655,204,5000
43656,240,200
43657,239,300
43658,242,0
43659,0,900000
43660,242,0
43661,235,900
43662,230,1500
43663,228,1750
43664,107,24000
43665,238,500
43666,242,0
43667,240,200
43668,0,300000
43669,242,0
43670,232,1250
43671,172,10000
43672,242,0
43673,237,600
43674,241,150
43675,172,10000
43676,242,0
43677,242,0
43678,242,0
43679,205,4900
43680,239,400
43681,242,0
43682,238,450
43683,2,150000
43684,240,200
43685,241,100
43686,226,2000
43687,239,300
43688,222,2500
43689,242,0
43690,226,2000
43691,2,150000
43692,242,0
43693,141,16000
43694,239,300
43695,242,0
43696,180,8700
43697,242,0
43698,2,150000
43699,141,16000
43700,242,0
43701,242,0
43702,242,0
43703,232,1200
43704,242,0
43705,211,4000
43706,0,450000
43707,2,150000
43708,242,0
43709,242,0
43710,234,1000
43711,242,0
43712,240,250
43713,233,1150
43714,235,900
43715,88,30000
43716,242,0
43717,238,500
43718,242,0
43719,141,16000
43720,226,2000
43721,239,300
43722,211,4000
43723,242,0
43724,242,0
43725,240,200
43726,233,1100
43727,242,0
43728,242,0
43729,242,0
43730,219,3000
43731,235,800
43732,242,0
43733,242,0
43734,232,1200
43735,235,800
43736,2,150000
43737,235,800
43738,242,0
43739,241,100
43740,242,0
43741,236,700
43742,235,800
43743,242,0
43744,242,0
43745,242,0
43746,242,0
43747,178,9100
43748,235,800
43749,240,250
43750,242,0
43751,0,300000
43752,204,5000
43753,241,150
43754,242,0
43755,0,500000
43756,141,16000
43757,242,0
43758,242,0
43759,234,1000
43760,240,250
43761,2,150000
43762,242,0
43763,233,1100
43764,206,4800
43765,226,2000
43766,239,400
43767,242,0
43768,241,100
43769,239,300
43770,242,0
43771,197,6000
43772,235,800
43773,242,0
43774,225,2100
43775,242,0
43776,240,200
43777,237,600
43778,242,0
43779,242,0
43780,242,0
43781,2,150000
43782,241,100
43783,240,200
43784,242,0
43785,240,200
43786,242,0
43787,204,5000
43788,239,400
43789,242,0
43790,242,0
43791,242,0
43792,242,0
43793,242,0
43794,240,250
43795,242,0
43796,242,0
43797,242,0
43798,145,15100
43799,239,300
43800,241,150
43801,242,0
43802,242,0
43803,142,15800
43804,1,175000
43805,240,200
43806,0,247500
43807,242,0
43808,242,0
43809,242,0
43810,0,750000
43811,214,3600
43812,242,0
43813,235,900
43814,146,15000
43815,242,0
43816,242,0
43817,240,200
43818,235,900
43819,239,300
43820,216,3400
43821,234,1000
43822,242,0
43823,242,0
43824,82,32000
43825,242,0
43826,242,0
43827,2,150000
43828,242,0
43829,226,2000
43830,240,200
43831,242,0
43832,241,150
43833,2,150000
43834,242,0
43835,242,0
43836,241,100
43837,211,4000
43838,211,4000
43839,41,52500
43840,242,0
43841,241,100
43842,240,250
43843,242,0
43844,234,1000
43845,235,900
43846,2,150000
43847,166,11200
43848,188,7500
43849,141,16000
43850,2,150000
43851,242,0
43852,242,0
43853,19,75000
43854,242,0
43855,240,200
43856,82,32000
43857,240,200
43858,242,0
43859,242,0
43860,239,300
43861,2,150000
43862,240,200
43863,235,800
43864,229,1600
43865,239,300
43866,242,0
43867,234,1000
43868,234,1000
43869,240,200
43870,241,100
43871,242,0
43872,239,300
43873,242,0
43874,141,16000
43875,242,0
43876,140,16200
43877,242,0
43878,242,0
43879,237,600
43880,226,2000
43881,242,0
43882,240,200
43883,242,0
43884,242,0
43885,240,250
43886,48,48000
43887,238,500
43888,0,450000
43889,241,100
43890,240,200
43891,240,200
43892,242,0
43893,242,0
43894,242,0
43895,242,0
43896,242,0
43897,239,300
43898,241,100
43899,141,16000
43900,242,0
43901,242,0
43902,141,16000
43903,225,2200
43904,222,2500
43905,0,300000
43906,2,150000
43907,113,22500
43908,242,0
43909,239,300
43910,228,1750
43911,232,1200
43912,219,3000
43913,0,900000
43914,123,20000
43915,234,1000
43916,230,1500
43917,238,500
43918,226,2000
43919,242,0
43920,2,150000
43921,242,0
43922,242,0
43923,240,250
43924,237,600
43925,0,200000
43926,242,0
43927,0,500000
43928,234,1000
43929,242,0
43930,139,16400
43931,242,0
43932,242,0
43933,235,800
43934,241,100
43935,242,0
43936,0,200000
43937,239,300
43938,211,4000
43939,188,7500
43940,235,900
43941,239,400
43942,2,150000
43943,230,1500
43944,240,250
43945,240,200
43946,71,36250
43947,219,3000
43948,242,0
43949,242,0
43950,107,24200
43951,242,0
43952,242,0
43953,242,0
43954,239,300
43955,21,72000
43956,229,1600
43957,234,1000
43958,242,0
43959,241,150
43960,239,400
43961,241,100
43962,242,0
43963,204,5000
43964,211,4000
43965,242,0
43966,0,500000
43967,228,1700
43968,2,150000
43969,242,0
43970,242,0
43971,234,1000
43972,242,0
43973,242,0
43974,242,0
43975,239,300
43976,242,0
43977,239,300
43978,242,0
43979,223,2400
43980,233,1100
43981,2,150000
43982,240,200
43983,242,0
43984,226,2000
43985,242,0
43986,242,0
43987,242,0
43988,241,100
43989,0,500000
43990,107,24000
43991,0,300000
43992,241,100
43993,239,300
43994,242,0
43995,238,500
43996,242,0
43997,241,100
43998,242,0
43999,242,0
44000,239,400
44001,32,60000
44002,141,16000
44003,151,14000
44004,242,0
44005,233,1150
44006,2,150000
44007,188,7500
44008,242,0
44009,242,0
44010,242,0
44011,241,100
44012,234,1000
44013,240,200
44014,181,8500
44015,242,0
44016,88,30000
44017,233,1050
44018,241,150
44019,242,0
44020,240,250
44021,242,0
44022,242,0
44023,2,150000
44024,242,0
44025,96,27300
44026,242,0
44027,222,2600
44028,241,100
44029,242,0
44030,211,4000
44031,182,8450
44032,141,16000
44033,45,49500
44034,240,200
44035,226,2000
44036,240,200
44037,226,2000
44038,0,300000
44039,240,200
44040,123,20000
44041,242,0
44042,242,0
44043,141,16000
44044,242,0
44045,232,1200
44046,145,15200
44047,222,2500
44048,242,0
44049,242,0
44050,242,0
44051,228,1800
44052,188,7500
44053,236,750
44054,242,0
44055,0,300000
44056,211,4000
44057,241,100
44058,0,700000
44059,242,0
44060,242,0
44061,242,0
44062,241,100
44063,242,0
44064,0,600000
44065,241,150
44066,0,700000
44067,242,0
44068,240,200
44069,0,1500000
44070,238,500
44071,235,900
44072,219,3000
44073,240,200
44074,197,6000
44075,145,15200
44076,241,150
44077,172,10000
44078,242,0
44079,240,200
44080,0,350000
44081,235,800
44082,0,450000
44083,229,1600
44084,242,0
44085,240,200
44086,242,0
44087,232,1250
44088,242,0
44089,19,75000
44090,240,250
44091,113,22500
44092,242,0
44093,242,0
44094,222,2500
44095,0,300000
44096,223,2400
44097,0,200000
44098,238,450
44099,228,1800
44100,242,0
44101,242,0
44102,211,4000
44103,240,200
44104,0,2000000
44105,242,0
44106,242,0
44107,242,0
44108,2,150000
44109,242,0
44110,161,12000
44111,234,950
44112,230,1500
44113,238,450
44114,242,0
44115,123,20000
44116,211,4000
44117,38,54300
44118,214,3600
44119,242,0
44120,241,100
44121,197,6000
44122,187,7600
44123,240,200
44124,189,7300
44125,219,3000
44126,2,150000
44127,242,0
44128,242,0
44129,241,150
44130,242,0
44131,234,1000
44132,242,0
44133,234,1000
44134,2,150000
44135,242,0
44136,242,0
44137,146,15000
44138,100,26000
44139,242,0
44140,240,250
44141,242,0
44142,239,300
44143,62,40000
44144,242,0
44145,223,2400
44146,240,200
44147,236,750
44148,239,300
44149,242,0
44150,68,37500
44151,141,16000
44152,242,0
44153,242,0
44154,240,200
44155,141,16000
44156,219,3000
44157,239,400
44158,242,0
44159,242,0
44160,242,0
44161,0,300100
44162,214,3600
44163,226,2000
44164,242,0
44165,141,16000
44166,211,4000
44167,238,450
44168,226,2000
44169,229,1600
44170,242,0
44171,242,0
44172,242,0
44173,240,200
44174,235,800
44175,0,220000
44176,242,0
44177,242,0
44178,242,0
44179,180,8700
44180,242,0
44181,241,100
44182,241,150
44183,242,0
44184,239,300
44185,188,7500
44186,242,0
44187,235,800
44188,226,2000
44189,211,4000
44190,0,300000
44191,239,350
44192,113,22500
44193,242,0
44194,237,600
44195,240,250
44196,232,1200
44197,242,0
44198,0,450000
44199,237,600
44200,211,4000
44201,204,5000
44202,0,200000
44203,203,5250
44204,242,0
44205,242,0
44206,228,1800
44207,2,150000
44208,241,100
44209,185,8000
44210,242,0
44211,235,900
44212,236,750
44213,107,24000
44214,232,1250
44215,235,800
44216,0,300000
44217,242,0
44218,242,0
44219,242,0
44220,242,0
44221,242,0
44222,234,1000
44223,123,20000
44224,240,200
44225,227,1900
44226,234,1000
44227,235,800
44228,242,0
44229,240,200
44230,238,450
44231,236,750
44232,240,200
44233,242,0
44234,242,0
44235,178,9100
44236,239,300
44237,242,0
44238,242,0
44239,242,0
44240,242,0
44241,0,500000
44242,226,2000
44243,240,200
44244,240,200
44245,204,5000
44246,2,150000
44247,242,0
44248,242,0
44249,242,0
44250,235,800
44251,242,0
44252,226,2000
44253,239,300
44254,237,650
44255,235,850
44256,229,1600
44257,242,0
44258,188,7500
44259,242,0
44260,2,150000
44261,229,1600
44262,240,200
44263,242,0
44264,241,150
44265,242,0
44266,242,0
44267,238,500
44268,184,8100
44269,242,0
44270,187,7600
44271,238,500
44272,235,900
44273,226,2000
44274,242,0
44275,242,0
44276,2,150000
44277,242,0
44278,239,300
44279,242,0
44280,240,200
44281,228,1800
44282,242,0
44283,239,400
44284,240,200
44285,234,1000
44286,223,2400
44287,232,1250
44288,2,150000
44289,242,0
44290,223,2400
44291,238,500
44292,123,20000
44293,2,150000
44294,242,0
44295,242,0
44296,242,0
44297,1,151000
44298,226,2000
44299,242,0
44300,27,65000
44301,228,1700
44302,242,0
44303,230,1500
44304,2,150000
44305,242,0
44306,242,0
44307,237,600
44308,242,0
44309,242,0
44310,242,0
44311,242,0
44312,240,200
44313,240,200
44314,211,4000
44315,234,1000
44316,235,800
44317,232,1300
44318,242,0
44319,242,0
44320,48,48000
44321,2,150000
44322,241,100
44323,211,4000
44324,242,0
44325,241,100
44326,232,1200
44327,230,1500
44328,242,0
44329,238,450
44330,242,0
44331,2,150000
44332,242,0
44333,242,0
44334,235,800
44335,242,0
44336,226,2000
44337,242,0
44338,104,25000
44339,242,0
44340,141,16000
44341,242,0
44342,242,0
44343,240,200
44344,0,750000
44345,242,0
44346,239,300
44347,239,300
44348,238,500
44349,82,32000
44350,107,24000
44351,242,0
44352,0,300000
44353,146,15000
44354,242,0
44355,242,0
44356,242,0
44357,239,300
44358,242,0
44359,141,16000
44360,236,700
44361,242,0
44362,242,0
44363,242,0
44364,242,0
44365,240,200
44366,242,0
44367,0,300000
44368,0,350000
44369,107,24000
44370,0,500000
44371,226,2000
44372,242,0
44373,242,0
44374,241,100
44375,239,400
44376,240,200
44377,230,1500
44378,242,0
44379,2,150000
44380,88,30000
44381,242,0
44382,240,200
44383,209,4300
44384,123,20000
44385,242,0
44386,211,4000
44387,239,300
44388,242,0
44389,239,300
44390,238,500
44391,230,1500
44392,241,100
44393,242,0
44394,2,150000
44395,242,0
44396,228,1800
44397,242,0
44398,242,0
44399,239,300
44400,242,0
44401,235,800
44402,197,6000
44403,2,150000
44404,232,1300
44405,241,100
44406,229,1600
44407,241,100
44408,242,0
44409,240,200
44410,242,0
44411,219,3000
44412,242,0
44413,234,1000
44414,242,0
44415,242,0
44416,242,0
44417,242,0
44418,242,0
44419,233,1100
44420,242,0
44421,107,24200
44422,228,1800
44423,242,0
44424,242,0
44425,240,200
44426,242,0
44427,242,0
44428,107,24000
44429,211,4000
44430,242,0
44431,242,0
44432,242,0
44433,141,16000
44434,0,200000
44435,241,100
44436,242,0
44437,196,6250
44438,45,50000
44439,241,150
44440,242,0
44441,242,0
44442,242,0
44443,180,8800
44444,10,93000
44445,242,0
44446,228,1800
44447,204,5000
44448,88,30000
44449,2,150000
44450,197,6000
44451,242,0
44452,242,0
44453,242,0
44454,226,2000
44455,242,0
44456,241,100
44457,62,40000
44458,242,0
44459,242,0
44460,242,0
44461,171,10200
44462,238,500
44463,211,4000
44464,235,800
44465,240,200
44466,2,150000
44467,2,150000
44468,242,0
44469,237,600
44470,233,1050
44471,237,600
44472,241,100
44473,242,0
44474,242,0
44475,188,7500
44476,141,16000
44477,242,0
44478,229,1650
44479,242,0
44480,226,2000
44481,242,0
44482,230,1500
44483,242,0
44484,242,0
44485,242,0
44486,241,100
44487,62,40000
44488,107,24000
44489,242,0
44490,242,0
44491,187,7600
44492,242,0
44493,242,0
44494,232,1300
44495,242,0
44496,242,0
44497,242,0
44498,242,0
44499,242,0
44500,242,0
44501,242,0
44502,229,1600
44503,242,0
44504,2,150000
44505,242,0
44506,240,250
44507,242,0
44508,229,1600
44509,242,0
44510,239,400
44511,238,450
44512,242,0
44513,242,0
44514,242,0
44515,242,0
44516,240,200
44517,240,200
44518,2,150000
44519,2,150000
44520,241,100
44521,242,0
44522,242,0
44523,242,0
44524,242,0
44525,242,0
44526,242,0
44527,0,600000
44528,242,0
44529,242,0
44530,242,0
44531,204,5000
44532,242,0
44533,214,3600
44534,71,36400
44535,242,0
44536,88,30000
44537,242,0
44538,242,0
44539,242,0
44540,45,50000
44541,242,0
44542,240,250
44543,225,2100
44544,242,0
44545,242,0
44546,104,25000
44547,234,1000
44548,0,350000
44549,228,1750
44550,188,7500
44551,242,0
44552,235,800
44553,0,350000
44554,242,0
44555,235,800
44556,206,4800
44557,146,15000
44558,0,500000
44559,239,300
44560,211,4000
44561,242,0
44562,242,0
44563,241,100
44564,242,0
44565,242,0
44566,234,1000
44567,239,400
44568,242,0
44569,16,80000
44570,141,16000
44571,228,1750
44572,222,2600
44573,240,200
44574,239,400
44575,240,200
44576,238,500
44577,235,800
44578,238,500
44579,240,250
44580,242,0
44581,240,200
44582,235,800
44583,48,48000
44584,16,80000
44585,242,0
44586,2,150000
44587,242,0
44588,242,0
44589,219,3000
44590,172,10000
44591,2,150000
44592,0,450000
44593,242,0
44594,242,0
44595,242,0
44596,242,0
44597,242,0
44598,173,9900
44599,238,500
44600,219,3000
44601,242,0
44602,242,0
44603,242,0
44604,226,2000
44605,242,0
44606,211,4000
44607,107,24200
44608,232,1250
44609,242,0
44610,219,3000
44611,171,10300
44612,241,100
44613,241,100
44614,240,200
44615,238,500
44616,242,0
44617,211,4000
44618,242,0
44619,239,400
44620,242,0
44621,161,12000
44622,242,0
44623,239,300
44624,242,0
44625,211,4000
44626,241,150
44627,235,800
44628,230,1500
44629,241,100
44630,242,0
44631,242,0
44632,240,250
44633,240,200
44634,88,30000
44635,238,500
44636,2,150000
44637,242,0
44638,237,600
44639,242,0
44640,242,0
44641,221,2700
44642,234,1000
44643,242,0
44644,232,1300
44645,242,0
44646,242,0
44647,242,0
44648,41,52500
44649,2,150000
44650,2,150000
44651,242,0
44652,238,500
44653,239,300
44654,242,0
44655,240,200
44656,238,450
44657,242,0
44658,0,300000
44659,242,0
44660,197,6000
44661,2,150000
44662,197,6000
44663,242,0
44664,242,0
44665,242,0
44666,242,0
44667,204,5000
44668,62,40000
44669,242,0
44670,242,0
44671,242,0
44672,172,10000
44673,242,0
44674,141,16000
44675,0,1500000
44676,188,7500
44677,241,100
44678,219,3000
44679,141,16000
44680,11,91600
44681,242,0
44682,242,0
44683,219,3000
44684,242,0
44685,242,0
44686,2,150000
44687,229,1600
44688,242,0
44689,242,0
44690,235,800
44691,242,0
44692,241,100
44693,240,200
44694,181,8500
44695,242,0
44696,237,600
44697,242,0
44698,123,20000
44699,242,0
44700,239,300
44701,234,1000
44702,237,600
44703,241,100
44704,242,0
44705,242,0
44706,242,0
44707,240,250
44708,242,0
44709,48,48000
44710,239,400
44711,172,10000
44712,242,0
44713,238,500
44714,241,100
44715,242,0
44716,232,1200
44717,237,600
44718,242,0
44719,141,16000
44720,242,0
44721,242,0
44722,241,100
44723,2,150000
44724,141,16000
44725,242,0
44726,234,1000
44727,239,400
44728,241,100
44729,240,200
44730,241,100
44731,224,2300
44732,0,600000
44733,0,900000
44734,223,2400
44735,188,7500
44736,239,300
44737,241,100
44738,239,400
44739,239,400
44740,0,300000
44741,242,0
44742,219,3000
44743,241,100
44744,242,0
44745,146,15000
44746,2,150000
44747,242,0
44748,242,0
44749,242,0
44750,242,0
44751,242,0
44752,239,300
44753,242,0
44754,242,0
44755,180,8750
44756,239,300
44757,242,0
44758,242,0
44759,241,100
44760,234,1000
44761,242,0
44762,240,200
44763,242,0
44764,229,1600
44765,234,1000
44766,242,0
44767,232,1200
44768,242,0
44769,242,0
44770,234,1000
44771,240,200
44772,229,1600
44773,197,6000
44774,242,0
44775,219,3000
44776,237,550
44777,211,4000
44778,238,500
44779,242,0
44780,242,0
44781,36,56200
44782,223,2400
44783,239,400
44784,187,7600
44785,242,0
44786,242,0
44787,242,0
44788,23,70000
44789,239,300
44790,232,1200
44791,242,0
44792,138,16600
44793,242,0
44794,242,0
44795,226,2000
44796,242,0
44797,242,0
44798,211,4000
44799,242,0
44800,82,32000
44801,235,800
44802,242,0
44803,141,16000
44804,242,0
44805,241,100
44806,232,1250
44807,242,0
44808,241,100
44809,2,150000
44810,235,800
44811,239,300
44812,234,1000
44813,242,0
44814,242,0
44815,211,4000
44816,242,0
44817,235,900
44818,226,2000
44819,242,0
44820,242,0
44821,240,200
44822,242,0
44823,235,800
44824,241,100
44825,242,0
44826,145,15200
44827,239,400
44828,237,550
44829,110,23300
44830,239,300
44831,242,0
44832,123,20000
44833,242,0
44834,0,750000
44835,41,52500
44836,242,0
44837,242,0
44838,239,300
44839,242,0
44840,107,24000
44841,225,2200
44842,195,6400
44843,239,300
44844,172,10000
44845,109,23500
44846,229,1600
44847,230,1500
44848,88,30000
44849,240,250
44850,45,49500
44851,232,1200
44852,239,300
44853,146,15000
44854,0,300000
44855,240,200
44856,2,150000
44857,2,150000
44858,217,3200
44859,239,400
44860,242,0
44861,239,300
44862,235,900
44863,242,0
44864,242,0
44865,240,200
44866,242,0
44867,226,2000
44868,242,0
44869,242,0
44870,242,0
44871,134,17500
44872,10,93000
44873,217,3200
44874,204,5000
44875,242,0
44876,242,0
44877,172,10000
44878,236,750
44879,232,1200
44880,242,0
44881,242,0
44882,230,1500
44883,242,0
44884,107,24000
44885,0,200000
44886,240,200
44887,204,5000
44888,226,2000
44889,241,150
44890,2,150000
44891,226,2000
44892,223,2400
44893,234,1000
44894,242,0
44895,182,8400
44896,226,2000
44897,241,100
44898,232,1300
44899,242,0
44900,242,0
44901,242,0
44902,146,15000
44903,62,40000
44904,2,150000
44905,228,1800
44906,242,0
44907,214,3600
44908,0,350000
44909,234,1000
44910,242,0
44911,0,300000
44912,226,2000
44913,188,7500
44914,240,200
44915,240,200
44916,144,15400
44917,113,22500
44918,242,0
44919,161,12000
44920,238,450
44921,2,150000
44922,240,200
44923,233,1100
44924,242,0
44925,0,200000
44926,88,30000
44927,232,1200
44928,240,200
44929,2,150000
44930,242,0
44931,242,0
44932,239,400
44933,197,6000
44934,241,100
44935,141,16000
44936,227,1900
44937,242,0
44938,241,100
44939,242,0
44940,228,1800
44941,1,168000
44942,0,350000
44943,242,0
44944,211,4000
44945,242,0
44946,2,150000
44947,0,300000
44948,240,200
44949,242,0
44950,2,150000
44951,242,0
44952,241,100
44953,242,0
44954,0,300000
44955,2,150000
44956,242,0
44957,223,2400
44958,226,2000
44959,237,600
44960,242,0
44961,242,0
44962,242,0
44963,2,150000
44964,0,300000
44965,2,150000
44966,238,500
44967,242,0
44968,141,16000
44969,2,150000
44970,2,150000
44971,241,100
44972,242,0
44973,138,16600
44974,242,0
44975,123,20000
44976,242,0
44977,242,0
44978,240,200
44979,240,200
44980,82,32000
44981,242,0
44982,239,400
44983,241,100
44984,202,5400
44985,211,4000
44986,0,600000
44987,242,0
44988,238,500
44989,240,200
44990,236,750
44991,219,3000
44992,226,2000
44993,0,750000
44994,168,10700
44995,241,150
44996,242,0
44997,230,1500
44998,242,0
44999,238,500
45000,242,0
45001,226,2000
45002,197,6000
45003,226,2000
45004,239,400
45005,239,300
45006,242,0
45007,211,4000
45008,242,0
45009,242,0
45010,88,30000
45011,242,0
45012,242,0
45013,146,15000
45014,242,0
45015,242,0
45016,242,0
45017,237,600
45018,242,0
45019,241,100
45020,98,26700
45021,241,100
45022,2,150000
45023,242,0
45024,239,300
45025,240,200
45026,242,0
45027,242,0
45028,240,200
45029,220,2800
45030,226,2000
45031,242,0
45032,2,150000
45033,242,0
45034,237,600
45035,242,0
45036,242,0
45037,242,0
45038,74,35000
45039,0,300000
45040,239,300
45041,242,0
45042,242,0
45043,235,800
45044,178,9000
45045,242,0
45046,229,1600
45047,132,17800
45048,211,4000
45049,233,1100
45050,242,0
45051,242,0
45052,242,0
45053,237,600
45054,242,0
45055,238,500
45056,2,150000
45057,141,16000
45058,242,0
45059,188,7500
45060,113,22500
45061,242,0
45062,242,0
45063,232,1200
45064,242,0
45065,242,0
45066,242,0
45067,242,0
45068,239,400
45069,242,0
45070,2,150000
45071,242,0
45072,88,30000
45073,0,350000
45074,197,6000
45075,240,250
45076,232,1200
45077,146,15000
45078,242,0
45079,232,1300
45080,242,0
45081,242,0
45082,240,250
45083,146,15000
45084,242,0
45085,2,150000
45086,239,400
45087,242,0
45088,240,200
45089,235,800
45090,242,0
45091,239,300
45092,233,1050
45093,235,800
45094,242,0
45095,236,750
45096,230,1500
45097,2,150000
45098,241,100
45099,242,0
45100,239,300
45101,242,0
45102,141,16000
45103,242,0
45104,242,0
45105,238,500
45106,242,0
45107,68,37500
45108,234,1000
45109,239,300
45110,13,87500
45111,185,7900
45112,183,8300
45113,239,400
45114,211,4000
45115,242,0
45116,242,0
45117,2,150000
45118,241,150
45119,152,13750
45120,242,0
45121,242,0
45122,2,150000
45123,240,250
45124,242,0
45125,242,0
45126,242,0
45127,242,0
45128,138,16600
45129,2,150000
45130,172,10000
45131,242,0
45132,235,900
45133,226,2000
45134,242,0
45135,235,800
45136,242,0
45137,178,9100
45138,242,0
45139,242,0
45140,242,0
45141,239,300
45142,241,100
45143,240,250
45144,242,0
45145,146,15000
45146,230,1500
45147,242,0
45148,134,17400
45149,239,400
45150,217,3200
45151,240,200
45152,242,0
45153,232,1200
45154,242,0
45155,242,0
45156,242,0
45157,32,60000
45158,241,150
45159,239,300
45160,240,250
45161,242,0
45162,239,300
45163,242,0
45164,241,100
45165,242,0
45166,235,900
45167,235,800
45168,242,0
45169,166,11100
45170,182,8400
45171,2,150000
45172,19,75000
45173,238,500
45174,242,0
45175,242,0
45176,242,0
45177,242,0
45178,242,0
45179,0,243100
45180,242,0
45181,229,1600
45182,185,8000
45183,242,0
45184,2,150000
45185,0,200000
45186,223,2400
45187,242,0
45188,240,200
45189,2,150000
45190,240,200
45191,242,0
45192,242,0
45193,242,0
45194,242,0
45195,242,0
45196,2,150000
45197,242,0
45198,145,15200
45199,240,200
45200,242,0
45201,186,7700
45202,0,228500
45203,216,3400
45204,5,112500
45205,242,0
45206,242,0
45207,240,200
45208,242,0
45209,239,300
45210,232,1200
45211,0,300000
45212,242,0
45213,242,0
45214,237,550
45215,242,0
45216,214,3600
45217,0,300000
45218,235,800
45219,161,12000
45220,241,100
45221,0,300000
45222,2,150000
45223,242,0
45224,242,0
45225,242,0
45226,242,0
45227,242,0
45228,238,500
45229,88,30000
45230,4,120000
45231,82,32000
45232,7,105000
45233,239,400
45234,237,600
45235,226,2000
45236,242,0
45237,242,0
45238,242,0
45239,242,0
45240,211,4000
45241,239,300
45242,185,8000
45243,88,30000
45244,242,0
45245,239,300
45246,242,0
45247,242,0
45248,242,0
45249,0,200000
45250,88,30000
45251,242,0
45252,241,150
45253,233,1100
45254,242,0
45255,242,0
45256,242,0
45257,242,0
45258,226,2000
45259,145,15200
45260,242,0
45261,232,1200
45262,241,100
45263,62,40000
45264,242,0
45265,2,150000
45266,2,150000
45267,242,0
45268,1,155000
45269,242,0
45270,242,0
45271,2,150000
45272,242,0
45273,240,200
45274,242,0
45275,228,1800
45276,235,800
45277,242,0
45278,234,1000
45279,185,7900
45280,2,150000
45281,2,150000
45282,141,16000
45283,240,200
45284,235,800
45285,228,1800
45286,161,12000
45287,0,200000
45288,197,6000
45289,223,2400
45290,226,2000
45291,241,100
45292,0,900000
45293,242,0
45294,242,0
45295,229,1600
45296,242,0
45297,242,0
45298,235,800
45299,2,150000
45300,242,0
45301,242,0
45302,241,150
45303,242,0
45304,226,2000
45305,182,8400
45306,235,900
45307,242,0
45308,2,150000
45309,197,6000
45310,242,0
45311,229,1600
45312,123,20000
45313,235,850
45314,240,250
45315,242,0
45316,21,71950
45317,0,315000
45318,1,175000
45319,242,0
45320,161,12000
45321,242,0
45322,242,0
45323,141,16000
45324,239,300
45325,48,48000
45326,226,2000
45327,226,2000
45328,242,0
45329,226,2000
45330,236,700
45331,239,400
45332,183,8300
45333,235,800
45334,241,100
45335,146,15000
45336,2,150000
45337,240,200
45338,83,31600
45339,237,600
45340,242,0
45341,48,48000
45342,226,2000
45343,106,24300
45344,240,250
45345,242,0
45346,242,0
45347,242,0
45348,2,150000
45349,181,8600
45350,238,500
45351,2,150000
45352,232,1200
45353,240,200
45354,2,150000
45355,242,0
45356,235,800
45357,241,100
45358,178,9100
45359,242,0
45360,241,100
45361,240,200
45362,240,200
45363,240,200
45364,242,0
45365,242,0
45366,234,1000
45367,240,200
45368,240,200
45369,242,0
45370,226,2000
45371,39,53800
45372,242,0
45373,242,0
45374,239,300
45375,242,0
45376,45,50000
45377,242,0
45378,2,150000
45379,211,4000
45380,123,20000
45381,0,600000
45382,241,150
45383,23,70000
45384,242,0
45385,0,450000
45386,239,400
45387,223,2400
45388,181,8500
45389,242,0
45390,144,15400
45391,242,0
45392,107,24200
45393,242,0
45394,240,250
45395,242,0
45396,235,800
45397,231,1400
45398,226,2000
45399,0,450000
45400,242,0
45401,239,400
45402,0,300000
45403,219,3000
45404,238,500
45405,242,0
45406,240,200
45407,238,500
45408,21,72600
45409,172,10000
45410,204,5000
45411,48,48000
45412,242,0
45413,2,150000
45414,0,300000
45415,242,0
45416,2,150000
45417,197,6000
45418,242,0
45419,242,0
45420,239,300
45421,242,0
45422,239,300
45423,242,0
45424,2,150000
45425,239,300
45426,230,1500
45427,195,6400
45428,232,1250
45429,228,1800
45430,239,300
45431,234,1000
45432,47,48400
45433,242,0
45434,242,0
45435,242,0
45436,107,24200
45437,242,0
45438,242,0
45439,241,100
45440,242,0
45441,225,2200
45442,219,3000
45443,222,2600
45444,141,16000
45445,242,0
45446,239,300
45447,188,7500
45448,141,16000
45449,242,0
45450,240,200
45451,197,6000
45452,226,2000
45453,241,100
45454,237,600
45455,113,22500
45456,242,0
45457,242,0
45458,146,15000
45459,242,0
45460,242,0
45461,242,0
45462,0,200000
45463,242,0
45464,242,0
45465,239,300
45466,204,5000
45467,242,0
45468,241,100
45469,242,0
45470,242,0
45471,141,16000
45472,188,7500
45473,230,1500
45474,242,0
45475,232,1300
45476,2,150000
45477,226,2000
45478,241,100
45479,241,100
45480,240,200
45481,242,0
45482,242,0
45483,235,800
45484,240,200
45485,242,0
45486,177,9200
45487,242,0
45488,183,8300
45489,226,2000
45490,242,0
45491,242,0
45492,186,7700
45493,242,0
45494,217,3200
45495,242,0
45496,233,1100
45497,242,0
45498,39,53800
45499,2,150000
45500,242,0
45501,237,600
45502,242,0
45503,172,10000
45504,143,15450
45505,242,0
45506,219,3000
45507,225,2100
45508,0,300000
45509,204,5000
45510,235,800
45511,2,150000
45512,217,3200
45513,240,200
45514,229,1600
45515,240,250
45516,101,25700
45517,240,250
45518,239,300
45519,210,4200
45520,229,1600
45521,242,0
45522,242,0
45523,242,0
45524,242,0
45525,2,150000
45526,242,0
45527,240,200
45528,232,1200
45529,107,24000
45530,183,8300
45531,2,150000
45532,208,4500
45533,242,0
45534,235,800
45535,237,600
45536,242,0
45537,226,2000
45538,223,2400
45539,242,0
45540,197,6000
45541,239,400
45542,241,100
45543,242,0
45544,242,0
45545,239,400
45546,242,0
45547,188,7500
45548,242,0
45549,226,2000
45550,0,1500000
45551,186,7700
45552,203,5200
45553,88,30000
45554,242,0
45555,2,150000
45556,240,200
45557,107,24000
45558,229,1600
45559,242,0
45560,62,40000
45561,0,300000
45562,240,200
45563,188,7500
45564,224,2300
45565,242,0
45566,242,0
45567,146,15000
45568,107,24200
45569,74,35000
45570,240,200
45571,204,5000
45572,242,0
45573,242,0
45574,2,150000
45575,242,0
45576,239,300
45577,242,0
45578,242,0
45579,0,200000
45580,235,900
45581,231,1350
45582,240,200
45583,0,200000
45584,172,10000
45585,242,0
45586,242,0
45587,204,5000
45588,242,0
45589,235,800
45590,0,200000
45591,226,2000
45592,235,800
45593,239,350
45594,242,0
45595,142,15800
45596,242,0
45597,0,300000
45598,206,4800
45599,242,0
45600,230,1500
45601,242,0
45602,234,1000
45603,240,200
45604,239,400
45605,6,110000
45606,242,0
45607,2,150000
45608,242,0
45609,48,48000
45610,145,15100
45611,241,100
45612,240,200
45613,242,0
45614,238,450
45615,242,0
45616,242,0
45617,242,0
45618,2,150000
45619,242,0
45620,232,1200
45621,39,54000
45622,242,0
45623,188,7500
45624,238,500
45625,0,300000
45626,32,60000
45627,242,0
45628,207,4600
45629,2,150000
45630,242,0
45631,242,0
45632,16,80000
45633,242,0
45634,242,0
45635,1,168000
45636,242,0
45637,62,40000
45638,191,7000
45639,242,0
45640,241,150
45641,242,0
45642,0,300000
45643,242,0
45644,219,3000
45645,185,8000
45646,239,300
45647,242,0
45648,242,0
45649,242,0
45650,219,3000
45651,242,0
45652,242,0
45653,242,0
45654,242,0
45655,242,0
45656,178,9100
45657,86,30400
45658,242,0
45659,242,0
45660,240,250
45661,242,0
45662,242,0
45663,242,0
45664,242,0
45665,238,500
45666,241,150
45667,241,100
45668,242,0
45669,242,0
45670,146,15000
45671,239,300
45672,232,1300
45673,235,900
45674,239,300
45675,215,3500
45676,242,0
45677,242,0
45678,242,0
45679,113,22600
45680,107,24000
45681,242,0
45682,238,500
45683,232,1200
45684,242,0
45685,242,0
45686,242,0
45687,242,0
45688,240,200
45689,242,0
45690,242,0
45691,204,5000
45692,242,0
45693,242,0
45694,230,1500
45695,242,0
45696,242,0
45697,242,0
45698,219,3000
45699,141,16000
45700,226,2000
45701,239,300
45702,232,1200
45703,219,3000
45704,241,100
45705,242,0
45706,221,2700
45707,239,300
45708,241,150
45709,242,0
45710,242,0
45711,0,251500
45712,241,150
45713,242,0
45714,242,0
45715,242,0
45716,217,3250
45717,242,0
45718,241,100
45719,242,0
45720,145,15100
45721,242,0
45722,242,0
45723,167,11000
45724,19,75000
45725,88,30000
45726,123,20000
45727,0,300000
45728,242,0
45729,134,17400
45730,222,2500
45731,242,0
45732,237,600
45733,229,1600
45734,0,700000
45735,242,0
45736,242,0
45737,197,6000
45738,242,0
45739,239,300
45740,242,0
45741,242,0
45742,242,0
45743,242,0
45744,239,300
45745,234,950
45746,2,150000
45747,240,200
45748,242,0
45749,242,0
45750,2,150000
45751,123,20000
45752,62,40000
45753,232,1200
45754,239,300
45755,240,200
45756,240,250
45757,240,200
45758,242,0
45759,242,0
45760,239,300
45761,234,1000
45762,240,200
45763,240,200
45764,240,200
45765,240,200
45766,215,3500
45767,197,6000
45768,2,150000
45769,239,400
45770,239,400
45771,242,0
45772,151,14000
45773,242,0
45774,242,0
45775,2,150000
45776,242,0
45777,242,0
45778,239,400
45779,240,250
45780,219,3000
45781,145,15100
45782,242,0
45783,197,6000
45784,241,100
45785,242,0
45786,2,150000
45787,82,32000
45788,107,24000
45789,197,6000
45790,2,150000
45791,232,1200
45792,242,0
45793,96,27300
45794,225,2200
45795,204,5000
45796,132,17900
45797,242,0
45798,2,150000
45799,242,0
45800,204,5000
45801,188,7500
45802,242,0
45803,241,100
45804,242,0
45805,242,0
45806,238,500
45807,146,15000
45808,242,0
45809,240,250
45810,186,7750
45811,241,100
45812,242,0
45813,241,100
45814,2,150000
45815,241,100
45816,239,400
45817,238,450
45818,141,16000
45819,223,2400
45820,211,4000
45821,242,0
45822,242,0
45823,226,2000
45824,242,0
45825,241,100
45826,242,0
45827,238,500
45828,178,9100
45829,239,400
45830,242,0
45831,229,1600
45832,242,0
45833,235,800
45834,223,2400
45835,241,100
45836,241,100
45837,68,37500
45838,241,100
45839,240,200
45840,141,16000
45841,239,300
45842,0,200000
45843,242,0
45844,240,250
45845,233,1100
45846,242,0
45847,237,600
45848,235,800
45849,239,300
45850,2,150000
45851,197,6000
45852,235,800
45853,2,150000
45854,240,250
45855,242,0
45856,235,800
45857,6,110000
45858,0,300000
45859,233,1100
45860,146,15000
45861,123,20000
45862,188,7500
45863,188,7500
45864,216,3300
45865,240,250
45866,235,800
45867,242,0
45868,239,400
45869,172,10000
45870,219,3000
45871,242,0
45872,242,0
45873,242,0
45874,241,100
45875,235,800
45876,242,0
45877,242,0
45878,242,0
45879,242,0
45880,242,0
45881,238,500
45882,2,150000
45883,242,0
45884,242,0
45885,182,8400
45886,242,0
45887,242,0
45888,113,22600
45889,242,0
45890,223,2400
45891,236,700
45892,242,0
45893,239,300
45894,242,0
45895,62,40000
45896,241,100
45897,242,0
45898,239,400
45899,228,1750
45900,242,0
45901,242,0
45902,242,0
45903,242,0
45904,240,200
45905,232,1200
45906,242,0
45907,146,15000
45908,242,0
45909,234,1000
45910,2,150000
45911,237,600
45912,39,53800
45913,242,0
45914,242,0
45915,0,500000
45916,242,0
45917,229,1600
45918,242,0
45919,242,0
45920,19,75000
45921,2,150000
45922,240,250
45923,2,150000
45924,242,0
45925,228,1700
45926,226,2000
45927,242,0
45928,242,0
45929,62,40000
45930,235,800
45931,229,1600
45932,141,16000
45933,237,600
45934,204,5000
45935,222,2500
45936,240,200
45937,237,600
45938,238,500
45939,7,105000
45940,242,0
45941,228,1700
45942,172,10000
45943,0,400000
45944,216,3300
45945,223,2400
45946,242,0
45947,242,0
45948,242,0
45949,111,23100
45950,242,0
45951,2,150000
45952,2,150000
45953,242,0
45954,7,105000
45955,242,0
45956,240,200
45957,238,500
45958,242,0
45959,242,0
45960,188,7500
45961,239,300
45962,145,15100
45963,235,900
45964,242,0
45965,242,0
45966,242,0
45967,226,2000
45968,242,0
45969,234,1000
45970,241,100
45971,242,0
45972,240,200
45973,242,0
45974,237,550
45975,237,600
45976,242,0
45977,242,0
45978,242,0
45979,241,100
45980,242,0
45981,229,1600
45982,226,2000
45983,242,0
45984,229,1600
45985,239,300
45986,242,0
45987,242,0
45988,242,0
45989,211,4000
45990,235,900
45991,242,0
45992,242,0
45993,211,4000
45994,240,250
45995,235,800
45996,240,200
45997,229,1600
45998,2,150000
45999,242,0
46000,237,600
46001,237,600
46002,235,800
46003,172,10000
46004,197,6000
46005,242,0
46006,242,0
46007,242,0
46008,242,0
46009,242,0
46010,242,0
46011,242,0
46012,242,0
46013,197,6000
46014,186,7800
46015,242,0
46016,211,4000
46017,242,0
46018,240,200
46019,225,2200
46020,237,600
46021,235,900
46022,242,0
46023,242,0
46024,82,32000
46025,233,1150
46026,223,2400
46027,242,0
46028,242,0
46029,242,0
46030,239,300
46031,242,0
46032,237,600
46033,88,30000
46034,241,100
46035,242,0
46036,235,800
46037,146,15000
46038,239,400
46039,44,50100
46040,240,200
46041,217,3200
46042,242,0
46043,228,1700
46044,242,0
46045,241,100
46046,141,16000
46047,204,5000
46048,236,700
46049,242,0
46050,242,0
46051,204,5000
46052,242,0
46053,2,150000
46054,242,0
46055,211,4000
46056,242,0
46057,242,0
46058,242,0
46059,242,0
46060,242,0
46061,18,76200
46062,133,17700
46063,239,300
46064,240,200
46065,240,250
46066,2,150000
46067,0,450000
46068,126,19200
46069,143,15600
46070,242,0
46071,229,1600
46072,212,3900
46073,242,0
46074,242,0
46075,104,25000
46076,240,250
46077,236,750
46078,82,32000
46079,229,1600
46080,242,0
46081,226,2000
46082,242,0
46083,242,0
46084,242,0
46085,242,0
46086,242,0
46087,242,0
46088,172,10000
46089,242,0
46090,197,6000
46091,239,300
46092,242,0
46093,242,0
46094,240,200
46095,223,2400
46096,240,200
46097,240,200
46098,108,23900
46099,161,12000
46100,242,0
46101,239,400
46102,242,0
46103,234,1000
46104,242,0
46105,242,0
46106,241,100
46107,242,0
46108,228,1800
46109,239,300
46110,211,4000
46111,240,200
46112,242,0
46113,241,150
46114,68,37500
46115,242,0
46116,2,150000
46117,242,0
46118,239,400
46119,197,6000
46120,2,150000
46121,41,52500
46122,107,24000
46123,241,100
46124,0,350000
46125,242,0
46126,241,100
46127,161,12000
46128,242,0
46129,242,0
46130,197,6000
46131,0,500000
46132,242,0
46133,45,50000
46134,242,0
46135,242,0
46136,241,100
46137,241,100
46138,234,1000
46139,242,0
46140,178,9100
46141,242,0
46142,1,175000
46143,230,1500
46144,242,0
46145,2,150000
46146,242,0
46147,0,300000
46148,48,48000
46149,219,3000
46150,240,200
46151,242,0
46152,217,3250
46153,27,65000
46154,242,0
46155,0,200000
46156,231,1400
46157,242,0
46158,238,450
46159,152,13750
46160,2,150000
46161,223,2400
46162,239,300
46163,242,0
46164,242,0
46165,242,0
46166,144,15400
46167,188,7500
46168,242,0
46169,109,23500
46170,223,2400
46171,239,350
46172,2,150000
46173,239,400
46174,239,400
46175,123,20000
46176,145,15150
46177,197,6000
46178,41,52500
46179,172,10000
46180,236,750
46181,241,150
46182,241,100
46183,242,0
46184,242,0
46185,239,400
46186,242,0
46187,242,0
46188,237,600
46189,242,0
46190,234,950
46191,242,0
46192,242,0
46193,188,7500
46194,242,0
46195,242,0
46196,241,100
46197,219,3000
46198,242,0
46199,241,100
46200,141,16000
46201,2,150000
46202,180,8700
46203,242,0
46204,242,0
46205,235,800
46206,240,200
46207,242,0
46208,226,2000
46209,237,600
46210,188,7500
46211,242,0
46212,242,0
46213,240,250
46214,242,0
46215,240,200
46216,0,200000
46217,242,0
46218,4,119600
46219,235,800
46220,197,6000
46221,239,300
46222,208,4400
46223,234,1000
46224,210,4200
46225,239,350
46226,242,0
46227,242,0
46228,242,0
46229,242,0
46230,242,0
46231,242,0
46232,242,0
46233,62,40000
46234,219,2900
46235,242,0
46236,2,150000
46237,242,0
46238,161,12000
46239,146,15000
46240,242,0
46241,239,300
46242,242,0
46243,2,150000
46244,226,2000
46245,2,150000
46246,240,200
46247,242,0
46248,241,100
46249,240,200
46250,242,0
46251,242,0
46252,242,0
46253,241,100
46254,242,0
46255,197,6000
46256,242,0
46257,226,2000
46258,234,1000
46259,238,450
46260,88,30000
46261,2,150000
46262,242,0
46263,239,300
46264,2,150000
46265,121,20450
46266,241,100
46267,237,650
46268,141,16000
46269,242,0
46270,2,150000
46271,242,0
46272,242,0
46273,2,150000
46274,0,1500000
46275,0,400000
46276,186,7800
46277,172,10000
46278,239,300
46279,242,0
46280,242,0
46281,239,400
46282,242,0
46283,235,900
46284,242,0
46285,242,0
46286,226,2000
46287,211,4000
46288,240,200
46289,239,300
46290,242,0
46291,240,200
46292,242,0
46293,241,100
46294,239,300
46295,242,0
46296,232,1250
46297,131,18200
46298,2,150000
46299,226,2000
46300,242,0
46301,234,1000
46302,242,0
46303,242,0
46304,2,150000
46305,240,250
46306,240,200
46307,232,1200
46308,242,0
46309,235,900
46310,242,0
46311,242,0
46312,242,0
46313,240,200
46314,242,0
46315,240,200
46316,0,279000
46317,240,200
46318,45,49500
46319,240,200
46320,197,6000
46321,226,2000
46322,242,0
46323,242,0
46324,242,0
46325,242,0
46326,242,0
46327,229,1600
46328,232,1300
46329,241,100
46330,188,7500
46331,238,500
46332,239,400
46333,197,6000
46334,242,0
46335,242,0
46336,242,0
46337,239,300
46338,234,1000
46339,188,7500
46340,231,1400
46341,229,1600
46342,0,400000
46343,242,0
46344,240,200
46345,239,300
46346,219,3000
46347,240,200
46348,238,500
46349,242,0
46350,242,0
46351,242,0
46352,113,22500
46353,2,150000
46354,2,150000
46355,2,150000
46356,242,0
46357,242,0
46358,242,0
46359,242,0
46360,226,2000
46361,242,0
46362,236,750
46363,242,0
46364,242,0
46365,242,0
46366,231,1400
46367,242,0
46368,240,200
46369,240,250
46370,242,0
46371,204,5000
46372,240,250
46373,239,300
46374,237,600
46375,242,0
46376,237,600
46377,242,0
46378,141,16000
46379,214,3600
46380,242,0
46381,241,100
46382,204,5000
46383,188,7500
46384,211,4000
46385,229,1600
46386,242,0
46387,241,150
46388,240,250
46389,53,45000
46390,242,0
46391,241,100
46392,242,0
46393,219,3000
46394,0,200000
46395,242,0
46396,141,16000
46397,242,0
46398,242,0
46399,242,0
46400,241,150
46401,235,800
46402,241,150
46403,241,100
46404,241,100
46405,239,300
46406,242,0
46407,241,100
46408,0,245000
46409,236,750
46410,232,1250
46411,233,1100
46412,241,150
46413,233,1050
46414,242,0
46415,239,400
46416,240,250
46417,240,250
46418,242,0
46419,239,300
46420,240,200
46421,200,5600
46422,48,48000
46423,242,0
46424,233,1100
46425,242,0
46426,242,0
46427,219,3000
46428,235,900
46429,241,100
46430,0,300000
46431,242,0
46432,242,0
46433,241,100
46434,242,0
46435,242,0
46436,241,100
46437,242,0
46438,242,0
46439,2,150000
46440,2,150000
46441,0,200000
46442,242,0
46443,242,0
46444,0,300000
46445,234,1000
46446,242,0
46447,240,200
46448,15,82800
46449,242,0
46450,242,0
46451,242,0
46452,197,6000
46453,211,4000
46454,241,100
46455,234,1000
46456,240,200
46457,242,0
46458,240,200
46459,240,200
46460,242,0
46461,242,0
46462,242,0
46463,242,0
46464,0,200000
46465,141,16000
46466,240,200
46467,0,300000
46468,242,0
46469,242,0
46470,141,16000
46471,233,1050
46472,239,300
46473,242,0
46474,97,27000
46475,2,150000
46476,2,150000
46477,239,350
46478,242,0
46479,104,24900
46480,123,20000
46481,239,300
46482,242,0
46483,239,300
46484,242,0
46485,242,0
46486,2,150000
46487,242,0
46488,242,0
46489,19,75000
46490,167,11000
46491,242,0
46492,241,100
46493,239,300
46494,241,100
46495,242,0
46496,62,40000
46497,188,7500
46498,2,150000
46499,237,600
46500,238,500
46501,242,0
46502,242,0
46503,240,200
46504,242,0
46505,204,5000
46506,242,0
46507,242,0
46508,242,0
46509,242,0
46510,242,0
46511,2,150000
46512,242,0
46513,240,200
46514,229,1600
46515,240,200
46516,62,40000
46517,235,800
46518,223,2400
46519,211,4000
46520,242,0
46521,0,300000
46522,239,300
46523,141,16000
46524,242,0
46525,236,750
46526,226,2000
46527,233,1100
46528,242,0
46529,242,0
46530,219,3000
46531,204,5000
46532,188,7500
46533,242,0
46534,242,0
46535,219,3000
46536,219,3000
46537,233,1150
46538,242,0
46539,242,0
46540,226,2000
46541,241,100
46542,242,0
46543,232,1250
46544,241,100
46545,2,150000
46546,2,150000
46547,242,0
46548,239,300
46549,219,3000
46550,242,0
46551,242,0
46552,242,0
46553,242,0
46554,242,0
46555,140,16200
46556,242,0
46557,211,4000
46558,240,200
46559,141,16000
46560,219,3000
46561,2,150000
46562,242,0
46563,241,100
46564,242,0
46565,142,15800
46566,242,0
46567,235,900
46568,137,16800
46569,187,7600
46570,187,7600
46571,242,0
46572,240,200
46573,242,0
46574,0,300000
46575,242,0
46576,0,200000
46577,241,100
46578,240,200
46579,234,1000
46580,239,300
46581,239,300
46582,240,200
46583,242,0
46584,2,150000
46585,191,7000
46586,242,0
46587,0,300000
46588,211,4000
46589,242,0
46590,0,500000
46591,88,30000
46592,242,0
46593,141,16000
46594,239,400
46595,242,0
46596,2,150000
46597,242,0
46598,242,0
46599,242,0
46600,226,2000
46601,231,1350
46602,137,16700
46603,219,3000
46604,2,150000
46605,188,7500
46606,239,400
46607,235,800
46608,235,800
46609,0,1000000
46610,242,0
46611,0,600000
46612,242,0
46613,181,8500
46614,240,200
46615,2,150000
46616,242,0
46617,62,40000
46618,242,0
46619,242,0
46620,238,500
46621,178,9100
46622,242,0
46623,242,0
46624,242,0
46625,242,0
46626,241,100
46627,242,0
46628,242,0
46629,242,0
46630,211,4000
46631,241,100
46632,223,2400
46633,242,0
46634,161,12000
46635,238,500
46636,242,0
46637,242,0
46638,242,0
46639,242,0
46640,242,0
46641,219,3000
46642,241,150
46643,235,800
46644,53,45000
46645,2,150000
46646,2,150000
46647,242,0
46648,242,0
46649,235,800
46650,242,0
46651,242,0
46652,39,53800
46653,219,3000
46654,242,0
46655,2,150000
46656,2,150000
46657,197,6000
46658,242,0
46659,242,0
46660,242,0
46661,242,0
46662,242,0
46663,141,16000
46664,242,0
46665,242,0
46666,242,0
46667,1,176000
46668,226,2000
46669,2,150000
46670,0,500000
46671,242,0
46672,242,0
46673,233,1050
46674,242,0
46675,19,75000
46676,242,0
46677,232,1200
46678,242,0
46679,238,500
46680,242,0
46681,242,0
46682,239,400
46683,232,1200
46684,237,600
46685,242,0
46686,229,1600
46687,242,0
46688,242,0
46689,242,0
46690,241,150
46691,239,400
46692,240,200
46693,88,30000
46694,242,0
46695,206,4800
46696,1,160000
46697,219,3000
46698,242,0
46699,242,0
46700,138,16600
46701,242,0
46702,178,9100
46703,204,5000
46704,242,0
46705,242,0
46706,242,0
46707,241,100
46708,237,600
46709,14,85000
46710,242,0
46711,242,0
46712,242,0
46713,107,24000
46714,242,0
46715,221,2700
46716,242,0
46717,15,83000
46718,235,800
46719,240,200
46720,45,49500
46721,242,0
46722,241,100
46723,226,2000
46724,16,80000
46725,242,0
46726,241,100
46727,211,4000
46728,239,400
46729,197,6000
46730,211,4000
46731,242,0
46732,226,2000
46733,240,250
46734,204,5000
46735,242,0
46736,226,2000
46737,242,0
46738,10,93000
46739,233,1050
46740,239,300
46741,238,500
46742,223,2400
46743,172,10000
46744,238,500
46745,226,2000
46746,0,300000
46747,242,0
46748,238,500
46749,242,0
46750,197,6000
46751,242,0
46752,181,8600
46753,32,60000
46754,242,0
46755,230,1500
46756,197,6000
46757,145,15200
46758,242,0
46759,242,0
46760,242,0
46761,2,150000
46762,141,16000
46763,239,300
46764,242,0
46765,230,1500
46766,242,0
46767,242,0
46768,242,0
46769,242,0
46770,242,0
46771,211,4000
46772,242,0
46773,238,500
46774,242,0
46775,2,150000
46776,2,150000
46777,240,200
46778,242,0
46779,188,7500
46780,242,0
46781,239,400
46782,242,0
46783,242,0
46784,242,0
46785,2,150000
46786,242,0
46787,161,12000
46788,239,300
46789,197,6000
46790,239,400
46791,241,100
46792,234,1000
46793,235,800
46794,240,250
46795,188,7500
46796,48,48000
46797,0,350000
46798,242,0
46799,226,2000
46800,229,1600
46801,242,0
46802,173,9900
46803,240,200
46804,0,1500000
46805,0,300000
46806,0,500000
46807,242,0
46808,2,150000
46809,241,100
46810,242,0
46811,239,300
46812,241,100
46813,145,15200
46814,240,250
46815,235,800
46816,242,0
46817,188,7500
46818,242,0
46819,0,200000
46820,0,300000
46821,241,100
46822,242,0
46823,41,52500
46824,240,200
46825,132,18000
46826,232,1200
46827,0,300000
46828,242,0
46829,240,200
46830,242,0
46831,242,0
46832,242,0
46833,242,0
46834,2,150000
46835,242,0
46836,241,100
46837,237,600
46838,242,0
46839,234,1000
46840,241,150
46841,242,0
46842,242,0
46843,242,0
46844,240,200
46845,242,0
46846,239,300
46847,234,1000
46848,179,8900
46849,62,40000
46850,235,800
46851,235,800
46852,242,0
46853,237,600
46854,239,300
46855,10,93000
46856,242,0
46857,242,0
46858,113,22500
46859,45,50000
46860,241,100
46861,242,0
46862,204,5000
46863,242,0
46864,146,15000
46865,242,0
46866,6,107600
46867,226,2000
46868,238,500
46869,235,800
46870,239,400
46871,107,24000
46872,235,900
46873,241,100
46874,242,0
46875,0,300000
46876,239,300
46877,240,200
46878,242,0
46879,242,0
46880,146,15000
46881,239,300
46882,204,5000
46883,242,0
46884,144,15400
46885,230,1500
46886,146,15000
46887,242,0
46888,224,2300
46889,240,250
46890,138,16600
46891,242,0
46892,204,5000
46893,229,1600
46894,242,0
46895,242,0
46896,239,300
46897,2,150000
46898,226,2000
46899,235,900
46900,242,0
46901,242,0
46902,204,5000
46903,0,300000
46904,242,0
46905,0,200000
46906,235,900
46907,0,200000
46908,239,350
46909,226,2000
46910,2,150000
46911,240,200
46912,239,300
46913,239,400
46914,242,0
46915,242,0
46916,0,450000
46917,239,300
46918,242,0
46919,240,200
46920,242,0
46921,242,0
46922,235,900
46923,242,0
46924,242,0
46925,220,2800
46926,241,150
46927,242,0
46928,242,0
46929,242,0
46930,239,400
46931,240,200
46932,242,0
46933,232,1200
46934,241,100
46935,143,15600
46936,2,150000
46937,219,3000
46938,238,450
46939,0,350000
46940,240,200
46941,223,2400
46942,242,0
46943,226,2000
46944,240,250
46945,238,450
46946,197,6000
46947,197,6000
46948,123,20000
46949,231,1400
46950,240,200
46951,19,75000
46952,10,93000
46953,241,100
46954,218,3050
46955,242,0
46956,242,0
46957,223,2400
46958,2,150000
46959,220,2800
46960,239,300
46961,240,200
46962,242,0
46963,242,0
46964,88,30000
46965,239,300
46966,242,0
46967,242,0
46968,119,21000
46969,242,0
46970,242,0
46971,242,0
46972,226,2000
46973,219,3000
46974,242,0
46975,104,25000
46976,228,1700
46977,240,200
46978,236,750
46979,228,1800
46980,242,0
46981,242,0
46982,242,0
46983,68,37500
46984,239,300
46985,0,500000
46986,204,5000
46987,240,250
46988,219,3000
46989,240,250
46990,242,0
46991,242,0
46992,2,150000
46993,241,100
46994,237,600
46995,239,300
46996,242,0
46997,235,900
46998,2,150000
46999,242,0
47000,185,8000
47001,2,150000
47002,242,0
47003,242,0
47004,242,0
47005,242,0
47006,0,450000
47007,242,0
47008,242,0
47009,2,150000
47010,88,30000
47011,242,0
47012,242,0
47013,234,1000
47014,242,0
47015,242,0
47016,123,20000
47017,241,100
47018,242,0
47019,234,1000
47020,242,0
47021,242,0
47022,226,2050
47023,240,200
47024,123,20000
47025,242,0
47026,235,900
47027,240,200
47028,238,500
47029,188,7500
47030,235,800
47031,242,0
47032,242,0
47033,242,0
47034,226,2000
47035,239,300
47036,242,0
47037,242,0
47038,242,0
47039,240,200
47040,242,0
47041,230,1500
47042,239,300
47043,62,40000
47044,242,0
47045,240,200
47046,242,0
47047,229,1600
47048,238,500
47049,242,0
47050,229,1600
47051,242,0
47052,242,0
47053,197,6000
47054,242,0
47055,2,150000
47056,188,7500
47057,242,0
47058,226,2000
47059,242,0
47060,2,150000
47061,240,200
47062,242,0
47063,0,500000
47064,2,150000
47065,242,0
47066,242,0
47067,241,100
47068,2,150000
47069,185,8000
47070,226,2000
47071,231,1400
47072,239,400
47073,240,200
47074,237,600
47075,242,0
47076,2,150000
47077,242,0
47078,242,0
47079,242,0
47080,226,2000
47081,242,0
47082,236,750
47083,241,100
47084,241,100
47085,0,300000
47086,241,100
47087,242,0
47088,242,0
47089,238,500
47090,242,0
47091,239,400
47092,242,0
47093,226,2000
47094,213,3800
47095,53,45000
47096,242,0
47097,241,100
47098,242,0
47099,239,400
47100,240,200
47101,188,7500
47102,242,0
47103,239,300
47104,0,300000
47105,242,0
47106,142,15800
47107,242,0
47108,141,16000
47109,239,300
47110,242,0
47111,19,75500
47112,242,0
47113,0,200000
47114,241,100
47115,242,0
47116,242,0
47117,240,200
47118,238,500
47119,242,0
47120,226,2000
47121,2,150000
47122,242,0
47123,242,0
47124,242,0
47125,2,150000
47126,197,6000
47127,242,0
47128,242,0
47129,242,0
47130,242,0
47131,242,0
47132,242,0
47133,197,6000
47134,145,15200
47135,2,150000
47136,240,200
47137,240,200
47138,242,0
47139,242,0
47140,4,125000
47141,235,800
47142,242,0
47143,242,0
47144,204,5000
47145,242,0
47146,241,100
47147,2,150000
47148,240,250
47149,232,1200
47150,88,30000
47151,234,950
47152,240,200
47153,0,350000
47154,226,2000
47155,238,500
47156,0,300000
47157,241,100
47158,241,100
47159,242,0
47160,87,30200
47161,232,1200
47162,242,0
47163,242,0
47164,239,400
47165,235,800
47166,242,0
47167,211,4000
47168,242,0
47169,242,0
47170,242,0
47171,237,600
47172,237,600
47173,2,150000
47174,242,0
47175,242,0
47176,237,600
47177,242,0
47178,236,700
47179,239,300
47180,242,0
47181,242,0
47182,241,100
47183,241,100
47184,242,0
47185,230,1500
47186,241,100
47187,242,0
47188,239,400
47189,226,2000
47190,2,150000
47191,242,0
47192,172,10000
47193,146,15000
47194,242,0
47195,235,900
47196,242,0
47197,2,150000
47198,142,15800
47199,185,7900
47200,222,2500
47201,2,150000
47202,242,0
47203,242,0
47204,2,150000
47205,134,17500
47206,238,500
47207,240,250
47208,113,22500
47209,141,16000
47210,226,2000
47211,241,100
47212,242,0
47213,113,22500
47214,0,2000000
47215,241,100
47216,1,178900
47217,219,3000
47218,223,2400
47219,0,300000
47220,235,800
47221,242,0
47222,2,150000
47223,2,150000
47224,242,0
47225,242,0
47226,241,100
47227,240,200
47228,197,6000
47229,236,700
47230,240,200
47231,133,17600
47232,240,200
47233,123,20000
47234,235,900
47235,242,0
47236,228,1700
47237,141,16000
47238,145,15100
47239,241,100
47240,2,150000
47241,239,400
47242,242,0
47243,187,7600
47244,235,900
47245,240,200
47246,242,0
47247,233,1150
47248,188,7500
47249,242,0
47250,107,24000
47251,238,500
47252,242,0
47253,242,0
47254,145,15200
47255,240,200
47256,240,200
47257,242,0
47258,242,0
47259,236,750
47260,242,0
47261,242,0
47262,2,150000
47263,242,0
47264,239,300
47265,186,7700
47266,181,8600
47267,239,400
47268,2,150000
47269,78,33600
47270,239,400
47271,242,0
47272,232,1200
47273,242,0
47274,188,7500
47275,239,300
47276,0,300000
47277,240,200
47278,242,0
47279,235,800
47280,242,0
47281,242,0
47282,242,0
47283,219,3000
47284,146,15000
47285,164,11500
47286,239,300
47287,242,0
47288,240,200
47289,242,0
47290,242,0
47291,226,2000
47292,219,3000
47293,242,0
47294,2,150000
47295,242,0
47296,197,6000
47297,242,0
47298,242,0
47299,241,100
47300,240,200
47301,242,0
47302,242,0
47303,204,5000
47304,242,0
47305,205,4950
47306,241,100
47307,242,0
47308,240,250
47309,106,24350
47310,242,0
47311,242,0
47312,240,250
47313,241,100
47314,242,0
47315,242,0
47316,241,100
47317,0,500000
47318,211,4000
47319,187,7600
47320,239,300
47321,235,800
47322,219,3000
47323,240,200
47324,2,150000
47325,242,0
47326,242,0
47327,242,0
47328,6,107600
47329,16,80100
47330,241,150
47331,88,30000
47332,242,0
47333,240,200
47334,213,3800
47335,188,7500
47336,242,0
47337,242,0
47338,224,2300
47339,36,56200
47340,242,0
47341,242,0
47342,225,2100
47343,146,15000
47344,234,1000
47345,239,300
47346,219,3000
47347,219,3000
47348,239,300
47349,62,40000
47350,188,7500
47351,226,2000
47352,242,0
47353,242,0
47354,235,800
47355,0,300000
47356,236,750
47357,141,16000
47358,19,75000
47359,240,250
47360,242,0
47361,2,150000
47362,241,100
47363,152,13750
47364,2,150000
47365,239,400
47366,21,71950
47367,242,0
47368,242,0
47369,241,100
47370,86,30400
47371,239,300
47372,242,0
47373,242,0
47374,242,0
47375,239,300
47376,241,100
47377,242,0
47378,2,150000
47379,226,2000
47380,239,300
47381,239,350
47382,239,300
47383,151,14000
47384,233,1100
47385,242,0
47386,0,350000
47387,242,0
47388,242,0
47389,35,56750
47390,141,16000
47391,240,200
47392,242,0
47393,242,0
47394,232,1200
47395,242,0
47396,0,300000
47397,229,1600
47398,187,7650
47399,229,1600
47400,242,0
47401,2,150000
47402,197,6000
47403,191,7000
47404,219,3000
47405,242,0
47406,241,100
47407,2,150000
47408,237,600
47409,242,0
47410,242,0
47411,2,150000
47412,242,0
47413,241,100
47414,183,8300
47415,144,15250
47416,242,0
47417,235,900
47418,241,150
47419,242,0
47420,242,0
47421,242,0
47422,141,16000
47423,242,0
47424,1,152000
47425,197,6000
47426,242,0
47427,204,5000
47428,242,0
47429,211,4000
47430,2,150000
47431,219,3000
47432,229,1600
47433,242,0
47434,242,0
47435,242,0
47436,242,0
47437,178,9100
47438,242,0
47439,226,2000
47440,0,1500000
47441,242,0
47442,240,250
47443,242,0
47444,0,750000
47445,242,0
47446,225,2100
47447,2,150000
47448,242,0
47449,204,5000
47450,238,500
47451,211,4000
47452,183,8300
47453,232,1200
47454,242,0
47455,242,0
47456,235,900
47457,235,800
47458,107,24000
47459,236,700
47460,240,200
47461,242,0
47462,188,7500
47463,235,800
47464,241,100
47465,227,1850
47466,234,1000
47467,241,150
47468,242,0
47469,172,10000
47470,241,100
47471,240,200
47472,197,6000
47473,242,0
47474,238,500
47475,240,200
47476,211,4000
47477,242,0
47478,223,2400
47479,242,0
47480,242,0
47481,242,0
47482,82,32000
47483,239,400
47484,234,950
47485,238,500
47486,237,600
47487,237,550
47488,2,150000
47489,2,150000
47490,178,9100
47491,236,750
47492,240,250
47493,45,50000
47494,239,300
47495,242,0
47496,0,500000
47497,234,1000
47498,242,0
47499,2,150000
47500,242,0
47501,240,250
47502,241,100
47503,233,1050
47504,134,17500
47505,242,0
47506,242,0
47507,239,300
47508,242,0
47509,107,24000
47510,228,1750
47511,242,0
47512,239,300
47513,241,100
47514,242,0
47515,242,0
47516,240,200
47517,107,24200
47518,186,7800
47519,241,150
47520,240,250
47521,242,0
47522,238,450
47523,242,0
47524,241,100
47525,242,0
47526,240,200
47527,0,450000
47528,3,125750
47529,211,4000
47530,240,200
47531,238,500
47532,242,0
47533,242,0
47534,242,0
47535,242,0
47536,239,400
47537,185,8000
47538,226,2000
47539,242,0
47540,145,15100
47541,2,150000
47542,239,300
47543,240,250
47544,146,15000
47545,240,200
47546,242,0
47547,242,0
47548,219,3000
47549,219,3000
47550,226,2000
47551,242,0
47552,2,150000
47553,141,16000
47554,238,450
47555,240,200
47556,234,1000
47557,240,200
47558,235,800
47559,239,300
47560,242,0
47561,242,0
47562,225,2100
47563,62,40000
47564,197,6000
47565,240,200
47566,242,0
47567,239,300
47568,242,0
47569,226,2000
47570,240,200
47571,239,300
47572,242,0
47573,240,200
47574,239,300
47575,239,300
47576,0,300000
47577,242,0
47578,7,105000
47579,240,250
47580,242,0
47581,2,150000
47582,204,5000
47583,242,0
47584,62,40000
47585,242,0
47586,242,0
47587,240,200
47588,242,0
47589,226,2000
47590,204,5000
47591,241,100
47592,0,300000
47593,222,2500
47594,107,24000
47595,242,0
47596,234,1000
47597,226,2000
47598,242,0
47599,237,600
47600,242,0
47601,231,1350
47602,197,6000
47603,239,400
47604,241,100
47605,242,0
47606,235,900
47607,240,250
47608,2,150000
47609,204,5000
47610,0,350000
47611,242,0
47612,235,900
47613,2,150000
47614,235,900
47615,237,600
47616,168,10800
47617,2,150000
47618,235,800
47619,241,150
47620,242,0
47621,241,100
47622,2,150000
47623,1,175000
47624,242,0
47625,242,0
47626,2,150000
47627,197,6000
47628,238,500
47629,0,450000
47630,239,300
47631,242,0
47632,48,48000
47633,242,0
47634,241,100
47635,241,100
47636,231,1400
47637,239,300
47638,241,150
47639,219,3000
47640,242,0
47641,0,200000
47642,211,4000
47643,62,40000
47644,242,0
47645,241,150
47646,240,200
47647,204,5000
47648,242,0
47649,2,150000
47650,191,7000
47651,242,0
47652,2,150000
47653,242,0
47654,241,100
47655,242,0
47656,242,0
47657,0,450000
47658,236,750
47659,141,16000
47660,2,150000
47661,242,0
47662,229,1600
47663,0,300000
47664,240,200
47665,242,0
47666,242,0
47667,2,150000
47668,241,100
47669,113,22500
47670,226,2000
47671,211,4000
47672,242,0
47673,239,300
47674,2,150000
47675,242,0
47676,232,1200
47677,242,0
47678,239,350
47679,11,90000
47680,242,0
47681,242,0
47682,242,0
47683,242,0
47684,242,0
47685,241,100
47686,239,300
47687,237,600
47688,242,0
47689,146,15000
47690,238,450
47691,239,350
47692,242,0
47693,2,150000
47694,223,2400
47695,242,0
47696,240,200
47697,27,65000
47698,242,0
47699,19,75000
47700,242,0
47701,242,0
47702,233,1150
47703,242,0
47704,242,0
47705,241,100
47706,151,14000
47707,242,0
47708,0,300000
47709,242,0
47710,242,0
47711,0,300000
47712,0,2000000
47713,235,800
47714,141,16000
47715,242,0
47716,240,200
47717,2,150000
47718,232,1200
47719,239,300
47720,242,0
47721,240,200
47722,2,150000
47723,242,0
47724,186,7700
47725,239,300
47726,241,150
47727,242,0
47728,85,31000
47729,238,450
47730,242,0
47731,239,300
47732,242,0
47733,242,0
47734,239,300
47735,239,400
47736,241,100
47737,234,1000
47738,241,100
47739,242,0
47740,136,17100
47741,240,250
47742,242,0
47743,171,10250
47744,232,1250
47745,240,200
47746,123,20000
47747,239,300
47748,204,5000
47749,242,0
47750,0,2000000
47751,242,0
47752,239,400
47753,238,500
47754,242,0
47755,0,300000
47756,2,150000
47757,208,4500
47758,242,0
47759,146,15000
47760,211,4000
47761,211,4000
47762,240,200
47763,242,0
47764,235,900
47765,226,2000
47766,240,200
47767,238,500
47768,239,400
47769,240,250
47770,242,0
47771,240,250
47772,242,0
47773,242,0
47774,211,4000
47775,242,0
47776,0,500000
47777,32,60000
47778,32,60000
47779,242,0
47780,211,4000
47781,226,2000
47782,2,150000
47783,238,450
47784,240,200
47785,226,2000
47786,134,17500
47787,240,200
47788,197,6000
47789,235,800
47790,242,0
47791,229,1600
47792,242,0
47793,237,600
47794,242,0
47795,204,5000
47796,227,1900
47797,172,10000
47798,242,0
47799,242,0
47800,240,250
47801,219,3000
47802,239,300
47803,240,200
47804,239,300
47805,240,200
47806,238,500
47807,242,0
47808,242,0
47809,197,6000
47810,238,450
47811,242,0
47812,146,15000
47813,242,0
47814,239,300
47815,138,16600
47816,241,100
47817,239,300
47818,242,0
47819,242,0
47820,241,100
47821,239,300
47822,242,0
47823,239,300
47824,211,4000
47825,161,12000
47826,0,400000
47827,242,0
47828,242,0
47829,62,40000
47830,11,90000
47831,0,350000
47832,242,0
47833,242,0
47834,219,3000
47835,242,0
47836,223,2400
47837,2,150000
47838,238,500
47839,242,0
47840,239,400
47841,225,2100
47842,0,450000
47843,235,800
47844,242,0
47845,197,6000
47846,204,5000
47847,242,0
47848,242,0
47849,219,3000
47850,240,200
47851,241,150
47852,237,600
47853,242,0
47854,241,150
47855,241,100
47856,222,2500
47857,242,0
47858,242,0
47859,113,22500
47860,2,150000
47861,242,0
47862,231,1350
47863,239,400
47864,232,1200
47865,242,0
47866,241,100
47867,239,400
47868,242,0
47869,242,0
47870,235,900
47871,242,0
47872,242,0
47873,141,16000
47874,242,0
47875,226,2000
47876,242,0
47877,242,0
47878,113,22500
47879,241,100
47880,239,400
47881,241,100
47882,2,150000
47883,234,1000
47884,242,0
47885,197,6000
47886,242,0
47887,2,150000
47888,237,600
47889,177,9200
47890,219,3000
47891,241,150
47892,242,0
47893,62,40000
47894,146,15000
47895,242,0
47896,242,0
47897,146,15000
47898,241,100
47899,234,1000
47900,242,0
47901,241,100
47902,242,0
47903,235,900
47904,239,300
47905,226,2000
47906,214,3600
47907,242,0
47908,241,100
47909,242,0
47910,235,850
47911,242,0
47912,231,1400
47913,2,150000
47914,211,4000
47915,242,0
47916,242,0
47917,242,0
47918,233,1100
47919,242,0
47920,242,0
47921,239,400
47922,240,200
47923,242,0
47924,230,1500
47925,88,30000
47926,239,400
47927,242,0
47928,228,1800
47929,240,200
47930,232,1250
47931,242,0
47932,219,3000
47933,235,800
47934,0,300000
47935,239,300
47936,62,40000
47937,242,0
47938,142,15800
47939,219,3000
47940,197,6000
47941,229,1600
47942,240,200
47943,226,2000
47944,226,2000
47945,242,0
47946,141,16000
47947,242,0
47948,242,0
47949,242,0
47950,242,0
47951,242,0
47952,240,200
47953,233,1100
47954,242,0
47955,188,7500
47956,242,0
47957,41,52500
47958,2,150000
47959,226,2000
47960,235,900
47961,230,1500
47962,0,900000
47963,242,0
47964,242,0
47965,2,150000
47966,242,0
47967,211,4000
47968,204,5000
47969,223,2400
47970,234,1000
47971,241,150
47972,240,250
47973,234,1000
47974,242,0
47975,0,300000
47976,219,3000
47977,242,0
47978,223,2400
47979,242,0
47980,242,0
47981,242,0
47982,242,0
47983,239,400
47984,0,350000
47985,0,450000
47986,188,7500
47987,226,2000
47988,242,0
47989,0,300000
47990,225,2200
47991,0,300000
47992,242,0
47993,242,0
47994,242,0
47995,239,300
47996,242,0
47997,19,75000
47998,238,450
47999,237,600
48000,232,1300
48001,242,0
48002,242,0
48003,202,5400
48004,242,0
48005,47,48400
48006,242,0
48007,242,0
48008,242,0
48009,2,150000
48010,242,0
48011,242,0
48012,242,0
48013,240,200
48014,242,0
48015,242,0
48016,241,100
48017,241,100
48018,230,1500
48019,188,7500
48020,242,0
48021,242,0
48022,237,600
48023,240,250
48024,242,0
48025,0,300000
48026,23,70000
48027,204,5000
48028,223,2400
48029,238,500
48030,242,0
48031,242,0
48032,149,14400
48033,242,0
48034,242,0
48035,122,20300
48036,239,400
48037,237,600
48038,242,0
48039,229,1600
48040,242,0
48041,172,10000
48042,191,7000
48043,242,0
48044,242,0
48045,242,0
48046,241,100
48047,240,200
48048,242,0
48049,211,4000
48050,242,0
48051,88,30000
48052,242,0
48053,242,0
48054,236,700
48055,242,0
48056,211,4000
48057,200,5600
48058,242,0
48059,242,0
48060,241,100
48061,242,0
48062,208,4500
48063,242,0
48064,0,200000
48065,242,0
48066,239,400
48067,2,150000
48068,123,20000
48069,233,1150
48070,242,0
48071,242,0
48072,242,0
48073,239,400
48074,239,400
48075,240,200
48076,241,150
48077,224,2300
48078,232,1250
48079,237,600
48080,242,0
48081,228,1700
48082,238,500
48083,239,400
48084,240,200
48085,233,1050
48086,237,600
48087,141,16000
48088,242,0
48089,188,7500
48090,242,0
48091,2,150000
48092,242,0
48093,242,0
48094,181,8500
48095,240,200
48096,242,0
48097,242,0
48098,242,0
48099,219,3000
48100,242,0
48101,240,200
48102,211,4000
48103,2,150000
48104,242,0
48105,239,400
48106,11,90000
48107,2,150000
48108,242,0
48109,242,0
48110,242,0
48111,145,15100
48112,236,750
48113,242,0
48114,242,0
48115,141,15900
48116,104,25000
48117,242,0
48118,240,250
48119,236,750
48120,241,100
48121,242,0
48122,39,53800
48123,226,2000
48124,230,1500
48125,242,0
48126,242,0
48127,88,30000
48128,2,150000
48129,239,400
48130,241,100
48131,239,300
48132,242,0
48133,242,0
48134,242,0
48135,239,400
48136,242,0
48137,241,100
48138,235,900
48139,74,35000
48140,240,200
48141,242,0
48142,239,300
48143,211,4000
48144,204,5000
48145,238,500
48146,2,150000
48147,211,4000
48148,242,0
48149,242,0
48150,242,0
48151,242,0
48152,240,200
48153,48,48000
48154,240,200
48155,242,0
48156,242,0
48157,241,100
48158,242,0
48159,242,0
48160,242,0
48161,240,200
48162,197,6000
48163,242,0
48164,141,16000
48165,242,0
48166,197,6000
48167,0,300000
48168,187,7600
48169,197,6000
48170,2,150000
48171,242,0
48172,240,200
48173,241,100
48174,242,0
48175,242,0
48176,242,0
48177,242,0
48178,242,0
48179,238,500
48180,182,8400
48181,242,0
48182,230,1500
48183,97,27000
48184,241,100
48185,242,0
48186,219,3000
48187,204,5000
48188,197,6000
48189,241,100
48190,228,1700
48191,0,1000000
48192,242,0
48193,2,150000
48194,242,0
48195,242,0
48196,239,400
48197,226,2000
48198,226,2000
48199,230,1500
48200,239,300
48201,238,500
48202,0,300000
48203,226,2000
48204,242,0
48205,239,300
48206,240,250
48207,161,12000
48208,241,150
48209,242,0
48210,204,5000
48211,226,2000
48212,225,2150
48213,241,100
48214,242,0
48215,242,0
48216,219,3000
48217,242,0
48218,237,600
48219,242,0
48220,242,0
48221,242,0
48222,242,0
48223,53,45000
48224,240,200
48225,242,0
48226,242,0
48227,144,15400
48228,242,0
48229,242,0
48230,242,0
48231,0,200000
48232,204,5000
48233,242,0
48234,242,0
48235,141,16000
48236,19,75000
48237,219,3000
48238,238,450
48239,242,0
48240,88,30000
48241,242,0
48242,242,0
48243,0,300000
48244,242,0
48245,82,32000
48246,172,10000
48247,236,750
48248,242,0
48249,242,0
48250,242,0
48251,242,0
48252,240,250
48253,242,0
48254,242,0
48255,242,0
48256,242,0
48257,226,2000
48258,241,150
48259,242,0
48260,242,0
48261,0,350000
48262,240,250
48263,239,400
48264,88,30000
48265,242,0
48266,242,0
48267,6,110000
48268,141,16000
48269,242,0
48270,240,250
48271,2,150000
48272,242,0
48273,239,300
48274,204,5000
48275,242,0
48276,13,87500
48277,141,16000
48278,188,7500
48279,242,0
48280,226,2000
48281,242,0
48282,242,0
48283,2,150000
48284,239,400
48285,242,0
48286,0,500000
48287,241,100
48288,239,300
48289,240,200
48290,235,800
48291,239,300
48292,242,0
48293,241,100
48294,242,0
48295,238,500
48296,242,0
48297,237,600
48298,242,0
48299,62,40000
48300,226,2000
48301,242,0
48302,240,200
48303,242,0
48304,237,600
48305,242,0
48306,242,0
48307,2,150000
48308,239,300
48309,223,2400
48310,238,500
48311,242,0
48312,240,200
48313,237,600
48314,238,500
48315,102,25500
48316,2,150000
48317,188,7500
48318,242,0
48319,211,4000
48320,229,1600
48321,241,100
48322,242,0
48323,231,1400
48324,242,0
48325,2,150000
48326,242,0
48327,0,300000
48328,242,0
48329,242,0
48330,240,200
48331,242,0
48332,197,6000
48333,197,6000
48334,188,7500
48335,242,0
48336,200,5600
48337,242,0
48338,185,8000
48339,2,150000
48340,208,4500
48341,0,750000
48342,2,150000
48343,235,900
48344,242,0
48345,113,22500
48346,242,0
48347,113,22500
48348,235,800
48349,202,5400
48350,235,800
48351,242,0
48352,242,0
48353,233,1150
48354,222,2500
48355,242,0
48356,140,16100
48357,238,500
48358,242,0
48359,2,150000
48360,241,100
48361,231,1400
48362,242,0
48363,0,500000
48364,240,200
48365,237,550
48366,239,400
48367,239,400
48368,88,30000
48369,47,48200
48370,242,0
48371,242,0
48372,0,1600000
48373,123,20000
48374,2,150000
48375,241,100
48376,45,50000
48377,242,0
48378,2,150000
48379,228,1700
48380,238,500
48381,238,450
48382,0,300000
48383,242,0
48384,238,450
48385,241,150
48386,141,16000
48387,211,4000
48388,242,0
48389,107,24000
48390,242,0
48391,219,3000
48392,242,0
48393,242,0
48394,210,4200
48395,204,5000
48396,188,7500
48397,2,150000
48398,242,0
48399,242,0
48400,242,0
48401,241,100
48402,238,500
48403,0,1000000
48404,107,24000
48405,240,250
48406,241,100
48407,242,0
48408,241,150
48409,242,0
48410,242,0
48411,237,550
48412,239,300
48413,242,0
48414,2,150000
48415,240,200
48416,138,16600
48417,242,0
48418,235,900
48419,242,0
48420,230,1500
48421,2,150000
48422,240,200
48423,239,300
48424,204,5000
48425,242,0
48426,235,900
48427,242,0
48428,226,2000
48429,188,7500
48430,240,200
48431,225,2100
48432,242,0
48433,240,200
48434,241,100
48435,239,300
48436,242,0
48437,242,0
48438,242,0
48439,242,0
48440,0,300000
48441,242,0
48442,226,2000
48443,242,0
48444,242,0
48445,234,1000
48446,230,1500
48447,242,0
48448,242,0
48449,2,150000
48450,242,0
48451,241,150
48452,242,0
48453,242,0
48454,2,150000
48455,187,7600
48456,0,200000
48457,242,0
48458,186,7700
48459,237,600
48460,242,0
48461,239,300
48462,242,0
48463,240,200
48464,0,450000
48465,197,6000
48466,208,4500
48467,242,0
48468,242,0
48469,242,0
48470,113,22500
48471,241,100
48472,146,15000
48473,242,0
48474,242,0
48475,242,0
48476,234,1000
48477,240,250
48478,242,0
48479,235,800
48480,230,1500
48481,234,1000
48482,197,6000
48483,242,0
48484,242,0
48485,107,24200
48486,239,400
48487,242,0
48488,242,0
48489,234,1000
48490,197,6000
48491,242,0
48492,242,0
48493,0,600000
48494,242,0
48495,240,200
48496,242,0
48497,197,6000
48498,242,0
48499,197,6000
48500,2,150000
48501,241,150
48502,242,0
48503,242,0
48504,2,150000
48505,237,600
48506,0,500000
48507,232,1200
48508,232,1300
48509,82,32000
48510,2,150000
48511,242,0
48512,2,150000
48513,238,450
48514,242,0
48515,241,100
48516,229,1600
48517,204,5000
48518,242,0
48519,226,2000
48520,242,0
48521,231,1400
48522,228,1750
48523,141,16000
48524,2,150000
48525,42,52000
48526,236,750
48527,219,3000
48528,239,300
48529,242,0
48530,178,9100
48531,242,0
48532,242,0
48533,242,0
48534,190,7200
48535,124,19800
48536,234,1000
48537,242,0
48538,242,0
48539,2,150000
48540,242,0
48541,141,16000
48542,229,1600
48543,242,0
48544,242,0
48545,242,0
48546,225,2100
48547,240,200
48548,226,2000
48549,237,600
48550,217,3200
48551,242,0
48552,204,5000
48553,242,0
48554,223,2400
48555,226,2000
48556,240,200
48557,239,300
48558,241,100
48559,242,0
48560,242,0
48561,242,0
48562,240,200
48563,236,750
48564,242,0
48565,166,11100
48566,240,250
48567,68,37500
48568,219,3000
48569,242,0
48570,227,1850
48571,242,0
48572,240,200
48573,240,250
48574,242,0
48575,0,300000
48576,242,0
48577,242,0
48578,204,5000
48579,242,0
48580,234,1000
48581,242,0
48582,2,150000
48583,45,49500
48584,242,0
48585,204,5000
48586,233,1150
48587,233,1100
48588,241,100
48589,0,500000
48590,240,200
48591,134,17400
48592,238,500
48593,242,0
48594,242,0
48595,238,450
48596,234,1000
48597,41,52500
48598,241,150
48599,2,150000
48600,10,93000
48601,242,0
48602,226,2000
48603,240,200
48604,242,0
48605,240,200
48606,242,0
48607,218,3100
48608,242,0
48609,240,200
48610,229,1600
48611,227,1900
48612,241,100
48613,0,350000
48614,141,16000
48615,211,4000
48616,228,1800
48617,107,24000
48618,242,0
48619,241,100
48620,242,0
48621,142,15800
48622,146,15000
48623,242,0
48624,0,350000
48625,240,200
48626,235,800
48627,242,0
48628,240,200
48629,179,8950
48630,242,0
48631,235,900
48632,230,1500
48633,127,19000
48634,242,0
48635,242,0
48636,146,15000
48637,235,800
48638,204,5000
48639,242,0
48640,209,4300
48641,240,200
48642,197,6000
48643,242,0
48644,222,2500
48645,239,400
48646,88,30000
48647,235,900
48648,242,0
48649,242,0
48650,238,500
48651,238,500
48652,234,1000
48653,242,0
48654,242,0
48655,239,300
48656,242,0
48657,21,71950
48658,242,0
48659,239,300
48660,151,14000
48661,242,0
48662,230,1500
48663,242,0
48664,242,0
48665,237,600
48666,242,0
48667,242,0
48668,242,0
48669,240,250
48670,242,0
48671,240,200
48672,242,0
48673,237,600
48674,88,30000
48675,0,300000
48676,238,500
48677,238,500
48678,242,0
48679,0,500000
48680,242,0
48681,242,0
48682,242,0
48683,211,4000
48684,242,0
48685,242,0
48686,239,400
48687,214,3600
48688,2,150000
48689,242,0
48690,242,0
48691,242,0
48692,234,1000
48693,242,0
48694,242,0
48695,238,450
48696,242,0
48697,240,250
48698,172,10000
48699,242,0
48700,242,0
48701,240,200
48702,242,0
48703,239,300
48704,242,0
48705,240,250
48706,225,2100
48707,242,0
48708,242,0
48709,27,65000
48710,242,0
48711,240,200
48712,238,500
48713,242,0
48714,234,1000
48715,242,0
48716,0,700000
48717,242,0
48718,211,4000
48719,242,0
48720,183,8300
48721,242,0
48722,235,900
48723,19,75300
48724,241,100
48725,242,0
48726,0,300000
48727,188,7500
48728,242,0
48729,242,0
48730,242,0
48731,230,1500
48732,242,0
48733,242,0
48734,242,0
48735,242,0
48736,241,100
48737,239,300
48738,211,4000
48739,242,0
48740,228,1750
48741,241,100
48742,240,250
48743,2,150000
48744,239,400
48745,197,6000
48746,232,1200
48747,242,0
48748,236,750
48749,2,150000
48750,242,0
48751,242,0
48752,242,0
48753,242,0
48754,62,40000
48755,240,200
48756,239,300
48757,2,150000
48758,241,150
48759,0,2000000
48760,225,2200
48761,224,2300
48762,130,18400
48763,241,100
48764,88,30000
48765,2,150000
48766,242,0
48767,232,1200
48768,239,400
48769,235,800
48770,2,150000
48771,219,3000
48772,234,1000
48773,180,8700
48774,242,0
48775,226,2000
48776,0,500000
48777,242,0
48778,242,0
48779,242,0
48780,242,0
48781,111,23000
48782,240,200
48783,242,0
48784,242,0
48785,197,6000
48786,226,2000
48787,240,200
48788,197,6000
48789,2,150000
48790,238,450
48791,242,0
48792,240,200
48793,0,300000
48794,213,3800
48795,242,0
48796,242,0
48797,241,150
48798,239,400
48799,242,0
48800,240,200
48801,242,0
48802,2,150000
48803,242,0
48804,242,0
48805,241,100
48806,229,1600
48807,242,0
48808,242,0
48809,242,0
48810,242,0
48811,141,16000
48812,226,2000
48813,239,300
48814,184,8100
48815,240,200
48816,0,200000
48817,241,100
48818,242,0
48819,197,6000
48820,242,0
48821,242,0
48822,242,0
48823,113,22500
48824,0,357800
48825,242,0
48826,241,100
48827,235,900
48828,211,4000
48829,242,0
48830,242,0
48831,242,0
48832,239,300
48833,172,10000
48834,242,0
48835,240,200
48836,242,0
48837,239,400
48838,232,1250
48839,242,0
48840,242,0
48841,242,0
48842,242,0
48843,241,100
48844,240,200
48845,242,0
48846,242,0
48847,66,38500
48848,240,200
48849,242,0
48850,241,100
48851,242,0
48852,240,250
48853,232,1300
48854,238,450
48855,242,0
48856,239,300
48857,242,0
48858,240,250
48859,87,30100
48860,236,750
48861,2,150000
48862,172,10000
48863,204,5000
48864,230,1550
48865,242,0
48866,238,450
48867,241,100
48868,241,100
48869,16,80000
48870,241,100
48871,16,80000
48872,242,0
48873,239,400
48874,64,39500
48875,2,150000
48876,242,0
48877,238,450
48878,239,300
48879,242,0
48880,242,0
48881,190,7200
48882,143,15600
48883,242,0
48884,229,1600
48885,211,4000
48886,242,0
48887,146,15000
48888,123,20000
48889,219,3000
48890,242,0
48891,242,0
48892,242,0
48893,2,150000
48894,187,7650
48895,240,200
48896,87,30250
48897,239,300
48898,223,2400
48899,230,1500
48900,241,100
48901,242,0
48902,242,0
48903,242,0
48904,197,6000
48905,235,800
48906,216,3400
48907,242,0
48908,242,0
48909,242,0
48910,237,600
48911,242,0
48912,242,0
48913,0,200000
48914,236,700
48915,183,8300
48916,204,5000
48917,242,0
48918,234,1000
48919,235,800
48920,140,16200
48921,2,150000
48922,242,0
48923,240,200
48924,238,500
48925,107,24200
48926,242,0
48927,242,0
48928,239,300
48929,28,64000
48930,239,300
48931,242,0
48932,229,1600
48933,241,100
48934,0,450000
48935,242,0
48936,228,1800
48937,237,600
48938,0,350000
48939,230,1500
48940,242,0
48941,242,0
48942,242,0
48943,4,125000
48944,242,0
48945,186,7700
48946,88,30000
48947,45,49500
48948,242,0
48949,2,150000
48950,239,400
48951,242,0
48952,242,0
48953,239,300
48954,226,2000
48955,242,0
48956,242,0
48957,237,600
48958,242,0
48959,235,800
48960,240,200
48961,242,0
48962,239,400
48963,242,0
48964,224,2250
48965,242,0
48966,239,400
48967,141,16000
48968,229,1600
48969,242,0
48970,235,800
48971,240,200
48972,242,0
48973,197,6000
48974,186,7800
48975,242,0
48976,240,200
48977,241,100
48978,242,0
48979,242,0
48980,242,0
48981,226,2000
48982,107,24000
48983,238,500
48984,219,3000
48985,242,0
48986,242,0
48987,242,0
48988,235,900
48989,2,150000
48990,0,500000
48991,242,0
48992,237,600
48993,2,150000
48994,241,100
48995,242,0
48996,235,800
48997,211,4000
48998,183,8300
48999,94,28000
49000,45,49500
49001,242,0
49002,242,0
49003,211,4000
49004,103,25150
49005,242,0
49006,229,1650
49007,219,3000
49008,242,0
49009,240,250
49010,237,600
49011,141,16000
49012,242,0
49013,204,5000
49014,242,0
49015,240,250
49016,204,5000
49017,187,7600
49018,237,600
49019,242,0
49020,231,1400
49021,197,6000
49022,2,150000
49023,242,0
49024,237,600
49025,242,0
49026,211,4000
49027,242,0
49028,133,17600
49029,242,0
49030,242,0
49031,235,900
49032,242,0
49033,233,1100
49034,204,5000
49035,242,0
49036,242,0
49037,241,150
49038,211,4000
49039,242,0
49040,242,0
49041,242,0
49042,242,0
49043,223,2450
49044,242,0
49045,237,600
49046,172,10000
49047,2,150000
49048,242,0
49049,35,56750
49050,242,0
49051,188,7500
49052,141,16000
49053,123,20000
49054,242,0
49055,239,300
49056,226,2000
49057,242,0
49058,188,7500
49059,170,10400
49060,242,0
49061,222,2500
49062,242,0
49063,239,400
49064,240,200
49065,238,500
49066,242,0
49067,231,1400
49068,0,700000
49069,0,300000
49070,240,200
49071,242,0
49072,107,24200
49073,241,100
49074,238,500
49075,242,0
49076,241,100
49077,242,0
49078,228,1800
49079,242,0
49080,23,70000
49081,88,30000
49082,242,0
49083,241,100
49084,242,0
49085,242,0
49086,242,0
49087,228,1800
49088,2,150000
49089,242,0
49090,239,300
49091,197,6000
49092,241,100
49093,242,0
49094,226,2000
49095,242,0
49096,241,100
49097,240,200
49098,242,0
49099,229,1600
49100,123,20000
49101,237,600
49102,240,200
49103,239,300
49104,240,200
49105,240,200
49106,197,6000
49107,242,0
49108,241,100
49109,239,300
49110,229,1600
49111,123,20000
49112,204,5000
49113,242,0
49114,225,2100
49115,166,11100
49116,242,0
49117,235,800
49118,242,0
49119,242,0
49120,127,19000
49121,242,0
49122,242,0
49123,242,0
49124,242,0
49125,242,0
49126,240,200
49127,242,0
49128,237,600
49129,242,0
49130,240,200
49131,234,1000
49132,230,1500
49133,242,0
49134,204,5000
49135,232,1200
49136,211,4000
49137,242,0
49138,187,7600
49139,233,1100
49140,242,0
49141,239,400
49142,242,0
49143,235,800
49144,242,0
49145,204,5000
49146,241,100
49147,242,0
49148,242,0
49149,219,3000
49150,242,0
49151,242,0
49152,239,300
49153,235,800
49154,219,3000
49155,217,3250
49156,241,100
49157,242,0
49158,175,9500
49159,236,750
49160,238,500
49161,242,0
49162,2,150000
49163,242,0
49164,240,200
49165,242,0
49166,241,100
49167,204,5000
49168,239,400
49169,187,7600
49170,230,1500
49171,242,0
49172,238,500
49173,234,1000
49174,235,800
49175,2,150000
49176,32,60000
49177,239,300
49178,13,87500
49179,188,7500
49180,211,4000
49181,240,200
49182,240,250
49183,242,0
49184,239,400
49185,0,350000
49186,219,3000
49187,242,0
49188,239,400
49189,235,800
49190,187,7600
49191,211,4000
49192,239,300
49193,239,400
49194,141,16000
49195,2,150000
49196,241,100
49197,8,100000
49198,242,0
49199,2,150000
49200,240,200
49201,228,1800
49202,242,0
49203,88,30000
49204,0,350000
49205,242,0
49206,239,300
49207,242,0
49208,240,200
49209,242,0
49210,240,200
49211,242,0
49212,2,150000
49213,185,8000
49214,242,0
49215,223,2400
49216,240,250
49217,240,200
49218,242,0
49219,226,2000
49220,241,100
49221,240,250
49222,239,400
49223,240,200
49224,4,122500
49225,242,0
49226,239,400
49227,242,0
49228,242,0
49229,242,0
49230,187,7600
49231,242,0
49232,239,400
49233,234,1000
49234,141,16000
49235,242,0
49236,242,0
49237,183,8300
49238,241,150
49239,239,300
49240,239,400
49241,226,2000
49242,238,500
49243,0,500000
49244,241,150
49245,242,0
49246,242,0
49247,240,200
49248,232,1200
49249,4,125000
49250,242,0
49251,220,2800
49252,237,600
49253,236,700
49254,242,0
49255,242,0
49256,242,0
49257,217,3200
49258,232,1300
49259,242,0
49260,241,100
49261,239,400
49262,242,0
49263,242,0
49264,211,4000
49265,239,300
49266,211,4000
49267,242,0
49268,240,200
49269,242,0
49270,240,200
49271,242,0
49272,2,150000
49273,0,500000
49274,136,17000
49275,239,300
49276,229,1600
49277,242,0
49278,239,400
49279,234,950
49280,241,100
49281,230,1500
49282,242,0
49283,241,100
49284,242,0
49285,237,600
49286,239,300
49287,242,0
49288,172,10000
49289,241,100
49290,88,30000
49291,0,300000
49292,242,0
49293,222,2500
49294,219,3000
49295,239,350
49296,239,400
49297,235,800
49298,2,150000
49299,0,300000
49300,238,500
49301,241,150
49302,239,300
49303,242,0
49304,242,0
49305,239,300
49306,242,0
49307,226,2000
49308,242,0
49309,0,450000
49310,242,0
49311,203,5250
49312,188,7500
49313,197,6000
49314,241,100
49315,236,750
49316,238,500
49317,226,2000
49318,241,100
49319,242,0
49320,242,0
49321,239,350
49322,242,0
49323,241,100
49324,242,0
49325,240,200
49326,240,200
49327,242,0
49328,241,100
49329,95,27500
49330,242,0
49331,0,300000
49332,242,0
49333,0,350000
49334,237,600
49335,242,0
49336,2,150000
49337,242,0
49338,238,500
49339,242,0
49340,242,0
49341,237,600
49342,242,0
49343,242,0
49344,242,0
49345,241,100
49346,2,150000
49347,204,5000
49348,2,150000
49349,242,0
49350,242,0
49351,2,150000
49352,123,20000
49353,242,0
49354,2,150000
49355,242,0
49356,141,16000
49357,242,0
49358,219,3000
49359,242,0
49360,16,80000
49361,242,0
49362,230,1500
49363,238,500
49364,2,150000
49365,229,1600
49366,242,0
49367,242,0
49368,123,20000
49369,242,0
49370,242,0
49371,242,0
49372,45,49500
49373,197,6000
49374,241,100
49375,232,1200
49376,239,300
49377,241,100
49378,242,0
49379,234,1000
49380,242,0
49381,239,300
49382,237,600
49383,197,6000
49384,241,100
49385,242,0
49386,242,0
49387,239,400
49388,242,0
49389,242,0
49390,219,3000
49391,211,4000
49392,226,2000
49393,2,150000
49394,237,600
49395,235,900
49396,240,200
49397,238,450
49398,226,2000
49399,242,0
49400,237,600
49401,2,150000
49402,239,300
49403,2,150000
49404,242,0
49405,242,0
49406,242,0
49407,197,6000
49408,226,2000
49409,242,0
49410,0,2000000
49411,242,0
49412,2,150000
49413,242,0
49414,241,100
49415,242,0
49416,242,0
49417,63,39900
49418,197,6000
49419,239,400
49420,235,900
49421,229,1600
49422,211,4000
49423,111,23000
49424,242,0
49425,238,500
49426,82,32000
49427,242,0
49428,240,250
49429,242,0
49430,241,100
49431,13,87500
49432,2,150000
49433,0,350000
49434,2,150000
49435,239,300
49436,197,6000
49437,237,550
49438,242,0
49439,242,0
49440,242,0
49441,235,800
49442,242,0
49443,241,100
49444,242,0
49445,229,1600
49446,242,0
49447,2,150000
49448,0,500000
49449,204,5100
49450,242,0
49451,97,27000
49452,242,0
49453,239,300
49454,242,0
49455,241,150
49456,2,150000
49457,197,6000
49458,242,0
49459,240,250
49460,242,0
49461,41,52500
49462,242,0
49463,208,4500
49464,242,0
49465,242,0
49466,0,350000
49467,242,0
49468,242,0
49469,238,500
49470,236,750
49471,146,15000
49472,242,0
49473,242,0
49474,240,200
49475,2,150000
49476,228,1750
49477,242,0
49478,41,52200
49479,235,800
49480,240,200
49481,229,1650
49482,138,16600
49483,239,300
49484,242,0
49485,2,150000
49486,242,0
49487,204,5000
49488,214,3600
49489,142,15800
49490,232,1250
49491,223,2400
49492,123,20000
49493,228,1700
49494,242,0
49495,2,150000
49496,242,0
49497,228,1750
49498,239,400
49499,241,100
49500,242,0
49501,242,0
49502,2,150000
49503,235,800
49504,236,700
49505,242,0
49506,242,0
49507,242,0
49508,242,0
49509,242,0
49510,2,148500
49511,242,0
49512,235,800
49513,241,100
49514,131,18100
49515,211,4000
49516,204,5000
49517,0,700000
49518,211,4000
49519,239,400
49520,35,56750
49521,242,0
49522,240,200
49523,242,0
49524,242,0
49525,241,100
49526,235,800
49527,240,200
49528,242,0
49529,2,150000
49530,242,0
49531,98,26600
49532,219,3000
49533,242,0
49534,242,0
49535,234,1000
49536,241,100
49537,225,2100
49538,2,150000
49539,240,250
49540,242,0
49541,226,2000
49542,68,37500
49543,242,0
49544,242,0
49545,235,800
49546,219,3000
49547,141,16000
49548,241,100
49549,242,0
49550,242,0
49551,242,0
49552,239,300
49553,62,40000
49554,234,1000
49555,227,1900
49556,242,0
49557,236,750
49558,242,0
49559,242,0
49560,218,3100
49561,185,8000
49562,2,150000
49563,222,2550
49564,242,0
49565,240,200
49566,234,1000
49567,0,600000
49568,197,6000
49569,240,200
49570,240,200
49571,219,3000
49572,146,15000
49573,232,1200
49574,2,150000
49575,234,1000
49576,219,3000
49577,240,200
49578,239,300
49579,239,300
49580,237,600
49581,226,2000
49582,242,0
49583,211,4000
49584,229,1600
49585,2,150000
49586,240,250
49587,0,200000
49588,242,0
49589,240,200
49590,2,150000
49591,237,600
49592,242,0
49593,235,850
49594,219,3000
49595,188,7500
49596,234,1000
49597,204,5000
49598,242,0
49599,240,200
49600,2,150000
49601,242,0
49602,197,6000
49603,242,0
49604,242,0
49605,242,0
49606,241,100
49607,242,0
49608,180,8750
49609,197,6000
49610,134,17400
49611,242,0
49612,242,0
49613,242,0
49614,181,8500
49615,242,0
49616,235,900
49617,197,6000
49618,241,100
49619,226,2000
49620,234,1000
49621,241,100
49622,142,15800
49623,62,40000
49624,210,4200
49625,235,900
49626,239,400
49627,138,16600
49628,188,7500
49629,239,300
49630,235,800
49631,234,1000
49632,241,100
49633,183,8300
49634,0,500000
49635,239,300
49636,2,150000
49637,229,1600
49638,242,0
49639,82,32000
49640,242,0
49641,242,0
49642,211,4000
49643,241,150
49644,242,0
49645,239,400
49646,239,350
49647,240,200
49648,146,15000
49649,188,7500
49650,242,0
49651,242,0
49652,235,800
49653,227,1900
49654,242,0
49655,239,350
49656,240,200
49657,242,0
49658,239,300
49659,2,150000
49660,226,2000
49661,237,600
49662,242,0
49663,242,0
49664,242,0
49665,242,0
49666,242,0
49667,242,0
49668,239,300
49669,242,0
49670,241,100
49671,240,200
49672,2,150000
49673,237,600
49674,241,100
49675,132,18000
49676,242,0
49677,197,6000
49678,211,4000
49679,0,700000
49680,241,100
49681,185,8000
49682,0,300000
49683,242,0
49684,216,3400
49685,0,350000
49686,219,3000
49687,238,500
49688,242,0
49689,62,40000
49690,242,0
49691,242,0
49692,242,0
49693,88,30000
49694,242,0
49695,238,450
49696,226,2000
49697,241,150
49698,191,7000
49699,241,100
49700,239,400
49701,240,200
49702,242,0
49703,2,150000
49704,242,0
49705,242,0
49706,242,0
49707,88,30000
49708,107,24000
49709,242,0
49710,242,0
49711,204,5000
49712,242,0
49713,240,250
49714,236,750
49715,239,300
49716,2,150000
49717,239,300
49718,191,7000
49719,242,0
49720,242,0
49721,242,0
49722,238,500
49723,242,0
49724,242,0
49725,242,0
49726,242,0
49727,230,1450
49728,242,0
49729,242,0
49730,242,0
49731,242,0
49732,123,20000
49733,242,0
49734,241,100
49735,230,1500
49736,226,1950
49737,242,0
49738,0,500000
49739,225,2150
49740,242,0
49741,242,0
49742,197,6000
49743,204,5000
49744,0,300000
49745,219,3000
49746,141,16000
49747,241,100
49748,242,0
49749,242,0
49750,226,2000
49751,240,200
49752,232,1250
49753,242,0
49754,242,0
49755,241,150
49756,239,300
49757,242,0
49758,242,0
49759,242,0
49760,219,3000
49761,242,0
49762,238,500
49763,242,0
49764,2,150000
49765,242,0
49766,242,0
49767,235,900
49768,211,4000
49769,237,600
49770,240,200
49771,228,1800
49772,229,1600
49773,242,0
49774,242,0
49775,242,0
49776,242,0
49777,242,0
49778,204,5000
49779,222,2600
49780,242,0
49781,242,0
49782,242,0
49783,0,500000
49784,62,40000
49785,219,3000
49786,226,2000
49787,233,1100
49788,211,4000
49789,185,7950
49790,241,150
49791,242,0
49792,239,300
49793,62,40000
49794,242,0
49795,237,600
49796,242,0
49797,2,150000
49798,211,4000
49799,242,0
49800,0,200000
49801,219,3000
49802,0,300000
49803,242,0
49804,240,200
49805,242,0
49806,242,0
49807,182,8400
49808,242,0
49809,226,2000
49810,222,2500
49811,144,15400
49812,240,250
49813,8,100000
49814,242,0
49815,242,0
49816,0,300000
49817,242,0
49818,242,0
49819,203,5200
49820,239,300
49821,241,100
49822,242,0
49823,242,0
49824,224,2300
49825,219,3000
49826,240,250
49827,141,16000
49828,0,350000
49829,242,0
49830,242,0
49831,242,0
49832,242,0
49833,204,5000
49834,242,0
49835,242,0
49836,242,0
49837,242,0
49838,242,0
49839,0,300000
49840,242,0
49841,41,52500
49842,141,16000
49843,242,0
49844,45,49500
49845,204,5000
49846,242,0
49847,219,3000
49848,232,1300
49849,242,0
49850,242,0
49851,242,0
49852,242,0
49853,178,9000
49854,242,0
49855,197,6000
49856,242,0
49857,107,24000
49858,211,4000
49859,241,150
49860,242,0
49861,242,0
49862,88,30000
49863,242,0
49864,240,250
49865,242,0
49866,242,0
49867,235,900
49868,242,0
49869,239,400
49870,236,700
49871,242,0
49872,197,6000
49873,123,20000
49874,229,1600
49875,219,3000
49876,242,0
49877,240,200
49878,242,0
49879,242,0
49880,51,45900
49881,211,4000
49882,223,2400
49883,145,15100
49884,242,0
49885,242,0
49886,35,56750
49887,242,0
49888,242,0
49889,197,6000
49890,197,6000
49891,242,0
49892,240,200
49893,240,250
49894,239,300
49895,242,0
49896,236,700
49897,223,2400
49898,242,0
49899,137,16900
49900,242,0
49901,242,0
49902,242,0
49903,2,150000
49904,0,2000000
49905,242,0
49906,240,250
49907,242,0
49908,242,0
49909,240,200
49910,234,1000
49911,242,0
49912,237,600
49913,232,1200
49914,144,15250
49915,182,8400
49916,216,3400
49917,0,300000
49918,0,1500000
49919,242,0
